/*******************************************************************************
 * Size: 32 px
 * Bpp: 1
 * Opts: --bpp 1 --size 32 --no-compress --stride 1 --align 1 --font conthrax-sb.ttf --range 32-255 --format lvgl -o ui_font_lv_conthrax_32.c
 ******************************************************************************/

#ifdef __has_include
    #if __has_include("lvgl.h")
        #ifndef LV_LVGL_H_INCLUDE_SIMPLE
            #define LV_LVGL_H_INCLUDE_SIMPLE
        #endif
    #endif
#endif

#ifdef LV_LVGL_H_INCLUDE_SIMPLE
    #include "lvgl.h"
#else
    #include "lvgl/lvgl.h"
#endif



#ifndef UI_FONT_LV_CONTHRAX_32
#define UI_FONT_LV_CONTHRAX_32 1
#endif

#if UI_FONT_LV_CONTHRAX_32

/*-----------------
 *    BITMAPS
 *----------------*/

/*Store the image of the glyphs*/
static LV_ATTRIBUTE_LARGE_CONST const uint8_t glyph_bitmap[] = {
    /* U+0020 " " */
    0x0,

    /* U+0021 "!" */
    0xff, 0xff, 0xff, 0xff, 0xff, 0xff, 0xff, 0xff,
    0x0, 0x0, 0xf, 0xff, 0xf0,

    /* U+0022 "\"" */
    0xf9, 0xff, 0x9f, 0xf9, 0xff, 0x1e, 0xf1, 0xef,
    0x1e, 0xf0, 0xe7, 0xe, 0x70, 0xe7, 0xe,

    /* U+0023 "#" */
    0x7, 0x0, 0xe0, 0x7, 0x0, 0xe0, 0x7, 0x0,
    0xe0, 0x7, 0x0, 0xe0, 0x7, 0x0, 0xe0, 0xff,
    0xff, 0xff, 0xff, 0xff, 0xff, 0xff, 0xff, 0xff,
    0x7, 0x0, 0xe0, 0x7, 0x0, 0xe0, 0x7, 0x0,
    0xe0, 0x7, 0x0, 0xe0, 0x7, 0x0, 0xe0, 0x7,
    0x0, 0xe0, 0x7, 0x0, 0xe0, 0xff, 0xff, 0xff,
    0xff, 0xff, 0xff, 0xff, 0xff, 0xff, 0x7, 0x0,
    0xe0, 0x7, 0x0, 0xe0, 0x7, 0x0, 0xe0, 0x7,
    0x0, 0xe0, 0x7, 0x0, 0xe0,

    /* U+0024 "$" */
    0x0, 0x38, 0x0, 0x0, 0x70, 0x0, 0x0, 0xe0,
    0x1, 0xff, 0xff, 0xe7, 0xff, 0xff, 0xdf, 0xff,
    0xff, 0xbf, 0xff, 0xff, 0x7c, 0x1c, 0x0, 0xf8,
    0x38, 0x1, 0xf0, 0x70, 0x3, 0xe0, 0xe0, 0x7,
    0xff, 0xff, 0xcf, 0xff, 0xff, 0xcf, 0xff, 0xff,
    0xcf, 0xff, 0xff, 0x80, 0x1c, 0x1f, 0x0, 0x38,
    0x3e, 0x0, 0x70, 0x7c, 0x0, 0xe0, 0xf8, 0x1,
    0xc1, 0xff, 0xff, 0xff, 0xff, 0xff, 0xff, 0xbf,
    0xff, 0xff, 0x7f, 0xff, 0xfc, 0x0, 0x38, 0x0,
    0x0, 0x70, 0x0, 0x0, 0xe0, 0x0,

    /* U+0025 "%" */
    0x3f, 0xf0, 0x0, 0xe0, 0x3f, 0xfc, 0x0, 0xe0,
    0x3c, 0xf, 0x0, 0xe0, 0x1c, 0x3, 0x80, 0xe0,
    0xe, 0x1, 0xc0, 0xf0, 0x7, 0x0, 0xe0, 0x70,
    0x3, 0x80, 0x70, 0x70, 0x1, 0xc0, 0x38, 0x70,
    0x0, 0xe0, 0x1c, 0x78, 0x0, 0x70, 0x1e, 0x78,
    0x0, 0x1f, 0xfe, 0x38, 0x0, 0x7, 0xfe, 0x38,
    0xff, 0xc0, 0x0, 0x38, 0xff, 0xf0, 0x0, 0x3c,
    0xf0, 0x3c, 0x0, 0x3c, 0x70, 0xe, 0x0, 0x1c,
    0x38, 0x7, 0x0, 0x1c, 0x1c, 0x3, 0x80, 0x1c,
    0xe, 0x1, 0xc0, 0x1e, 0x7, 0x0, 0xe0, 0xe,
    0x3, 0x80, 0x70, 0xe, 0x1, 0xe0, 0x78, 0xe,
    0x0, 0x7f, 0xf8, 0xf, 0x0, 0x1f, 0xf8,

    /* U+0026 "&" */
    0xf, 0xff, 0x80, 0x3, 0xff, 0xf8, 0x0, 0x7f,
    0xff, 0x0, 0xf, 0xff, 0xe0, 0x1, 0xf0, 0x3c,
    0x0, 0x3e, 0x7, 0x80, 0x7, 0xc0, 0xf0, 0x0,
    0xf8, 0x1e, 0x0, 0xf, 0x8f, 0xc0, 0x0, 0xff,
    0xf0, 0x0, 0xf, 0xfc, 0x1f, 0x1, 0xfe, 0x7,
    0xc0, 0xff, 0xc1, 0xf0, 0x3f, 0xfc, 0x7c, 0x1f,
    0xc7, 0xcf, 0x83, 0xe0, 0x7f, 0xe0, 0xf8, 0x7,
    0xf8, 0x1f, 0x0, 0x7e, 0x3, 0xe0, 0xf, 0xc0,
    0x7c, 0x1, 0xfc, 0xf, 0x80, 0x7f, 0xe1, 0xff,
    0xff, 0x7e, 0x3f, 0xff, 0xc7, 0xe3, 0xff, 0xf0,
    0x7e, 0x3f, 0xfc, 0x7, 0xe0,

    /* U+0027 "'" */
    0xff, 0xff, 0xef, 0x7b, 0xce, 0x73, 0x80,

    /* U+0028 "(" */
    0x7, 0x8f, 0xcf, 0xe7, 0x87, 0x83, 0x81, 0xc1,
    0xc0, 0xe0, 0x70, 0x38, 0x1c, 0xe, 0x7, 0x3,
    0x81, 0xc0, 0xe0, 0x70, 0x38, 0x1c, 0xe, 0x7,
    0x3, 0x81, 0xc0, 0xe0, 0x70, 0x38, 0x1c, 0xe,
    0x7, 0x1, 0xc0, 0xe0, 0x78, 0x1e, 0xf, 0xe3,
    0xf0, 0x78,

    /* U+0029 ")" */
    0xf0, 0x7e, 0x3f, 0x83, 0xc0, 0xf0, 0x38, 0x1c,
    0x7, 0x3, 0x81, 0xc0, 0xe0, 0x70, 0x38, 0x1c,
    0xe, 0x7, 0x3, 0x81, 0xc0, 0xe0, 0x70, 0x38,
    0x1c, 0xe, 0x7, 0x3, 0x81, 0xc0, 0xe0, 0x70,
    0x38, 0x1c, 0x1c, 0xe, 0xf, 0xf, 0x3f, 0x9f,
    0x8f, 0x0,

    /* U+002A "*" */
    0x0, 0xe0, 0x0, 0x1c, 0x0, 0x3, 0x80, 0x0,
    0x70, 0x0, 0xe, 0x0, 0xc1, 0xc1, 0x9e, 0x38,
    0xf3, 0xff, 0xfe, 0x1f, 0xff, 0x0, 0x3e, 0x0,
    0x7, 0xc0, 0x1, 0xdc, 0x0, 0x71, 0xc0, 0x1e,
    0x3c, 0x3, 0x83, 0x80, 0xe0, 0x38, 0xc, 0x6,
    0x0,

    /* U+002B "+" */
    0x1, 0xc0, 0x0, 0xe0, 0x0, 0x70, 0x0, 0x38,
    0x0, 0x1c, 0x0, 0xe, 0x0, 0x7, 0x1, 0xff,
    0xff, 0xff, 0xff, 0xff, 0xff, 0xc0, 0x70, 0x0,
    0x38, 0x0, 0x1c, 0x0, 0xe, 0x0, 0x7, 0x0,
    0x3, 0x80, 0x1, 0xc0, 0x0,

    /* U+002C "," */
    0xff, 0xff, 0xf7, 0xbd, 0xce, 0x73, 0x0,

    /* U+002D "-" */
    0xff, 0xff, 0xff, 0xff, 0xff, 0xf0,

    /* U+002E "." */
    0xff, 0xff, 0xf0,

    /* U+002F "/" */
    0x0, 0x38, 0x1, 0xc0, 0x1e, 0x0, 0xe0, 0x7,
    0x0, 0x78, 0x3, 0x80, 0x1c, 0x1, 0xe0, 0xe,
    0x0, 0x70, 0x7, 0x80, 0x38, 0x1, 0xc0, 0xe,
    0x0, 0xe0, 0x7, 0x0, 0x38, 0x3, 0xc0, 0x1c,
    0x0, 0xe0, 0xf, 0x0, 0x70, 0x3, 0x80, 0x3c,
    0x1, 0xc0, 0xe, 0x0, 0xf0, 0x7, 0x0, 0x38,
    0x3, 0xc0, 0x1c, 0x0,

    /* U+0030 "0" */
    0x7, 0xff, 0xf0, 0xf, 0xff, 0xfe, 0xf, 0xff,
    0xff, 0x8f, 0xff, 0xff, 0xe7, 0xc0, 0x1, 0xf7,
    0xc0, 0x0, 0xff, 0xe0, 0x0, 0x3f, 0xf0, 0x0,
    0x1f, 0xf8, 0x0, 0xf, 0xfc, 0x0, 0x7, 0xfe,
    0x0, 0x3, 0xff, 0x0, 0x1, 0xff, 0x80, 0x0,
    0xff, 0xc0, 0x0, 0x7f, 0xe0, 0x0, 0x3f, 0xf0,
    0x0, 0x1f, 0xf8, 0x0, 0xf, 0xfc, 0x0, 0xf,
    0xdf, 0x0, 0x7, 0xcf, 0xff, 0xff, 0xe3, 0xff,
    0xff, 0xe0, 0xff, 0xff, 0xe0, 0x1f, 0xff, 0xc0,

    /* U+0031 "1" */
    0xfe, 0xff, 0xff, 0xff, 0x1f, 0x1f, 0x1f, 0x1f,
    0x1f, 0x1f, 0x1f, 0x1f, 0x1f, 0x1f, 0x1f, 0x1f,
    0x1f, 0x1f, 0x1f, 0x1f, 0x1f, 0x1f, 0x1f,

    /* U+0032 "2" */
    0x7f, 0xff, 0xf8, 0x7f, 0xff, 0xfe, 0x7f, 0xff,
    0xfe, 0x7f, 0xff, 0xff, 0x0, 0x0, 0x1f, 0x0,
    0x0, 0x1f, 0x0, 0x0, 0x1f, 0x0, 0x0, 0x1f,
    0x0, 0x0, 0x1f, 0x1f, 0xff, 0xff, 0x7f, 0xff,
    0xfe, 0x7f, 0xff, 0xfe, 0xff, 0xff, 0xf8, 0xf8,
    0x0, 0x0, 0xf8, 0x0, 0x0, 0xf8, 0x0, 0x0,
    0xf8, 0x0, 0x0, 0xf8, 0x0, 0x0, 0xf8, 0x0,
    0x0, 0xff, 0xff, 0xff, 0xff, 0xff, 0xff, 0xff,
    0xff, 0xff, 0x7f, 0xff, 0xff,

    /* U+0033 "3" */
    0xff, 0xff, 0xf8, 0xff, 0xff, 0xfe, 0xff, 0xff,
    0xfe, 0xff, 0xff, 0xff, 0x0, 0x0, 0x3f, 0x0,
    0x0, 0x1f, 0x0, 0x0, 0x1f, 0x0, 0x0, 0x1f,
    0x0, 0x0, 0x3f, 0xff, 0xff, 0xfe, 0xff, 0xff,
    0xfc, 0xff, 0xff, 0xfe, 0xff, 0xff, 0xfe, 0x0,
    0x0, 0x3f, 0x0, 0x0, 0x1f, 0x0, 0x0, 0x1f,
    0x0, 0x0, 0x1f, 0x0, 0x0, 0x1f, 0x0, 0x0,
    0x3f, 0xff, 0xff, 0xff, 0xff, 0xff, 0xfe, 0xff,
    0xff, 0xfe, 0xff, 0xff, 0xf8,

    /* U+0034 "4" */
    0x0, 0x0, 0x7e, 0x0, 0x0, 0x3f, 0xe0, 0x0,
    0xf, 0xfc, 0x0, 0x7, 0xff, 0x80, 0x1, 0xfd,
    0xf0, 0x0, 0xfe, 0x3e, 0x0, 0x3f, 0x87, 0xc0,
    0x1f, 0xc0, 0xf8, 0x7, 0xf0, 0x1f, 0x3, 0xfc,
    0x3, 0xe0, 0xfe, 0x0, 0x7c, 0x3f, 0x80, 0xf,
    0x8f, 0xc0, 0x1, 0xf1, 0xf0, 0x0, 0x3e, 0x3f,
    0xff, 0xff, 0xff, 0xff, 0xff, 0xff, 0xff, 0xff,
    0xff, 0xef, 0xff, 0xff, 0xfc, 0x0, 0x0, 0x7c,
    0x0, 0x0, 0xf, 0x80, 0x0, 0x1, 0xf0, 0x0,
    0x0, 0x3e, 0x0, 0x0, 0x7, 0xc0,

    /* U+0035 "5" */
    0x7f, 0xff, 0xfe, 0xff, 0xff, 0xfe, 0xff, 0xff,
    0xfe, 0xff, 0xff, 0xfe, 0xf8, 0x0, 0x0, 0xf8,
    0x0, 0x0, 0xf8, 0x0, 0x0, 0xf8, 0x0, 0x0,
    0xf8, 0x0, 0x0, 0xff, 0xff, 0xf8, 0xff, 0xff,
    0xfe, 0xff, 0xff, 0xfe, 0x7f, 0xff, 0xff, 0x0,
    0x0, 0x1f, 0x0, 0x0, 0x1f, 0x0, 0x0, 0x1f,
    0x0, 0x0, 0x1f, 0x0, 0x0, 0x1f, 0x0, 0x0,
    0x1f, 0xff, 0xff, 0xff, 0xff, 0xff, 0xfe, 0xff,
    0xff, 0xfe, 0xff, 0xff, 0xf8,

    /* U+0036 "6" */
    0x7, 0xff, 0xfe, 0x1f, 0xff, 0xfe, 0x3f, 0xff,
    0xfe, 0x7f, 0xff, 0xfe, 0x7c, 0x0, 0x0, 0xf8,
    0x0, 0x0, 0xf8, 0x0, 0x0, 0xf8, 0x0, 0x0,
    0xf8, 0x0, 0x0, 0xff, 0xff, 0xf8, 0xff, 0xff,
    0xfe, 0xff, 0xff, 0xfe, 0xff, 0xff, 0xff, 0xf8,
    0x0, 0x1f, 0xf8, 0x0, 0x1f, 0xf8, 0x0, 0x1f,
    0xf8, 0x0, 0x1f, 0xfc, 0x0, 0x1f, 0x7c, 0x0,
    0x1f, 0x7f, 0xff, 0xff, 0x3f, 0xff, 0xfe, 0x1f,
    0xff, 0xfe, 0x7, 0xff, 0xf8,

    /* U+0037 "7" */
    0xff, 0xff, 0xff, 0x7f, 0xff, 0xff, 0xbf, 0xff,
    0xff, 0xff, 0xff, 0xff, 0xf0, 0x0, 0x1, 0xf8,
    0x0, 0x0, 0xf8, 0x0, 0x0, 0xfc, 0x0, 0x0,
    0xfc, 0x0, 0x0, 0xfc, 0x0, 0x0, 0xfc, 0x0,
    0x0, 0xfc, 0x0, 0x0, 0xfe, 0x0, 0x0, 0xfe,
    0x0, 0x0, 0xfe, 0x0, 0x0, 0xfe, 0x0, 0x0,
    0xfe, 0x0, 0x0, 0x7e, 0x0, 0x0, 0x7e, 0x0,
    0x0, 0x7e, 0x0, 0x0, 0x7e, 0x0, 0x0, 0x7e,
    0x0, 0x0, 0x7e, 0x0, 0x0, 0x7f, 0x0, 0x0,

    /* U+0038 "8" */
    0x1f, 0xff, 0xfc, 0x3f, 0xff, 0xff, 0xbf, 0xff,
    0xff, 0xdf, 0xff, 0xff, 0xff, 0xc0, 0x1, 0xff,
    0xc0, 0x0, 0x7f, 0xe0, 0x0, 0x3f, 0xf0, 0x0,
    0x1f, 0xfc, 0x0, 0x1f, 0xbf, 0xff, 0xff, 0x8f,
    0xff, 0xff, 0x8f, 0xff, 0xff, 0xe7, 0xff, 0xff,
    0xf7, 0xe0, 0x0, 0xff, 0xe0, 0x0, 0x3f, 0xf0,
    0x0, 0x1f, 0xf8, 0x0, 0xf, 0xfc, 0x0, 0x7,
    0xff, 0x0, 0x7, 0xff, 0xff, 0xff, 0xf7, 0xff,
    0xff, 0xf3, 0xff, 0xff, 0xf8, 0x7f, 0xff, 0xf0,

    /* U+0039 "9" */
    0x1f, 0xff, 0xe0, 0x7f, 0xff, 0xf8, 0x7f, 0xff,
    0xfc, 0xff, 0xff, 0xfe, 0xf8, 0x0, 0x7e, 0xf8,
    0x0, 0x3f, 0xf8, 0x0, 0x1f, 0xf8, 0x0, 0x1f,
    0xf8, 0x0, 0x1f, 0xf8, 0x0, 0x1f, 0xff, 0xff,
    0xff, 0x7f, 0xff, 0xff, 0x7f, 0xff, 0xff, 0x1f,
    0xff, 0xff, 0x0, 0x0, 0x1f, 0x0, 0x0, 0x1f,
    0x0, 0x0, 0x1f, 0x0, 0x0, 0x1f, 0x0, 0x0,
    0x3e, 0x7f, 0xff, 0xfe, 0x7f, 0xff, 0xfc, 0x7f,
    0xff, 0xf8, 0x7f, 0xff, 0xe0,

    /* U+003A ":" */
    0xff, 0xff, 0xf0, 0x0, 0x0, 0x0, 0x3f, 0xff,
    0xfc,

    /* U+003B ";" */
    0xff, 0xff, 0xf0, 0x0, 0x0, 0x0, 0x3f, 0xff,
    0xfd, 0xef, 0x73, 0x9c, 0xc0,

    /* U+003C "<" */
    0x0, 0x1, 0x80, 0x7, 0xc0, 0xf, 0xe0, 0x3f,
    0xe0, 0xff, 0x81, 0xff, 0x3, 0xfc, 0x1, 0xf0,
    0x0, 0xf0, 0x0, 0x7c, 0x0, 0x3f, 0xc0, 0x7,
    0xfc, 0x0, 0xff, 0x80, 0xf, 0xf8, 0x0, 0xfe,
    0x0, 0x1f, 0x0, 0x1, 0x80,

    /* U+003D "=" */
    0xff, 0xff, 0xff, 0xff, 0xff, 0xff, 0xe0, 0x0,
    0x0, 0x0, 0x0, 0x0, 0x0, 0x0, 0x0, 0x0,
    0x0, 0xff, 0xff, 0xff, 0xff, 0xff, 0xff, 0xe0,

    /* U+003E ">" */
    0xc0, 0x0, 0x7c, 0x0, 0x3f, 0x80, 0xf, 0xf8,
    0x0, 0xff, 0x80, 0x1f, 0xf0, 0x1, 0xfe, 0x0,
    0x1f, 0x0, 0x7, 0x80, 0x7, 0xc0, 0x1f, 0xe0,
    0x7f, 0xc0, 0xff, 0x83, 0xfe, 0x3, 0xf8, 0x1,
    0xf0, 0x0, 0xc0, 0x0, 0x0,

    /* U+003F "?" */
    0xff, 0xff, 0x3f, 0xff, 0xef, 0xff, 0xff, 0xff,
    0xff, 0x0, 0x7, 0xc0, 0x1, 0xf0, 0x0, 0x7c,
    0x0, 0x1f, 0x0, 0xf, 0xc0, 0xf, 0xe0, 0x7,
    0xf0, 0x7, 0xf8, 0x3, 0xf8, 0x0, 0xf8, 0x0,
    0x38, 0x0, 0xe, 0x0, 0x3, 0x80, 0x0, 0x0,
    0x0, 0x0, 0x0, 0x0, 0x0, 0x0, 0x0, 0x1,
    0xf0, 0x0, 0x7c, 0x0, 0x1f, 0x0, 0x7, 0xc0,
    0x0,

    /* U+0040 "@" */
    0x1f, 0xff, 0xf8, 0x3f, 0xff, 0xfc, 0x7f, 0xff,
    0xfe, 0xff, 0xff, 0xff, 0xf8, 0x0, 0xf, 0xf0,
    0x0, 0x7, 0xf0, 0x0, 0x7, 0xf0, 0x0, 0x7,
    0xf0, 0x1f, 0xff, 0xf0, 0x3f, 0xff, 0xf0, 0x7f,
    0xff, 0xf0, 0x78, 0x7, 0xf0, 0x70, 0x7, 0xf0,
    0x70, 0x7, 0xf0, 0x70, 0x7, 0xf0, 0x70, 0x7,
    0xf0, 0x78, 0xf, 0xf0, 0x7f, 0xfe, 0xf0, 0x3f,
    0xfe, 0xf0, 0x1f, 0xfc, 0xf0, 0x0, 0x0, 0xf0,
    0x0, 0x0, 0xf8, 0x0, 0x0, 0x7c, 0x0, 0x0,
    0x7f, 0xff, 0xff, 0x3f, 0xff, 0xff, 0x1f, 0xff,
    0xff, 0x7, 0xff, 0xff,

    /* U+0041 "A" */
    0x0, 0x7, 0xc0, 0x0, 0x0, 0x1f, 0xc0, 0x0,
    0x0, 0x7f, 0xc0, 0x0, 0x0, 0xff, 0xc0, 0x0,
    0x3, 0xef, 0x80, 0x0, 0xf, 0xcf, 0x80, 0x0,
    0x1f, 0x1f, 0x0, 0x0, 0x7c, 0x1f, 0x0, 0x0,
    0xf8, 0x3e, 0x0, 0x3, 0xe0, 0x3e, 0x0, 0x7,
    0xc0, 0x7c, 0x0, 0x1f, 0x0, 0x7c, 0x0, 0x3e,
    0x0, 0xf8, 0x0, 0xf8, 0x0, 0xf8, 0x1, 0xff,
    0xff, 0xf0, 0x7, 0xff, 0xff, 0xf0, 0xf, 0xff,
    0xff, 0xf0, 0x3f, 0xff, 0xff, 0xe0, 0x7c, 0x0,
    0x7, 0xe1, 0xf0, 0x0, 0x7, 0xc7, 0xe0, 0x0,
    0xf, 0xcf, 0x80, 0x0, 0xf, 0xbf, 0x0, 0x0,
    0x1f, 0x80,

    /* U+0042 "B" */
    0xff, 0xff, 0xfe, 0x3f, 0xff, 0xff, 0xef, 0xff,
    0xff, 0xfb, 0xff, 0xff, 0xff, 0xf8, 0x0, 0xf,
    0xfe, 0x0, 0x1, 0xff, 0x80, 0x0, 0x7f, 0xe0,
    0x0, 0x1f, 0xf8, 0x0, 0xf, 0xff, 0xff, 0xff,
    0xef, 0xff, 0xff, 0xf3, 0xff, 0xff, 0xfe, 0xff,
    0xff, 0xff, 0xbe, 0x0, 0x3, 0xff, 0x80, 0x0,
    0x7f, 0xe0, 0x0, 0x1f, 0xf8, 0x0, 0x7, 0xfe,
    0x0, 0x1, 0xff, 0x80, 0x0, 0xff, 0xff, 0xff,
    0xff, 0xff, 0xff, 0xff, 0xbf, 0xff, 0xff, 0xef,
    0xff, 0xff, 0xe0,

    /* U+0043 "C" */
    0x7, 0xff, 0xff, 0x1f, 0xff, 0xff, 0x3f, 0xff,
    0xff, 0x7f, 0xff, 0xff, 0x7e, 0x0, 0x0, 0xfc,
    0x0, 0x0, 0xf8, 0x0, 0x0, 0xf8, 0x0, 0x0,
    0xf8, 0x0, 0x0, 0xf8, 0x0, 0x0, 0xf8, 0x0,
    0x0, 0xf8, 0x0, 0x0, 0xf8, 0x0, 0x0, 0xf8,
    0x0, 0x0, 0xf8, 0x0, 0x0, 0xf8, 0x0, 0x0,
    0xf8, 0x0, 0x0, 0xfc, 0x0, 0x0, 0x7e, 0x0,
    0x0, 0x7f, 0xff, 0xff, 0x3f, 0xff, 0xff, 0x1f,
    0xff, 0xff, 0x7, 0xff, 0xff,

    /* U+0044 "D" */
    0xff, 0xff, 0xf0, 0x3f, 0xff, 0xff, 0x8f, 0xff,
    0xff, 0xf3, 0xff, 0xff, 0xfe, 0xf8, 0x0, 0x1f,
    0xbe, 0x0, 0x3, 0xff, 0x80, 0x0, 0x7f, 0xe0,
    0x0, 0x1f, 0xf8, 0x0, 0x7, 0xfe, 0x0, 0x1,
    0xff, 0x80, 0x0, 0x7f, 0xe0, 0x0, 0x1f, 0xf8,
    0x0, 0x7, 0xfe, 0x0, 0x1, 0xff, 0x80, 0x0,
    0x7f, 0xe0, 0x0, 0x1f, 0xf8, 0x0, 0x7, 0xfe,
    0x0, 0x3, 0xff, 0x80, 0x1, 0xfb, 0xff, 0xff,
    0xfe, 0xff, 0xff, 0xff, 0x3f, 0xff, 0xff, 0x8f,
    0xff, 0xff, 0x0,

    /* U+0045 "E" */
    0x7, 0xff, 0xff, 0x1f, 0xff, 0xff, 0x3f, 0xff,
    0xff, 0x7f, 0xff, 0xff, 0x7e, 0x0, 0x0, 0xfc,
    0x0, 0x0, 0xf8, 0x0, 0x0, 0xf8, 0x0, 0x0,
    0xf8, 0x0, 0x0, 0xff, 0xff, 0xff, 0xff, 0xff,
    0xff, 0xff, 0xff, 0xff, 0xff, 0xff, 0xff, 0xf8,
    0x0, 0x0, 0xf8, 0x0, 0x0, 0xf8, 0x0, 0x0,
    0xf8, 0x0, 0x0, 0xfc, 0x0, 0x0, 0x7e, 0x0,
    0x0, 0x7f, 0xff, 0xff, 0x3f, 0xff, 0xff, 0x1f,
    0xff, 0xff, 0x7, 0xff, 0xff,

    /* U+0046 "F" */
    0x7, 0xff, 0xff, 0x1f, 0xff, 0xff, 0x3f, 0xff,
    0xff, 0x7f, 0xff, 0xff, 0x7e, 0x0, 0x0, 0xfc,
    0x0, 0x0, 0xf8, 0x0, 0x0, 0xf8, 0x0, 0x0,
    0xf8, 0x0, 0x0, 0xf8, 0x0, 0x0, 0xff, 0xff,
    0xff, 0xff, 0xff, 0xff, 0xff, 0xff, 0xff, 0xff,
    0xff, 0xff, 0xf8, 0x0, 0x0, 0xf8, 0x0, 0x0,
    0xf8, 0x0, 0x0, 0xf8, 0x0, 0x0, 0xf8, 0x0,
    0x0, 0xf8, 0x0, 0x0, 0xf8, 0x0, 0x0, 0xf8,
    0x0, 0x0, 0xf8, 0x0, 0x0,

    /* U+0047 "G" */
    0x7, 0xff, 0xff, 0xc7, 0xff, 0xff, 0xf3, 0xff,
    0xff, 0xfd, 0xff, 0xff, 0xff, 0x7e, 0x0, 0x0,
    0x3f, 0x0, 0x0, 0xf, 0x80, 0x0, 0x3, 0xe0,
    0x0, 0x0, 0xf8, 0x0, 0x0, 0x3e, 0x7, 0xff,
    0xff, 0x81, 0xff, 0xff, 0xe0, 0x7f, 0xff, 0xf8,
    0x1f, 0xff, 0xfe, 0x0, 0x1, 0xff, 0x80, 0x0,
    0x7f, 0xe0, 0x0, 0x1f, 0xf8, 0x0, 0x7, 0xff,
    0x0, 0x1, 0xf7, 0xe0, 0x0, 0x7d, 0xff, 0xff,
    0xff, 0x3f, 0xff, 0xff, 0xc7, 0xff, 0xff, 0xe0,
    0x7f, 0xff, 0xf0,

    /* U+0048 "H" */
    0xf8, 0x0, 0xf, 0xfc, 0x0, 0x7, 0xfe, 0x0,
    0x3, 0xff, 0x0, 0x1, 0xff, 0x80, 0x0, 0xff,
    0xc0, 0x0, 0x7f, 0xe0, 0x0, 0x3f, 0xf0, 0x0,
    0x1f, 0xf8, 0x0, 0xf, 0xff, 0xff, 0xff, 0xff,
    0xff, 0xff, 0xff, 0xff, 0xff, 0xff, 0xff, 0xff,
    0xff, 0xc0, 0x0, 0x7f, 0xe0, 0x0, 0x3f, 0xf0,
    0x0, 0x1f, 0xf8, 0x0, 0xf, 0xfc, 0x0, 0x7,
    0xfe, 0x0, 0x3, 0xff, 0x0, 0x1, 0xff, 0x80,
    0x0, 0xff, 0xc0, 0x0, 0x7f, 0xe0, 0x0, 0x3e,

    /* U+0049 "I" */
    0xff, 0xff, 0xff, 0xff, 0xff, 0xff, 0xff, 0xff,
    0xff, 0xff, 0xff, 0xff, 0xff, 0xff, 0xe0,

    /* U+004A "J" */
    0x0, 0x0, 0x3e, 0x0, 0x0, 0x7c, 0x0, 0x0,
    0xf8, 0x0, 0x1, 0xf0, 0x0, 0x3, 0xe0, 0x0,
    0x7, 0xc0, 0x0, 0xf, 0x80, 0x0, 0x1f, 0x0,
    0x0, 0x3e, 0x0, 0x0, 0x7c, 0x0, 0x0, 0xf8,
    0x0, 0x1, 0xf0, 0x0, 0x3, 0xe0, 0x0, 0x7,
    0xc0, 0x0, 0xf, 0x80, 0x0, 0x1f, 0x0, 0x0,
    0x3e, 0x0, 0x0, 0xfc, 0x0, 0x3, 0xf3, 0xff,
    0xff, 0xef, 0xff, 0xff, 0x9f, 0xff, 0xfe, 0x1f,
    0xff, 0xf0, 0x0,

    /* U+004B "K" */
    0xf8, 0x0, 0x3f, 0x7c, 0x0, 0x1f, 0x3e, 0x0,
    0x1f, 0x9f, 0x0, 0x1f, 0x8f, 0x80, 0x1f, 0x87,
    0xc0, 0xf, 0x83, 0xe0, 0xf, 0x81, 0xf0, 0xf,
    0xc0, 0xf8, 0xf, 0xc0, 0x7f, 0xff, 0xc0, 0x3f,
    0xff, 0xc0, 0x1f, 0xff, 0xf0, 0xf, 0xff, 0xfc,
    0x7, 0xc0, 0x7e, 0x3, 0xe0, 0x1f, 0x81, 0xf0,
    0x7, 0xe0, 0xf8, 0x1, 0xf8, 0x7c, 0x0, 0x7c,
    0x3e, 0x0, 0x3f, 0x1f, 0x0, 0xf, 0xcf, 0x80,
    0x3, 0xf7, 0xc0, 0x0, 0xfb, 0xe0, 0x0, 0x7e,

    /* U+004C "L" */
    0xf8, 0x0, 0x1, 0xf0, 0x0, 0x3, 0xe0, 0x0,
    0x7, 0xc0, 0x0, 0xf, 0x80, 0x0, 0x1f, 0x0,
    0x0, 0x3e, 0x0, 0x0, 0x7c, 0x0, 0x0, 0xf8,
    0x0, 0x1, 0xf0, 0x0, 0x3, 0xe0, 0x0, 0x7,
    0xc0, 0x0, 0xf, 0x80, 0x0, 0x1f, 0x0, 0x0,
    0x3e, 0x0, 0x0, 0x7c, 0x0, 0x0, 0xf8, 0x0,
    0x1, 0xf8, 0x0, 0x1, 0xf8, 0x0, 0x3, 0xff,
    0xff, 0xf3, 0xff, 0xff, 0xe3, 0xff, 0xff, 0xc1,
    0xff, 0xff, 0x80,

    /* U+004D "M" */
    0x7f, 0x0, 0x0, 0x3f, 0xbf, 0xe0, 0x0, 0x1f,
    0xff, 0xfc, 0x0, 0xf, 0xff, 0xff, 0x0, 0x3,
    0xff, 0xff, 0xe0, 0x0, 0xff, 0xfe, 0xf8, 0x0,
    0x7d, 0xff, 0xbe, 0x0, 0x1f, 0x7f, 0xe7, 0xc0,
    0xf, 0x9f, 0xf9, 0xf0, 0x3, 0xe7, 0xfe, 0x3e,
    0x1, 0xf1, 0xff, 0x8f, 0x80, 0x7c, 0x7f, 0xe1,
    0xe0, 0x1e, 0x1f, 0xf8, 0x7c, 0xf, 0x87, 0xfe,
    0x1f, 0x3, 0xc1, 0xff, 0x83, 0xe1, 0xf0, 0x7f,
    0xe0, 0xf8, 0x7c, 0x1f, 0xf8, 0x1f, 0x1e, 0x7,
    0xfe, 0x7, 0xcf, 0x81, 0xff, 0x80, 0xf3, 0xc0,
    0x7f, 0xe0, 0x3f, 0xf0, 0x1f, 0xf8, 0x7, 0xf8,
    0x7, 0xfe, 0x1, 0xfe, 0x1, 0xff, 0x80, 0x3f,
    0x0, 0x7c,

    /* U+004E "N" */
    0x7f, 0x0, 0x3, 0xff, 0xf0, 0x0, 0x7f, 0xff,
    0x0, 0xf, 0xff, 0xe0, 0x1, 0xff, 0xfe, 0x0,
    0x3f, 0xf7, 0xe0, 0x7, 0xfe, 0x7e, 0x0, 0xff,
    0xc7, 0xc0, 0x1f, 0xf8, 0xfc, 0x3, 0xff, 0xf,
    0xc0, 0x7f, 0xe0, 0xfc, 0xf, 0xfc, 0xf, 0x81,
    0xff, 0x81, 0xf8, 0x3f, 0xf0, 0x1f, 0x87, 0xfe,
    0x1, 0xf8, 0xff, 0xc0, 0x1f, 0x1f, 0xf8, 0x3,
    0xf3, 0xff, 0x0, 0x3f, 0x7f, 0xe0, 0x3, 0xff,
    0xfc, 0x0, 0x3f, 0xff, 0x80, 0x7, 0xff, 0xf0,
    0x0, 0x7f, 0xfe, 0x0, 0x7, 0xf0,

    /* U+004F "O" */
    0x7, 0xff, 0xfe, 0x1, 0xff, 0xff, 0xf8, 0x3f,
    0xff, 0xff, 0xc7, 0xff, 0xff, 0xfe, 0x7e, 0x0,
    0x7, 0xef, 0xc0, 0x0, 0x3f, 0xf8, 0x0, 0x1,
    0xff, 0x80, 0x0, 0x1f, 0xf8, 0x0, 0x1, 0xff,
    0x80, 0x0, 0x1f, 0xf8, 0x0, 0x1, 0xff, 0x80,
    0x0, 0x1f, 0xf8, 0x0, 0x1, 0xff, 0x80, 0x0,
    0x1f, 0xf8, 0x0, 0x1, 0xff, 0x80, 0x0, 0x1f,
    0xf8, 0x0, 0x1, 0xff, 0xc0, 0x0, 0x3f, 0x7e,
    0x0, 0x7, 0xe7, 0xff, 0xff, 0xfe, 0x3f, 0xff,
    0xff, 0xc1, 0xff, 0xff, 0xf8, 0x7, 0xff, 0xfe,
    0x0,

    /* U+0050 "P" */
    0xff, 0xff, 0xf8, 0x7f, 0xff, 0xff, 0x3f, 0xff,
    0xff, 0xdf, 0xff, 0xff, 0xef, 0x80, 0x1, 0xff,
    0xc0, 0x0, 0x7f, 0xe0, 0x0, 0x3f, 0xf0, 0x0,
    0x1f, 0xf8, 0x0, 0xf, 0xfc, 0x0, 0x7, 0xfe,
    0x0, 0x3, 0xff, 0x0, 0x3, 0xff, 0xff, 0xff,
    0xf7, 0xff, 0xff, 0xfb, 0xff, 0xff, 0xf9, 0xff,
    0xff, 0xf0, 0xf8, 0x0, 0x0, 0x7c, 0x0, 0x0,
    0x3e, 0x0, 0x0, 0x1f, 0x0, 0x0, 0xf, 0x80,
    0x0, 0x7, 0xc0, 0x0, 0x3, 0xe0, 0x0, 0x0,

    /* U+0051 "Q" */
    0x7, 0xff, 0xfe, 0x1, 0xff, 0xff, 0xf8, 0x3f,
    0xff, 0xff, 0xc7, 0xff, 0xff, 0xfe, 0x7e, 0x0,
    0x7, 0xef, 0xc0, 0x0, 0x3f, 0xf8, 0x0, 0x1,
    0xff, 0x80, 0x0, 0x1f, 0xf8, 0x0, 0x1, 0xff,
    0x80, 0x0, 0x1f, 0xf8, 0x0, 0x1, 0xff, 0x80,
    0x0, 0x1f, 0xf8, 0x0, 0x1, 0xff, 0x80, 0x0,
    0x1f, 0xf8, 0x0, 0x1, 0xff, 0x80, 0x0, 0x1f,
    0xfc, 0x0, 0x3, 0xf7, 0xe0, 0x0, 0x7e, 0x7f,
    0xff, 0xff, 0xe3, 0xff, 0xff, 0xfc, 0x1f, 0xff,
    0xff, 0x80, 0x7f, 0xff, 0xe0, 0x0, 0x0, 0x7c,
    0x0, 0x0, 0x7, 0xe0, 0x0, 0x0, 0x3f, 0x0,
    0x0, 0x1, 0xf0, 0x0, 0x0, 0x1f, 0x80, 0x0,
    0x0, 0xf8,

    /* U+0052 "R" */
    0xff, 0xff, 0xf8, 0x3f, 0xff, 0xff, 0x8f, 0xff,
    0xff, 0xf3, 0xff, 0xff, 0xfc, 0xf8, 0x0, 0x1f,
    0xbe, 0x0, 0x3, 0xef, 0x80, 0x0, 0xfb, 0xe0,
    0x0, 0x3e, 0xf8, 0x0, 0xf, 0xbe, 0x0, 0x3,
    0xef, 0x80, 0x0, 0xfb, 0xe0, 0x0, 0x7e, 0xff,
    0xff, 0xff, 0x3f, 0xff, 0xff, 0xcf, 0xff, 0xff,
    0xe3, 0xff, 0xff, 0xc0, 0xf8, 0x0, 0xf8, 0x3e,
    0x0, 0x3f, 0xf, 0x80, 0x7, 0xe3, 0xe0, 0x0,
    0xf8, 0xf8, 0x0, 0x1f, 0x3e, 0x0, 0x7, 0xef,
    0x80, 0x0, 0xfc,

    /* U+0053 "S" */
    0x1f, 0xff, 0xfe, 0x7f, 0xff, 0xfe, 0x7f, 0xff,
    0xfe, 0xff, 0xff, 0xfe, 0xf8, 0x0, 0x0, 0xf8,
    0x0, 0x0, 0xf8, 0x0, 0x0, 0xf8, 0x0, 0x0,
    0xf8, 0x0, 0x0, 0xff, 0xff, 0xf8, 0x7f, 0xff,
    0xfe, 0x7f, 0xff, 0xfe, 0x1f, 0xff, 0xff, 0x0,
    0x0, 0x1f, 0x0, 0x0, 0x1f, 0x0, 0x0, 0x1f,
    0x0, 0x0, 0x1f, 0x0, 0x0, 0x1f, 0x0, 0x0,
    0x1f, 0xff, 0xff, 0xff, 0xff, 0xff, 0xfe, 0xff,
    0xff, 0xfe, 0xff, 0xff, 0xf8,

    /* U+0054 "T" */
    0xff, 0xff, 0xff, 0xff, 0xff, 0xff, 0xff, 0xff,
    0xff, 0xff, 0xff, 0xff, 0xff, 0x0, 0x1f, 0x0,
    0x0, 0x7, 0xc0, 0x0, 0x1, 0xf0, 0x0, 0x0,
    0x7c, 0x0, 0x0, 0x1f, 0x0, 0x0, 0x7, 0xc0,
    0x0, 0x1, 0xf0, 0x0, 0x0, 0x7c, 0x0, 0x0,
    0x1f, 0x0, 0x0, 0x7, 0xc0, 0x0, 0x1, 0xf0,
    0x0, 0x0, 0x7c, 0x0, 0x0, 0x1f, 0x0, 0x0,
    0x7, 0xc0, 0x0, 0x1, 0xf0, 0x0, 0x0, 0x7c,
    0x0, 0x0, 0x1f, 0x0, 0x0, 0x7, 0xc0, 0x0,
    0x1, 0xf0, 0x0,

    /* U+0055 "U" */
    0xf8, 0x0, 0x3, 0xff, 0x0, 0x0, 0x7f, 0xe0,
    0x0, 0xf, 0xfc, 0x0, 0x1, 0xff, 0x80, 0x0,
    0x3f, 0xf0, 0x0, 0x7, 0xfe, 0x0, 0x0, 0xff,
    0xc0, 0x0, 0x1f, 0xf8, 0x0, 0x3, 0xff, 0x0,
    0x0, 0x7f, 0xe0, 0x0, 0xf, 0xfc, 0x0, 0x1,
    0xff, 0x80, 0x0, 0x3f, 0xf0, 0x0, 0x7, 0xfe,
    0x0, 0x0, 0xff, 0xc0, 0x0, 0x1f, 0xf8, 0x0,
    0x3, 0xff, 0x80, 0x0, 0xfd, 0xf0, 0x0, 0x1f,
    0x3f, 0xff, 0xff, 0xe3, 0xff, 0xff, 0xf8, 0x3f,
    0xff, 0xfe, 0x1, 0xff, 0xff, 0x0,

    /* U+0056 "V" */
    0xfc, 0x0, 0x0, 0x7e, 0xf8, 0x0, 0x0, 0xf8,
    0xf8, 0x0, 0x3, 0xf1, 0xf0, 0x0, 0x7, 0xc1,
    0xf0, 0x0, 0x1f, 0x83, 0xe0, 0x0, 0x3e, 0x3,
    0xe0, 0x0, 0xfc, 0x7, 0xc0, 0x1, 0xf0, 0x7,
    0xc0, 0x7, 0xc0, 0xf, 0x80, 0xf, 0x80, 0xf,
    0x80, 0x3e, 0x0, 0x1f, 0x0, 0x7c, 0x0, 0x1f,
    0x1, 0xf0, 0x0, 0x3e, 0x3, 0xe0, 0x0, 0x3e,
    0xf, 0x80, 0x0, 0x3c, 0x1f, 0x0, 0x0, 0x7c,
    0x7c, 0x0, 0x0, 0x7c, 0xf8, 0x0, 0x0, 0xfb,
    0xe0, 0x0, 0x0, 0xff, 0xc0, 0x0, 0x1, 0xff,
    0x0, 0x0, 0x1, 0xfc, 0x0, 0x0, 0x1, 0xf8,
    0x0, 0x0,

    /* U+0057 "W" */
    0xf8, 0x0, 0x7e, 0x0, 0x1f, 0xf8, 0x0, 0xff,
    0x0, 0x1f, 0xf8, 0x0, 0xff, 0x0, 0x3e, 0x7c,
    0x1, 0xff, 0x0, 0x3e, 0x7c, 0x1, 0xef, 0x80,
    0x3e, 0x7c, 0x1, 0xe7, 0x80, 0x7c, 0x7c, 0x3,
    0xe7, 0x80, 0x7c, 0x3e, 0x3, 0xc7, 0xc0, 0x7c,
    0x3e, 0x3, 0xc7, 0xc0, 0x7c, 0x3e, 0x7, 0xc3,
    0xc0, 0xf8, 0x1f, 0x7, 0xc3, 0xe0, 0xf8, 0x1f,
    0x7, 0x83, 0xe0, 0xf8, 0x1f, 0xf, 0x81, 0xe0,
    0xf0, 0xf, 0xf, 0x81, 0xe1, 0xf0, 0xf, 0x8f,
    0x1, 0xf1, 0xf0, 0xf, 0x8f, 0x0, 0xf1, 0xe0,
    0xf, 0x9f, 0x0, 0xf3, 0xe0, 0x7, 0xde, 0x0,
    0xfb, 0xe0, 0x7, 0xde, 0x0, 0x7b, 0xc0, 0x7,
    0xfe, 0x0, 0x7f, 0xc0, 0x3, 0xfc, 0x0, 0x7f,
    0xc0, 0x3, 0xfc, 0x0, 0x3f, 0x80, 0x1, 0xf8,
    0x0, 0x3f, 0x80,

    /* U+0058 "X" */
    0x7e, 0x0, 0x7, 0xef, 0xc0, 0x1, 0xf8, 0xfc,
    0x0, 0x7e, 0xf, 0xc0, 0x1f, 0x80, 0xfc, 0x7,
    0xe0, 0xf, 0xc1, 0xf8, 0x0, 0xfc, 0x7e, 0x0,
    0xf, 0xdf, 0x80, 0x0, 0xff, 0xe0, 0x0, 0xf,
    0xf8, 0x0, 0x0, 0xfe, 0x0, 0x0, 0x1f, 0xc0,
    0x0, 0x7, 0xfc, 0x0, 0x1, 0xff, 0xc0, 0x0,
    0x7e, 0xfc, 0x0, 0x1f, 0x8f, 0xc0, 0x7, 0xe1,
    0xfc, 0x1, 0xf8, 0x1f, 0xc0, 0x7e, 0x1, 0xf8,
    0x1f, 0x80, 0x1f, 0x87, 0xe0, 0x1, 0xf9, 0xf8,
    0x0, 0x1f, 0xbe, 0x0, 0x1, 0xf8,

    /* U+0059 "Y" */
    0x7c, 0x0, 0x1, 0xfb, 0xf0, 0x0, 0x1f, 0x8f,
    0xc0, 0x0, 0xf8, 0x3e, 0x0, 0xf, 0x81, 0xf8,
    0x0, 0xfc, 0x7, 0xe0, 0xf, 0xc0, 0x1f, 0x0,
    0x7c, 0x0, 0x7c, 0x7, 0xc0, 0x3, 0xf0, 0x7e,
    0x0, 0xf, 0xc3, 0xe0, 0x0, 0x3e, 0x3e, 0x0,
    0x0, 0xfb, 0xe0, 0x0, 0x7, 0xff, 0x0, 0x0,
    0x1f, 0xf0, 0x0, 0x0, 0x7f, 0x0, 0x0, 0x1,
    0xf0, 0x0, 0x0, 0xf, 0x80, 0x0, 0x0, 0x7c,
    0x0, 0x0, 0x3, 0xe0, 0x0, 0x0, 0x1f, 0x0,
    0x0, 0x0, 0xf8, 0x0, 0x0, 0x7, 0xc0, 0x0,
    0x0, 0x3e, 0x0, 0x0,

    /* U+005A "Z" */
    0xff, 0xff, 0xfe, 0xff, 0xff, 0xff, 0xff, 0xff,
    0xff, 0xff, 0xff, 0xff, 0x0, 0x0, 0x3f, 0x0,
    0x0, 0x7f, 0x0, 0x0, 0xff, 0x0, 0x3, 0xff,
    0x0, 0xf, 0xfe, 0x0, 0x3f, 0xf8, 0x0, 0xff,
    0xe0, 0x1, 0xff, 0x80, 0x7, 0xfe, 0x0, 0x1f,
    0xfc, 0x0, 0x7f, 0xf0, 0x0, 0xff, 0xc0, 0x0,
    0xff, 0x0, 0x0, 0xfc, 0x0, 0x0, 0xf8, 0x0,
    0x0, 0xff, 0xff, 0xff, 0xff, 0xff, 0xff, 0xff,
    0xff, 0xff, 0x7f, 0xff, 0xff,

    /* U+005B "[" */
    0x7f, 0xff, 0xff, 0xfc, 0xe, 0x7, 0x3, 0x81,
    0xc0, 0xe0, 0x70, 0x38, 0x1c, 0xe, 0x7, 0x3,
    0x81, 0xc0, 0xe0, 0x70, 0x38, 0x1c, 0xe, 0x7,
    0x3, 0x81, 0xc0, 0xe0, 0x70, 0x38, 0x1c, 0xe,
    0x7, 0x3, 0x81, 0xc0, 0xe0, 0x70, 0x3f, 0xff,
    0xf7, 0xf8,

    /* U+005C "\\" */
    0x60, 0x7, 0x80, 0x1c, 0x0, 0xe0, 0x7, 0x80,
    0x1c, 0x0, 0xe0, 0x7, 0x0, 0x1c, 0x0, 0xe0,
    0x7, 0x0, 0x3c, 0x0, 0xe0, 0x7, 0x0, 0x3c,
    0x0, 0xe0, 0x7, 0x0, 0x3c, 0x0, 0xe0, 0x7,
    0x0, 0x3c, 0x0, 0xe0, 0x7, 0x0, 0x3c, 0x0,
    0xe0, 0x7, 0x0, 0x38, 0x0, 0xe0, 0x7, 0x0,
    0x38, 0x1, 0xe0, 0x7,

    /* U+005D "]" */
    0xff, 0x7f, 0xff, 0xe0, 0x70, 0x38, 0x1c, 0xe,
    0x7, 0x3, 0x81, 0xc0, 0xe0, 0x70, 0x38, 0x1c,
    0xe, 0x7, 0x3, 0x81, 0xc0, 0xe0, 0x70, 0x38,
    0x1c, 0xe, 0x7, 0x3, 0x81, 0xc0, 0xe0, 0x70,
    0x38, 0x1c, 0xe, 0x7, 0x3, 0x81, 0xff, 0xff,
    0xff, 0xf0,

    /* U+005E "^" */
    0x1, 0xe0, 0x1, 0xf8, 0x0, 0xfc, 0x0, 0xfe,
    0x0, 0x77, 0x80, 0x39, 0xc0, 0x3c, 0xe0, 0x1c,
    0x78, 0xe, 0x1c, 0xf, 0xe, 0x7, 0x7, 0x83,
    0x81, 0xc3, 0x80, 0xe1, 0xc0, 0x79, 0xe0, 0x1c,
    0xe0, 0xe, 0x70, 0x7, 0xf8, 0x1, 0xc0,

    /* U+005F "_" */
    0xff, 0xff, 0xff, 0xff, 0xff, 0xff, 0xff, 0xf0,

    /* U+0060 "`" */
    0xe1, 0xe3, 0xe3, 0xc7, 0xc7, 0x87, 0x8f,

    /* U+0061 "a" */
    0x7f, 0xff, 0xe0, 0xff, 0xff, 0xf1, 0xff, 0xff,
    0xf3, 0xff, 0xff, 0xf0, 0x0, 0x7, 0xe0, 0x0,
    0x7, 0xc0, 0x0, 0xf, 0x9f, 0xff, 0xff, 0x7f,
    0xff, 0xff, 0xff, 0xff, 0xff, 0xe0, 0x0, 0xff,
    0xc0, 0x1, 0xff, 0x80, 0x3, 0xff, 0x0, 0x7,
    0xff, 0xff, 0xff, 0xff, 0xff, 0xff, 0x7f, 0xff,
    0xfe, 0x7f, 0xff, 0xf8,

    /* U+0062 "b" */
    0xf8, 0x0, 0x0, 0xf8, 0x0, 0x0, 0xf8, 0x0,
    0x0, 0xf8, 0x0, 0x0, 0xf8, 0x0, 0x0, 0xf8,
    0x0, 0x0, 0xf8, 0x0, 0x0, 0xff, 0xff, 0xf0,
    0xff, 0xff, 0xfc, 0xff, 0xff, 0xfe, 0xff, 0xff,
    0xff, 0xf8, 0x0, 0x3f, 0xf8, 0x0, 0x1f, 0xf8,
    0x0, 0x1f, 0xf8, 0x0, 0x1f, 0xf8, 0x0, 0x1f,
    0xf8, 0x0, 0x1f, 0xf8, 0x0, 0x1f, 0xf8, 0x0,
    0x1f, 0xf8, 0x0, 0x1f, 0xfc, 0x0, 0x3f, 0xff,
    0xff, 0xff, 0x7f, 0xff, 0xfe, 0x3f, 0xff, 0xfc,
    0xf, 0xff, 0xf0,

    /* U+0063 "c" */
    0xf, 0xff, 0xf9, 0xff, 0xff, 0xdf, 0xff, 0xff,
    0xff, 0xff, 0xff, 0xc0, 0x0, 0x7c, 0x0, 0x3,
    0xe0, 0x0, 0x1f, 0x0, 0x0, 0xf8, 0x0, 0x7,
    0xc0, 0x0, 0x3e, 0x0, 0x1, 0xf0, 0x0, 0xf,
    0x80, 0x0, 0x7e, 0x0, 0x3, 0xff, 0xff, 0xef,
    0xff, 0xff, 0x3f, 0xff, 0xf8, 0x7f, 0xff, 0xc0,

    /* U+0064 "d" */
    0x0, 0x0, 0x1f, 0x0, 0x0, 0x1f, 0x0, 0x0,
    0x1f, 0x0, 0x0, 0x1f, 0x0, 0x0, 0x1f, 0x0,
    0x0, 0x1f, 0x0, 0x0, 0x1f, 0x1f, 0xff, 0xff,
    0x3f, 0xff, 0xff, 0x7f, 0xff, 0xff, 0xff, 0xff,
    0xff, 0xfc, 0x0, 0x1f, 0xf8, 0x0, 0x1f, 0xf8,
    0x0, 0x1f, 0xf8, 0x0, 0x1f, 0xf8, 0x0, 0x1f,
    0xf8, 0x0, 0x1f, 0xf8, 0x0, 0x1f, 0xf8, 0x0,
    0x1f, 0xf8, 0x0, 0x1f, 0xfc, 0x0, 0x3f, 0xff,
    0xff, 0xff, 0x7f, 0xff, 0xfe, 0x3f, 0xff, 0xfc,
    0xf, 0xff, 0xf8,

    /* U+0065 "e" */
    0xf, 0xff, 0xf8, 0x7f, 0xff, 0xf9, 0xff, 0xff,
    0xff, 0xff, 0xff, 0xff, 0xc0, 0x3, 0xff, 0x0,
    0x7, 0xfe, 0x0, 0xf, 0xff, 0xff, 0xff, 0xff,
    0xff, 0xff, 0xff, 0xff, 0xff, 0xe0, 0x0, 0x7,
    0xc0, 0x0, 0xf, 0x80, 0x0, 0x1f, 0x80, 0x0,
    0x3f, 0xff, 0xff, 0x3f, 0xff, 0xfe, 0x3f, 0xff,
    0xfc, 0x3f, 0xff, 0xf8,

    /* U+0066 "f" */
    0x3, 0xfe, 0x1f, 0xfc, 0x3f, 0xf8, 0xff, 0xf1,
    0xf8, 0x3, 0xe0, 0x7, 0xc0, 0x7f, 0xff, 0xff,
    0xff, 0xff, 0xff, 0xff, 0xf8, 0xf8, 0x1, 0xf0,
    0x3, 0xe0, 0x7, 0xc0, 0xf, 0x80, 0x1f, 0x0,
    0x3e, 0x0, 0x7c, 0x0, 0xf8, 0x1, 0xf0, 0x3,
    0xe0, 0x7, 0xc0, 0xf, 0x80, 0x1f, 0x0,

    /* U+0067 "g" */
    0xf, 0xff, 0xf0, 0x3f, 0xff, 0xfc, 0x7f, 0xff,
    0xfe, 0xff, 0xff, 0xff, 0xfc, 0x0, 0x3f, 0xf8,
    0x0, 0x1f, 0xf8, 0x0, 0x1f, 0xf8, 0x0, 0x1f,
    0xf8, 0x0, 0x1f, 0xf8, 0x0, 0x1f, 0xf8, 0x0,
    0x1f, 0xf8, 0x0, 0x1f, 0xfc, 0x0, 0x1f, 0xff,
    0xff, 0xff, 0x7f, 0xff, 0xff, 0x3f, 0xff, 0xff,
    0xf, 0xff, 0xff, 0x0, 0x0, 0x1f, 0x0, 0x0,
    0x1f, 0x0, 0x0, 0x1f, 0x0, 0x0, 0x3f, 0x7f,
    0xff, 0xff, 0x7f, 0xff, 0xfe, 0x7f, 0xff, 0xfc,
    0x7f, 0xff, 0xf8,

    /* U+0068 "h" */
    0xf8, 0x0, 0x0, 0xf8, 0x0, 0x0, 0xf8, 0x0,
    0x0, 0xf8, 0x0, 0x0, 0xf8, 0x0, 0x0, 0xf8,
    0x0, 0x0, 0xf8, 0x0, 0x0, 0xff, 0xff, 0xf8,
    0xff, 0xff, 0xfc, 0xff, 0xff, 0xfe, 0xff, 0xff,
    0xff, 0xf8, 0x0, 0x3f, 0xf8, 0x0, 0x1f, 0xf8,
    0x0, 0x1f, 0xf8, 0x0, 0x1f, 0xf8, 0x0, 0x1f,
    0xf8, 0x0, 0x1f, 0xf8, 0x0, 0x1f, 0xf8, 0x0,
    0x1f, 0xf8, 0x0, 0x1f, 0xf8, 0x0, 0x1f, 0xf8,
    0x0, 0x1f, 0xf8, 0x0, 0x1f, 0xf8, 0x0, 0x1f,
    0xf8, 0x0, 0x1f,

    /* U+0069 "i" */
    0xff, 0xff, 0xf0, 0x0, 0x1f, 0xff, 0xff, 0xff,
    0xff, 0xff, 0xff, 0xff, 0xff, 0xff, 0xff, 0xf8,

    /* U+006A "j" */
    0x3, 0xe0, 0x7c, 0xf, 0x81, 0xf0, 0x0, 0x0,
    0x0, 0x0, 0x1f, 0x3, 0xe0, 0x7c, 0xf, 0x81,
    0xf0, 0x3e, 0x7, 0xc0, 0xf8, 0x1f, 0x3, 0xe0,
    0x7c, 0xf, 0x81, 0xf0, 0x3e, 0x7, 0xc0, 0xf8,
    0x1f, 0x3, 0xe0, 0x7c, 0xf, 0x83, 0xff, 0xff,
    0xff, 0xbf, 0xe7, 0xf8,

    /* U+006B "k" */
    0xf8, 0x0, 0x1, 0xf0, 0x0, 0x3, 0xe0, 0x0,
    0x7, 0xc0, 0x0, 0xf, 0x80, 0x0, 0x1f, 0x0,
    0x0, 0x3e, 0x0, 0x0, 0x7c, 0x0, 0x1f, 0xf8,
    0x0, 0x7d, 0xf0, 0x1, 0xf3, 0xe0, 0x3, 0xe7,
    0xc0, 0xf, 0x8f, 0x80, 0x3e, 0x1f, 0x0, 0xfc,
    0x3f, 0xff, 0xf0, 0x7f, 0xff, 0xc0, 0xff, 0xff,
    0x81, 0xff, 0xff, 0x83, 0xe0, 0x1f, 0x87, 0xc0,
    0xf, 0x8f, 0x80, 0x1f, 0x9f, 0x0, 0x1f, 0x3e,
    0x0, 0x1f, 0x7c, 0x0, 0x3f, 0xf8, 0x0, 0x3e,

    /* U+006C "l" */
    0xff, 0xff, 0xff, 0xff, 0xff, 0xff, 0xff, 0xff,
    0xff, 0xff, 0xff, 0xff, 0xff, 0xff, 0xff, 0xf8,

    /* U+006D "m" */
    0x1f, 0xff, 0xff, 0xf0, 0x7f, 0xff, 0xff, 0xf1,
    0xff, 0xff, 0xff, 0xf7, 0xff, 0xff, 0xff, 0xff,
    0xc0, 0x7c, 0x7, 0xff, 0x0, 0xf8, 0x7, 0xfe,
    0x1, 0xf0, 0xf, 0xfc, 0x3, 0xe0, 0x1f, 0xf8,
    0x7, 0xc0, 0x3f, 0xf0, 0xf, 0x80, 0x7f, 0xe0,
    0x1f, 0x0, 0xff, 0xc0, 0x3e, 0x1, 0xff, 0x80,
    0x7c, 0x3, 0xff, 0x0, 0xf8, 0x7, 0xfe, 0x1,
    0xf0, 0xf, 0xfc, 0x3, 0xe0, 0x1f, 0xf8, 0x7,
    0xc0, 0x3f, 0xf0, 0xf, 0x80, 0x7c,

    /* U+006E "n" */
    0xf, 0xff, 0xf8, 0x1f, 0xff, 0xff, 0x1f, 0xff,
    0xff, 0xdf, 0xff, 0xff, 0xff, 0xc0, 0x1, 0xff,
    0xc0, 0x0, 0x7f, 0xe0, 0x0, 0x3f, 0xf0, 0x0,
    0x1f, 0xf8, 0x0, 0xf, 0xfc, 0x0, 0x7, 0xfe,
    0x0, 0x3, 0xff, 0x0, 0x1, 0xff, 0x80, 0x0,
    0xff, 0xc0, 0x0, 0x7f, 0xe0, 0x0, 0x3f, 0xf0,
    0x0, 0x1f, 0xf8, 0x0, 0xf, 0xfc, 0x0, 0x7,
    0xc0,

    /* U+006F "o" */
    0xf, 0xff, 0xf0, 0x3f, 0xff, 0xfc, 0x7f, 0xff,
    0xfe, 0xff, 0xff, 0xff, 0xfc, 0x0, 0x3f, 0xf8,
    0x0, 0x1f, 0xf8, 0x0, 0x1f, 0xf8, 0x0, 0x1f,
    0xf8, 0x0, 0x1f, 0xf8, 0x0, 0x1f, 0xf8, 0x0,
    0x1f, 0xf8, 0x0, 0x1f, 0xf8, 0x0, 0x1f, 0xfc,
    0x0, 0x3f, 0xff, 0xff, 0xff, 0x7f, 0xff, 0xfe,
    0x3f, 0xff, 0xfc, 0xf, 0xff, 0xf0,

    /* U+0070 "p" */
    0xf, 0xff, 0xf0, 0x3f, 0xff, 0xfc, 0x7f, 0xff,
    0xfe, 0xff, 0xff, 0xff, 0xfc, 0x0, 0x3f, 0xf8,
    0x0, 0x1f, 0xf8, 0x0, 0x1f, 0xf8, 0x0, 0x1f,
    0xf8, 0x0, 0x1f, 0xf8, 0x0, 0x1f, 0xf8, 0x0,
    0x1f, 0xf8, 0x0, 0x1f, 0xf8, 0x0, 0x1f, 0xf8,
    0x0, 0x3f, 0xff, 0xff, 0xff, 0xff, 0xff, 0xfe,
    0xff, 0xff, 0xfc, 0xff, 0xff, 0xf8, 0xf8, 0x0,
    0x0, 0xf8, 0x0, 0x0, 0xf8, 0x0, 0x0, 0xf8,
    0x0, 0x0, 0xf8, 0x0, 0x0, 0xf8, 0x0, 0x0,
    0xf8, 0x0, 0x0,

    /* U+0071 "q" */
    0xf, 0xff, 0xf0, 0x3f, 0xff, 0xfc, 0x7f, 0xff,
    0xfe, 0xff, 0xff, 0xff, 0xfc, 0x0, 0x3f, 0xf8,
    0x0, 0x1f, 0xf8, 0x0, 0x1f, 0xf8, 0x0, 0x1f,
    0xf8, 0x0, 0x1f, 0xf8, 0x0, 0x1f, 0xf8, 0x0,
    0x1f, 0xf8, 0x0, 0x1f, 0xf8, 0x0, 0x1f, 0xfc,
    0x0, 0x1f, 0xff, 0xff, 0xff, 0x7f, 0xff, 0xff,
    0x3f, 0xff, 0xff, 0x1f, 0xff, 0xff, 0x0, 0x0,
    0x1f, 0x0, 0x0, 0x1f, 0x0, 0x0, 0x1f, 0x0,
    0x0, 0x1f, 0x0, 0x0, 0x1f, 0x0, 0x0, 0x1f,
    0x0, 0x0, 0x1f,

    /* U+0072 "r" */
    0xf, 0xff, 0x9f, 0xff, 0xdf, 0xff, 0xff, 0xff,
    0xff, 0xc0, 0x7, 0xc0, 0x3, 0xe0, 0x1, 0xf0,
    0x0, 0xf8, 0x0, 0x7c, 0x0, 0x3e, 0x0, 0x1f,
    0x0, 0xf, 0x80, 0x7, 0xc0, 0x3, 0xe0, 0x1,
    0xf0, 0x0, 0xf8, 0x0, 0x7c, 0x0, 0x0,

    /* U+0073 "s" */
    0x3f, 0xff, 0xf9, 0xff, 0xff, 0xef, 0xff, 0xff,
    0xbf, 0xff, 0xfe, 0xf8, 0x0, 0x3, 0xe0, 0x0,
    0xf, 0x80, 0x0, 0x3f, 0xff, 0xfc, 0x7f, 0xff,
    0xf8, 0xff, 0xff, 0xf0, 0x0, 0x7, 0xc0, 0x0,
    0x1f, 0x0, 0x0, 0x7c, 0x0, 0x1, 0xff, 0xff,
    0xff, 0xff, 0xff, 0xff, 0xff, 0xff, 0xfb, 0xff,
    0xff, 0xc0,

    /* U+0074 "t" */
    0x1f, 0x0, 0x7c, 0x1, 0xf0, 0x7, 0xc0, 0x1f,
    0x3, 0xff, 0xff, 0xff, 0xff, 0xff, 0xff, 0xfc,
    0x7c, 0x1, 0xf0, 0x7, 0xc0, 0x1f, 0x0, 0x7c,
    0x1, 0xf0, 0x7, 0xc0, 0x1f, 0x0, 0x7c, 0x1,
    0xf8, 0x7, 0xff, 0xf, 0xfc, 0x3f, 0xf0, 0x3f,
    0xc0,

    /* U+0075 "u" */
    0xf8, 0x0, 0x1f, 0xf8, 0x0, 0x1f, 0xf8, 0x0,
    0x1f, 0xf8, 0x0, 0x1f, 0xf8, 0x0, 0x1f, 0xf8,
    0x0, 0x1f, 0xf8, 0x0, 0x1f, 0xf8, 0x0, 0x1f,
    0xf8, 0x0, 0x1f, 0xf8, 0x0, 0x1f, 0xf8, 0x0,
    0x1f, 0xf8, 0x0, 0x1f, 0xf8, 0x0, 0x1f, 0xfc,
    0x0, 0x3f, 0xff, 0xff, 0xff, 0x7f, 0xff, 0xfe,
    0x3f, 0xff, 0xfc, 0xf, 0xff, 0xf0,

    /* U+0076 "v" */
    0xf8, 0x0, 0x7, 0xdf, 0x0, 0x1, 0xf7, 0xe0,
    0x0, 0xf8, 0xf8, 0x0, 0x3e, 0x1f, 0x0, 0x1f,
    0x7, 0xc0, 0xf, 0x80, 0xf8, 0x3, 0xe0, 0x3e,
    0x1, 0xf0, 0x7, 0xc0, 0x7c, 0x1, 0xf8, 0x3e,
    0x0, 0x3e, 0xf, 0x80, 0xf, 0xc7, 0xc0, 0x1,
    0xf3, 0xf0, 0x0, 0x3e, 0xf8, 0x0, 0xf, 0xfc,
    0x0, 0x1, 0xff, 0x0, 0x0, 0x7f, 0x80, 0x0,
    0xf, 0xe0, 0x0,

    /* U+0077 "w" */
    0x78, 0x1, 0xfc, 0x0, 0xfb, 0xe0, 0xf, 0xf0,
    0xf, 0x9f, 0x0, 0xff, 0x80, 0x7c, 0xf8, 0x7,
    0xfc, 0x3, 0xe3, 0xe0, 0x3d, 0xf0, 0x1f, 0x1f,
    0x3, 0xef, 0x81, 0xf0, 0xf8, 0x1e, 0x3c, 0xf,
    0x83, 0xe0, 0xf1, 0xf0, 0x7c, 0x1f, 0xf, 0x87,
    0x87, 0xc0, 0xf8, 0x78, 0x3c, 0x3e, 0x3, 0xe3,
    0xc1, 0xf1, 0xf0, 0x1f, 0x3e, 0x7, 0x9f, 0x0,
    0xf9, 0xe0, 0x3c, 0xf8, 0x3, 0xff, 0x1, 0xf7,
    0xc0, 0x1f, 0xf8, 0x7, 0xfc, 0x0, 0xff, 0x80,
    0x3f, 0xe0, 0x3, 0xfc, 0x1, 0xff, 0x0, 0x1f,
    0xc0, 0x7, 0xf0, 0x0,

    /* U+0078 "x" */
    0x7e, 0x0, 0x1f, 0x9f, 0x80, 0x1f, 0x87, 0xe0,
    0x1f, 0x81, 0xf8, 0x1f, 0x80, 0x7e, 0x1f, 0x80,
    0x1f, 0x9f, 0x80, 0x7, 0xff, 0x0, 0x1, 0xff,
    0x0, 0x0, 0x3f, 0x0, 0x0, 0x3f, 0x80, 0x0,
    0x3f, 0xf0, 0x0, 0x3e, 0xfc, 0x0, 0x3e, 0x3f,
    0x0, 0x3e, 0xf, 0xc0, 0x7e, 0x3, 0xf0, 0x7e,
    0x0, 0xfc, 0x7e, 0x0, 0x3f, 0x7e, 0x0, 0xf,
    0xc0,

    /* U+0079 "y" */
    0xf8, 0x0, 0xf, 0xbe, 0x0, 0x7, 0xdf, 0x0,
    0x7, 0xc7, 0xc0, 0x3, 0xe3, 0xe0, 0x3, 0xe0,
    0xf8, 0x1, 0xf0, 0x7c, 0x1, 0xf0, 0x1f, 0x1,
    0xf0, 0x7, 0xc0, 0xf8, 0x3, 0xe0, 0xf8, 0x0,
    0xf8, 0x7c, 0x0, 0x7c, 0x7c, 0x0, 0x1f, 0x3e,
    0x0, 0xf, 0xbe, 0x0, 0x3, 0xff, 0x0, 0x0,
    0xff, 0x0, 0x0, 0x7f, 0x0, 0x0, 0xf, 0x80,
    0x0, 0xf, 0x80, 0x0, 0x7, 0xc0, 0x0, 0x7,
    0xc0, 0x0, 0x3f, 0xe0, 0x0, 0x1f, 0xe0, 0x0,
    0xf, 0xe0, 0x0, 0x7, 0xe0, 0x0, 0x0,

    /* U+007A "z" */
    0xff, 0xff, 0xf7, 0xff, 0xff, 0xbf, 0xff, 0xff,
    0xff, 0xff, 0xf0, 0x0, 0xf, 0x80, 0x1, 0xf8,
    0x0, 0x3f, 0xc0, 0x7, 0xf0, 0x1, 0xfe, 0x0,
    0x3f, 0xc0, 0x7, 0xf8, 0x0, 0xff, 0x0, 0xf,
    0xc0, 0x0, 0x7c, 0x0, 0x3, 0xff, 0xff, 0xdf,
    0xff, 0xff, 0xff, 0xff, 0xfb, 0xff, 0xff, 0x80,

    /* U+007B "{" */
    0x1, 0xf0, 0x7f, 0x7, 0xf0, 0xf0, 0xe, 0x0,
    0xe0, 0xe, 0x0, 0xe0, 0xe, 0x0, 0xe0, 0xe,
    0x0, 0xe0, 0xe, 0x0, 0xe0, 0xe, 0x0, 0xe0,
    0xe, 0x7, 0xc0, 0xfc, 0x7, 0xc0, 0xe, 0x0,
    0xe0, 0xe, 0x0, 0xe0, 0xe, 0x0, 0xe0, 0xe,
    0x0, 0xe0, 0xe, 0x0, 0xe0, 0xe, 0x0, 0xe0,
    0xe, 0x0, 0xf0, 0x7, 0xf0, 0x7f, 0x1, 0xf0,

    /* U+007C "|" */
    0xff, 0xff, 0xff, 0xff, 0xff, 0xff, 0xff, 0xff,
    0xff, 0xff, 0xff, 0xf8,

    /* U+007D "}" */
    0xf8, 0xf, 0xe0, 0xfe, 0x0, 0xf0, 0x7, 0x0,
    0x70, 0x7, 0x0, 0x70, 0x7, 0x0, 0x70, 0x7,
    0x0, 0x70, 0x7, 0x0, 0x70, 0x7, 0x0, 0x70,
    0x7, 0x0, 0x3e, 0x3, 0xf0, 0x3e, 0x7, 0x0,
    0x70, 0x7, 0x0, 0x70, 0x7, 0x0, 0x70, 0x7,
    0x0, 0x70, 0x7, 0x0, 0x70, 0x7, 0x0, 0x70,
    0x7, 0x0, 0xf0, 0xfe, 0xf, 0xe0, 0xf8, 0x0,

    /* U+007E "~" */
    0x3e, 0x0, 0x7f, 0xc0, 0xff, 0xf0, 0xfc, 0x3f,
    0xfc, 0xf, 0xf8, 0x1, 0xf0,

    /* U+00A0 " " */
    0x0,

    /* U+00A1 "¡" */
    0xff, 0xff, 0xf0, 0x0, 0x0, 0xf7, 0xbd, 0xef,
    0x7b, 0xde, 0xf7, 0xbd, 0xef, 0x7b, 0xde,

    /* U+00A2 "¢" */
    0x0, 0x1c, 0x0, 0x0, 0x70, 0x0, 0x1, 0xc0,
    0x3, 0xff, 0xfe, 0x3f, 0xff, 0xfd, 0xff, 0xff,
    0xf7, 0xff, 0xff, 0xbf, 0x7, 0x0, 0xf8, 0x1c,
    0x3, 0xe0, 0x70, 0xf, 0x81, 0xc0, 0x3e, 0x7,
    0x0, 0xf8, 0x1c, 0x3, 0xe0, 0x70, 0xf, 0x81,
    0xc0, 0x3e, 0x7, 0x0, 0xf8, 0x1c, 0x3, 0xe0,
    0x70, 0xf, 0x81, 0xc0, 0x3f, 0x7, 0x0, 0x7f,
    0xff, 0xf9, 0xff, 0xff, 0xf3, 0xff, 0xff, 0xc3,
    0xff, 0xfe, 0x0, 0x1c, 0x0, 0x0, 0x70, 0x0,
    0x1, 0xc0, 0x0,

    /* U+00A3 "£" */
    0x1, 0xff, 0xf0, 0x7f, 0xff, 0x7, 0xff, 0xf0,
    0xff, 0xff, 0xf, 0xc0, 0x0, 0xf8, 0x0, 0xf,
    0x80, 0x0, 0xf8, 0x0, 0xf, 0x80, 0x0, 0xf8,
    0x0, 0xff, 0xff, 0xf, 0xff, 0xf0, 0xf, 0x80,
    0x0, 0xf8, 0x0, 0xf, 0x80, 0x0, 0xf8, 0x0,
    0xf, 0x80, 0x0, 0xf8, 0x0, 0xf, 0x80, 0xf,
    0xff, 0xff, 0xff, 0xff, 0xff, 0xff, 0xff, 0xff,
    0xff, 0xf0,

    /* U+00A4 "¤" */
    0x20, 0x0, 0x47, 0x0, 0xe, 0xff, 0xff, 0xf7,
    0xff, 0xfe, 0x3f, 0xff, 0xc3, 0x80, 0x1c, 0x38,
    0x1, 0xc3, 0x80, 0x1c, 0x38, 0x1, 0xc3, 0x80,
    0x1c, 0x38, 0x1, 0xc3, 0x80, 0x1c, 0x38, 0x1,
    0xc3, 0x80, 0x1c, 0x38, 0x1, 0xc3, 0xff, 0xfc,
    0x7f, 0xff, 0xef, 0xff, 0xff, 0x70, 0x0, 0xe2,
    0x0, 0x4,

    /* U+00A5 "¥" */
    0xf8, 0x0, 0x3e, 0xf8, 0x0, 0xf8, 0xf8, 0x3,
    0xe1, 0xf0, 0x7, 0xc1, 0xf0, 0x1f, 0x1, 0xf0,
    0x7c, 0x3, 0xf0, 0xf8, 0x3, 0xe3, 0xe0, 0x3,
    0xef, 0x80, 0x7, 0xff, 0x0, 0x7, 0xfc, 0x1,
    0xff, 0xff, 0xc3, 0xff, 0xff, 0x80, 0xf, 0x80,
    0x0, 0x1f, 0x0, 0x0, 0x3e, 0x0, 0x0, 0x7c,
    0x0, 0x7f, 0xff, 0xf0, 0xff, 0xff, 0xe0, 0x3,
    0xe0, 0x0, 0x7, 0xc0, 0x0, 0xf, 0x80, 0x0,
    0x1f, 0x0, 0x0,

    /* U+00A6 "¦" */
    0xff, 0xff, 0xff, 0xff, 0xff, 0xc0, 0x3, 0xff,
    0xff, 0xff, 0xff, 0xff,

    /* U+00A7 "§" */
    0x7f, 0xff, 0xf7, 0xff, 0xff, 0xff, 0xff, 0xff,
    0xff, 0xff, 0xef, 0x80, 0x0, 0x7e, 0x0, 0x1,
    0xfc, 0x0, 0x3, 0xfc, 0x0, 0x7, 0xf8, 0x0,
    0x7, 0xf0, 0x0, 0xf, 0xf0, 0x0, 0x1f, 0xe0,
    0x0, 0x3f, 0x0, 0x0, 0x79, 0xff, 0xff, 0xff,
    0xff, 0xff, 0xff, 0xff, 0xf7, 0xff, 0xff, 0xbe,
    0x0, 0x1, 0xf8, 0x0, 0x7, 0xf8, 0x0, 0xf,
    0xf0, 0x0, 0x1f, 0xe0, 0x0, 0x3f, 0xc0, 0x0,
    0x3f, 0xc0, 0x0, 0x7f, 0x80, 0x0, 0xfc, 0x0,
    0x1, 0xef, 0xff, 0xff, 0xff, 0xff, 0xff, 0xff,
    0xff, 0xdf, 0xff, 0xfe,

    /* U+00A8 "¨" */
    0xf8, 0x7f, 0xe1, 0xff, 0x87, 0xfe, 0x1f,

    /* U+00A9 "©" */
    0x7, 0xff, 0xfe, 0x1, 0xff, 0xff, 0xf8, 0x38,
    0x0, 0x1, 0xc7, 0x0, 0x0, 0xe, 0x60, 0x0,
    0x0, 0x6c, 0x0, 0x0, 0x3, 0xc0, 0x7f, 0xf0,
    0x3c, 0xf, 0xff, 0x3, 0xc1, 0xc0, 0x0, 0x3c,
    0x1c, 0x0, 0x3, 0xc1, 0xc0, 0x0, 0x3c, 0x1c,
    0x0, 0x3, 0xc1, 0xc0, 0x0, 0x3c, 0x1c, 0x0,
    0x3, 0xc1, 0xc0, 0x0, 0x3c, 0xf, 0xff, 0x3,
    0xc0, 0x7f, 0xf0, 0x3c, 0x0, 0x0, 0x3, 0x60,
    0x0, 0x0, 0x67, 0x0, 0x0, 0xe, 0x38, 0x0,
    0x1, 0xc1, 0xff, 0xff, 0xf8, 0x7, 0xff, 0xfe,
    0x0,

    /* U+00AA "ª" */
    0xff, 0xef, 0xff, 0x0, 0x70, 0x7, 0x0, 0x77,
    0xff, 0xff, 0xfe, 0x7, 0xe0, 0x7e, 0x7, 0xff,
    0xf7, 0xff,

    /* U+00AB "«" */
    0xf, 0x1e, 0x3c, 0x78, 0x78, 0xf1, 0xe3, 0xc3,
    0xc7, 0x8f, 0x1e, 0x1e, 0x3c, 0x7c, 0xf8, 0xf1,
    0xe1, 0xe3, 0xc3, 0xe7, 0xc3, 0xc7, 0x87, 0x8f,
    0x7, 0x8f, 0xf, 0x1e, 0xf, 0x1e, 0x1e, 0x3c,
    0x1e, 0x3c,

    /* U+00AC "¬" */
    0xff, 0xff, 0xff, 0xff, 0xff, 0xff, 0xe0, 0x0,
    0x70, 0x0, 0x38, 0x0, 0x1c, 0x0, 0xe, 0x0,
    0x7, 0x0, 0x3, 0x80, 0x1, 0xc0, 0x0, 0xe0,
    0x0, 0x70, 0x0, 0x38, 0x0, 0x1c, 0x0, 0xe,
    0x0, 0x7, 0x0, 0x3, 0x80, 0x1, 0xc0,

    /* U+00AD "­" */
    0xff, 0xff, 0xff, 0xff, 0xff, 0xf0,

    /* U+00AE "®" */
    0x7, 0xff, 0xfe, 0x1, 0xff, 0xff, 0xf8, 0x38,
    0x0, 0x1, 0xc7, 0x0, 0x0, 0xe, 0x60, 0x0,
    0x0, 0x6c, 0x0, 0x0, 0x3, 0xc1, 0xff, 0xf0,
    0x3c, 0x1f, 0xff, 0x83, 0xc1, 0xc0, 0x38, 0x3c,
    0x1c, 0x3, 0x83, 0xc1, 0xc0, 0x38, 0x3c, 0x1f,
    0xff, 0x83, 0xc1, 0xff, 0xe0, 0x3c, 0x1c, 0xe,
    0x3, 0xc1, 0xc0, 0xe0, 0x3c, 0x1c, 0x7, 0x3,
    0xc1, 0xc0, 0x38, 0x3c, 0x0, 0x0, 0x3, 0x60,
    0x0, 0x0, 0x67, 0x0, 0x0, 0xe, 0x38, 0x0,
    0x1, 0xc1, 0xff, 0xff, 0xf8, 0x7, 0xff, 0xfe,
    0x0,

    /* U+00AF "¯" */
    0xff, 0xff, 0xff, 0xff, 0xff, 0xff, 0xff, 0xff,

    /* U+00B0 "°" */
    0x3f, 0xe3, 0xff, 0xbf, 0xff, 0xc0, 0x7e, 0x3,
    0xf0, 0x1f, 0x80, 0xfc, 0x7, 0xe0, 0x3f, 0xff,
    0xdf, 0xfc, 0x7f, 0xc0,

    /* U+00B1 "±" */
    0x1, 0xc0, 0x0, 0xe0, 0x0, 0x70, 0x0, 0x38,
    0x0, 0x1c, 0x0, 0xe, 0x0, 0x7, 0x1, 0xff,
    0xff, 0xff, 0xff, 0xff, 0xff, 0xc0, 0x70, 0x0,
    0x38, 0x0, 0x1c, 0x0, 0xe, 0x0, 0x7, 0x0,
    0x3, 0x80, 0x1, 0xc0, 0x0, 0x0, 0x0, 0x0,
    0x1f, 0xff, 0xff, 0xff, 0xff, 0xff, 0xfc,

    /* U+00B2 "²" */
    0xff, 0xf7, 0xff, 0xc0, 0xe, 0x0, 0x70, 0x3,
    0xbf, 0xff, 0xff, 0xdc, 0x0, 0xe0, 0x7, 0x0,
    0x3f, 0xff, 0xff, 0xf0,

    /* U+00B3 "³" */
    0xff, 0xf7, 0xff, 0xc0, 0xe, 0x0, 0x70, 0x3,
    0xff, 0xfb, 0xff, 0xe0, 0x7, 0x0, 0x38, 0x1,
    0xff, 0xff, 0xff, 0xe0,

    /* U+00B4 "´" */
    0x6, 0x1f, 0x1e, 0x3e, 0x3c, 0x7c, 0x78, 0x70,

    /* U+00B6 "¶" */
    0x1f, 0xf8, 0x3d, 0xff, 0xf0, 0xf7, 0xff, 0xc3,
    0xff, 0xff, 0xf, 0xf8, 0x3c, 0x3f, 0xc0, 0xf0,
    0xff, 0x3, 0xc3, 0xfc, 0xf, 0xf, 0xf0, 0x3c,
    0x3f, 0xc0, 0xf0, 0xff, 0x3, 0xc3, 0xfe, 0xf,
    0xf, 0xff, 0xfc, 0x3d, 0xff, 0xf0, 0xf7, 0xff,
    0xc3, 0xc7, 0xff, 0xf, 0x0, 0x3c, 0x3c, 0x0,
    0xf0, 0xf0, 0x3, 0xc3, 0xc0, 0xf, 0xf, 0x0,
    0x3c, 0x3c, 0x0, 0xf0, 0xf0, 0x3, 0xc3, 0xc0,
    0xf, 0xf, 0x0, 0x3c, 0x3c, 0x0, 0xf0, 0xf0,
    0x3, 0xc3, 0xc0, 0xf, 0xf, 0x0, 0x3c, 0x3c,
    0x0, 0xf0, 0xf0, 0x3, 0xc3, 0xc0, 0xf, 0xf,

    /* U+00B7 "·" */
    0xff, 0xff, 0xf0,

    /* U+00B8 "¸" */
    0x7b, 0xdf, 0xef, 0x7b, 0xc0,

    /* U+00B9 "¹" */
    0xff, 0xce, 0x73, 0x9c, 0xe7, 0x39, 0xce, 0x70,

    /* U+00BA "º" */
    0x7f, 0xf7, 0xff, 0xf8, 0xf, 0xc0, 0x7e, 0x3,
    0xf0, 0x1f, 0x80, 0xfc, 0x7, 0xe0, 0x3f, 0x1,
    0xff, 0xfe, 0xff, 0xe0,

    /* U+00BB "»" */
    0xf1, 0xe0, 0xf1, 0xe1, 0xe3, 0xc1, 0xe3, 0xc3,
    0xc7, 0x83, 0xc7, 0x87, 0x8f, 0x7, 0x8f, 0xf,
    0x1e, 0x1e, 0x3c, 0x3c, 0x78, 0xf1, 0xe1, 0xe3,
    0xc7, 0x8f, 0xf, 0x1e, 0x3c, 0x78, 0x78, 0xf1,
    0xe3, 0xc0,

    /* U+00BC "¼" */
    0x7c, 0x0, 0x70, 0x1f, 0x0, 0x38, 0x1, 0xc0,
    0xe, 0x0, 0x70, 0x7, 0x0, 0x1c, 0x3, 0x80,
    0x7, 0x1, 0xc0, 0x1, 0xc0, 0xf0, 0x0, 0x70,
    0x38, 0x0, 0x1c, 0x1c, 0x0, 0x7, 0xe, 0x0,
    0x1, 0xc7, 0x80, 0xf0, 0x71, 0xc0, 0xfc, 0x0,
    0xe0, 0x77, 0x0, 0x70, 0x79, 0xc0, 0x38, 0x3c,
    0x70, 0x1e, 0x3c, 0x1c, 0x7, 0x1e, 0x7, 0x3,
    0x87, 0x1, 0xc1, 0xc1, 0xff, 0xfc, 0xf0, 0x7f,
    0xff, 0x38, 0x0, 0x7, 0x1c, 0x0, 0x1, 0xc6,
    0x0, 0x0, 0x70,

    /* U+00BD "½" */
    0x7c, 0x0, 0x38, 0x7, 0xc0, 0x7, 0x0, 0x1c,
    0x0, 0xe0, 0x1, 0xc0, 0x1e, 0x0, 0x1c, 0x3,
    0xc0, 0x1, 0xc0, 0x38, 0x0, 0x1c, 0x7, 0x0,
    0x1, 0xc0, 0xe0, 0x0, 0x1c, 0x1e, 0x0, 0x1,
    0xc1, 0xc0, 0x0, 0x1c, 0x38, 0x0, 0x1, 0xc7,
    0x1f, 0xfe, 0x1c, 0xf1, 0xff, 0xf0, 0x1e, 0x0,
    0x7, 0x1, 0xc0, 0x0, 0x70, 0x38, 0x0, 0x7,
    0x7, 0x0, 0xff, 0xf0, 0xf0, 0x1f, 0xfe, 0xe,
    0x1, 0xc0, 0x1, 0xc0, 0x1c, 0x0, 0x38, 0x1,
    0xc0, 0x7, 0x0, 0x1f, 0xff, 0xf0, 0x1, 0xff,
    0xf0,

    /* U+00BE "¾" */
    0xff, 0xf0, 0x0, 0xe0, 0x7f, 0xfc, 0x0, 0xe0,
    0x0, 0xe, 0x0, 0xf0, 0x0, 0x7, 0x0, 0x70,
    0x0, 0x3, 0x80, 0x70, 0x7, 0xff, 0x80, 0x70,
    0x3, 0xff, 0xe0, 0x78, 0x0, 0x0, 0x70, 0x78,
    0x0, 0x0, 0x38, 0x38, 0x0, 0x0, 0x1c, 0x38,
    0x0, 0x3f, 0xfe, 0x38, 0xf, 0x9f, 0xfe, 0x3c,
    0xf, 0xc0, 0x0, 0x1c, 0xe, 0xe0, 0x0, 0x1c,
    0x1e, 0x70, 0x0, 0x1c, 0x1c, 0x38, 0x0, 0x1c,
    0x3c, 0x1c, 0x0, 0x1e, 0x3c, 0xe, 0x0, 0xe,
    0x1c, 0x7, 0x0, 0xe, 0xf, 0xff, 0xe0, 0xe,
    0x7, 0xff, 0xf0, 0xe, 0x0, 0x0, 0xe0, 0xf,
    0x0, 0x0, 0x70, 0x6, 0x0, 0x0, 0x38,

    /* U+00BF "¿" */
    0x0, 0xf8, 0x0, 0x3e, 0x0, 0xf, 0x80, 0x3,
    0xe0, 0x0, 0x0, 0x0, 0x0, 0x0, 0x0, 0x0,
    0x1, 0xc0, 0x0, 0x70, 0x0, 0x1c, 0x0, 0xf,
    0x0, 0xf, 0xc0, 0xf, 0xe0, 0xf, 0xf0, 0x7,
    0xf0, 0x3, 0xf8, 0x0, 0xf8, 0x0, 0x3e, 0x0,
    0xf, 0x80, 0x3, 0xe0, 0x0, 0xff, 0xff, 0xff,
    0xff, 0xf7, 0xff, 0xfc, 0xff, 0xff,

    /* U+00C0 "À" */
    0x0, 0x1e, 0x0, 0x0, 0x0, 0x1e, 0x0, 0x0,
    0x0, 0x3e, 0x0, 0x0, 0x0, 0x3c, 0x0, 0x0,
    0x0, 0x3c, 0x0, 0x0, 0x0, 0x78, 0x0, 0x0,
    0x0, 0x0, 0x0, 0x0, 0x3, 0xe0, 0x0, 0x0,
    0xf, 0xe0, 0x0, 0x0, 0x3f, 0xe0, 0x0, 0x0,
    0x7f, 0xe0, 0x0, 0x1, 0xf7, 0xc0, 0x0, 0x7,
    0xe7, 0xc0, 0x0, 0xf, 0x8f, 0x80, 0x0, 0x3e,
    0xf, 0x80, 0x0, 0x7c, 0x1f, 0x0, 0x1, 0xf0,
    0x1f, 0x0, 0x3, 0xe0, 0x3e, 0x0, 0xf, 0x80,
    0x3e, 0x0, 0x1f, 0x0, 0x7c, 0x0, 0x7c, 0x0,
    0x7c, 0x0, 0xff, 0xff, 0xf8, 0x3, 0xff, 0xff,
    0xf8, 0x7, 0xff, 0xff, 0xf8, 0x1f, 0xff, 0xff,
    0xf0, 0x3e, 0x0, 0x3, 0xf0, 0xf8, 0x0, 0x3,
    0xe3, 0xf0, 0x0, 0x7, 0xe7, 0xc0, 0x0, 0x7,
    0xdf, 0x80, 0x0, 0xf, 0xc0,

    /* U+00C1 "Á" */
    0x0, 0x0, 0xf0, 0x0, 0x0, 0x3, 0xc0, 0x0,
    0x0, 0x7, 0x80, 0x0, 0x0, 0x1e, 0x0, 0x0,
    0x0, 0x78, 0x0, 0x0, 0x0, 0xf0, 0x0, 0x0,
    0x0, 0x0, 0x0, 0x0, 0x3, 0xe0, 0x0, 0x0,
    0xf, 0xe0, 0x0, 0x0, 0x3f, 0xe0, 0x0, 0x0,
    0x7f, 0xe0, 0x0, 0x1, 0xf7, 0xc0, 0x0, 0x7,
    0xe7, 0xc0, 0x0, 0xf, 0x8f, 0x80, 0x0, 0x3e,
    0xf, 0x80, 0x0, 0x7c, 0x1f, 0x0, 0x1, 0xf0,
    0x1f, 0x0, 0x3, 0xe0, 0x3e, 0x0, 0xf, 0x80,
    0x3e, 0x0, 0x1f, 0x0, 0x7c, 0x0, 0x7c, 0x0,
    0x7c, 0x0, 0xff, 0xff, 0xf8, 0x3, 0xff, 0xff,
    0xf8, 0x7, 0xff, 0xff, 0xf8, 0x1f, 0xff, 0xff,
    0xf0, 0x3e, 0x0, 0x3, 0xf0, 0xf8, 0x0, 0x3,
    0xe3, 0xf0, 0x0, 0x7, 0xe7, 0xc0, 0x0, 0x7,
    0xdf, 0x80, 0x0, 0xf, 0xc0,

    /* U+00C2 "Â" */
    0x0, 0x7, 0xc0, 0x0, 0x0, 0x1f, 0xc0, 0x0,
    0x0, 0x7b, 0xc0, 0x0, 0x0, 0xe3, 0xc0, 0x0,
    0x3, 0xc7, 0x80, 0x0, 0xf, 0x7, 0x80, 0x0,
    0x0, 0x0, 0x0, 0x0, 0x3, 0xe0, 0x0, 0x0,
    0xf, 0xe0, 0x0, 0x0, 0x3f, 0xe0, 0x0, 0x0,
    0x7f, 0xe0, 0x0, 0x1, 0xf7, 0xc0, 0x0, 0x7,
    0xe7, 0xc0, 0x0, 0xf, 0x8f, 0x80, 0x0, 0x3e,
    0xf, 0x80, 0x0, 0x7c, 0x1f, 0x0, 0x1, 0xf0,
    0x1f, 0x0, 0x3, 0xe0, 0x3e, 0x0, 0xf, 0x80,
    0x3e, 0x0, 0x1f, 0x0, 0x7c, 0x0, 0x7c, 0x0,
    0x7c, 0x0, 0xff, 0xff, 0xf8, 0x3, 0xff, 0xff,
    0xf8, 0x7, 0xff, 0xff, 0xf8, 0x1f, 0xff, 0xff,
    0xf0, 0x3e, 0x0, 0x3, 0xf0, 0xf8, 0x0, 0x3,
    0xe3, 0xf0, 0x0, 0x7, 0xe7, 0xc0, 0x0, 0x7,
    0xdf, 0x80, 0x0, 0xf, 0xc0,

    /* U+00C3 "Ã" */
    0x0, 0xfc, 0xe, 0x0, 0x7, 0xfc, 0x38, 0x0,
    0x1c, 0x78, 0xe0, 0x0, 0x70, 0xff, 0x80, 0x1,
    0xc0, 0xfc, 0x0, 0x0, 0x0, 0x0, 0x0, 0x0,
    0x0, 0x0, 0x0, 0x3, 0xf0, 0x0, 0x0, 0x1f,
    0xe0, 0x0, 0x0, 0x7f, 0x80, 0x0, 0x3, 0xff,
    0x0, 0x0, 0xf, 0x3c, 0x0, 0x0, 0x7c, 0xf8,
    0x0, 0x3, 0xe1, 0xe0, 0x0, 0xf, 0x87, 0xc0,
    0x0, 0x7c, 0xf, 0x80, 0x1, 0xf0, 0x3e, 0x0,
    0xf, 0x80, 0x7c, 0x0, 0x3e, 0x1, 0xf0, 0x1,
    0xf0, 0x3, 0xe0, 0x7, 0xc0, 0xf, 0x80, 0x3f,
    0xff, 0xff, 0x0, 0xff, 0xff, 0xfc, 0x7, 0xff,
    0xff, 0xf8, 0x1f, 0xff, 0xff, 0xe0, 0xf8, 0x0,
    0x7, 0xc3, 0xe0, 0x0, 0x1f, 0x1f, 0x0, 0x0,
    0x3e, 0x7c, 0x0, 0x0, 0xfb, 0xf0, 0x0, 0x1,
    0xf0,

    /* U+00C4 "Ä" */
    0x0, 0x7c, 0x3e, 0x0, 0x0, 0xf8, 0x7c, 0x0,
    0x1, 0xf0, 0xf8, 0x0, 0x3, 0xe1, 0xf0, 0x0,
    0x0, 0x0, 0x0, 0x0, 0x0, 0x0, 0x0, 0x0,
    0x1, 0xf8, 0x0, 0x0, 0x7, 0xf8, 0x0, 0x0,
    0x1f, 0xf8, 0x0, 0x0, 0x3f, 0xf0, 0x0, 0x0,
    0xf9, 0xf0, 0x0, 0x1, 0xf3, 0xe0, 0x0, 0x7,
    0xc3, 0xe0, 0x0, 0xf, 0x87, 0xc0, 0x0, 0x3e,
    0x7, 0xc0, 0x0, 0x7c, 0xf, 0x80, 0x1, 0xf0,
    0xf, 0x80, 0x7, 0xe0, 0x1f, 0x0, 0xf, 0x80,
    0x1f, 0x0, 0x3f, 0x0, 0x3e, 0x0, 0x7f, 0xff,
    0xfe, 0x1, 0xff, 0xff, 0xfe, 0x3, 0xff, 0xff,
    0xfc, 0xf, 0xff, 0xff, 0xfc, 0x1f, 0x0, 0x0,
    0xf8, 0x7e, 0x0, 0x0, 0xf8, 0xf8, 0x0, 0x1,
    0xf3, 0xf0, 0x0, 0x1, 0xf7, 0xc0, 0x0, 0x3,
    0xe0,

    /* U+00C5 "Å" */
    0x0, 0xf, 0xf0, 0x0, 0x0, 0x3f, 0xf0, 0x0,
    0x0, 0x60, 0x60, 0x0, 0x0, 0xc0, 0xc0, 0x0,
    0x1, 0x81, 0x80, 0x0, 0x3, 0xff, 0x0, 0x0,
    0x3, 0xfc, 0x0, 0x0, 0x3, 0xf0, 0x0, 0x0,
    0xf, 0xf0, 0x0, 0x0, 0x3f, 0xf0, 0x0, 0x0,
    0x7f, 0xe0, 0x0, 0x1, 0xf3, 0xe0, 0x0, 0x3,
    0xe7, 0xc0, 0x0, 0xf, 0x87, 0xc0, 0x0, 0x1f,
    0xf, 0x80, 0x0, 0x7c, 0xf, 0x80, 0x0, 0xf8,
    0x1f, 0x0, 0x3, 0xe0, 0x1f, 0x0, 0x7, 0xc0,
    0x3e, 0x0, 0x1f, 0x0, 0x3e, 0x0, 0x7e, 0x0,
    0x7c, 0x0, 0xff, 0xff, 0xfc, 0x3, 0xff, 0xff,
    0xfc, 0x7, 0xff, 0xff, 0xf8, 0x1f, 0xff, 0xff,
    0xf8, 0x3e, 0x0, 0x1, 0xf0, 0xfc, 0x0, 0x3,
    0xf1, 0xf0, 0x0, 0x3, 0xe7, 0xe0, 0x0, 0x7,
    0xef, 0x80, 0x0, 0x7, 0xc0,

    /* U+00C6 "Æ" */
    0x0, 0xf, 0xff, 0xff, 0xff, 0x80, 0xf, 0xff,
    0xff, 0xff, 0xc0, 0x7, 0xff, 0xff, 0xff, 0xe0,
    0x7, 0xff, 0xff, 0xff, 0xf0, 0x3, 0xe1, 0xf0,
    0x0, 0x0, 0x3, 0xe0, 0xf8, 0x0, 0x0, 0x1,
    0xf0, 0x7c, 0x0, 0x0, 0x1, 0xf0, 0x3e, 0x0,
    0x0, 0x1, 0xf8, 0x1f, 0x0, 0x0, 0x0, 0xf8,
    0xf, 0xff, 0xff, 0xc0, 0xfc, 0x7, 0xff, 0xff,
    0xe0, 0x7c, 0x3, 0xff, 0xff, 0xf0, 0x7c, 0x1,
    0xff, 0xff, 0xf8, 0x3e, 0x0, 0xf8, 0x0, 0x0,
    0x3f, 0xff, 0xfc, 0x0, 0x0, 0x1f, 0xff, 0xfe,
    0x0, 0x0, 0x1f, 0xff, 0xff, 0x0, 0x0, 0xf,
    0xff, 0xff, 0xc0, 0x0, 0xf, 0x80, 0x3, 0xf0,
    0x0, 0x7, 0xc0, 0x1, 0xff, 0xff, 0xf7, 0xc0,
    0x0, 0x7f, 0xff, 0xfb, 0xe0, 0x0, 0x1f, 0xff,
    0xff, 0xf0, 0x0, 0x3, 0xff, 0xfe,

    /* U+00C7 "Ç" */
    0x7, 0xff, 0xff, 0x1f, 0xff, 0xff, 0x3f, 0xff,
    0xff, 0x7f, 0xff, 0xff, 0x7e, 0x0, 0x0, 0xfc,
    0x0, 0x0, 0xf8, 0x0, 0x0, 0xf8, 0x0, 0x0,
    0xf8, 0x0, 0x0, 0xf8, 0x0, 0x0, 0xf8, 0x0,
    0x0, 0xf8, 0x0, 0x0, 0xf8, 0x0, 0x0, 0xf8,
    0x0, 0x0, 0xf8, 0x0, 0x0, 0xf8, 0x0, 0x0,
    0xf8, 0x0, 0x0, 0xfc, 0x0, 0x0, 0x7e, 0x0,
    0x0, 0x7f, 0xff, 0xff, 0x3f, 0xff, 0xff, 0x1f,
    0xff, 0xff, 0x7, 0xff, 0xff, 0x0, 0x0, 0x0,
    0x0, 0x0, 0x0, 0x0, 0x1e, 0x0, 0x0, 0x1e,
    0x0, 0x0, 0x1e, 0x0, 0x0, 0x3c, 0x0, 0x0,
    0x3c, 0x0, 0x0, 0x3c, 0x0, 0x0, 0x3c, 0x0,

    /* U+00C8 "È" */
    0x0, 0xf8, 0x0, 0x0, 0x78, 0x0, 0x0, 0x3c,
    0x0, 0x0, 0x3c, 0x0, 0x0, 0x1e, 0x0, 0x0,
    0xf, 0x0, 0x0, 0x0, 0x0, 0x7, 0xff, 0xff,
    0x1f, 0xff, 0xff, 0x3f, 0xff, 0xff, 0x7f, 0xff,
    0xff, 0x7e, 0x0, 0x0, 0xfc, 0x0, 0x0, 0xf8,
    0x0, 0x0, 0xf8, 0x0, 0x0, 0xf8, 0x0, 0x0,
    0xff, 0xff, 0xff, 0xff, 0xff, 0xff, 0xff, 0xff,
    0xff, 0xff, 0xff, 0xff, 0xf8, 0x0, 0x0, 0xf8,
    0x0, 0x0, 0xf8, 0x0, 0x0, 0xf8, 0x0, 0x0,
    0xfc, 0x0, 0x0, 0x7e, 0x0, 0x0, 0x7f, 0xff,
    0xff, 0x3f, 0xff, 0xff, 0x1f, 0xff, 0xff, 0x7,
    0xff, 0xff,

    /* U+00C9 "É" */
    0x0, 0x7, 0x80, 0x0, 0x7, 0x80, 0x0, 0xf,
    0x0, 0x0, 0x1e, 0x0, 0x0, 0x1e, 0x0, 0x0,
    0x3c, 0x0, 0x0, 0x0, 0x0, 0x7, 0xff, 0xff,
    0x1f, 0xff, 0xff, 0x3f, 0xff, 0xff, 0x7f, 0xff,
    0xff, 0x7e, 0x0, 0x0, 0xfc, 0x0, 0x0, 0xf8,
    0x0, 0x0, 0xf8, 0x0, 0x0, 0xf8, 0x0, 0x0,
    0xff, 0xff, 0xff, 0xff, 0xff, 0xff, 0xff, 0xff,
    0xff, 0xff, 0xff, 0xff, 0xf8, 0x0, 0x0, 0xf8,
    0x0, 0x0, 0xf8, 0x0, 0x0, 0xf8, 0x0, 0x0,
    0xfc, 0x0, 0x0, 0x7e, 0x0, 0x0, 0x7f, 0xff,
    0xff, 0x3f, 0xff, 0xff, 0x1f, 0xff, 0xff, 0x7,
    0xff, 0xff,

    /* U+00CA "Ê" */
    0x0, 0x3f, 0x0, 0x0, 0x7f, 0x0, 0x0, 0x73,
    0x80, 0x0, 0xf3, 0xc0, 0x1, 0xe1, 0xe0, 0x1,
    0xc1, 0xe0, 0x0, 0x0, 0x0, 0x7, 0xff, 0xff,
    0x1f, 0xff, 0xff, 0x3f, 0xff, 0xff, 0x7f, 0xff,
    0xff, 0x7e, 0x0, 0x0, 0xfc, 0x0, 0x0, 0xf8,
    0x0, 0x0, 0xf8, 0x0, 0x0, 0xf8, 0x0, 0x0,
    0xff, 0xff, 0xff, 0xff, 0xff, 0xff, 0xff, 0xff,
    0xff, 0xff, 0xff, 0xff, 0xf8, 0x0, 0x0, 0xf8,
    0x0, 0x0, 0xf8, 0x0, 0x0, 0xf8, 0x0, 0x0,
    0xfc, 0x0, 0x0, 0x7e, 0x0, 0x0, 0x7f, 0xff,
    0xff, 0x3f, 0xff, 0xff, 0x1f, 0xff, 0xff, 0x7,
    0xff, 0xff,

    /* U+00CB "Ë" */
    0x3, 0xe1, 0xf0, 0x3, 0xe1, 0xf0, 0x3, 0xe1,
    0xf0, 0x3, 0xe1, 0xf0, 0x0, 0x0, 0x0, 0x0,
    0x0, 0x0, 0x7, 0xff, 0xff, 0x1f, 0xff, 0xff,
    0x3f, 0xff, 0xff, 0x7f, 0xff, 0xff, 0x7e, 0x0,
    0x0, 0xfc, 0x0, 0x0, 0xf8, 0x0, 0x0, 0xf8,
    0x0, 0x0, 0xf8, 0x0, 0x0, 0xff, 0xff, 0xff,
    0xff, 0xff, 0xff, 0xff, 0xff, 0xff, 0xff, 0xff,
    0xff, 0xf8, 0x0, 0x0, 0xf8, 0x0, 0x0, 0xf8,
    0x0, 0x0, 0xf8, 0x0, 0x0, 0xfc, 0x0, 0x0,
    0x7e, 0x0, 0x0, 0x7f, 0xff, 0xff, 0x3f, 0xff,
    0xff, 0x1f, 0xff, 0xff, 0x7, 0xff, 0xff,

    /* U+00CC "Ì" */
    0xf0, 0xf1, 0xf1, 0xe1, 0xe3, 0xc0, 0x1f, 0x3e,
    0x7c, 0xf9, 0xf3, 0xe7, 0xcf, 0x9f, 0x3e, 0x7c,
    0xf9, 0xf3, 0xe7, 0xcf, 0x9f, 0x3e, 0x7c, 0xf9,
    0xf3, 0xe7, 0xc0,

    /* U+00CD "Í" */
    0x1e, 0x78, 0xf3, 0xcf, 0x1e, 0x0, 0x7c, 0xf9,
    0xf3, 0xe7, 0xcf, 0x9f, 0x3e, 0x7c, 0xf9, 0xf3,
    0xe7, 0xcf, 0x9f, 0x3e, 0x7c, 0xf9, 0xf3, 0xe7,
    0xcf, 0x9f, 0x0,

    /* U+00CE "Î" */
    0x1f, 0x81, 0xf8, 0x39, 0xc7, 0x9e, 0xf0, 0xfe,
    0xf, 0x0, 0x1, 0xf0, 0x1f, 0x1, 0xf0, 0x1f,
    0x1, 0xf0, 0x1f, 0x1, 0xf0, 0x1f, 0x1, 0xf0,
    0x1f, 0x1, 0xf0, 0x1f, 0x1, 0xf0, 0x1f, 0x1,
    0xf0, 0x1f, 0x1, 0xf0, 0x1f, 0x1, 0xf0, 0x1f,
    0x1, 0xf0, 0x1f, 0x1, 0xf0,

    /* U+00CF "Ï" */
    0xf9, 0xff, 0x9f, 0xf9, 0xff, 0x9f, 0x0, 0x0,
    0x0, 0x1f, 0x1, 0xf0, 0x1f, 0x1, 0xf0, 0x1f,
    0x1, 0xf0, 0x1f, 0x1, 0xf0, 0x1f, 0x1, 0xf0,
    0x1f, 0x1, 0xf0, 0x1f, 0x1, 0xf0, 0x1f, 0x1,
    0xf0, 0x1f, 0x1, 0xf0, 0x1f, 0x1, 0xf0, 0x1f,
    0x1, 0xf0, 0x1f, 0x0,

    /* U+00D0 "Ð" */
    0x1f, 0xff, 0xfe, 0x0, 0xff, 0xff, 0xfe, 0x7,
    0xff, 0xff, 0xf8, 0x3f, 0xff, 0xff, 0xe1, 0xf0,
    0x0, 0x3f, 0xf, 0x80, 0x0, 0xfc, 0x7c, 0x0,
    0x3, 0xe3, 0xe0, 0x0, 0x1f, 0x1f, 0x0, 0x0,
    0xff, 0xff, 0xff, 0x87, 0xff, 0xff, 0xfc, 0x3f,
    0xff, 0xff, 0xe1, 0xff, 0xff, 0xff, 0xf, 0x8f,
    0x80, 0x0, 0x7c, 0x7c, 0x0, 0x3, 0xe3, 0xe0,
    0x0, 0x1f, 0x1f, 0x0, 0x0, 0xf8, 0xf8, 0x0,
    0xf, 0xc7, 0xc0, 0x0, 0xfc, 0x3f, 0xff, 0xff,
    0xe1, 0xff, 0xff, 0xfe, 0xf, 0xff, 0xff, 0xe0,
    0x7f, 0xff, 0xfc, 0x0,

    /* U+00D1 "Ñ" */
    0x3, 0xf0, 0x1c, 0x0, 0xff, 0x83, 0x80, 0x1c,
    0x7c, 0x70, 0x3, 0x83, 0xfc, 0x0, 0x70, 0x1f,
    0x80, 0x0, 0x0, 0x0, 0x0, 0x0, 0x0, 0x3,
    0xf8, 0x0, 0x1f, 0xff, 0x80, 0x3, 0xff, 0xf8,
    0x0, 0x7f, 0xff, 0x80, 0xf, 0xff, 0xf0, 0x1,
    0xff, 0xbf, 0x0, 0x3f, 0xf3, 0xf0, 0x7, 0xfe,
    0x7f, 0x0, 0xff, 0xc7, 0xe0, 0x1f, 0xf8, 0x7e,
    0x3, 0xff, 0x7, 0xe0, 0x7f, 0xe0, 0xfe, 0xf,
    0xfc, 0xf, 0xc1, 0xff, 0x80, 0xfc, 0x3f, 0xf0,
    0xf, 0xc7, 0xfe, 0x1, 0xfc, 0xff, 0xc0, 0x1f,
    0x9f, 0xf8, 0x1, 0xfb, 0xff, 0x0, 0x1f, 0xff,
    0xe0, 0x3, 0xff, 0xfc, 0x0, 0x3f, 0xff, 0x80,
    0x3, 0xff, 0xf0, 0x0, 0x3f, 0x80,

    /* U+00D2 "Ò" */
    0x0, 0x78, 0x0, 0x0, 0x3, 0xc0, 0x0, 0x0,
    0x3e, 0x0, 0x0, 0x1, 0xe0, 0x0, 0x0, 0xf,
    0x0, 0x0, 0x0, 0xf0, 0x0, 0x0, 0x0, 0x0,
    0x0, 0x7f, 0xff, 0xe0, 0x1f, 0xff, 0xff, 0x83,
    0xff, 0xff, 0xfc, 0x7f, 0xff, 0xff, 0xe7, 0xe0,
    0x0, 0x7e, 0xfc, 0x0, 0x3, 0xff, 0x80, 0x0,
    0x1f, 0xf8, 0x0, 0x1, 0xff, 0x80, 0x0, 0x1f,
    0xf8, 0x0, 0x1, 0xff, 0x80, 0x0, 0x1f, 0xf8,
    0x0, 0x1, 0xff, 0x80, 0x0, 0x1f, 0xf8, 0x0,
    0x1, 0xff, 0x80, 0x0, 0x1f, 0xf8, 0x0, 0x1,
    0xff, 0x80, 0x0, 0x1f, 0xfc, 0x0, 0x3, 0xf7,
    0xe0, 0x0, 0x7e, 0x7f, 0xff, 0xff, 0xe3, 0xff,
    0xff, 0xfc, 0x1f, 0xff, 0xff, 0x80, 0x7f, 0xff,
    0xe0,

    /* U+00D3 "Ó" */
    0x0, 0x3, 0xc0, 0x0, 0x0, 0x7c, 0x0, 0x0,
    0x7, 0x80, 0x0, 0x0, 0xf0, 0x0, 0x0, 0xf,
    0x0, 0x0, 0x1, 0xe0, 0x0, 0x0, 0x0, 0x0,
    0x0, 0x7f, 0xff, 0xe0, 0x1f, 0xff, 0xff, 0x83,
    0xff, 0xff, 0xfc, 0x7f, 0xff, 0xff, 0xe7, 0xe0,
    0x0, 0x7e, 0xfc, 0x0, 0x3, 0xff, 0x80, 0x0,
    0x1f, 0xf8, 0x0, 0x1, 0xff, 0x80, 0x0, 0x1f,
    0xf8, 0x0, 0x1, 0xff, 0x80, 0x0, 0x1f, 0xf8,
    0x0, 0x1, 0xff, 0x80, 0x0, 0x1f, 0xf8, 0x0,
    0x1, 0xff, 0x80, 0x0, 0x1f, 0xf8, 0x0, 0x1,
    0xff, 0x80, 0x0, 0x1f, 0xfc, 0x0, 0x3, 0xf7,
    0xe0, 0x0, 0x7e, 0x7f, 0xff, 0xff, 0xe3, 0xff,
    0xff, 0xfc, 0x1f, 0xff, 0xff, 0x80, 0x7f, 0xff,
    0xe0,

    /* U+00D4 "Ô" */
    0x0, 0x1f, 0x0, 0x0, 0x3, 0xf8, 0x0, 0x0,
    0x3b, 0xc0, 0x0, 0x7, 0x9e, 0x0, 0x0, 0xf0,
    0xe0, 0x0, 0x1e, 0xf, 0x0, 0x0, 0x0, 0x0,
    0x0, 0x7f, 0xff, 0xe0, 0x1f, 0xff, 0xff, 0x83,
    0xff, 0xff, 0xfc, 0x7f, 0xff, 0xff, 0xe7, 0xe0,
    0x0, 0x7e, 0xfc, 0x0, 0x3, 0xff, 0x80, 0x0,
    0x1f, 0xf8, 0x0, 0x1, 0xff, 0x80, 0x0, 0x1f,
    0xf8, 0x0, 0x1, 0xff, 0x80, 0x0, 0x1f, 0xf8,
    0x0, 0x1, 0xff, 0x80, 0x0, 0x1f, 0xf8, 0x0,
    0x1, 0xff, 0x80, 0x0, 0x1f, 0xf8, 0x0, 0x1,
    0xff, 0x80, 0x0, 0x1f, 0xfc, 0x0, 0x3, 0xf7,
    0xe0, 0x0, 0x7e, 0x7f, 0xff, 0xff, 0xe3, 0xff,
    0xff, 0xfc, 0x1f, 0xff, 0xff, 0x80, 0x7f, 0xff,
    0xe0,

    /* U+00D5 "Õ" */
    0x1, 0xf8, 0x1c, 0x0, 0x3f, 0xe1, 0xc0, 0x3,
    0x8f, 0x1c, 0x0, 0x38, 0x7f, 0xc0, 0x3, 0x81,
    0xf8, 0x0, 0x0, 0x0, 0x0, 0x0, 0x0, 0x0,
    0x0, 0x7f, 0xff, 0xe0, 0x1f, 0xff, 0xff, 0x83,
    0xff, 0xff, 0xfc, 0x7f, 0xff, 0xff, 0xe7, 0xe0,
    0x0, 0x7e, 0xfc, 0x0, 0x3, 0xff, 0x80, 0x0,
    0x1f, 0xf8, 0x0, 0x1, 0xff, 0x80, 0x0, 0x1f,
    0xf8, 0x0, 0x1, 0xff, 0x80, 0x0, 0x1f, 0xf8,
    0x0, 0x1, 0xff, 0x80, 0x0, 0x1f, 0xf8, 0x0,
    0x1, 0xff, 0x80, 0x0, 0x1f, 0xf8, 0x0, 0x1,
    0xff, 0x80, 0x0, 0x1f, 0xfc, 0x0, 0x3, 0xf7,
    0xe0, 0x0, 0x7e, 0x7f, 0xff, 0xff, 0xe3, 0xff,
    0xff, 0xfc, 0x1f, 0xff, 0xff, 0x80, 0x7f, 0xff,
    0xe0,

    /* U+00D6 "Ö" */
    0x1, 0xf0, 0xf8, 0x0, 0x1f, 0xf, 0x80, 0x1,
    0xf0, 0xf8, 0x0, 0x1f, 0xf, 0x80, 0x0, 0x0,
    0x0, 0x0, 0x0, 0x0, 0x0, 0x7, 0xff, 0xfe,
    0x1, 0xff, 0xff, 0xf8, 0x3f, 0xff, 0xff, 0xc7,
    0xff, 0xff, 0xfe, 0x7e, 0x0, 0x7, 0xef, 0xc0,
    0x0, 0x3f, 0xf8, 0x0, 0x1, 0xff, 0x80, 0x0,
    0x1f, 0xf8, 0x0, 0x1, 0xff, 0x80, 0x0, 0x1f,
    0xf8, 0x0, 0x1, 0xff, 0x80, 0x0, 0x1f, 0xf8,
    0x0, 0x1, 0xff, 0x80, 0x0, 0x1f, 0xf8, 0x0,
    0x1, 0xff, 0x80, 0x0, 0x1f, 0xf8, 0x0, 0x1,
    0xff, 0xc0, 0x0, 0x3f, 0x7e, 0x0, 0x7, 0xe7,
    0xff, 0xff, 0xfe, 0x3f, 0xff, 0xff, 0xc1, 0xff,
    0xff, 0xf8, 0x7, 0xff, 0xfe, 0x0,

    /* U+00D7 "×" */
    0x40, 0x4, 0xe0, 0xe, 0xf0, 0x1f, 0x78, 0x1e,
    0x3c, 0x3c, 0x1e, 0x78, 0xf, 0xf0, 0x7, 0xe0,
    0x3, 0xc0, 0x7, 0xe0, 0xf, 0xf0, 0x1e, 0x78,
    0x3c, 0x7c, 0x78, 0x3e, 0xf0, 0x1f, 0xe0, 0xe,
    0x40, 0x4,

    /* U+00D8 "Ø" */
    0x0, 0x0, 0x1, 0xc0, 0x0, 0x0, 0x38, 0x0,
    0x0, 0x7, 0x0, 0x7f, 0xff, 0xf0, 0x1f, 0xff,
    0xff, 0x83, 0xff, 0xff, 0xfc, 0x7f, 0xff, 0xff,
    0xe7, 0xe0, 0x7, 0x7e, 0xfc, 0x0, 0xf3, 0xff,
    0x80, 0xe, 0x1f, 0xf8, 0x1, 0xc1, 0xff, 0x80,
    0x3c, 0x1f, 0xf8, 0x3, 0x81, 0xff, 0x80, 0x70,
    0x1f, 0xf8, 0xf, 0x1, 0xff, 0x80, 0xe0, 0x1f,
    0xf8, 0x1c, 0x1, 0xff, 0x83, 0xc0, 0x1f, 0xf8,
    0x38, 0x1, 0xff, 0x87, 0x0, 0x1f, 0xfc, 0xf0,
    0x3, 0xf7, 0xee, 0x0, 0x7e, 0x7f, 0xff, 0xff,
    0xe3, 0xff, 0xff, 0xfc, 0x1f, 0xff, 0xff, 0x80,
    0xff, 0xff, 0xe0, 0xe, 0x0, 0x0, 0x1, 0xc0,
    0x0, 0x0, 0x3c, 0x0, 0x0, 0x3, 0x0, 0x0,
    0x0,

    /* U+00D9 "Ù" */
    0x0, 0x78, 0x0, 0x0, 0x7, 0x80, 0x0, 0x0,
    0xf8, 0x0, 0x0, 0xf, 0x0, 0x0, 0x0, 0xf0,
    0x0, 0x0, 0x1e, 0x0, 0x0, 0x0, 0x0, 0x7,
    0xc0, 0x0, 0x1f, 0xf8, 0x0, 0x3, 0xff, 0x0,
    0x0, 0x7f, 0xe0, 0x0, 0xf, 0xfc, 0x0, 0x1,
    0xff, 0x80, 0x0, 0x3f, 0xf0, 0x0, 0x7, 0xfe,
    0x0, 0x0, 0xff, 0xc0, 0x0, 0x1f, 0xf8, 0x0,
    0x3, 0xff, 0x0, 0x0, 0x7f, 0xe0, 0x0, 0xf,
    0xfc, 0x0, 0x1, 0xff, 0x80, 0x0, 0x3f, 0xf0,
    0x0, 0x7, 0xfe, 0x0, 0x0, 0xff, 0xc0, 0x0,
    0x1f, 0xfc, 0x0, 0x7, 0xef, 0x80, 0x0, 0xf9,
    0xff, 0xff, 0xff, 0x1f, 0xff, 0xff, 0xc1, 0xff,
    0xff, 0xf0, 0xf, 0xff, 0xf8, 0x0,

    /* U+00DA "Ú" */
    0x0, 0x3, 0xc0, 0x0, 0x0, 0xf0, 0x0, 0x0,
    0x1e, 0x0, 0x0, 0x7, 0x80, 0x0, 0x1, 0xe0,
    0x0, 0x0, 0x3c, 0x0, 0x0, 0x0, 0x0, 0x7,
    0xc0, 0x0, 0x1f, 0xf8, 0x0, 0x3, 0xff, 0x0,
    0x0, 0x7f, 0xe0, 0x0, 0xf, 0xfc, 0x0, 0x1,
    0xff, 0x80, 0x0, 0x3f, 0xf0, 0x0, 0x7, 0xfe,
    0x0, 0x0, 0xff, 0xc0, 0x0, 0x1f, 0xf8, 0x0,
    0x3, 0xff, 0x0, 0x0, 0x7f, 0xe0, 0x0, 0xf,
    0xfc, 0x0, 0x1, 0xff, 0x80, 0x0, 0x3f, 0xf0,
    0x0, 0x7, 0xfe, 0x0, 0x0, 0xff, 0xc0, 0x0,
    0x1f, 0xfc, 0x0, 0x7, 0xef, 0x80, 0x0, 0xf9,
    0xff, 0xff, 0xff, 0x1f, 0xff, 0xff, 0xc1, 0xff,
    0xff, 0xf0, 0xf, 0xff, 0xf8, 0x0,

    /* U+00DB "Û" */
    0x0, 0x1f, 0x0, 0x0, 0x7, 0xf0, 0x0, 0x1,
    0xef, 0x0, 0x0, 0x38, 0xf0, 0x0, 0xf, 0x1e,
    0x0, 0x3, 0xc1, 0xe0, 0x0, 0x0, 0x0, 0x7,
    0xc0, 0x0, 0x1f, 0xf8, 0x0, 0x3, 0xff, 0x0,
    0x0, 0x7f, 0xe0, 0x0, 0xf, 0xfc, 0x0, 0x1,
    0xff, 0x80, 0x0, 0x3f, 0xf0, 0x0, 0x7, 0xfe,
    0x0, 0x0, 0xff, 0xc0, 0x0, 0x1f, 0xf8, 0x0,
    0x3, 0xff, 0x0, 0x0, 0x7f, 0xe0, 0x0, 0xf,
    0xfc, 0x0, 0x1, 0xff, 0x80, 0x0, 0x3f, 0xf0,
    0x0, 0x7, 0xfe, 0x0, 0x0, 0xff, 0xc0, 0x0,
    0x1f, 0xfc, 0x0, 0x7, 0xef, 0x80, 0x0, 0xf9,
    0xff, 0xff, 0xff, 0x1f, 0xff, 0xff, 0xc1, 0xff,
    0xff, 0xf0, 0xf, 0xff, 0xf8, 0x0,

    /* U+00DC "Ü" */
    0x1, 0xf0, 0xf8, 0x0, 0x3e, 0x1f, 0x0, 0x7,
    0xc3, 0xe0, 0x0, 0xf8, 0x7c, 0x0, 0x0, 0x0,
    0x0, 0x0, 0x0, 0x0, 0x3e, 0x0, 0x0, 0xff,
    0xc0, 0x0, 0x1f, 0xf8, 0x0, 0x3, 0xff, 0x0,
    0x0, 0x7f, 0xe0, 0x0, 0xf, 0xfc, 0x0, 0x1,
    0xff, 0x80, 0x0, 0x3f, 0xf0, 0x0, 0x7, 0xfe,
    0x0, 0x0, 0xff, 0xc0, 0x0, 0x1f, 0xf8, 0x0,
    0x3, 0xff, 0x0, 0x0, 0x7f, 0xe0, 0x0, 0xf,
    0xfc, 0x0, 0x1, 0xff, 0x80, 0x0, 0x3f, 0xf0,
    0x0, 0x7, 0xfe, 0x0, 0x0, 0xff, 0xe0, 0x0,
    0x3f, 0x7c, 0x0, 0x7, 0xcf, 0xff, 0xff, 0xf8,
    0xff, 0xff, 0xfe, 0xf, 0xff, 0xff, 0x80, 0x7f,
    0xff, 0xc0,

    /* U+00DD "Ý" */
    0x0, 0x1, 0xe0, 0x0, 0x0, 0x1e, 0x0, 0x0,
    0x1, 0xf0, 0x0, 0x0, 0xf, 0x0, 0x0, 0x0,
    0xf0, 0x0, 0x0, 0x7, 0x0, 0x0, 0x0, 0x0,
    0x0, 0xf, 0x80, 0x0, 0x3f, 0x7e, 0x0, 0x3,
    0xf1, 0xf8, 0x0, 0x1f, 0x7, 0xc0, 0x1, 0xf0,
    0x3f, 0x0, 0x1f, 0x80, 0xfc, 0x1, 0xf8, 0x3,
    0xe0, 0xf, 0x80, 0xf, 0x80, 0xf8, 0x0, 0x7e,
    0xf, 0xc0, 0x1, 0xf8, 0x7c, 0x0, 0x7, 0xc7,
    0xc0, 0x0, 0x1f, 0x7c, 0x0, 0x0, 0xff, 0xe0,
    0x0, 0x3, 0xfe, 0x0, 0x0, 0xf, 0xe0, 0x0,
    0x0, 0x3e, 0x0, 0x0, 0x1, 0xf0, 0x0, 0x0,
    0xf, 0x80, 0x0, 0x0, 0x7c, 0x0, 0x0, 0x3,
    0xe0, 0x0, 0x0, 0x1f, 0x0, 0x0, 0x0, 0xf8,
    0x0, 0x0, 0x7, 0xc0, 0x0,

    /* U+00DE "Þ" */
    0xf8, 0x0, 0x0, 0x7c, 0x0, 0x0, 0x3e, 0x0,
    0x0, 0x1f, 0x0, 0x0, 0xf, 0xff, 0xff, 0xc7,
    0xff, 0xff, 0xf3, 0xff, 0xff, 0xfd, 0xff, 0xff,
    0xff, 0xf8, 0x0, 0x1f, 0xfc, 0x0, 0x7, 0xfe,
    0x0, 0x3, 0xff, 0x0, 0x1, 0xff, 0x80, 0x0,
    0xff, 0xc0, 0x0, 0x7f, 0xe0, 0x0, 0x7f, 0xff,
    0xff, 0xff, 0xff, 0xff, 0xff, 0x7f, 0xff, 0xff,
    0x3f, 0xff, 0xff, 0x1f, 0x0, 0x0, 0xf, 0x80,
    0x0, 0x7, 0xc0, 0x0, 0x3, 0xe0, 0x0, 0x0,

    /* U+00DF "ß" */
    0x1f, 0xf8, 0x0, 0x1f, 0xff, 0x80, 0x7, 0xff,
    0xe0, 0x3, 0xff, 0xfc, 0x0, 0xfc, 0x3f, 0x0,
    0x3e, 0x7, 0xc0, 0xf, 0x81, 0xf0, 0x3, 0xe0,
    0x7c, 0x0, 0xf8, 0x1f, 0x0, 0x3e, 0x7, 0xc0,
    0xf, 0x81, 0xf0, 0x3, 0xe0, 0x7f, 0xfc, 0xf8,
    0x1f, 0xff, 0xbe, 0x3, 0xff, 0xff, 0x80, 0x7f,
    0xff, 0xe0, 0x0, 0x3f, 0xf8, 0x0, 0x7, 0xfe,
    0x0, 0x1, 0xff, 0x80, 0x0, 0x7f, 0xe0, 0x0,
    0x1f, 0xf8, 0x0, 0xf, 0xfe, 0x3f, 0xff, 0xff,
    0x8f, 0xff, 0xff, 0xe3, 0xff, 0xfe, 0xf8, 0xff,
    0xff, 0x0,

    /* U+00E0 "à" */
    0x1, 0xe0, 0x0, 0x1, 0xe0, 0x0, 0x3, 0xc0,
    0x0, 0x3, 0xc0, 0x0, 0x7, 0x80, 0x0, 0x7,
    0x80, 0x0, 0xf, 0x0, 0x0, 0xe, 0x0, 0x0,
    0x0, 0x0, 0xff, 0xff, 0xc1, 0xff, 0xff, 0xe3,
    0xff, 0xff, 0xe7, 0xff, 0xff, 0xe0, 0x0, 0xf,
    0xc0, 0x0, 0xf, 0x80, 0x0, 0x1f, 0x3f, 0xff,
    0xfe, 0xff, 0xff, 0xff, 0xff, 0xff, 0xff, 0xc0,
    0x1, 0xff, 0x80, 0x3, 0xff, 0x0, 0x7, 0xfe,
    0x0, 0xf, 0xff, 0xff, 0xff, 0xff, 0xff, 0xfe,
    0xff, 0xff, 0xfc, 0xff, 0xff, 0xf0,

    /* U+00E1 "á" */
    0x0, 0xf, 0x0, 0x0, 0x1e, 0x0, 0x0, 0x78,
    0x0, 0x0, 0xf0, 0x0, 0x3, 0xc0, 0x0, 0x7,
    0x80, 0x0, 0x1e, 0x0, 0x0, 0x3c, 0x0, 0x0,
    0x0, 0x0, 0xff, 0xff, 0xc1, 0xff, 0xff, 0xe3,
    0xff, 0xff, 0xe7, 0xff, 0xff, 0xe0, 0x0, 0xf,
    0xc0, 0x0, 0xf, 0x80, 0x0, 0x1f, 0x3f, 0xff,
    0xfe, 0xff, 0xff, 0xff, 0xff, 0xff, 0xff, 0xc0,
    0x1, 0xff, 0x80, 0x3, 0xff, 0x0, 0x7, 0xfe,
    0x0, 0xf, 0xff, 0xff, 0xff, 0xff, 0xff, 0xfe,
    0xff, 0xff, 0xfc, 0xff, 0xff, 0xf0,

    /* U+00E2 "â" */
    0x0, 0x7c, 0x0, 0x1, 0xfc, 0x0, 0x3, 0xf8,
    0x0, 0xf, 0x78, 0x0, 0x1e, 0x70, 0x0, 0x78,
    0xf0, 0x0, 0xf0, 0xf0, 0x3, 0xc1, 0xe0, 0x0,
    0x0, 0x0, 0xff, 0xff, 0xc1, 0xff, 0xff, 0xe3,
    0xff, 0xff, 0xe7, 0xff, 0xff, 0xe0, 0x0, 0xf,
    0xc0, 0x0, 0xf, 0x80, 0x0, 0x1f, 0x3f, 0xff,
    0xfe, 0xff, 0xff, 0xff, 0xff, 0xff, 0xff, 0xc0,
    0x1, 0xff, 0x80, 0x3, 0xff, 0x0, 0x7, 0xfe,
    0x0, 0xf, 0xff, 0xff, 0xff, 0xff, 0xff, 0xfe,
    0xff, 0xff, 0xfc, 0xff, 0xff, 0xf0,

    /* U+00E3 "ã" */
    0x7, 0xc0, 0xe0, 0x1f, 0xe1, 0xc0, 0x7f, 0xe3,
    0x80, 0xe3, 0xff, 0x1, 0xc3, 0xfc, 0x3, 0x81,
    0xf0, 0x0, 0x0, 0x0, 0x0, 0x0, 0x0, 0x7f,
    0xff, 0xe1, 0xff, 0xff, 0xf3, 0xff, 0xff, 0xf3,
    0xff, 0xff, 0xf0, 0x0, 0x7, 0xe0, 0x0, 0x7,
    0xc0, 0x0, 0xf, 0x9f, 0xff, 0xff, 0x7f, 0xff,
    0xff, 0xff, 0xff, 0xff, 0xe0, 0x0, 0xff, 0xc0,
    0x1, 0xff, 0x80, 0x3, 0xff, 0x0, 0x7, 0xff,
    0xff, 0xff, 0xff, 0xff, 0xff, 0x7f, 0xff, 0xfe,
    0x7f, 0xff, 0xf8,

    /* U+00E4 "ä" */
    0x7, 0x87, 0xc0, 0xf, 0xf, 0x80, 0x1e, 0x1f,
    0x0, 0x3c, 0x3e, 0x0, 0x0, 0x0, 0x0, 0x0,
    0x0, 0x0, 0x0, 0x0, 0x3f, 0xff, 0xf0, 0x7f,
    0xff, 0xf8, 0xff, 0xff, 0xf9, 0xff, 0xff, 0xf8,
    0x0, 0x3, 0xf0, 0x0, 0x3, 0xe0, 0x0, 0x7,
    0xcf, 0xff, 0xff, 0xbf, 0xff, 0xff, 0xff, 0xff,
    0xff, 0xf0, 0x0, 0x7f, 0xe0, 0x0, 0xff, 0xc0,
    0x1, 0xff, 0x80, 0x3, 0xff, 0xff, 0xff, 0xff,
    0xff, 0xff, 0xbf, 0xff, 0xff, 0x3f, 0xff, 0xfc,

    /* U+00E5 "å" */
    0x1, 0xfe, 0x0, 0x7, 0xfe, 0x0, 0xc, 0xc,
    0x0, 0x18, 0x18, 0x0, 0x30, 0x30, 0x0, 0x60,
    0x60, 0x0, 0xc0, 0xc0, 0x1, 0xff, 0x80, 0x1,
    0xfe, 0x0, 0xff, 0xff, 0xc1, 0xff, 0xff, 0xe3,
    0xff, 0xff, 0xe7, 0xff, 0xff, 0xe0, 0x0, 0xf,
    0xc0, 0x0, 0xf, 0x80, 0x0, 0x1f, 0x3f, 0xff,
    0xfe, 0xff, 0xff, 0xff, 0xff, 0xff, 0xff, 0xc0,
    0x1, 0xff, 0x80, 0x3, 0xff, 0x0, 0x7, 0xfe,
    0x0, 0xf, 0xff, 0xff, 0xff, 0xff, 0xff, 0xfe,
    0xff, 0xff, 0xfc, 0xff, 0xff, 0xf0,

    /* U+00E6 "æ" */
    0x7f, 0xff, 0xe3, 0xff, 0xfe, 0x3f, 0xff, 0xff,
    0xff, 0xff, 0x9f, 0xff, 0xff, 0xff, 0xff, 0xef,
    0xff, 0xff, 0xff, 0xff, 0xf0, 0x0, 0x7, 0xf0,
    0x0, 0xf8, 0x0, 0x1, 0xf0, 0x0, 0x7c, 0x0,
    0x0, 0xf8, 0x0, 0x3e, 0x7f, 0xff, 0xff, 0xff,
    0xff, 0x7f, 0xff, 0xff, 0xff, 0xff, 0xff, 0xff,
    0xff, 0xff, 0xff, 0xfe, 0x0, 0xf, 0x80, 0x0,
    0x1f, 0x0, 0x7, 0xc0, 0x0, 0xf, 0x80, 0x3,
    0xe0, 0x0, 0x7, 0xc0, 0x1, 0xf8, 0x0, 0x3,
    0xff, 0xff, 0xff, 0xff, 0xfd, 0xff, 0xff, 0xff,
    0xff, 0xfe, 0x7f, 0xff, 0xff, 0xff, 0xff, 0x1f,
    0xff, 0xff, 0xff, 0xff, 0x80,

    /* U+00E7 "ç" */
    0xf, 0xff, 0xf9, 0xff, 0xff, 0xdf, 0xff, 0xff,
    0xff, 0xff, 0xff, 0xc0, 0x0, 0x7c, 0x0, 0x3,
    0xe0, 0x0, 0x1f, 0x0, 0x0, 0xf8, 0x0, 0x7,
    0xc0, 0x0, 0x3e, 0x0, 0x1, 0xf0, 0x0, 0xf,
    0x80, 0x0, 0x7e, 0x0, 0x3, 0xff, 0xff, 0xef,
    0xff, 0xff, 0x3f, 0xff, 0xf8, 0x7f, 0xff, 0xc0,
    0x0, 0x0, 0x0, 0x0, 0x0, 0x7, 0xc0, 0x0,
    0x3c, 0x0, 0x1, 0xe0, 0x0, 0xf, 0x0, 0x0,
    0x78, 0x0, 0x3, 0x80, 0x0, 0x1c, 0x0,

    /* U+00E8 "è" */
    0x1, 0xe0, 0x0, 0x3, 0xe0, 0x0, 0x3, 0xc0,
    0x0, 0x7, 0xc0, 0x0, 0x7, 0x80, 0x0, 0x7,
    0x80, 0x0, 0xf, 0x0, 0x0, 0xe, 0x0, 0x0,
    0x0, 0x0, 0x1f, 0xff, 0xf0, 0xff, 0xff, 0xf3,
    0xff, 0xff, 0xff, 0xff, 0xff, 0xff, 0x80, 0x7,
    0xfe, 0x0, 0xf, 0xfc, 0x0, 0x1f, 0xff, 0xff,
    0xff, 0xff, 0xff, 0xff, 0xff, 0xff, 0xff, 0xc0,
    0x0, 0xf, 0x80, 0x0, 0x1f, 0x0, 0x0, 0x3f,
    0x0, 0x0, 0x7f, 0xff, 0xfe, 0x7f, 0xff, 0xfc,
    0x7f, 0xff, 0xf8, 0x7f, 0xff, 0xf0,

    /* U+00E9 "é" */
    0x0, 0xf, 0x0, 0x0, 0x1e, 0x0, 0x0, 0x78,
    0x0, 0x0, 0xf0, 0x0, 0x3, 0xc0, 0x0, 0x7,
    0x80, 0x0, 0x1e, 0x0, 0x0, 0x3c, 0x0, 0x0,
    0x0, 0x0, 0x1f, 0xff, 0xf0, 0xff, 0xff, 0xf3,
    0xff, 0xff, 0xff, 0xff, 0xff, 0xff, 0x80, 0x7,
    0xfe, 0x0, 0xf, 0xfc, 0x0, 0x1f, 0xff, 0xff,
    0xff, 0xff, 0xff, 0xff, 0xff, 0xff, 0xff, 0xc0,
    0x0, 0xf, 0x80, 0x0, 0x1f, 0x0, 0x0, 0x3f,
    0x0, 0x0, 0x7f, 0xff, 0xfe, 0x7f, 0xff, 0xfc,
    0x7f, 0xff, 0xf8, 0x7f, 0xff, 0xf0,

    /* U+00EA "ê" */
    0x0, 0x7c, 0x0, 0x1, 0xfc, 0x0, 0x3, 0xf8,
    0x0, 0xf, 0x78, 0x0, 0x1e, 0x70, 0x0, 0x78,
    0xf0, 0x0, 0xf0, 0xf0, 0x3, 0xc1, 0xe0, 0x0,
    0x0, 0x0, 0x1f, 0xff, 0xf0, 0xff, 0xff, 0xf3,
    0xff, 0xff, 0xff, 0xff, 0xff, 0xff, 0x80, 0x7,
    0xfe, 0x0, 0xf, 0xfc, 0x0, 0x1f, 0xff, 0xff,
    0xff, 0xff, 0xff, 0xff, 0xff, 0xff, 0xff, 0xc0,
    0x0, 0xf, 0x80, 0x0, 0x1f, 0x0, 0x0, 0x3f,
    0x0, 0x0, 0x7f, 0xff, 0xfe, 0x7f, 0xff, 0xfc,
    0x7f, 0xff, 0xf8, 0x7f, 0xff, 0xf0,

    /* U+00EB "ë" */
    0x7, 0x87, 0xc0, 0xf, 0xf, 0x80, 0x1e, 0x1f,
    0x0, 0x3c, 0x3e, 0x0, 0x0, 0x0, 0x0, 0x0,
    0x0, 0x0, 0x0, 0x0, 0x7, 0xff, 0xfc, 0x3f,
    0xff, 0xfc, 0xff, 0xff, 0xff, 0xff, 0xff, 0xff,
    0xe0, 0x1, 0xff, 0x80, 0x3, 0xff, 0x0, 0x7,
    0xff, 0xff, 0xff, 0xff, 0xff, 0xff, 0xff, 0xff,
    0xff, 0xf0, 0x0, 0x3, 0xe0, 0x0, 0x7, 0xc0,
    0x0, 0xf, 0xc0, 0x0, 0x1f, 0xff, 0xff, 0x9f,
    0xff, 0xff, 0x1f, 0xff, 0xfe, 0x1f, 0xff, 0xfc,

    /* U+00EC "ì" */
    0xf1, 0xf1, 0xe3, 0xe3, 0xc3, 0xc7, 0x87, 0x0,
    0x7c, 0xf9, 0xf3, 0xe7, 0xcf, 0x9f, 0x3e, 0x7c,
    0xf9, 0xf3, 0xe7, 0xcf, 0x9f, 0x3e, 0x7c, 0xf8,

    /* U+00ED "í" */
    0xf, 0x1f, 0x1e, 0x3c, 0x3c, 0x78, 0x78, 0x70,
    0x0, 0x7c, 0x7c, 0x7c, 0x7c, 0x7c, 0x7c, 0x7c,
    0x7c, 0x7c, 0x7c, 0x7c, 0x7c, 0x7c, 0x7c, 0x7c,
    0x7c, 0x7c, 0x7c,

    /* U+00EE "î" */
    0xf, 0x80, 0x7e, 0x7, 0xf8, 0x3b, 0xc3, 0xcf,
    0x3c, 0x79, 0xe1, 0xee, 0xf, 0x0, 0x0, 0x3e,
    0x1, 0xf0, 0xf, 0x80, 0x7c, 0x3, 0xe0, 0x1f,
    0x0, 0xf8, 0x7, 0xc0, 0x3e, 0x1, 0xf0, 0xf,
    0x80, 0x7c, 0x3, 0xe0, 0x1f, 0x0, 0xf8, 0x7,
    0xc0, 0x3e, 0x1, 0xf0,

    /* U+00EF "ï" */
    0xf9, 0xff, 0x9f, 0xf9, 0xff, 0x9f, 0x0, 0x0,
    0x0, 0x0, 0x0, 0xf8, 0xf, 0x80, 0xf8, 0xf,
    0x80, 0xf8, 0xf, 0x80, 0xf8, 0xf, 0x80, 0xf8,
    0xf, 0x80, 0xf8, 0xf, 0x80, 0xf8, 0xf, 0x80,
    0xf8, 0xf, 0x80, 0xf8, 0xf, 0x80,

    /* U+00F0 "ð" */
    0x0, 0x18, 0x0, 0x0, 0x1c, 0x0, 0x0, 0x38,
    0x0, 0x0, 0x38, 0x0, 0x7, 0xff, 0xf0, 0x7,
    0xff, 0xfc, 0x7, 0xff, 0xfe, 0x7, 0xff, 0xff,
    0x0, 0xe0, 0x3f, 0x1, 0xc0, 0x1f, 0x1, 0xc0,
    0x1f, 0x0, 0x0, 0x1f, 0x0, 0x0, 0x1f, 0x1f,
    0xff, 0xff, 0x3f, 0xff, 0xff, 0x7f, 0xff, 0xff,
    0xff, 0xff, 0xff, 0xfc, 0x0, 0x1f, 0xf8, 0x0,
    0x1f, 0xf8, 0x0, 0x1f, 0xf8, 0x0, 0x1f, 0xf8,
    0x0, 0x1f, 0xf8, 0x0, 0x1f, 0xf8, 0x0, 0x1f,
    0xfc, 0x0, 0x3f, 0xff, 0xff, 0xff, 0x7f, 0xff,
    0xfe, 0x3f, 0xff, 0xfc, 0x1f, 0xff, 0xf0,

    /* U+00F1 "ñ" */
    0x3, 0xe0, 0x70, 0x3, 0xfc, 0x38, 0x3, 0xff,
    0x1c, 0x1, 0xc7, 0xfe, 0x0, 0xe1, 0xfe, 0x0,
    0x70, 0x3e, 0x0, 0x0, 0x0, 0x0, 0x0, 0x0,
    0x0, 0xf, 0xff, 0xf8, 0x1f, 0xff, 0xff, 0x1f,
    0xff, 0xff, 0xdf, 0xff, 0xff, 0xff, 0xc0, 0x1,
    0xff, 0xc0, 0x0, 0x7f, 0xe0, 0x0, 0x3f, 0xf0,
    0x0, 0x1f, 0xf8, 0x0, 0xf, 0xfc, 0x0, 0x7,
    0xfe, 0x0, 0x3, 0xff, 0x0, 0x1, 0xff, 0x80,
    0x0, 0xff, 0xc0, 0x0, 0x7f, 0xe0, 0x0, 0x3f,
    0xf0, 0x0, 0x1f, 0xf8, 0x0, 0xf, 0xfc, 0x0,
    0x7, 0xc0,

    /* U+00F2 "ò" */
    0x1, 0xe0, 0x0, 0x0, 0xf0, 0x0, 0x0, 0xf0,
    0x0, 0x0, 0x78, 0x0, 0x0, 0x78, 0x0, 0x0,
    0x3c, 0x0, 0x0, 0x3c, 0x0, 0x0, 0x1e, 0x0,
    0x0, 0x0, 0x0, 0xf, 0xff, 0xf0, 0x3f, 0xff,
    0xfc, 0x7f, 0xff, 0xfe, 0xff, 0xff, 0xff, 0xfc,
    0x0, 0x3f, 0xf8, 0x0, 0x1f, 0xf8, 0x0, 0x1f,
    0xf8, 0x0, 0x1f, 0xf8, 0x0, 0x1f, 0xf8, 0x0,
    0x1f, 0xf8, 0x0, 0x1f, 0xf8, 0x0, 0x1f, 0xf8,
    0x0, 0x1f, 0xfc, 0x0, 0x3f, 0xff, 0xff, 0xff,
    0x7f, 0xff, 0xfe, 0x3f, 0xff, 0xfc, 0xf, 0xff,
    0xf0,

    /* U+00F3 "ó" */
    0x0, 0xf, 0x0, 0x0, 0xf, 0x0, 0x0, 0x1e,
    0x0, 0x0, 0x1e, 0x0, 0x0, 0x3c, 0x0, 0x0,
    0x3c, 0x0, 0x0, 0x78, 0x0, 0x0, 0x78, 0x0,
    0x0, 0x0, 0x0, 0xf, 0xff, 0xf0, 0x3f, 0xff,
    0xfc, 0x7f, 0xff, 0xfe, 0xff, 0xff, 0xff, 0xfc,
    0x0, 0x3f, 0xf8, 0x0, 0x1f, 0xf8, 0x0, 0x1f,
    0xf8, 0x0, 0x1f, 0xf8, 0x0, 0x1f, 0xf8, 0x0,
    0x1f, 0xf8, 0x0, 0x1f, 0xf8, 0x0, 0x1f, 0xf8,
    0x0, 0x1f, 0xfc, 0x0, 0x3f, 0xff, 0xff, 0xff,
    0x7f, 0xff, 0xfe, 0x3f, 0xff, 0xfc, 0xf, 0xff,
    0xf0,

    /* U+00F4 "ô" */
    0x0, 0x7c, 0x0, 0x0, 0x7e, 0x0, 0x0, 0xff,
    0x0, 0x0, 0xef, 0x0, 0x1, 0xe7, 0x80, 0x3,
    0xc7, 0x80, 0x3, 0xc3, 0xc0, 0x3, 0x83, 0xc0,
    0x0, 0x0, 0x0, 0xf, 0xff, 0xf0, 0x3f, 0xff,
    0xfc, 0x7f, 0xff, 0xfe, 0xff, 0xff, 0xff, 0xfc,
    0x0, 0x3f, 0xf8, 0x0, 0x1f, 0xf8, 0x0, 0x1f,
    0xf8, 0x0, 0x1f, 0xf8, 0x0, 0x1f, 0xf8, 0x0,
    0x1f, 0xf8, 0x0, 0x1f, 0xf8, 0x0, 0x1f, 0xf8,
    0x0, 0x1f, 0xfc, 0x0, 0x3f, 0xff, 0xff, 0xff,
    0x7f, 0xff, 0xfe, 0x3f, 0xff, 0xfc, 0xf, 0xff,
    0xf0,

    /* U+00F5 "õ" */
    0x3, 0xe0, 0x70, 0x7, 0xf8, 0x70, 0xf, 0xfc,
    0x70, 0xe, 0x3f, 0xf0, 0xe, 0x1f, 0xe0, 0xe,
    0x7, 0xc0, 0x0, 0x0, 0x0, 0x0, 0x0, 0x0,
    0xf, 0xff, 0xf0, 0x3f, 0xff, 0xfc, 0x7f, 0xff,
    0xfe, 0xff, 0xff, 0xff, 0xfc, 0x0, 0x3f, 0xf8,
    0x0, 0x1f, 0xf8, 0x0, 0x1f, 0xf8, 0x0, 0x1f,
    0xf8, 0x0, 0x1f, 0xf8, 0x0, 0x1f, 0xf8, 0x0,
    0x1f, 0xf8, 0x0, 0x1f, 0xf8, 0x0, 0x1f, 0xfc,
    0x0, 0x3f, 0xff, 0xff, 0xff, 0x7f, 0xff, 0xfe,
    0x3f, 0xff, 0xfc, 0xf, 0xff, 0xf0,

    /* U+00F6 "ö" */
    0x7, 0xc3, 0xe0, 0x7, 0xc3, 0xe0, 0x7, 0xc3,
    0xe0, 0x7, 0xc3, 0xe0, 0x0, 0x0, 0x0, 0x0,
    0x0, 0x0, 0x0, 0x0, 0x0, 0xf, 0xff, 0xf0,
    0x3f, 0xff, 0xfc, 0x7f, 0xff, 0xfe, 0xff, 0xff,
    0xff, 0xfc, 0x0, 0x3f, 0xf8, 0x0, 0x1f, 0xf8,
    0x0, 0x1f, 0xf8, 0x0, 0x1f, 0xf8, 0x0, 0x1f,
    0xf8, 0x0, 0x1f, 0xf8, 0x0, 0x1f, 0xf8, 0x0,
    0x1f, 0xf8, 0x0, 0x1f, 0xfc, 0x0, 0x3f, 0xff,
    0xff, 0xff, 0x7f, 0xff, 0xfe, 0x3f, 0xff, 0xfc,
    0xf, 0xff, 0xf0,

    /* U+00F7 "÷" */
    0x3, 0xe0, 0x1, 0xf0, 0x0, 0xf8, 0x0, 0x7c,
    0x0, 0x0, 0x0, 0x0, 0x0, 0x0, 0x0, 0x0,
    0x0, 0xff, 0xff, 0xff, 0xff, 0xff, 0xff, 0xe0,
    0x0, 0x0, 0x0, 0x0, 0x0, 0x0, 0x0, 0x0,
    0x7, 0xc0, 0x3, 0xe0, 0x1, 0xf0, 0x0, 0xf8,
    0x0,

    /* U+00F8 "ø" */
    0x0, 0x0, 0xf, 0x0, 0x0, 0x1e, 0x0, 0x0,
    0x1c, 0x1f, 0xff, 0xf8, 0x3f, 0xff, 0xfc, 0x7f,
    0xff, 0xfe, 0xff, 0xff, 0xff, 0xfc, 0x3, 0xbf,
    0xf8, 0x7, 0x9f, 0xf8, 0x7, 0x1f, 0xf8, 0xe,
    0x1f, 0xf8, 0x1c, 0x1f, 0xf8, 0x38, 0x1f, 0xf8,
    0x70, 0x1f, 0xf8, 0xe0, 0x1f, 0xf9, 0xe0, 0x1f,
    0xfd, 0xc0, 0x3f, 0xff, 0xff, 0xff, 0x7f, 0xff,
    0xfe, 0x3f, 0xff, 0xfc, 0x1f, 0xff, 0xf8, 0x3c,
    0x0, 0x0, 0x78, 0x0, 0x0, 0x70, 0x0, 0x0,

    /* U+00F9 "ù" */
    0x1, 0xf0, 0x0, 0x0, 0xf0, 0x0, 0x0, 0xf8,
    0x0, 0x0, 0x78, 0x0, 0x0, 0x78, 0x0, 0x0,
    0x3c, 0x0, 0x0, 0x3c, 0x0, 0x0, 0x1e, 0x0,
    0x0, 0x0, 0x0, 0xf8, 0x0, 0x1f, 0xf8, 0x0,
    0x1f, 0xf8, 0x0, 0x1f, 0xf8, 0x0, 0x1f, 0xf8,
    0x0, 0x1f, 0xf8, 0x0, 0x1f, 0xf8, 0x0, 0x1f,
    0xf8, 0x0, 0x1f, 0xf8, 0x0, 0x1f, 0xf8, 0x0,
    0x1f, 0xf8, 0x0, 0x1f, 0xf8, 0x0, 0x1f, 0xf8,
    0x0, 0x1f, 0xfc, 0x0, 0x3f, 0xff, 0xff, 0xff,
    0x7f, 0xff, 0xfe, 0x3f, 0xff, 0xfc, 0xf, 0xff,
    0xf0,

    /* U+00FA "ú" */
    0x0, 0xf, 0x80, 0x0, 0xf, 0x0, 0x0, 0x1f,
    0x0, 0x0, 0x1e, 0x0, 0x0, 0x1e, 0x0, 0x0,
    0x3c, 0x0, 0x0, 0x3c, 0x0, 0x0, 0x78, 0x0,
    0x0, 0x0, 0x0, 0xf8, 0x0, 0x1f, 0xf8, 0x0,
    0x1f, 0xf8, 0x0, 0x1f, 0xf8, 0x0, 0x1f, 0xf8,
    0x0, 0x1f, 0xf8, 0x0, 0x1f, 0xf8, 0x0, 0x1f,
    0xf8, 0x0, 0x1f, 0xf8, 0x0, 0x1f, 0xf8, 0x0,
    0x1f, 0xf8, 0x0, 0x1f, 0xf8, 0x0, 0x1f, 0xf8,
    0x0, 0x1f, 0xfc, 0x0, 0x3f, 0xff, 0xff, 0xff,
    0x7f, 0xff, 0xfe, 0x3f, 0xff, 0xfc, 0xf, 0xff,
    0xf0,

    /* U+00FB "û" */
    0x0, 0x7e, 0x0, 0x0, 0x7e, 0x0, 0x0, 0xff,
    0x0, 0x0, 0xe7, 0x0, 0x1, 0xe7, 0x80, 0x1,
    0xc3, 0x80, 0x3, 0xc3, 0xc0, 0x3, 0x81, 0xc0,
    0x0, 0x0, 0x0, 0xf8, 0x0, 0x1f, 0xf8, 0x0,
    0x1f, 0xf8, 0x0, 0x1f, 0xf8, 0x0, 0x1f, 0xf8,
    0x0, 0x1f, 0xf8, 0x0, 0x1f, 0xf8, 0x0, 0x1f,
    0xf8, 0x0, 0x1f, 0xf8, 0x0, 0x1f, 0xf8, 0x0,
    0x1f, 0xf8, 0x0, 0x1f, 0xf8, 0x0, 0x1f, 0xf8,
    0x0, 0x1f, 0xfc, 0x0, 0x3f, 0xff, 0xff, 0xff,
    0x7f, 0xff, 0xfe, 0x3f, 0xff, 0xfc, 0xf, 0xff,
    0xf0,

    /* U+00FC "ü" */
    0x7, 0xc3, 0xe0, 0x7, 0xc3, 0xe0, 0x7, 0xc3,
    0xe0, 0x7, 0xc3, 0xe0, 0x0, 0x0, 0x0, 0x0,
    0x0, 0x0, 0x0, 0x0, 0x0, 0xf8, 0x0, 0x1f,
    0xf8, 0x0, 0x1f, 0xf8, 0x0, 0x1f, 0xf8, 0x0,
    0x1f, 0xf8, 0x0, 0x1f, 0xf8, 0x0, 0x1f, 0xf8,
    0x0, 0x1f, 0xf8, 0x0, 0x1f, 0xf8, 0x0, 0x1f,
    0xf8, 0x0, 0x1f, 0xf8, 0x0, 0x1f, 0xf8, 0x0,
    0x1f, 0xf8, 0x0, 0x1f, 0xfc, 0x0, 0x3f, 0xff,
    0xff, 0xff, 0x7f, 0xff, 0xfe, 0x3f, 0xff, 0xfc,
    0xf, 0xff, 0xf0,

    /* U+00FD "ý" */
    0x0, 0x3, 0xc0, 0x0, 0x3, 0xc0, 0x0, 0x1,
    0xe0, 0x0, 0x1, 0xe0, 0x0, 0x0, 0xf0, 0x0,
    0x0, 0xf0, 0x0, 0x0, 0x78, 0x0, 0x0, 0x38,
    0x0, 0x0, 0x0, 0x0, 0x7c, 0x0, 0x7, 0xdf,
    0x0, 0x3, 0xef, 0x80, 0x3, 0xe3, 0xe0, 0x1,
    0xf1, 0xf0, 0x1, 0xf0, 0x7c, 0x0, 0xf8, 0x3e,
    0x0, 0xf8, 0xf, 0x80, 0xf8, 0x3, 0xe0, 0x7c,
    0x1, 0xf0, 0x7c, 0x0, 0x7c, 0x3e, 0x0, 0x3e,
    0x3e, 0x0, 0xf, 0x9f, 0x0, 0x7, 0xdf, 0x0,
    0x1, 0xff, 0x80, 0x0, 0x7f, 0x80, 0x0, 0x3f,
    0x80, 0x0, 0x7, 0xc0, 0x0, 0x7, 0xc0, 0x0,
    0x3, 0xe0, 0x0, 0x3, 0xe0, 0x0, 0x1f, 0xf0,
    0x0, 0xf, 0xf0, 0x0, 0x7, 0xf0, 0x0, 0x3,
    0xf0, 0x0, 0x0,

    /* U+00FE "þ" */
    0xf8, 0x0, 0x0, 0xf8, 0x0, 0x0, 0xf8, 0x0,
    0x0, 0xf8, 0x0, 0x0, 0xf8, 0x0, 0x0, 0xf8,
    0x0, 0x0, 0xf8, 0x0, 0x0, 0xff, 0xff, 0xf0,
    0xff, 0xff, 0xfc, 0xff, 0xff, 0xfe, 0xff, 0xff,
    0xff, 0xf8, 0x0, 0x3f, 0xf8, 0x0, 0x1f, 0xf8,
    0x0, 0x1f, 0xf8, 0x0, 0x1f, 0xf8, 0x0, 0x1f,
    0xf8, 0x0, 0x1f, 0xf8, 0x0, 0x1f, 0xf8, 0x0,
    0x1f, 0xf8, 0x0, 0x1f, 0xf8, 0x0, 0x3f, 0xff,
    0xff, 0xff, 0xff, 0xff, 0xfe, 0xff, 0xff, 0xfc,
    0xff, 0xff, 0xf8, 0xf8, 0x0, 0x0, 0xf8, 0x0,
    0x0, 0xf8, 0x0, 0x0, 0xf8, 0x0, 0x0, 0xf8,
    0x0, 0x0, 0xf8, 0x0, 0x0, 0xf8, 0x0, 0x0,

    /* U+00FF "ÿ" */
    0x1, 0xf0, 0xf8, 0x0, 0x3e, 0x1f, 0x0, 0x7,
    0xc3, 0xe0, 0x0, 0xf8, 0x7c, 0x0, 0x0, 0x0,
    0x0, 0x0, 0x0, 0x0, 0x0, 0x0, 0x0, 0x3,
    0xe0, 0x0, 0x1f, 0x3e, 0x0, 0x7, 0xc7, 0xc0,
    0x0, 0xf8, 0x7c, 0x0, 0x3e, 0xf, 0x80, 0xf,
    0x80, 0xf8, 0x1, 0xf0, 0x1f, 0x80, 0x7c, 0x1,
    0xf0, 0xf, 0x80, 0x1f, 0x3, 0xe0, 0x3, 0xe0,
    0x7c, 0x0, 0x3e, 0x1f, 0x0, 0x7, 0xc7, 0xc0,
    0x0, 0x7c, 0xf8, 0x0, 0x7, 0xfe, 0x0, 0x0,
    0xff, 0xc0, 0x0, 0xf, 0xf0, 0x0, 0x1, 0xfe,
    0x0, 0x0, 0xf, 0x80, 0x0, 0x3, 0xf0, 0x0,
    0x0, 0x7c, 0x0, 0x0, 0x1f, 0x0, 0x0, 0x3f,
    0xe0, 0x0, 0x7, 0xf8, 0x0, 0x0, 0xff, 0x0,
    0x0, 0x1f, 0x80, 0x0
};


/*---------------------
 *  GLYPH DESCRIPTION
 *--------------------*/

static const lv_font_fmt_txt_glyph_dsc_t glyph_dsc[] = {
    {.bitmap_index = 0, .adv_w = 0, .box_w = 0, .box_h = 0, .ofs_x = 0, .ofs_y = 0} /* id = 0 reserved */,
    {.bitmap_index = 0, .adv_w = 172, .box_w = 1, .box_h = 1, .ofs_x = 0, .ofs_y = 0},
    {.bitmap_index = 1, .adv_w = 136, .box_w = 4, .box_h = 25, .ofs_x = 2, .ofs_y = 0},
    {.bitmap_index = 14, .adv_w = 251, .box_w = 12, .box_h = 10, .ofs_x = 2, .ofs_y = 15},
    {.bitmap_index = 29, .adv_w = 437, .box_w = 24, .box_h = 23, .ofs_x = 2, .ofs_y = 0},
    {.bitmap_index = 98, .adv_w = 418, .box_w = 23, .box_h = 27, .ofs_x = 2, .ofs_y = -2},
    {.bitmap_index = 176, .adv_w = 584, .box_w = 33, .box_h = 23, .ofs_x = 2, .ofs_y = 0},
    {.bitmap_index = 271, .adv_w = 447, .box_w = 27, .box_h = 25, .ofs_x = 1, .ofs_y = 0},
    {.bitmap_index = 356, .adv_w = 139, .box_w = 5, .box_h = 10, .ofs_x = 2, .ofs_y = 15},
    {.bitmap_index = 363, .adv_w = 232, .box_w = 9, .box_h = 37, .ofs_x = 4, .ofs_y = -7},
    {.bitmap_index = 405, .adv_w = 232, .box_w = 9, .box_h = 37, .ofs_x = 1, .ofs_y = -7},
    {.bitmap_index = 447, .adv_w = 298, .box_w = 19, .box_h = 17, .ofs_x = 0, .ofs_y = 8},
    {.bitmap_index = 488, .adv_w = 314, .box_w = 17, .box_h = 17, .ofs_x = 1, .ofs_y = 3},
    {.bitmap_index = 525, .adv_w = 137, .box_w = 5, .box_h = 10, .ofs_x = 2, .ofs_y = -6},
    {.bitmap_index = 532, .adv_w = 196, .box_w = 11, .box_h = 4, .ofs_x = 1, .ofs_y = 10},
    {.bitmap_index = 538, .adv_w = 137, .box_w = 5, .box_h = 4, .ofs_x = 2, .ofs_y = 0},
    {.bitmap_index = 541, .adv_w = 212, .box_w = 13, .box_h = 32, .ofs_x = 0, .ofs_y = -5},
    {.bitmap_index = 593, .adv_w = 464, .box_w = 25, .box_h = 23, .ofs_x = 2, .ofs_y = 0},
    {.bitmap_index = 665, .adv_w = 173, .box_w = 8, .box_h = 23, .ofs_x = 1, .ofs_y = 0},
    {.bitmap_index = 688, .adv_w = 442, .box_w = 24, .box_h = 23, .ofs_x = 2, .ofs_y = 0},
    {.bitmap_index = 757, .adv_w = 432, .box_w = 24, .box_h = 23, .ofs_x = 2, .ofs_y = 0},
    {.bitmap_index = 826, .adv_w = 463, .box_w = 27, .box_h = 23, .ofs_x = 1, .ofs_y = 0},
    {.bitmap_index = 904, .adv_w = 442, .box_w = 24, .box_h = 23, .ofs_x = 2, .ofs_y = 0},
    {.bitmap_index = 973, .adv_w = 444, .box_w = 24, .box_h = 23, .ofs_x = 2, .ofs_y = 0},
    {.bitmap_index = 1042, .adv_w = 424, .box_w = 25, .box_h = 23, .ofs_x = 1, .ofs_y = 0},
    {.bitmap_index = 1114, .adv_w = 463, .box_w = 25, .box_h = 23, .ofs_x = 2, .ofs_y = 0},
    {.bitmap_index = 1186, .adv_w = 444, .box_w = 24, .box_h = 23, .ofs_x = 2, .ofs_y = 0},
    {.bitmap_index = 1255, .adv_w = 137, .box_w = 5, .box_h = 14, .ofs_x = 2, .ofs_y = 3},
    {.bitmap_index = 1264, .adv_w = 137, .box_w = 5, .box_h = 20, .ofs_x = 2, .ofs_y = -3},
    {.bitmap_index = 1277, .adv_w = 314, .box_w = 17, .box_h = 17, .ofs_x = 1, .ofs_y = 3},
    {.bitmap_index = 1314, .adv_w = 314, .box_w = 17, .box_h = 11, .ofs_x = 1, .ofs_y = 6},
    {.bitmap_index = 1338, .adv_w = 314, .box_w = 17, .box_h = 17, .ofs_x = 1, .ofs_y = 3},
    {.bitmap_index = 1375, .adv_w = 323, .box_w = 18, .box_h = 25, .ofs_x = 1, .ofs_y = 0},
    {.bitmap_index = 1432, .adv_w = 448, .box_w = 24, .box_h = 28, .ofs_x = 2, .ofs_y = -7},
    {.bitmap_index = 1516, .adv_w = 499, .box_w = 31, .box_h = 23, .ofs_x = 0, .ofs_y = 0},
    {.bitmap_index = 1606, .adv_w = 471, .box_w = 26, .box_h = 23, .ofs_x = 2, .ofs_y = 0},
    {.bitmap_index = 1681, .adv_w = 436, .box_w = 24, .box_h = 23, .ofs_x = 2, .ofs_y = 0},
    {.bitmap_index = 1750, .adv_w = 476, .box_w = 26, .box_h = 23, .ofs_x = 2, .ofs_y = 0},
    {.bitmap_index = 1825, .adv_w = 435, .box_w = 24, .box_h = 23, .ofs_x = 2, .ofs_y = 0},
    {.bitmap_index = 1894, .adv_w = 427, .box_w = 24, .box_h = 23, .ofs_x = 2, .ofs_y = 0},
    {.bitmap_index = 1963, .adv_w = 474, .box_w = 26, .box_h = 23, .ofs_x = 2, .ofs_y = 0},
    {.bitmap_index = 2038, .adv_w = 464, .box_w = 25, .box_h = 23, .ofs_x = 2, .ofs_y = 0},
    {.bitmap_index = 2110, .adv_w = 146, .box_w = 5, .box_h = 23, .ofs_x = 2, .ofs_y = 0},
    {.bitmap_index = 2125, .adv_w = 400, .box_w = 23, .box_h = 23, .ofs_x = 0, .ofs_y = 0},
    {.bitmap_index = 2192, .adv_w = 437, .box_w = 25, .box_h = 23, .ofs_x = 2, .ofs_y = 0},
    {.bitmap_index = 2264, .adv_w = 410, .box_w = 23, .box_h = 23, .ofs_x = 2, .ofs_y = 0},
    {.bitmap_index = 2331, .adv_w = 611, .box_w = 34, .box_h = 23, .ofs_x = 2, .ofs_y = 0},
    {.bitmap_index = 2429, .adv_w = 501, .box_w = 27, .box_h = 23, .ofs_x = 2, .ofs_y = 0},
    {.bitmap_index = 2507, .adv_w = 504, .box_w = 28, .box_h = 23, .ofs_x = 2, .ofs_y = 0},
    {.bitmap_index = 2588, .adv_w = 451, .box_w = 25, .box_h = 23, .ofs_x = 2, .ofs_y = 0},
    {.bitmap_index = 2660, .adv_w = 504, .box_w = 28, .box_h = 28, .ofs_x = 2, .ofs_y = -5},
    {.bitmap_index = 2758, .adv_w = 463, .box_w = 26, .box_h = 23, .ofs_x = 2, .ofs_y = 0},
    {.bitmap_index = 2833, .adv_w = 439, .box_w = 24, .box_h = 23, .ofs_x = 2, .ofs_y = 0},
    {.bitmap_index = 2902, .adv_w = 447, .box_w = 26, .box_h = 23, .ofs_x = 1, .ofs_y = 0},
    {.bitmap_index = 2977, .adv_w = 500, .box_w = 27, .box_h = 23, .ofs_x = 2, .ofs_y = 0},
    {.bitmap_index = 3055, .adv_w = 499, .box_w = 31, .box_h = 23, .ofs_x = 0, .ofs_y = 0},
    {.bitmap_index = 3145, .adv_w = 667, .box_w = 40, .box_h = 23, .ofs_x = 1, .ofs_y = 0},
    {.bitmap_index = 3260, .adv_w = 456, .box_w = 27, .box_h = 23, .ofs_x = 1, .ofs_y = 0},
    {.bitmap_index = 3338, .adv_w = 459, .box_w = 29, .box_h = 23, .ofs_x = 0, .ofs_y = 0},
    {.bitmap_index = 3422, .adv_w = 437, .box_w = 24, .box_h = 23, .ofs_x = 2, .ofs_y = 0},
    {.bitmap_index = 3491, .adv_w = 232, .box_w = 9, .box_h = 37, .ofs_x = 4, .ofs_y = -7},
    {.bitmap_index = 3533, .adv_w = 212, .box_w = 13, .box_h = 32, .ofs_x = 0, .ofs_y = -5},
    {.bitmap_index = 3585, .adv_w = 232, .box_w = 9, .box_h = 37, .ofs_x = 1, .ofs_y = -7},
    {.bitmap_index = 3627, .adv_w = 314, .box_w = 17, .box_h = 18, .ofs_x = 1, .ofs_y = 5},
    {.bitmap_index = 3666, .adv_w = 329, .box_w = 20, .box_h = 3, .ofs_x = 1, .ofs_y = -6},
    {.bitmap_index = 3674, .adv_w = 201, .box_w = 7, .box_h = 8, .ofs_x = 3, .ofs_y = 19},
    {.bitmap_index = 3681, .adv_w = 404, .box_w = 23, .box_h = 18, .ofs_x = 1, .ofs_y = 0},
    {.bitmap_index = 3733, .adv_w = 446, .box_w = 24, .box_h = 25, .ofs_x = 2, .ofs_y = 0},
    {.bitmap_index = 3808, .adv_w = 373, .box_w = 21, .box_h = 18, .ofs_x = 1, .ofs_y = 0},
    {.bitmap_index = 3856, .adv_w = 446, .box_w = 24, .box_h = 25, .ofs_x = 2, .ofs_y = 0},
    {.bitmap_index = 3931, .adv_w = 404, .box_w = 23, .box_h = 18, .ofs_x = 1, .ofs_y = 0},
    {.bitmap_index = 3983, .adv_w = 251, .box_w = 15, .box_h = 25, .ofs_x = 1, .ofs_y = 0},
    {.bitmap_index = 4030, .adv_w = 446, .box_w = 24, .box_h = 25, .ofs_x = 2, .ofs_y = -7},
    {.bitmap_index = 4105, .adv_w = 450, .box_w = 24, .box_h = 25, .ofs_x = 2, .ofs_y = 0},
    {.bitmap_index = 4180, .adv_w = 138, .box_w = 5, .box_h = 25, .ofs_x = 2, .ofs_y = 0},
    {.bitmap_index = 4196, .adv_w = 144, .box_w = 11, .box_h = 32, .ofs_x = -3, .ofs_y = -7},
    {.bitmap_index = 4240, .adv_w = 407, .box_w = 23, .box_h = 25, .ofs_x = 2, .ofs_y = 0},
    {.bitmap_index = 4312, .adv_w = 138, .box_w = 5, .box_h = 25, .ofs_x = 2, .ofs_y = 0},
    {.bitmap_index = 4328, .adv_w = 567, .box_w = 31, .box_h = 18, .ofs_x = 2, .ofs_y = 0},
    {.bitmap_index = 4398, .adv_w = 453, .box_w = 25, .box_h = 18, .ofs_x = 2, .ofs_y = 0},
    {.bitmap_index = 4455, .adv_w = 444, .box_w = 24, .box_h = 18, .ofs_x = 2, .ofs_y = 0},
    {.bitmap_index = 4509, .adv_w = 446, .box_w = 24, .box_h = 25, .ofs_x = 2, .ofs_y = -7},
    {.bitmap_index = 4584, .adv_w = 446, .box_w = 24, .box_h = 25, .ofs_x = 2, .ofs_y = -7},
    {.bitmap_index = 4659, .adv_w = 314, .box_w = 17, .box_h = 18, .ofs_x = 2, .ofs_y = 0},
    {.bitmap_index = 4698, .adv_w = 401, .box_w = 22, .box_h = 18, .ofs_x = 2, .ofs_y = 0},
    {.bitmap_index = 4748, .adv_w = 251, .box_w = 14, .box_h = 23, .ofs_x = 1, .ofs_y = 0},
    {.bitmap_index = 4789, .adv_w = 449, .box_w = 24, .box_h = 18, .ofs_x = 2, .ofs_y = 0},
    {.bitmap_index = 4843, .adv_w = 425, .box_w = 26, .box_h = 18, .ofs_x = 0, .ofs_y = 0},
    {.bitmap_index = 4902, .adv_w = 596, .box_w = 37, .box_h = 18, .ofs_x = 0, .ofs_y = 0},
    {.bitmap_index = 4986, .adv_w = 405, .box_w = 25, .box_h = 18, .ofs_x = 0, .ofs_y = 0},
    {.bitmap_index = 5043, .adv_w = 414, .box_w = 25, .box_h = 25, .ofs_x = 0, .ofs_y = -7},
    {.bitmap_index = 5122, .adv_w = 375, .box_w = 21, .box_h = 18, .ofs_x = 1, .ofs_y = 0},
    {.bitmap_index = 5170, .adv_w = 232, .box_w = 12, .box_h = 37, .ofs_x = 1, .ofs_y = -7},
    {.bitmap_index = 5226, .adv_w = 217, .box_w = 3, .box_h = 31, .ofs_x = 5, .ofs_y = -5},
    {.bitmap_index = 5238, .adv_w = 232, .box_w = 12, .box_h = 37, .ofs_x = 1, .ofs_y = -7},
    {.bitmap_index = 5294, .adv_w = 314, .box_w = 17, .box_h = 6, .ofs_x = 1, .ofs_y = 9},
    {.bitmap_index = 5307, .adv_w = 172, .box_w = 1, .box_h = 1, .ofs_x = 0, .ofs_y = 0},
    {.bitmap_index = 5308, .adv_w = 136, .box_w = 5, .box_h = 24, .ofs_x = 2, .ofs_y = -7},
    {.bitmap_index = 5323, .adv_w = 418, .box_w = 22, .box_h = 27, .ofs_x = 2, .ofs_y = -2},
    {.bitmap_index = 5398, .adv_w = 340, .box_w = 20, .box_h = 23, .ofs_x = 1, .ofs_y = 0},
    {.bitmap_index = 5456, .adv_w = 381, .box_w = 20, .box_h = 20, .ofs_x = 2, .ofs_y = 1},
    {.bitmap_index = 5506, .adv_w = 395, .box_w = 23, .box_h = 23, .ofs_x = 1, .ofs_y = 0},
    {.bitmap_index = 5573, .adv_w = 217, .box_w = 3, .box_h = 32, .ofs_x = 5, .ofs_y = -5},
    {.bitmap_index = 5585, .adv_w = 375, .box_w = 21, .box_h = 32, .ofs_x = 2, .ofs_y = -7},
    {.bitmap_index = 5669, .adv_w = 280, .box_w = 14, .box_h = 4, .ofs_x = 2, .ofs_y = 20},
    {.bitmap_index = 5676, .adv_w = 504, .box_w = 28, .box_h = 23, .ofs_x = 2, .ofs_y = 0},
    {.bitmap_index = 5757, .adv_w = 240, .box_w = 12, .box_h = 12, .ofs_x = 1, .ofs_y = 10},
    {.bitmap_index = 5775, .adv_w = 274, .box_w = 15, .box_h = 18, .ofs_x = 1, .ofs_y = 0},
    {.bitmap_index = 5809, .adv_w = 314, .box_w = 17, .box_h = 18, .ofs_x = 1, .ofs_y = 0},
    {.bitmap_index = 5848, .adv_w = 196, .box_w = 11, .box_h = 4, .ofs_x = 1, .ofs_y = 10},
    {.bitmap_index = 5854, .adv_w = 504, .box_w = 28, .box_h = 23, .ofs_x = 2, .ofs_y = 0},
    {.bitmap_index = 5935, .adv_w = 327, .box_w = 16, .box_h = 4, .ofs_x = 2, .ofs_y = 21},
    {.bitmap_index = 5943, .adv_w = 266, .box_w = 13, .box_h = 12, .ofs_x = 2, .ofs_y = 11},
    {.bitmap_index = 5963, .adv_w = 314, .box_w = 17, .box_h = 22, .ofs_x = 1, .ofs_y = 0},
    {.bitmap_index = 6010, .adv_w = 261, .box_w = 13, .box_h = 12, .ofs_x = 2, .ofs_y = 10},
    {.bitmap_index = 6030, .adv_w = 255, .box_w = 13, .box_h = 12, .ofs_x = 1, .ofs_y = 10},
    {.bitmap_index = 6050, .adv_w = 201, .box_w = 8, .box_h = 8, .ofs_x = 2, .ofs_y = 19},
    {.bitmap_index = 6058, .adv_w = 411, .box_w = 22, .box_h = 32, .ofs_x = 2, .ofs_y = -7},
    {.bitmap_index = 6146, .adv_w = 137, .box_w = 5, .box_h = 4, .ofs_x = 2, .ofs_y = 9},
    {.bitmap_index = 6149, .adv_w = 162, .box_w = 5, .box_h = 7, .ofs_x = 3, .ofs_y = -9},
    {.bitmap_index = 6154, .adv_w = 124, .box_w = 5, .box_h = 12, .ofs_x = 1, .ofs_y = 10},
    {.bitmap_index = 6162, .adv_w = 262, .box_w = 13, .box_h = 12, .ofs_x = 2, .ofs_y = 10},
    {.bitmap_index = 6182, .adv_w = 274, .box_w = 15, .box_h = 18, .ofs_x = 1, .ofs_y = 0},
    {.bitmap_index = 6216, .adv_w = 481, .box_w = 26, .box_h = 23, .ofs_x = 2, .ofs_y = -1},
    {.bitmap_index = 6291, .adv_w = 512, .box_w = 28, .box_h = 23, .ofs_x = 2, .ofs_y = 0},
    {.bitmap_index = 6372, .adv_w = 587, .box_w = 33, .box_h = 23, .ofs_x = 2, .ofs_y = -1},
    {.bitmap_index = 6467, .adv_w = 323, .box_w = 18, .box_h = 24, .ofs_x = 1, .ofs_y = -7},
    {.bitmap_index = 6521, .adv_w = 499, .box_w = 31, .box_h = 30, .ofs_x = 0, .ofs_y = 0},
    {.bitmap_index = 6638, .adv_w = 499, .box_w = 31, .box_h = 30, .ofs_x = 0, .ofs_y = 0},
    {.bitmap_index = 6755, .adv_w = 499, .box_w = 31, .box_h = 30, .ofs_x = 0, .ofs_y = 0},
    {.bitmap_index = 6872, .adv_w = 499, .box_w = 30, .box_h = 30, .ofs_x = 0, .ofs_y = 0},
    {.bitmap_index = 6985, .adv_w = 499, .box_w = 31, .box_h = 29, .ofs_x = 0, .ofs_y = 0},
    {.bitmap_index = 7098, .adv_w = 499, .box_w = 31, .box_h = 30, .ofs_x = 0, .ofs_y = 0},
    {.bitmap_index = 7215, .adv_w = 691, .box_w = 41, .box_h = 23, .ofs_x = 0, .ofs_y = 0},
    {.bitmap_index = 7333, .adv_w = 436, .box_w = 24, .box_h = 32, .ofs_x = 2, .ofs_y = -9},
    {.bitmap_index = 7429, .adv_w = 435, .box_w = 24, .box_h = 30, .ofs_x = 2, .ofs_y = 0},
    {.bitmap_index = 7519, .adv_w = 435, .box_w = 24, .box_h = 30, .ofs_x = 2, .ofs_y = 0},
    {.bitmap_index = 7609, .adv_w = 435, .box_w = 24, .box_h = 30, .ofs_x = 2, .ofs_y = 0},
    {.bitmap_index = 7699, .adv_w = 435, .box_w = 24, .box_h = 29, .ofs_x = 2, .ofs_y = 0},
    {.bitmap_index = 7786, .adv_w = 148, .box_w = 7, .box_h = 30, .ofs_x = 0, .ofs_y = 0},
    {.bitmap_index = 7813, .adv_w = 148, .box_w = 7, .box_h = 30, .ofs_x = 2, .ofs_y = 0},
    {.bitmap_index = 7840, .adv_w = 190, .box_w = 12, .box_h = 30, .ofs_x = 0, .ofs_y = 0},
    {.bitmap_index = 7885, .adv_w = 195, .box_w = 12, .box_h = 29, .ofs_x = 1, .ofs_y = 0},
    {.bitmap_index = 7929, .adv_w = 503, .box_w = 29, .box_h = 23, .ofs_x = 1, .ofs_y = 0},
    {.bitmap_index = 8013, .adv_w = 501, .box_w = 27, .box_h = 30, .ofs_x = 2, .ofs_y = 0},
    {.bitmap_index = 8115, .adv_w = 504, .box_w = 28, .box_h = 30, .ofs_x = 2, .ofs_y = 0},
    {.bitmap_index = 8220, .adv_w = 504, .box_w = 28, .box_h = 30, .ofs_x = 2, .ofs_y = 0},
    {.bitmap_index = 8325, .adv_w = 504, .box_w = 28, .box_h = 30, .ofs_x = 2, .ofs_y = 0},
    {.bitmap_index = 8430, .adv_w = 504, .box_w = 28, .box_h = 30, .ofs_x = 2, .ofs_y = 0},
    {.bitmap_index = 8535, .adv_w = 504, .box_w = 28, .box_h = 29, .ofs_x = 2, .ofs_y = 0},
    {.bitmap_index = 8637, .adv_w = 314, .box_w = 16, .box_h = 17, .ofs_x = 2, .ofs_y = 3},
    {.bitmap_index = 8671, .adv_w = 504, .box_w = 28, .box_h = 30, .ofs_x = 2, .ofs_y = -4},
    {.bitmap_index = 8776, .adv_w = 500, .box_w = 27, .box_h = 30, .ofs_x = 2, .ofs_y = 0},
    {.bitmap_index = 8878, .adv_w = 500, .box_w = 27, .box_h = 30, .ofs_x = 2, .ofs_y = 0},
    {.bitmap_index = 8980, .adv_w = 500, .box_w = 27, .box_h = 30, .ofs_x = 2, .ofs_y = 0},
    {.bitmap_index = 9082, .adv_w = 500, .box_w = 27, .box_h = 29, .ofs_x = 2, .ofs_y = 0},
    {.bitmap_index = 9180, .adv_w = 459, .box_w = 29, .box_h = 30, .ofs_x = 0, .ofs_y = 0},
    {.bitmap_index = 9289, .adv_w = 455, .box_w = 25, .box_h = 23, .ofs_x = 2, .ofs_y = 0},
    {.bitmap_index = 9361, .adv_w = 469, .box_w = 26, .box_h = 25, .ofs_x = 2, .ofs_y = 0},
    {.bitmap_index = 9443, .adv_w = 404, .box_w = 23, .box_h = 27, .ofs_x = 1, .ofs_y = 0},
    {.bitmap_index = 9521, .adv_w = 404, .box_w = 23, .box_h = 27, .ofs_x = 1, .ofs_y = 0},
    {.bitmap_index = 9599, .adv_w = 404, .box_w = 23, .box_h = 27, .ofs_x = 1, .ofs_y = 0},
    {.bitmap_index = 9677, .adv_w = 404, .box_w = 23, .box_h = 26, .ofs_x = 1, .ofs_y = 0},
    {.bitmap_index = 9752, .adv_w = 404, .box_w = 23, .box_h = 25, .ofs_x = 1, .ofs_y = 0},
    {.bitmap_index = 9824, .adv_w = 404, .box_w = 23, .box_h = 27, .ofs_x = 1, .ofs_y = 0},
    {.bitmap_index = 9902, .adv_w = 693, .box_w = 41, .box_h = 18, .ofs_x = 1, .ofs_y = 0},
    {.bitmap_index = 9995, .adv_w = 373, .box_w = 21, .box_h = 27, .ofs_x = 1, .ofs_y = -9},
    {.bitmap_index = 10066, .adv_w = 404, .box_w = 23, .box_h = 27, .ofs_x = 1, .ofs_y = 0},
    {.bitmap_index = 10144, .adv_w = 404, .box_w = 23, .box_h = 27, .ofs_x = 1, .ofs_y = 0},
    {.bitmap_index = 10222, .adv_w = 404, .box_w = 23, .box_h = 27, .ofs_x = 1, .ofs_y = 0},
    {.bitmap_index = 10300, .adv_w = 404, .box_w = 23, .box_h = 25, .ofs_x = 1, .ofs_y = 0},
    {.bitmap_index = 10372, .adv_w = 143, .box_w = 7, .box_h = 27, .ofs_x = 0, .ofs_y = 0},
    {.bitmap_index = 10396, .adv_w = 144, .box_w = 8, .box_h = 27, .ofs_x = 1, .ofs_y = 0},
    {.bitmap_index = 10423, .adv_w = 187, .box_w = 13, .box_h = 27, .ofs_x = -1, .ofs_y = 0},
    {.bitmap_index = 10467, .adv_w = 197, .box_w = 12, .box_h = 25, .ofs_x = 1, .ofs_y = 0},
    {.bitmap_index = 10505, .adv_w = 446, .box_w = 24, .box_h = 29, .ofs_x = 2, .ofs_y = 0},
    {.bitmap_index = 10592, .adv_w = 453, .box_w = 25, .box_h = 26, .ofs_x = 2, .ofs_y = 0},
    {.bitmap_index = 10674, .adv_w = 444, .box_w = 24, .box_h = 27, .ofs_x = 2, .ofs_y = 0},
    {.bitmap_index = 10755, .adv_w = 444, .box_w = 24, .box_h = 27, .ofs_x = 2, .ofs_y = 0},
    {.bitmap_index = 10836, .adv_w = 444, .box_w = 24, .box_h = 27, .ofs_x = 2, .ofs_y = 0},
    {.bitmap_index = 10917, .adv_w = 444, .box_w = 24, .box_h = 26, .ofs_x = 2, .ofs_y = 0},
    {.bitmap_index = 10995, .adv_w = 444, .box_w = 24, .box_h = 25, .ofs_x = 2, .ofs_y = 0},
    {.bitmap_index = 11070, .adv_w = 314, .box_w = 17, .box_h = 19, .ofs_x = 1, .ofs_y = 2},
    {.bitmap_index = 11111, .adv_w = 444, .box_w = 24, .box_h = 24, .ofs_x = 2, .ofs_y = -3},
    {.bitmap_index = 11183, .adv_w = 449, .box_w = 24, .box_h = 27, .ofs_x = 2, .ofs_y = 0},
    {.bitmap_index = 11264, .adv_w = 449, .box_w = 24, .box_h = 27, .ofs_x = 2, .ofs_y = 0},
    {.bitmap_index = 11345, .adv_w = 449, .box_w = 24, .box_h = 27, .ofs_x = 2, .ofs_y = 0},
    {.bitmap_index = 11426, .adv_w = 449, .box_w = 24, .box_h = 25, .ofs_x = 2, .ofs_y = 0},
    {.bitmap_index = 11501, .adv_w = 425, .box_w = 25, .box_h = 34, .ofs_x = 0, .ofs_y = -7},
    {.bitmap_index = 11608, .adv_w = 446, .box_w = 24, .box_h = 32, .ofs_x = 2, .ofs_y = -7},
    {.bitmap_index = 11704, .adv_w = 425, .box_w = 27, .box_h = 32, .ofs_x = -1, .ofs_y = -7}
};

/*---------------------
 *  CHARACTER MAPPING
 *--------------------*/



/*Collect the unicode lists and glyph_id offsets*/
static const lv_font_fmt_txt_cmap_t cmaps[] =
{
    {
        .range_start = 32, .range_length = 95, .glyph_id_start = 1,
        .unicode_list = NULL, .glyph_id_ofs_list = NULL, .list_length = 0, .type = LV_FONT_FMT_TXT_CMAP_FORMAT0_TINY
    },
    {
        .range_start = 160, .range_length = 21, .glyph_id_start = 96,
        .unicode_list = NULL, .glyph_id_ofs_list = NULL, .list_length = 0, .type = LV_FONT_FMT_TXT_CMAP_FORMAT0_TINY
    },
    {
        .range_start = 182, .range_length = 74, .glyph_id_start = 117,
        .unicode_list = NULL, .glyph_id_ofs_list = NULL, .list_length = 0, .type = LV_FONT_FMT_TXT_CMAP_FORMAT0_TINY
    }
};

/*-----------------
 *    KERNING
 *----------------*/


/*Map glyph_ids to kern left classes*/
static const uint8_t kern_left_class_mapping[] =
{
    0, 0, 0, 1, 0, 0, 0, 2,
    1, 3, 0, 0, 0, 4, 5, 4,
    6, 7, 8, 0, 9, 10, 11, 12,
    13, 14, 15, 0, 0, 0, 0, 0,
    0, 3, 16, 9, 17, 18, 0, 19,
    20, 0, 0, 21, 22, 23, 24, 0,
    18, 25, 18, 26, 27, 28, 21, 29,
    30, 22, 31, 32, 3, 0, 0, 0,
    0, 0, 33, 34, 0, 0, 35, 36,
    37, 37, 0, 38, 39, 0, 37, 37,
    34, 34, 0, 40, 41, 42, 43, 44,
    45, 39, 44, 46, 3, 0, 0, 0,
    0, 0, 0, 0, 0, 0, 0, 0,
    0, 0, 0, 0, 0, 0, 0, 0,
    0, 0, 0, 0, 0, 0, 0, 0,
    0, 0, 0, 0, 0, 0, 0, 16,
    16, 16, 16, 16, 16, 0, 17, 0,
    0, 0, 0, 0, 0, 0, 0, 18,
    0, 18, 18, 18, 0, 18, 0, 18,
    21, 21, 21, 21, 31, 0, 0, 33,
    33, 33, 33, 33, 33, 35, 0, 35,
    35, 35, 35, 0, 0, 0, 0, 18,
    37, 34, 34, 34, 34, 34, 0, 34,
    43, 43, 43, 43, 44, 0, 44
};

/*Map glyph_ids to kern right classes*/
static const uint8_t kern_right_class_mapping[] =
{
    0, 0, 0, 1, 0, 0, 0, 2,
    1, 0, 0, 0, 0, 3, 4, 3,
    5, 6, 7, 0, 0, 8, 0, 9,
    10, 11, 12, 0, 0, 0, 0, 0,
    13, 0, 14, 0, 15, 0, 15, 16,
    15, 0, 0, 17, 0, 18, 19, 0,
    15, 0, 15, 0, 20, 21, 18, 22,
    23, 24, 25, 26, 0, 0, 0, 0,
    0, 0, 27, 0, 28, 28, 28, 29,
    28, 0, 0, 30, 0, 0, 31, 31,
    28, 31, 28, 31, 32, 33, 34, 35,
    36, 37, 38, 39, 0, 0, 0, 0,
    0, 0, 0, 0, 0, 0, 0, 0,
    0, 0, 0, 0, 0, 0, 0, 0,
    0, 0, 0, 0, 0, 0, 0, 0,
    0, 0, 0, 0, 0, 0, 0, 14,
    14, 14, 14, 14, 14, 14, 15, 15,
    15, 0, 15, 0, 0, 0, 0, 0,
    0, 15, 15, 15, 15, 15, 0, 15,
    18, 18, 18, 18, 25, 0, 0, 27,
    27, 27, 27, 27, 27, 27, 28, 28,
    28, 28, 28, 0, 0, 0, 0, 34,
    0, 28, 28, 28, 28, 28, 0, 28,
    34, 34, 34, 34, 38, 0, 38
};

/*Kern values between classes*/
static const int8_t kern_class_values[] =
{
    0, 0, -31, 0, 0, 0, 0, -20,
    -10, 0, -10, 0, 0, -61, -10, 0,
    -51, 0, 0, 0, 0, 0, 0, 0,
    0, 0, 0, -15, 0, 0, -15, -18,
    0, 0, 0, 0, 0, 0, 0, 0,
    0, 0, 0, 0, 0, 0, 0, 0,
    0, 0, 0, 0, 0, 0, 0, 0,
    0, 0, 0, -15, -41, -26, 0, -56,
    0, 0, -10, 0, 0, 0, 0, 0,
    -19, -15, 0, 0, -15, 0, 0, 0,
    0, 0, 0, 0, 0, 0, 0, 0,
    0, 0, 0, 0, 0, 0, 0, 0,
    0, 0, 0, 0, 0, 0, 0, 0,
    0, 0, 0, 56, 0, 0, 0, 0,
    0, 0, 0, 0, 0, -31, 0, 0,
    0, 0, -10, -16, -10, 0, -31, -10,
    0, 0, 0, -10, 0, 0, -10, 0,
    0, -51, -51, -51, 0, -61, 0, 0,
    0, -35, 26, 0, 0, -57, -10, -61,
    0, 0, -61, 0, 0, 0, 0, 0,
    0, 0, 0, 0, 0, -41, 0, 0,
    0, -41, 0, 0, -20, 0, 0, 0,
    -51, -41, -20, -51, -51, 0, 0, 0,
    5, 0, 0, 0, 0, 0, -15, 0,
    -27, -15, 0, 0, -36, 0, 0, 0,
    0, 0, 0, 0, 0, 0, 0, 0,
    -77, -20, -20, -61, 0, -10, -20, 0,
    0, 0, 0, 0, 0, -20, -31, 0,
    0, -31, -31, 0, -20, 0, 0, 0,
    0, -20, 0, 0, -10, 0, 0, 0,
    -5, 0, 0, -5, 0, 0, 0, 0,
    0, 0, 0, 0, 0, 0, 0, 0,
    0, 0, 0, 0, 0, 0, 0, 0,
    0, 0, 0, 0, 0, 0, 0, 0,
    0, -10, 0, 0, 0, 0, 0, 0,
    0, 0, 0, 0, 0, 0, 0, 0,
    0, 0, 0, 0, 0, 0, 0, 0,
    0, 0, 0, 0, 0, 0, 0, 0,
    0, 0, 0, 0, 0, 0, 0, 0,
    0, 0, 0, 0, 0, 0, 0, 0,
    0, 0, 0, 0, 0, -17, 0, 0,
    0, 0, 0, 0, 0, -19, -15, -14,
    -16, 0, 0, 0, 0, 0, 0, 0,
    0, 0, 0, 0, -7, 0, 0, -37,
    0, 0, 0, 0, 0, -14, 0, 0,
    -20, 0, 0, 0, 0, 0, 0, 0,
    0, 0, 0, 0, 0, 0, 0, 0,
    0, 0, 0, 0, 0, 0, 0, 0,
    0, 0, 0, 0, 0, 0, 0, 0,
    -11, 0, 0, 0, -10, 0, 0, -10,
    0, -15, 0, 0, 0, 0, 0, 0,
    0, 0, 0, 0, 0, 0, 0, 0,
    0, 0, 0, 0, 0, 0, 0, 0,
    0, 0, 0, 0, 0, -15, 0, -15,
    0, 0, 0, -10, 0, 0, -10, 0,
    0, 0, 0, 0, 0, 0, 0, 0,
    0, 0, 0, 0, 0, 0, 0, 0,
    0, 0, 0, 0, 0, 0, 0, 0,
    0, 0, 0, 0, 0, 0, -56, 0,
    0, -5, 0, -26, -9, 0, -5, -4,
    0, 0, 0, 0, 0, 0, 0, 0,
    0, 0, 0, 0, 0, 0, 0, 0,
    0, 0, 0, 0, 0, 0, 0, 0,
    0, 0, 0, -10, 0, -10, 0, 0,
    0, 0, 0, 0, -5, 0, 0, 0,
    0, 0, 0, 0, 0, 0, 0, 0,
    0, 0, 0, 0, 0, 0, 0, 0,
    0, 0, 0, 0, 0, 0, 0, 0,
    0, 0, -10, 0, -16, 0, 0, 0,
    0, 0, 0, -10, 0, 0, 0, 0,
    0, 0, 0, 0, 0, 0, 0, 0,
    0, 0, 0, 0, 0, 0, 0, 0,
    0, 0, 0, 0, 0, 0, 0, 0,
    0, -61, -6, 0, -41, 0, 0, 0,
    0, 0, 0, 0, 0, -51, 0, -20,
    0, 0, -20, 0, 0, -67, -97, -56,
    0, -87, 0, -10, -16, -27, 20, 0,
    0, -49, -16, -61, 0, 0, -53, 0,
    0, 0, 0, -20, 0, 0, 0, 0,
    0, 0, 0, 0, 0, 0, 0, 0,
    0, 0, 0, 0, 0, 0, 0, 0,
    0, 0, 0, 0, 0, 0, 0, 0,
    0, 0, 0, 0, 0, 0, 0, -10,
    0, -10, 0, -20, 0, 0, 0, 0,
    0, 0, 0, 0, -20, 0, 0, 0,
    0, 0, 0, -10, -20, -10, -15, -26,
    0, 0, 0, 0, 0, 0, 0, 0,
    0, 0, 0, -9, 0, 0, 0, -9,
    0, 10, -36, 0, 0, 0, 0, 0,
    0, 0, 0, -34, 0, 0, -41, 0,
    0, 0, 0, 0, 0, 0, 0, 0,
    0, 0, 0, 0, 0, 0, 0, 0,
    0, 0, 0, 0, 0, 0, 0, 0,
    0, -15, 0, 0, 0, 0, 0, 0,
    0, 0, -10, 0, 0, 0, 0, 0,
    0, 0, 0, 0, -9, 0, 0, 0,
    0, 0, 0, 0, 0, 0, 0, 0,
    0, 0, 0, 0, 0, 0, -10, 0,
    -20, 0, 0, 0, 0, 0, 0, 0,
    0, -20, 0, 0, -7, 0, 0, 0,
    0, 0, 0, 0, 0, 0, 0, 0,
    0, 0, 0, 0, 0, 0, 0, 0,
    -9, 0, 0, 0, -9, 0, -51, 0,
    0, 0, 0, 0, 0, 0, 0, 0,
    0, -15, 0, 0, 0, 0, 0, 0,
    0, 0, 0, 0, 0, -9, -20, -20,
    0, 0, 0, -26, -20, -32, 0, 0,
    -32, -4, 0, 0, 0, -31, 0, 0,
    0, 0, 0, 0, 0, 0, -41, 0,
    0, 0, 0, -7, 0, 0, -97, -92,
    -41, 0, -108, 0, 0, -5, 0, 0,
    0, 0, -36, -5, -56, -22, 0, -56,
    0, 0, 0, 0, 0, 0, 0, 0,
    0, 0, 0, 0, 0, -5, 0, 0,
    0, 0, 0, 0, 0, 0, -7, -14,
    0, -15, 0, 0, 0, 0, 0, 0,
    0, 0, 0, 0, 0, 0, 0, 0,
    0, -10, -36, 6, -46, 0, 0, 0,
    0, 0, 0, 0, -5, -51, 0, 0,
    -32, 0, 0, 0, 0, 0, -9, -27,
    -14, 0, 0, 0, 0, 0, -5, 0,
    0, 0, 0, 0, 0, 0, 0, 0,
    -10, 0, 0, 0, 0, 0, 0, 0,
    0, 0, 0, -5, 0, -9, 0, 0,
    -4, 0, -6, -6, -27, -14, 0, -29,
    -10, -8, -16, 0, 0, 0, 0, 0,
    -14, 0, 0, 0, 0, 0, 0, 0,
    0, 0, -20, 0, 0, 0, 0, 0,
    0, 0, 0, -9, 0, 0, 0, 0,
    0, 0, 0, -5, -5, -14, 0, 0,
    0, 0, 0, 0, 0, 0, 0, 0,
    -6, 0, -9, -10, 0, 0, -31, -51,
    -51, -72, 0, 0, 0, 0, 0, 0,
    0, 0, -67, -10, -11, -92, 5, 0,
    0, 0, 0, 0, 0, 0, 0, 0,
    -10, 0, 0, -10, -10, 0, 0, 0,
    0, 0, 0, 0, 0, -41, -51, -41,
    -67, 0, 0, 0, 0, 0, 0, 0,
    0, -97, -20, -25, -77, 0, -7, -16,
    0, 0, 0, 0, 0, 0, -17, -47,
    0, 0, -47, -40, 0, -26, 0, 0,
    -15, 0, 0, 0, -36, -51, -20, -46,
    0, 0, 0, 0, 0, 0, 0, 0,
    -56, -10, -27, -52, 0, -16, -17, 0,
    0, 0, 0, 0, 0, -15, -32, 0,
    0, -32, -29, 0, -19, 0, 0, -10,
    0, 0, 0, -31, -61, -51, -72, 0,
    0, 0, 0, 0, 0, 0, 0, -87,
    -26, -35, -106, 0, -11, -17, 0, 0,
    0, 0, 0, 0, -36, -56, 0, 0,
    -56, -51, -15, -31, -10, 0, -15, -10,
    -15, 0, 0, 0, 0, 0, 0, 0,
    0, 0, 0, 0, 0, 0, 0, -10,
    0, 0, 0, 0, 0, 0, 0, 0,
    0, 0, 0, 0, 0, 0, 0, 0,
    0, 0, 0, 0, 0, 0, 0, 0,
    -10, 0, 0, 0, 0, 0, 0, 0,
    0, 0, 0, 0, -20, 0, 0, 0,
    0, 0, 0, 0, 0, 0, 0, 0,
    0, 0, 0, 0, 0, 0, 0, 0,
    0, 0, -15, -10, 0, -13, 0, -15,
    0, 0, 0, -20, 0, 0, 0, 0,
    0, 0, 0, -31, 0, 0, 0, 0,
    0, 0, 0, 0, 0, 0, 0, 0,
    0, 0, 0, 0, 0, 0, 0, -8,
    0, -14, -9, -10, -14, 0, -10, 0,
    0, 0, 0, 0, 0, 0, 0, 0,
    0, 0, -20, 0, 0, 0, 0, 0,
    0, 0, 0, 0, 0, 0, 0, 0,
    0, 0, 0, 0, 0, 0, 0, 0,
    -8, 0, 0, -8, 0, 15, -15, -61,
    10, -20, 0, 0, 0, 0, 0, 0,
    0, 15, 0, 0, 0, 0, 0, 0,
    0, 0, 0, 0, 0, 0, 0, 0,
    0, 10, 0, 0, 0, 10, 0, 0,
    0, 0, 0, 0, -15, 0, 0, 0,
    0, 0, 0, 0, 0, 0, 0, 0,
    -31, 0, 0, 0, 0, 0, 0, 0,
    0, 0, 0, 0, 0, 0, 0, 0,
    0, 39, 0, 0, 0, 0, -14, 0,
    0, -14, 0, 0, 0, 0, 0, 0,
    0, 0, 0, 0, 0, 0, 0, 0,
    0, 0, 0, 0, 0, 0, 0, 0,
    0, 0, 0, 0, 0, 0, 0, 0,
    36, 0, 0, 0, 0, 0, 0, 0,
    0, 0, 0, -6, 0, -27, 0, 0,
    0, 0, 0, 0, 0, 0, 0, 0,
    0, 0, 0, 0, 0, 0, 0, 0,
    0, 0, 0, 0, -1, -10, 0, 0,
    0, 0, 0, 0, 0, 0, 0, 0,
    0, 0, -20, 0, 0, 0, 0, 0,
    0, 0, 0, 0, 0, 0, 0, 0,
    0, 0, 0, 0, 0, 0, 0, 0,
    0, 0, 0, 0, 0, 10, 0, 0,
    0, 10, 0, 0, 0, 0, 0, 0,
    -11, 0, -10, -9, -15, 0, 0, 0,
    0, 0, 0, 0, -10, 0, 0, 0,
    0, 0, 0, 0, 0, 0, 0, 0,
    0, 0, 0, 0, 0, 0, 0, 0,
    0, 0, -6, 0, 0, -6, 0, 0,
    0, 0, 0, 0, 0, 0, 0, 0,
    0, 0, 0, 0, 0, 0, 0, 0,
    0, 0, 0, 0, 0, 0, 0, 0,
    0, 0, 0, 10, 0, 0, 0, 10,
    0, 0, 0, 0, 0, 0, 0, 0,
    -10, 0, 0, 0, 0, 0, 0, 0,
    0, 0, 0, 0, 0, 0, 0, 0,
    0, 0, 0, 0, 0, 0, 0, 0,
    0, 0, 0, 0, 0, 0, 0, 0,
    0, 0, 0, 0, 0, 0, -36, -61,
    -15, -46, 0, 0, 0, 0, 0, 0,
    0, 0, 0, 0, 0, 0, 0, 0,
    0, 0, 0, 0, 0, 0, 0, -1,
    -28, 0, 0, -23, 0, 0, 0, 0,
    0, 0, 0, 0, 0, -25, 0, 0,
    -26, 0, 0, 0, 0, 0, 0, 0,
    0, 0, 0, 0, 0, 0, 0, 0,
    0, 0, 0, 0, 0, 0, -5, -9,
    0, 0, -9, 0, 0, 0, 0, 0,
    0, 0, 0, 0, 0, 0, 0, 0,
    0, 0, 0, 0, 0, 0, 0, -10,
    0, 0, 0, 0, 0, 0, 0, 0,
    0, 0, 0, 0, 0, 0, 0, 0,
    0, 0, 0, 0, 0, 0, 0, 0,
    0, 0
};


/*Collect the kern class' data in one place*/
static const lv_font_fmt_txt_kern_classes_t kern_classes =
{
    .class_pair_values   = kern_class_values,
    .left_class_mapping  = kern_left_class_mapping,
    .right_class_mapping = kern_right_class_mapping,
    .left_class_cnt      = 46,
    .right_class_cnt     = 39,
};

/*--------------------
 *  ALL CUSTOM DATA
 *--------------------*/

#if LVGL_VERSION_MAJOR == 8
/*Store all the custom data of the font*/
static  lv_font_fmt_txt_glyph_cache_t cache;
#endif

#if LVGL_VERSION_MAJOR >= 8
static const lv_font_fmt_txt_dsc_t font_dsc = {
#else
static lv_font_fmt_txt_dsc_t font_dsc = {
#endif
    .glyph_bitmap = glyph_bitmap,
    .glyph_dsc = glyph_dsc,
    .cmaps = cmaps,
    .kern_dsc = &kern_classes,
    .kern_scale = 16,
    .cmap_num = 3,
    .bpp = 1,
    .kern_classes = 1,
    .bitmap_format = 0,
#if LVGL_VERSION_MAJOR == 8
    .cache = &cache
#endif

};



/*-----------------
 *  PUBLIC FONT
 *----------------*/

/*Initialize a public general font descriptor*/
#if LVGL_VERSION_MAJOR >= 8
const lv_font_t ui_font_lv_conthrax_32 = {
#else
lv_font_t ui_font_lv_conthrax_32 = {
#endif
    .get_glyph_dsc = lv_font_get_glyph_dsc_fmt_txt,    /*Function pointer to get glyph's data*/
    .get_glyph_bitmap = lv_font_get_bitmap_fmt_txt,    /*Function pointer to get glyph's bitmap*/
    .line_height = 39,          /*The maximum line height required by the font*/
    .base_line = 9,             /*Baseline measured from the bottom of the line*/
#if !(LVGL_VERSION_MAJOR == 6 && LVGL_VERSION_MINOR == 0)
    .subpx = LV_FONT_SUBPX_NONE,
#endif
#if LV_VERSION_CHECK(7, 4, 0) || LVGL_VERSION_MAJOR >= 8
    .underline_position = -2,
    .underline_thickness = 2,
#endif
    .static_bitmap = 0,
    .dsc = &font_dsc,          /*The custom font data. Will be accessed by `get_glyph_bitmap/dsc` */
#if LV_VERSION_CHECK(8, 2, 0) || LVGL_VERSION_MAJOR >= 9
    .fallback = NULL,
#endif
    .user_data = NULL,
};



#endif /*#if UI_FONT_LV_CONTHRAX_32*/
