/*******************************************************************************
 * Size: 24 px
 * Bpp: 4
 * Opts: --bpp 4 --size 24 --no-compress --stride 1 --align 1 --font conthrax-sb.ttf --range 32-127 --font FontAwesome5-Solid+Brands+Regular.woff --range 61441,61448,61452,61453,61457,61459,61461,61465,61468,61473,61478,61479,61480,61502,61507,61512,61515,61516,61517,61521,61522,61523,61524,61543,61544,61550,61552,61553,61556,61559,61560,61561,61563,61568,61587,61589,61641,61655,61656,61671,61723,61732,61758,61764,61781,61787,62016,62017,62018,62019,62020,62087,62099,62100,62806 --format lvgl -o ui_font_lv_conthrax_24.c
 ******************************************************************************/

#ifdef __has_include
    #if __has_include("lvgl.h")
        #ifndef LV_LVGL_H_INCLUDE_SIMPLE
            #define LV_LVGL_H_INCLUDE_SIMPLE
        #endif
    #endif
#endif

#ifdef LV_LVGL_H_INCLUDE_SIMPLE
    #include "lvgl.h"
#else
    #include "lvgl/lvgl.h"
#endif



#ifndef UI_FONT_LV_CONTHRAX_24
#define UI_FONT_LV_CONTHRAX_24 1
#endif

#if UI_FONT_LV_CONTHRAX_24

/*-----------------
 *    BITMAPS
 *----------------*/

/*Store the image of the glyphs*/
static LV_ATTRIBUTE_LARGE_CONST const uint8_t glyph_bitmap[] = {
    /* U+0020 " " */

    /* U+0021 "!" */
    0x9f, 0xff, 0xa, 0xff, 0xf0, 0x9f, 0xff, 0x8,
    0xff, 0xe0, 0x7f, 0xfd, 0x6, 0xff, 0xc0, 0x5f,
    0xfb, 0x4, 0xff, 0xa0, 0x3f, 0xf9, 0x2, 0xff,
    0x80, 0x1f, 0xf7, 0x0, 0xab, 0x30, 0x0, 0x0,
    0x0, 0x0, 0x0, 0x14, 0x53, 0x8, 0xff, 0xe0,
    0x8f, 0xfe, 0x7, 0xff, 0xd0,

    /* U+0022 "\"" */
    0x6f, 0xfe, 0x2, 0xff, 0xf3, 0x6f, 0xfe, 0x2,
    0xff, 0xf3, 0x5f, 0xfd, 0x0, 0xff, 0xf1, 0x3f,
    0xfb, 0x0, 0xff, 0xf0, 0x2f, 0xfa, 0x0, 0xdf,
    0xe0, 0xf, 0xf8, 0x0, 0xcf, 0xd0, 0xf, 0xf7,
    0x0, 0xbf, 0xb0, 0x4, 0x61, 0x0, 0x36, 0x30,

    /* U+0023 "#" */
    0x0, 0x0, 0xdf, 0x50, 0x0, 0x0, 0xdf, 0x50,
    0x0, 0x0, 0x0, 0xe, 0xf6, 0x0, 0x0, 0xe,
    0xf6, 0x0, 0x0, 0x0, 0x0, 0xef, 0x60, 0x0,
    0x0, 0xef, 0x60, 0x0, 0x0, 0x0, 0xe, 0xf6,
    0x0, 0x0, 0xe, 0xf6, 0x0, 0x0, 0x8f, 0xff,
    0xff, 0xff, 0xff, 0xff, 0xff, 0xff, 0xff, 0x9,
    0xff, 0xff, 0xff, 0xff, 0xff, 0xff, 0xff, 0xff,
    0xf0, 0x14, 0x44, 0xef, 0x84, 0x44, 0x44, 0xef,
    0x84, 0x44, 0x0, 0x0, 0xe, 0xf6, 0x0, 0x0,
    0xe, 0xf6, 0x0, 0x0, 0x0, 0x0, 0xef, 0x60,
    0x0, 0x0, 0xef, 0x60, 0x0, 0x0, 0x0, 0xe,
    0xf6, 0x0, 0x0, 0xe, 0xf6, 0x0, 0x0, 0x0,
    0x0, 0xef, 0x60, 0x0, 0x0, 0xef, 0x60, 0x0,
    0x8, 0xff, 0xff, 0xff, 0xff, 0xff, 0xff, 0xff,
    0xff, 0xf0, 0x9f, 0xff, 0xff, 0xff, 0xff, 0xff,
    0xff, 0xff, 0xff, 0x1, 0x44, 0x4e, 0xf8, 0x44,
    0x44, 0x4e, 0xf8, 0x44, 0x30, 0x0, 0x0, 0xef,
    0x60, 0x0, 0x0, 0xef, 0x60, 0x0, 0x0, 0x0,
    0xe, 0xf6, 0x0, 0x0, 0xe, 0xf6, 0x0, 0x0,
    0x0, 0x0, 0xdf, 0x50, 0x0, 0x0, 0xdf, 0x50,
    0x0, 0x0,

    /* U+0024 "$" */
    0x0, 0x0, 0x0, 0x0, 0xfd, 0x0, 0x0, 0x0,
    0x0, 0x0, 0x0, 0x0, 0x1, 0xfe, 0x0, 0x0,
    0x0, 0x0, 0x1, 0x9d, 0xee, 0xee, 0xff, 0xee,
    0xee, 0xee, 0xa0, 0xe, 0xff, 0xff, 0xff, 0xff,
    0xff, 0xff, 0xff, 0xd0, 0x5f, 0xff, 0xff, 0xff,
    0xff, 0xff, 0xff, 0xff, 0xc0, 0x7f, 0xff, 0x30,
    0x1, 0xfe, 0x0, 0x0, 0x0, 0x0, 0x8f, 0xfe,
    0x0, 0x1, 0xfe, 0x0, 0x0, 0x0, 0x0, 0x7f,
    0xff, 0x20, 0x1, 0xfe, 0x0, 0x0, 0x0, 0x0,
    0x3f, 0xff, 0xff, 0xff, 0xff, 0xff, 0xff, 0xea,
    0x20, 0x9, 0xff, 0xff, 0xff, 0xff, 0xff, 0xff,
    0xff, 0xc0, 0x0, 0x36, 0x77, 0x77, 0xff, 0x77,
    0x7b, 0xff, 0xf3, 0x0, 0x0, 0x0, 0x1, 0xfe,
    0x0, 0x1, 0xff, 0xf5, 0x0, 0x0, 0x0, 0x1,
    0xfe, 0x0, 0x0, 0xff, 0xf6, 0x0, 0x0, 0x0,
    0x1, 0xfe, 0x0, 0x3, 0xff, 0xf5, 0x6e, 0xee,
    0xee, 0xee, 0xff, 0xee, 0xef, 0xff, 0xf3, 0x8f,
    0xff, 0xff, 0xff, 0xff, 0xff, 0xff, 0xff, 0xc0,
    0x7f, 0xff, 0xff, 0xff, 0xff, 0xff, 0xff, 0xea,
    0x10, 0x0, 0x0, 0x0, 0x1, 0xfe, 0x0, 0x0,
    0x0, 0x0, 0x0, 0x0, 0x0, 0x1, 0xfe, 0x0,
    0x0, 0x0, 0x0, 0x0, 0x0, 0x0, 0x0, 0x65,
    0x0, 0x0, 0x0, 0x0,

    /* U+0025 "%" */
    0x5, 0xcf, 0xff, 0xff, 0xd7, 0x0, 0x0, 0x0,
    0x3, 0xff, 0x30, 0x0, 0x2, 0xff, 0xfe, 0xee,
    0xff, 0xf6, 0x0, 0x0, 0x1, 0xef, 0x70, 0x0,
    0x0, 0x7f, 0xc0, 0x0, 0x0, 0x9f, 0xb0, 0x0,
    0x0, 0xbf, 0xa0, 0x0, 0x0, 0x9, 0xf9, 0x0,
    0x0, 0x5, 0xfc, 0x0, 0x0, 0x8f, 0xd0, 0x0,
    0x0, 0x0, 0x9f, 0x80, 0x0, 0x0, 0x4f, 0xd0,
    0x0, 0x5f, 0xf2, 0x0, 0x0, 0x0, 0x9, 0xf8,
    0x0, 0x0, 0x4, 0xfd, 0x0, 0x2f, 0xf5, 0x0,
    0x0, 0x0, 0x0, 0x8f, 0x90, 0x0, 0x0, 0x5f,
    0xc0, 0x1d, 0xf8, 0x0, 0x0, 0x0, 0x0, 0x7,
    0xfd, 0x10, 0x0, 0xa, 0xfb, 0xb, 0xfb, 0x0,
    0x0, 0x0, 0x0, 0x0, 0x2f, 0xff, 0xff, 0xff,
    0xff, 0x58, 0xfd, 0x14, 0xcf, 0xff, 0xff, 0xe9,
    0x0, 0x3b, 0xde, 0xee, 0xec, 0x65, 0xff, 0x21,
    0xff, 0xfe, 0xee, 0xff, 0xf9, 0x0, 0x0, 0x0,
    0x0, 0x2, 0xff, 0x50, 0x6f, 0xd0, 0x0, 0x0,
    0x6f, 0xe0, 0x0, 0x0, 0x0, 0x0, 0xdf, 0x80,
    0x7, 0xfa, 0x0, 0x0, 0x2, 0xff, 0x0, 0x0,
    0x0, 0x0, 0xbf, 0xb0, 0x0, 0x7f, 0xa0, 0x0,
    0x0, 0x2f, 0xf0, 0x0, 0x0, 0x0, 0x7f, 0xe1,
    0x0, 0x7, 0xfa, 0x0, 0x0, 0x2, 0xff, 0x0,
    0x0, 0x0, 0x4f, 0xf3, 0x0, 0x0, 0x6f, 0xd0,
    0x0, 0x0, 0x6f, 0xe0, 0x0, 0x0, 0x2e, 0xf6,
    0x0, 0x0, 0x1, 0xff, 0xfe, 0xee, 0xef, 0xf9,
    0x0, 0x0, 0xc, 0xf8, 0x0, 0x0, 0x0, 0x4,
    0xcf, 0xff, 0xff, 0xe9, 0x0,

    /* U+0026 "&" */
    0x0, 0x1, 0xbf, 0xff, 0xff, 0xff, 0xd4, 0x0,
    0x0, 0x0, 0x0, 0x0, 0x7f, 0xff, 0xff, 0xff,
    0xff, 0xf0, 0x0, 0x0, 0x0, 0x0, 0xa, 0xff,
    0xfc, 0xcc, 0xef, 0xff, 0x20, 0x0, 0x0, 0x0,
    0x0, 0xbf, 0xfa, 0x0, 0x0, 0xff, 0xf2, 0x0,
    0x0, 0x0, 0x0, 0xb, 0xff, 0xa0, 0x0, 0xf,
    0xff, 0x20, 0x0, 0x0, 0x0, 0x0, 0x8f, 0xfe,
    0x10, 0x5, 0xff, 0xf0, 0x0, 0x0, 0x0, 0x0,
    0x0, 0xdf, 0xfe, 0x6c, 0xff, 0xf9, 0x0, 0x0,
    0x0, 0x0, 0x0, 0x1, 0xcf, 0xff, 0xff, 0xf7,
    0x0, 0x7, 0xbc, 0x90, 0x0, 0x0, 0x2b, 0xff,
    0xff, 0xc1, 0x0, 0x6, 0xff, 0xf4, 0x0, 0x1,
    0x9f, 0xff, 0xff, 0xff, 0x80, 0x4, 0xff, 0xf7,
    0x0, 0x2, 0xef, 0xff, 0xa2, 0x7f, 0xff, 0xa3,
    0xff, 0xf9, 0x0, 0x0, 0xbf, 0xfe, 0x30, 0x0,
    0x6f, 0xff, 0xff, 0xfb, 0x0, 0x0, 0xf, 0xff,
    0x80, 0x0, 0x0, 0x5f, 0xff, 0xfd, 0x10, 0x0,
    0x0, 0xff, 0xf6, 0x0, 0x0, 0x0, 0xcf, 0xff,
    0xe3, 0x0, 0x0, 0xf, 0xff, 0x90, 0x0, 0x0,
    0xaf, 0xff, 0xff, 0xf4, 0x0, 0x0, 0xef, 0xff,
    0xdd, 0xdd, 0xef, 0xff, 0x7d, 0xff, 0xf6, 0x0,
    0x9, 0xff, 0xff, 0xff, 0xff, 0xff, 0x70, 0x1c,
    0xff, 0xf8, 0x0, 0x9, 0xef, 0xff, 0xff, 0xfc,
    0x50, 0x0, 0xa, 0xff, 0xf6,

    /* U+0027 "'" */
    0x6f, 0xfe, 0x6, 0xff, 0xe0, 0x5f, 0xfd, 0x3,
    0xff, 0xb0, 0x2f, 0xfa, 0x0, 0xff, 0x80, 0xf,
    0xf7, 0x0, 0x46, 0x10,

    /* U+0028 "(" */
    0x0, 0x0, 0x13, 0x30, 0x2, 0xcf, 0xfe, 0x2,
    0xef, 0xff, 0xd0, 0xbf, 0xf6, 0x0, 0x2f, 0xf6,
    0x0, 0x6, 0xff, 0x0, 0x0, 0x9f, 0xc0, 0x0,
    0xb, 0xf9, 0x0, 0x0, 0xcf, 0x80, 0x0, 0xc,
    0xf8, 0x0, 0x0, 0xdf, 0x80, 0x0, 0xd, 0xf8,
    0x0, 0x0, 0xdf, 0x80, 0x0, 0xd, 0xf8, 0x0,
    0x0, 0xdf, 0x80, 0x0, 0xd, 0xf8, 0x0, 0x0,
    0xdf, 0x80, 0x0, 0xc, 0xf8, 0x0, 0x0, 0xcf,
    0x80, 0x0, 0xc, 0xf8, 0x0, 0x0, 0xaf, 0xa0,
    0x0, 0x8, 0xfc, 0x0, 0x0, 0x5f, 0xf1, 0x0,
    0x1, 0xff, 0x80, 0x0, 0x9, 0xff, 0xa5, 0x30,
    0xc, 0xff, 0xfe, 0x0, 0x7, 0xdf, 0xd0,

    /* U+0029 ")" */
    0x3, 0x30, 0x0, 0x0, 0xf, 0xff, 0xa1, 0x0,
    0xf, 0xff, 0xfd, 0x10, 0x0, 0x17, 0xff, 0x90,
    0x0, 0x0, 0x8f, 0xf0, 0x0, 0x0, 0x2f, 0xf4,
    0x0, 0x0, 0xe, 0xf6, 0x0, 0x0, 0xc, 0xf9,
    0x0, 0x0, 0xa, 0xfa, 0x0, 0x0, 0xa, 0xfa,
    0x0, 0x0, 0xa, 0xfb, 0x0, 0x0, 0xa, 0xfb,
    0x0, 0x0, 0xa, 0xfb, 0x0, 0x0, 0xa, 0xfb,
    0x0, 0x0, 0xa, 0xfb, 0x0, 0x0, 0xa, 0xfb,
    0x0, 0x0, 0xa, 0xfb, 0x0, 0x0, 0xa, 0xfa,
    0x0, 0x0, 0xa, 0xfa, 0x0, 0x0, 0xa, 0xf9,
    0x0, 0x0, 0xc, 0xf8, 0x0, 0x0, 0xf, 0xf6,
    0x0, 0x0, 0x3f, 0xf3, 0x0, 0x0, 0xbf, 0xe0,
    0x4, 0x5b, 0xff, 0x70, 0xf, 0xff, 0xfb, 0x0,
    0xf, 0xfc, 0x60, 0x0,

    /* U+002A "*" */
    0x0, 0x0, 0x1, 0xff, 0x0, 0x0, 0x0, 0x0,
    0x0, 0x0, 0xff, 0x0, 0x0, 0x0, 0x0, 0x0,
    0x0, 0xff, 0x0, 0x0, 0x0, 0x5, 0x0, 0x0,
    0xee, 0x0, 0x0, 0x50, 0x4f, 0xf9, 0x30, 0xdd,
    0x3, 0x9f, 0xf4, 0x5e, 0xff, 0xfc, 0xee, 0xdf,
    0xff, 0xd5, 0x0, 0x26, 0xae, 0xff, 0xea, 0x51,
    0x0, 0x0, 0x0, 0xb, 0xff, 0xb0, 0x0, 0x0,
    0x0, 0x0, 0x9f, 0x99, 0xf9, 0x0, 0x0, 0x0,
    0x6, 0xfe, 0x0, 0xef, 0x60, 0x0, 0x0, 0x4f,
    0xf4, 0x0, 0x4f, 0xf4, 0x0, 0x0, 0x5f, 0xa0,
    0x0, 0xa, 0xf5, 0x0, 0x0, 0x2, 0x0, 0x0,
    0x0, 0x10, 0x0,

    /* U+002B "+" */
    0x0, 0x0, 0x6, 0x83, 0x0, 0x0, 0x0, 0x0,
    0x0, 0xdf, 0x80, 0x0, 0x0, 0x0, 0x0, 0xd,
    0xf8, 0x0, 0x0, 0x0, 0x0, 0x0, 0xdf, 0x80,
    0x0, 0x0, 0x0, 0x0, 0xd, 0xf8, 0x0, 0x0,
    0x3, 0x44, 0x44, 0xdf, 0xa4, 0x44, 0x42, 0xff,
    0xff, 0xff, 0xff, 0xff, 0xff, 0xbf, 0xff, 0xff,
    0xff, 0xff, 0xff, 0xfa, 0x0, 0x0, 0xd, 0xf8,
    0x0, 0x0, 0x0, 0x0, 0x0, 0xdf, 0x80, 0x0,
    0x0, 0x0, 0x0, 0xd, 0xf8, 0x0, 0x0, 0x0,
    0x0, 0x0, 0xdf, 0x80, 0x0, 0x0, 0x0, 0x0,
    0xc, 0xf7, 0x0, 0x0, 0x0,

    /* U+002C "," */
    0x15, 0x54, 0x8f, 0xfe, 0x8f, 0xfe, 0x7f, 0xfe,
    0xa, 0xfa, 0xd, 0xf6, 0xf, 0xf2, 0x2f, 0xc0,

    /* U+002D "-" */
    0x38, 0x88, 0x88, 0x88, 0x47, 0xff, 0xff, 0xff,
    0xf9, 0x6f, 0xff, 0xff, 0xff, 0x90,

    /* U+002E "." */
    0x14, 0x53, 0x8f, 0xfe, 0x8f, 0xfe, 0x7f, 0xfd,

    /* U+002F "/" */
    0x0, 0x0, 0x0, 0xa, 0xfb, 0x0, 0x0, 0x0,
    0xf, 0xf6, 0x0, 0x0, 0x0, 0x5f, 0xf1, 0x0,
    0x0, 0x0, 0xaf, 0xc0, 0x0, 0x0, 0x0, 0xff,
    0x70, 0x0, 0x0, 0x5, 0xff, 0x10, 0x0, 0x0,
    0xa, 0xfc, 0x0, 0x0, 0x0, 0xf, 0xf7, 0x0,
    0x0, 0x0, 0x4f, 0xf2, 0x0, 0x0, 0x0, 0x9f,
    0xd0, 0x0, 0x0, 0x0, 0xef, 0x70, 0x0, 0x0,
    0x4, 0xff, 0x20, 0x0, 0x0, 0x9, 0xfd, 0x0,
    0x0, 0x0, 0xe, 0xf8, 0x0, 0x0, 0x0, 0x3f,
    0xf3, 0x0, 0x0, 0x0, 0x9f, 0xd0, 0x0, 0x0,
    0x0, 0xef, 0x80, 0x0, 0x0, 0x3, 0xff, 0x30,
    0x0, 0x0, 0x8, 0xfe, 0x0, 0x0, 0x0, 0xd,
    0xf9, 0x0, 0x0, 0x0, 0x2f, 0xf4, 0x0, 0x0,
    0x0, 0x8f, 0xe0, 0x0, 0x0, 0x0, 0xcf, 0x90,
    0x0, 0x0, 0x0,

    /* U+0030 "0" */
    0x0, 0x7, 0xbe, 0xff, 0xff, 0xff, 0xff, 0xda,
    0x50, 0x0, 0x2, 0xdf, 0xff, 0xff, 0xff, 0xff,
    0xff, 0xff, 0xfb, 0x0, 0xc, 0xff, 0xff, 0xff,
    0xff, 0xff, 0xff, 0xff, 0xff, 0x90, 0x3f, 0xff,
    0xe6, 0x22, 0x22, 0x22, 0x23, 0x7f, 0xff, 0xf0,
    0x7f, 0xff, 0x40, 0x0, 0x0, 0x0, 0x0, 0x8,
    0xff, 0xf3, 0x8f, 0xff, 0x0, 0x0, 0x0, 0x0,
    0x0, 0x3, 0xff, 0xf5, 0x9f, 0xff, 0x0, 0x0,
    0x0, 0x0, 0x0, 0x2, 0xff, 0xf5, 0x9f, 0xff,
    0x0, 0x0, 0x0, 0x0, 0x0, 0x2, 0xff, 0xf6,
    0x9f, 0xff, 0x0, 0x0, 0x0, 0x0, 0x0, 0x2,
    0xff, 0xf6, 0x9f, 0xff, 0x0, 0x0, 0x0, 0x0,
    0x0, 0x2, 0xff, 0xf6, 0x9f, 0xff, 0x0, 0x0,
    0x0, 0x0, 0x0, 0x2, 0xff, 0xf5, 0x8f, 0xff,
    0x0, 0x0, 0x0, 0x0, 0x0, 0x3, 0xff, 0xf5,
    0x7f, 0xff, 0x30, 0x0, 0x0, 0x0, 0x0, 0x7,
    0xff, 0xf3, 0x3f, 0xff, 0xe6, 0x32, 0x22, 0x22,
    0x23, 0x7f, 0xff, 0xf0, 0xc, 0xff, 0xff, 0xff,
    0xff, 0xff, 0xff, 0xff, 0xff, 0x90, 0x2, 0xef,
    0xff, 0xff, 0xff, 0xff, 0xff, 0xff, 0xfc, 0x0,
    0x0, 0x17, 0xce, 0xff, 0xff, 0xff, 0xff, 0xeb,
    0x60, 0x0,

    /* U+0031 "1" */
    0x6f, 0xff, 0xfc, 0x17, 0xff, 0xff, 0xf6, 0x6f,
    0xff, 0xff, 0x70, 0x23, 0xff, 0xf8, 0x0, 0xf,
    0xff, 0x80, 0x0, 0xff, 0xf8, 0x0, 0xf, 0xff,
    0x80, 0x0, 0xff, 0xf8, 0x0, 0xf, 0xff, 0x80,
    0x0, 0xff, 0xf8, 0x0, 0xf, 0xff, 0x80, 0x0,
    0xff, 0xf8, 0x0, 0xf, 0xff, 0x80, 0x0, 0xff,
    0xf8, 0x0, 0xf, 0xff, 0x80, 0x0, 0xff, 0xf8,
    0x0, 0xf, 0xff, 0x60,

    /* U+0032 "2" */
    0xf, 0xff, 0xff, 0xff, 0xff, 0xff, 0xff, 0xfd,
    0x80, 0x1, 0xff, 0xff, 0xff, 0xff, 0xff, 0xff,
    0xff, 0xff, 0xa0, 0xf, 0xff, 0xff, 0xff, 0xff,
    0xff, 0xff, 0xff, 0xff, 0x20, 0x12, 0x22, 0x22,
    0x22, 0x22, 0x22, 0x29, 0xff, 0xf6, 0x0, 0x0,
    0x0, 0x0, 0x0, 0x0, 0x0, 0x2f, 0xff, 0x60,
    0x0, 0x0, 0x0, 0x0, 0x0, 0x0, 0x1, 0xff,
    0xf6, 0x0, 0x0, 0x0, 0x0, 0x0, 0x0, 0x0,
    0x4f, 0xff, 0x60, 0x5, 0x9b, 0xbb, 0xbb, 0xbb,
    0xbb, 0xbe, 0xff, 0xf2, 0xb, 0xff, 0xff, 0xff,
    0xff, 0xff, 0xff, 0xff, 0xfa, 0x5, 0xff, 0xff,
    0xff, 0xff, 0xff, 0xff, 0xff, 0xd8, 0x0, 0x9f,
    0xff, 0x30, 0x0, 0x0, 0x0, 0x0, 0x0, 0x0,
    0xa, 0xff, 0xe0, 0x0, 0x0, 0x0, 0x0, 0x0,
    0x0, 0x0, 0xbf, 0xfe, 0x0, 0x0, 0x0, 0x0,
    0x0, 0x0, 0x0, 0xb, 0xff, 0xe2, 0x22, 0x22,
    0x22, 0x22, 0x22, 0x22, 0x20, 0xbf, 0xff, 0xff,
    0xff, 0xff, 0xff, 0xff, 0xff, 0xff, 0x69, 0xff,
    0xff, 0xff, 0xff, 0xff, 0xff, 0xff, 0xff, 0xf6,
    0x2d, 0xff, 0xff, 0xff, 0xff, 0xff, 0xff, 0xff,
    0xff, 0x50,

    /* U+0033 "3" */
    0xbf, 0xff, 0xff, 0xff, 0xff, 0xff, 0xff, 0xea,
    0x20, 0xcf, 0xff, 0xff, 0xff, 0xff, 0xff, 0xff,
    0xff, 0xe1, 0xcf, 0xff, 0xff, 0xff, 0xff, 0xff,
    0xff, 0xff, 0xf7, 0x12, 0x22, 0x22, 0x22, 0x22,
    0x22, 0x26, 0xff, 0xfa, 0x0, 0x0, 0x0, 0x0,
    0x0, 0x0, 0x0, 0xcf, 0xfb, 0x0, 0x0, 0x0,
    0x0, 0x0, 0x0, 0x0, 0xbf, 0xfb, 0x0, 0x0,
    0x0, 0x0, 0x0, 0x0, 0x0, 0xef, 0xf8, 0x6b,
    0xbb, 0xbb, 0xbb, 0xbb, 0xbb, 0xbe, 0xff, 0xf2,
    0xbf, 0xff, 0xff, 0xff, 0xff, 0xff, 0xff, 0xff,
    0x90, 0x9f, 0xff, 0xff, 0xff, 0xff, 0xff, 0xff,
    0xff, 0xf4, 0x0, 0x0, 0x0, 0x0, 0x0, 0x0,
    0x4, 0xff, 0xfb, 0x0, 0x0, 0x0, 0x0, 0x0,
    0x0, 0x0, 0xbf, 0xfd, 0x0, 0x0, 0x0, 0x0,
    0x0, 0x0, 0x0, 0xcf, 0xfd, 0x12, 0x22, 0x22,
    0x22, 0x22, 0x22, 0x25, 0xff, 0xfc, 0xcf, 0xff,
    0xff, 0xff, 0xff, 0xff, 0xff, 0xff, 0xf9, 0xcf,
    0xff, 0xff, 0xff, 0xff, 0xff, 0xff, 0xff, 0xf3,
    0xbf, 0xff, 0xff, 0xff, 0xff, 0xff, 0xff, 0xeb,
    0x30,

    /* U+0034 "4" */
    0x0, 0x0, 0x0, 0x0, 0x0, 0x0, 0x2b, 0xff,
    0xfc, 0x10, 0x0, 0x0, 0x0, 0x0, 0x0, 0x0,
    0x6, 0xff, 0xff, 0xff, 0x70, 0x0, 0x0, 0x0,
    0x0, 0x0, 0x1, 0xbf, 0xff, 0xff, 0xff, 0x90,
    0x0, 0x0, 0x0, 0x0, 0x0, 0x4e, 0xff, 0xfd,
    0x4f, 0xff, 0x90, 0x0, 0x0, 0x0, 0x0, 0x8,
    0xff, 0xff, 0x90, 0xf, 0xff, 0x90, 0x0, 0x0,
    0x0, 0x2, 0xdf, 0xff, 0xf5, 0x0, 0xf, 0xff,
    0x90, 0x0, 0x0, 0x0, 0x6f, 0xff, 0xfd, 0x20,
    0x0, 0xf, 0xff, 0x90, 0x0, 0x0, 0x1b, 0xff,
    0xff, 0x90, 0x0, 0x0, 0xf, 0xff, 0x90, 0x0,
    0x3, 0xef, 0xff, 0xf6, 0x0, 0x0, 0x0, 0xf,
    0xff, 0x90, 0x0, 0xe, 0xff, 0xfd, 0x20, 0x0,
    0x0, 0x0, 0xf, 0xff, 0x90, 0x0, 0x1f, 0xff,
    0xe0, 0x0, 0x0, 0x0, 0x0, 0xf, 0xff, 0x90,
    0x0, 0x2f, 0xff, 0xff, 0xff, 0xff, 0xff, 0xff,
    0xff, 0xff, 0xff, 0xf0, 0x1f, 0xff, 0xff, 0xff,
    0xff, 0xff, 0xff, 0xff, 0xff, 0xff, 0xf1, 0xa,
    0xff, 0xff, 0xff, 0xff, 0xff, 0xff, 0xff, 0xff,
    0xff, 0xf0, 0x0, 0x0, 0x0, 0x0, 0x0, 0x0,
    0x0, 0xf, 0xff, 0x90, 0x0, 0x0, 0x0, 0x0,
    0x0, 0x0, 0x0, 0x0, 0xf, 0xff, 0x90, 0x0,
    0x0, 0x0, 0x0, 0x0, 0x0, 0x0, 0x0, 0xe,
    0xff, 0x80, 0x0,

    /* U+0035 "5" */
    0x2d, 0xff, 0xff, 0xff, 0xff, 0xff, 0xff, 0xff,
    0xfb, 0x9, 0xff, 0xff, 0xff, 0xff, 0xff, 0xff,
    0xff, 0xff, 0xd0, 0xaf, 0xff, 0xff, 0xff, 0xff,
    0xff, 0xff, 0xff, 0xfc, 0xb, 0xff, 0xe2, 0x22,
    0x22, 0x22, 0x22, 0x22, 0x22, 0x10, 0xbf, 0xfe,
    0x0, 0x0, 0x0, 0x0, 0x0, 0x0, 0x0, 0xb,
    0xff, 0xe0, 0x0, 0x0, 0x0, 0x0, 0x0, 0x0,
    0x0, 0xbf, 0xfe, 0x0, 0x0, 0x0, 0x0, 0x0,
    0x0, 0x0, 0xa, 0xff, 0xfb, 0xbb, 0xbb, 0xbb,
    0xbb, 0xbb, 0x93, 0x0, 0x9f, 0xff, 0xff, 0xff,
    0xff, 0xff, 0xff, 0xff, 0xf7, 0x2, 0xdf, 0xff,
    0xff, 0xff, 0xff, 0xff, 0xff, 0xff, 0xf1, 0x0,
    0x0, 0x0, 0x0, 0x0, 0x0, 0x0, 0x6f, 0xff,
    0x50, 0x0, 0x0, 0x0, 0x0, 0x0, 0x0, 0x1,
    0xff, 0xf6, 0x0, 0x0, 0x0, 0x0, 0x0, 0x0,
    0x0, 0x2f, 0xff, 0x70, 0x22, 0x22, 0x22, 0x22,
    0x22, 0x22, 0x28, 0xff, 0xf6, 0xaf, 0xff, 0xff,
    0xff, 0xff, 0xff, 0xff, 0xff, 0xff, 0x3a, 0xff,
    0xff, 0xff, 0xff, 0xff, 0xff, 0xff, 0xff, 0xb0,
    0x9f, 0xff, 0xff, 0xff, 0xff, 0xff, 0xff, 0xfd,
    0x80, 0x0,

    /* U+0036 "6" */
    0x0, 0x7, 0xbe, 0xff, 0xff, 0xff, 0xff, 0xff,
    0xfc, 0x0, 0x2d, 0xff, 0xff, 0xff, 0xff, 0xff,
    0xff, 0xff, 0xd0, 0xc, 0xff, 0xff, 0xff, 0xff,
    0xff, 0xff, 0xff, 0xfd, 0x3, 0xff, 0xfe, 0x62,
    0x22, 0x22, 0x22, 0x22, 0x22, 0x10, 0x7f, 0xff,
    0x40, 0x0, 0x0, 0x0, 0x0, 0x0, 0x0, 0x8,
    0xff, 0xf0, 0x0, 0x0, 0x0, 0x0, 0x0, 0x0,
    0x0, 0x9f, 0xff, 0x0, 0x0, 0x0, 0x0, 0x0,
    0x0, 0x0, 0x9, 0xff, 0xf9, 0x99, 0x99, 0x99,
    0x99, 0x99, 0x73, 0x0, 0x9f, 0xff, 0xff, 0xff,
    0xff, 0xff, 0xff, 0xff, 0xf8, 0x9, 0xff, 0xff,
    0xff, 0xff, 0xff, 0xff, 0xff, 0xff, 0xf2, 0x9f,
    0xff, 0x0, 0x0, 0x0, 0x0, 0x0, 0x5f, 0xff,
    0x58, 0xff, 0xf0, 0x0, 0x0, 0x0, 0x0, 0x0,
    0xff, 0xf7, 0x7f, 0xff, 0x30, 0x0, 0x0, 0x0,
    0x0, 0xf, 0xff, 0x73, 0xff, 0xfd, 0x41, 0x11,
    0x11, 0x11, 0x16, 0xff, 0xf6, 0xc, 0xff, 0xff,
    0xff, 0xff, 0xff, 0xff, 0xff, 0xff, 0x30, 0x2e,
    0xff, 0xff, 0xff, 0xff, 0xff, 0xff, 0xff, 0xc0,
    0x0, 0x17, 0xce, 0xff, 0xff, 0xff, 0xff, 0xfe,
    0x91, 0x0,

    /* U+0037 "7" */
    0x6f, 0xff, 0xff, 0xff, 0xff, 0xff, 0xff, 0xff,
    0xff, 0xa0, 0x7f, 0xff, 0xff, 0xff, 0xff, 0xff,
    0xff, 0xff, 0xff, 0xf0, 0x5f, 0xff, 0xff, 0xff,
    0xff, 0xff, 0xff, 0xff, 0xff, 0xf1, 0x0, 0x0,
    0x0, 0x0, 0x0, 0x0, 0x0, 0xe, 0xff, 0xf0,
    0x0, 0x0, 0x0, 0x0, 0x0, 0x0, 0x0, 0xaf,
    0xff, 0xc0, 0x0, 0x0, 0x0, 0x0, 0x0, 0x0,
    0xa, 0xff, 0xfe, 0x20, 0x0, 0x0, 0x0, 0x0,
    0x0, 0x0, 0x9f, 0xff, 0xf3, 0x0, 0x0, 0x0,
    0x0, 0x0, 0x0, 0x8, 0xff, 0xff, 0x30, 0x0,
    0x0, 0x0, 0x0, 0x0, 0x0, 0x6f, 0xff, 0xf4,
    0x0, 0x0, 0x0, 0x0, 0x0, 0x0, 0x6, 0xff,
    0xff, 0x50, 0x0, 0x0, 0x0, 0x0, 0x0, 0x0,
    0x5f, 0xff, 0xf7, 0x0, 0x0, 0x0, 0x0, 0x0,
    0x0, 0x4, 0xff, 0xff, 0x80, 0x0, 0x0, 0x0,
    0x0, 0x0, 0x0, 0x3f, 0xff, 0xf9, 0x0, 0x0,
    0x0, 0x0, 0x0, 0x0, 0x2, 0xef, 0xff, 0xa0,
    0x0, 0x0, 0x0, 0x0, 0x0, 0x0, 0x2e, 0xff,
    0xfb, 0x0, 0x0, 0x0, 0x0, 0x0, 0x0, 0x1,
    0xdf, 0xff, 0xc0, 0x0, 0x0, 0x0, 0x0, 0x0,
    0x0, 0xb, 0xff, 0xfc, 0x10, 0x0, 0x0, 0x0,
    0x0, 0x0,

    /* U+0038 "8" */
    0x1, 0x8d, 0xff, 0xff, 0xff, 0xff, 0xff, 0xff,
    0xc6, 0x0, 0xc, 0xff, 0xff, 0xff, 0xff, 0xff,
    0xff, 0xff, 0xff, 0x70, 0x4f, 0xff, 0xff, 0xff,
    0xff, 0xff, 0xff, 0xff, 0xff, 0xf0, 0x7f, 0xff,
    0x92, 0x22, 0x22, 0x22, 0x22, 0x3c, 0xff, 0xf2,
    0x7f, 0xff, 0x0, 0x0, 0x0, 0x0, 0x0, 0x5,
    0xff, 0xf2, 0x7f, 0xff, 0x0, 0x0, 0x0, 0x0,
    0x0, 0x4, 0xff, 0xf2, 0x5f, 0xff, 0x20, 0x0,
    0x0, 0x0, 0x0, 0x7, 0xff, 0xf0, 0xe, 0xff,
    0xe9, 0x88, 0x88, 0x88, 0x88, 0xaf, 0xff, 0xa0,
    0x4, 0xff, 0xff, 0xff, 0xff, 0xff, 0xff, 0xff,
    0xfe, 0x10, 0x1e, 0xff, 0xff, 0xff, 0xff, 0xff,
    0xff, 0xff, 0xff, 0xa0, 0x7f, 0xff, 0x60, 0x0,
    0x0, 0x0, 0x0, 0x1a, 0xff, 0xf2, 0x9f, 0xff,
    0x0, 0x0, 0x0, 0x0, 0x0, 0x4, 0xff, 0xf4,
    0x9f, 0xff, 0x0, 0x0, 0x0, 0x0, 0x0, 0x4,
    0xff, 0xf4, 0x8f, 0xff, 0x72, 0x22, 0x22, 0x22,
    0x22, 0x3b, 0xff, 0xf3, 0x6f, 0xff, 0xff, 0xff,
    0xff, 0xff, 0xff, 0xff, 0xff, 0xf1, 0x1e, 0xff,
    0xff, 0xff, 0xff, 0xff, 0xff, 0xff, 0xff, 0xa0,
    0x2, 0xae, 0xff, 0xff, 0xff, 0xff, 0xff, 0xff,
    0xd7, 0x0,

    /* U+0039 "9" */
    0x1, 0x9d, 0xff, 0xff, 0xff, 0xff, 0xfe, 0xb5,
    0x0, 0x0, 0xdf, 0xff, 0xff, 0xff, 0xff, 0xff,
    0xff, 0xfc, 0x0, 0x6f, 0xff, 0xff, 0xff, 0xff,
    0xff, 0xff, 0xff, 0xfa, 0x9, 0xff, 0xf3, 0x0,
    0x0, 0x0, 0x1, 0x5e, 0xff, 0xf1, 0xaf, 0xfd,
    0x0, 0x0, 0x0, 0x0, 0x0, 0x6f, 0xff, 0x4b,
    0xff, 0xd0, 0x0, 0x0, 0x0, 0x0, 0x2, 0xff,
    0xf6, 0xaf, 0xfe, 0x0, 0x0, 0x0, 0x0, 0x0,
    0x1f, 0xff, 0x67, 0xff, 0xfc, 0x99, 0x99, 0x99,
    0x99, 0x9a, 0xff, 0xf7, 0x1e, 0xff, 0xff, 0xff,
    0xff, 0xff, 0xff, 0xff, 0xff, 0x70, 0x2a, 0xef,
    0xff, 0xff, 0xff, 0xff, 0xff, 0xff, 0xf7, 0x0,
    0x0, 0x0, 0x0, 0x0, 0x0, 0x0, 0x1f, 0xff,
    0x60, 0x0, 0x0, 0x0, 0x0, 0x0, 0x0, 0x2,
    0xff, 0xf6, 0x0, 0x0, 0x0, 0x0, 0x0, 0x0,
    0x0, 0x6f, 0xff, 0x40, 0x22, 0x22, 0x22, 0x22,
    0x22, 0x23, 0x7e, 0xff, 0xf1, 0x1f, 0xff, 0xff,
    0xff, 0xff, 0xff, 0xff, 0xff, 0xfa, 0x1, 0xff,
    0xff, 0xff, 0xff, 0xff, 0xff, 0xff, 0xfc, 0x10,
    0x1f, 0xff, 0xff, 0xff, 0xff, 0xff, 0xfe, 0xb6,
    0x0, 0x0,

    /* U+003A ":" */
    0x14, 0x53, 0x8f, 0xfe, 0x8f, 0xfe, 0x7f, 0xfd,
    0x0, 0x0, 0x0, 0x0, 0x0, 0x0, 0x15, 0x53,
    0x8f, 0xfe, 0x8f, 0xfe, 0x7f, 0xfd,

    /* U+003B ";" */
    0x14, 0x53, 0x8f, 0xfe, 0x8f, 0xfe, 0x7f, 0xfd,
    0x0, 0x0, 0x0, 0x0, 0x0, 0x0, 0x15, 0x54,
    0x8f, 0xfe, 0x8f, 0xfe, 0x7f, 0xfe, 0xa, 0xfb,
    0xd, 0xf6, 0xf, 0xf2, 0x2f, 0xc0,

    /* U+003C "<" */
    0x0, 0x0, 0x0, 0x0, 0x0, 0x2, 0x30, 0x0,
    0x0, 0x0, 0x1, 0x7d, 0xfb, 0x0, 0x0, 0x0,
    0x5b, 0xff, 0xff, 0x90, 0x0, 0x4a, 0xff, 0xff,
    0xe9, 0x30, 0x18, 0xef, 0xff, 0xfa, 0x50, 0x0,
    0xd, 0xff, 0xfc, 0x61, 0x0, 0x0, 0x0, 0xff,
    0xd2, 0x0, 0x0, 0x0, 0x0, 0xe, 0xff, 0xc6,
    0x0, 0x0, 0x0, 0x0, 0x6e, 0xff, 0xff, 0xa4,
    0x0, 0x0, 0x0, 0x4, 0xaf, 0xff, 0xfe, 0x93,
    0x0, 0x0, 0x0, 0x5, 0xbf, 0xff, 0xfd, 0x50,
    0x0, 0x0, 0x0, 0x17, 0xdf, 0xfb, 0x0, 0x0,
    0x0, 0x0, 0x0, 0x38, 0x70,

    /* U+003D "=" */
    0xff, 0xff, 0xff, 0xff, 0xff, 0xff, 0xaf, 0xff,
    0xff, 0xff, 0xff, 0xff, 0xfb, 0x34, 0x44, 0x44,
    0x44, 0x44, 0x44, 0x20, 0x0, 0x0, 0x0, 0x0,
    0x0, 0x0, 0x0, 0x0, 0x0, 0x0, 0x0, 0x0,
    0x3, 0x44, 0x44, 0x44, 0x44, 0x44, 0x42, 0xff,
    0xff, 0xff, 0xff, 0xff, 0xff, 0xbf, 0xff, 0xff,
    0xff, 0xff, 0xff, 0xfa,

    /* U+003E ">" */
    0x5, 0x10, 0x0, 0x0, 0x0, 0x0, 0x0, 0xf,
    0xfb, 0x50, 0x0, 0x0, 0x0, 0x0, 0xe, 0xff,
    0xff, 0x93, 0x0, 0x0, 0x0, 0x0, 0x5b, 0xff,
    0xff, 0xd8, 0x20, 0x0, 0x0, 0x0, 0x17, 0xcf,
    0xff, 0xfc, 0x60, 0x0, 0x0, 0x0, 0x2, 0x8d,
    0xff, 0xf8, 0x0, 0x0, 0x0, 0x0, 0x0, 0x4f,
    0xfb, 0x0, 0x0, 0x0, 0x0, 0x28, 0xdf, 0xfa,
    0x0, 0x0, 0x1, 0x6c, 0xff, 0xff, 0xc3, 0x0,
    0x5, 0xbf, 0xff, 0xfe, 0x82, 0x0, 0x9, 0xff,
    0xff, 0xf9, 0x40, 0x0, 0x0, 0xf, 0xff, 0xb5,
    0x0, 0x0, 0x0, 0x0, 0xb, 0x71, 0x0, 0x0,
    0x0, 0x0, 0x0,

    /* U+003F "?" */
    0x3f, 0xff, 0xff, 0xff, 0xff, 0xff, 0xc3, 0x4,
    0xff, 0xff, 0xff, 0xff, 0xff, 0xff, 0xe0, 0x3f,
    0xff, 0xff, 0xff, 0xff, 0xff, 0xff, 0x30, 0x0,
    0x0, 0x0, 0x0, 0x4, 0xff, 0xf5, 0x0, 0x0,
    0x0, 0x0, 0x0, 0x2f, 0xff, 0x50, 0x0, 0x0,
    0x0, 0x0, 0x6, 0xff, 0xf3, 0x0, 0x0, 0x0,
    0x0, 0x2a, 0xff, 0xfd, 0x0, 0x0, 0x0, 0x1,
    0x9f, 0xff, 0xfc, 0x20, 0x0, 0x0, 0x5, 0xff,
    0xff, 0xc5, 0x0, 0x0, 0x0, 0x0, 0xef, 0xfc,
    0x40, 0x0, 0x0, 0x0, 0x0, 0xf, 0xfb, 0x0,
    0x0, 0x0, 0x0, 0x0, 0x0, 0xff, 0x70, 0x0,
    0x0, 0x0, 0x0, 0x0, 0x1, 0x20, 0x0, 0x0,
    0x0, 0x0, 0x0, 0x0, 0x0, 0x0, 0x0, 0x0,
    0x0, 0x0, 0x0, 0x14, 0x53, 0x0, 0x0, 0x0,
    0x0, 0x0, 0x7, 0xff, 0xe0, 0x0, 0x0, 0x0,
    0x0, 0x0, 0x7f, 0xff, 0x0, 0x0, 0x0, 0x0,
    0x0, 0x6, 0xff, 0xd0, 0x0, 0x0, 0x0,

    /* U+0040 "@" */
    0x0, 0x8d, 0xff, 0xff, 0xff, 0xff, 0xff, 0xfc,
    0x60, 0x0, 0xcf, 0xff, 0xff, 0xff, 0xff, 0xff,
    0xff, 0xff, 0x90, 0x4f, 0xff, 0x96, 0x66, 0x66,
    0x66, 0x66, 0x9f, 0xff, 0x38, 0xff, 0x80, 0x0,
    0x0, 0x0, 0x0, 0x0, 0x4f, 0xf7, 0x9f, 0xf5,
    0x0, 0x0, 0x0, 0x0, 0x0, 0x0, 0xff, 0x89,
    0xff, 0x40, 0x0, 0x8, 0xdf, 0xff, 0xff, 0xff,
    0xf9, 0x9f, 0xf4, 0x0, 0x9, 0xff, 0xff, 0xff,
    0xff, 0xff, 0x99, 0xff, 0x40, 0x0, 0xff, 0xd2,
    0x0, 0x0, 0xf, 0xf9, 0x9f, 0xf4, 0x0, 0x1f,
    0xf8, 0x0, 0x0, 0x0, 0xff, 0x99, 0xff, 0x40,
    0x1, 0xff, 0x80, 0x0, 0x0, 0xf, 0xf9, 0x9f,
    0xf4, 0x0, 0x1f, 0xf8, 0x0, 0x0, 0x2, 0xff,
    0x89, 0xff, 0x40, 0x0, 0xff, 0xd2, 0x0, 0x1,
    0xaf, 0xf6, 0x9f, 0xf4, 0x0, 0xb, 0xff, 0xff,
    0xff, 0xff, 0xff, 0x29, 0xff, 0x40, 0x0, 0x1b,
    0xff, 0xff, 0xff, 0xfe, 0x50, 0x9f, 0xf6, 0x0,
    0x0, 0x0, 0x23, 0x33, 0x22, 0x0, 0x7, 0xff,
    0x90, 0x0, 0x0, 0x0, 0x0, 0x0, 0x0, 0x0,
    0x3f, 0xff, 0x50, 0x0, 0x0, 0x0, 0x0, 0x0,
    0x0, 0x0, 0xbf, 0xff, 0xdb, 0xbb, 0xbb, 0xbb,
    0xbb, 0xbb, 0xb4, 0x1, 0xdf, 0xff, 0xff, 0xff,
    0xff, 0xff, 0xff, 0xff, 0x70, 0x0, 0x6c, 0xef,
    0xff, 0xff, 0xff, 0xff, 0xff, 0xf6,

    /* U+0041 "A" */
    0x0, 0x0, 0x0, 0x0, 0x9, 0xff, 0xfb, 0x10,
    0x0, 0x0, 0x0, 0x0, 0x0, 0x0, 0x0, 0x0,
    0x7f, 0xff, 0xff, 0xc0, 0x0, 0x0, 0x0, 0x0,
    0x0, 0x0, 0x0, 0x1, 0xff, 0xff, 0xff, 0xf5,
    0x0, 0x0, 0x0, 0x0, 0x0, 0x0, 0x0, 0x9,
    0xff, 0xf9, 0xef, 0xfd, 0x0, 0x0, 0x0, 0x0,
    0x0, 0x0, 0x0, 0x2f, 0xff, 0xd0, 0x7f, 0xff,
    0x70, 0x0, 0x0, 0x0, 0x0, 0x0, 0x0, 0xaf,
    0xff, 0x50, 0xe, 0xff, 0xe0, 0x0, 0x0, 0x0,
    0x0, 0x0, 0x3, 0xff, 0xfd, 0x0, 0x7, 0xff,
    0xf8, 0x0, 0x0, 0x0, 0x0, 0x0, 0xb, 0xff,
    0xf5, 0x0, 0x0, 0xef, 0xff, 0x10, 0x0, 0x0,
    0x0, 0x0, 0x4f, 0xff, 0xd0, 0x0, 0x0, 0x6f,
    0xff, 0x90, 0x0, 0x0, 0x0, 0x0, 0xdf, 0xff,
    0x50, 0x0, 0x0, 0xe, 0xff, 0xf2, 0x0, 0x0,
    0x0, 0x5, 0xff, 0xfd, 0x0, 0x0, 0x0, 0x6,
    0xff, 0xfb, 0x0, 0x0, 0x0, 0xe, 0xff, 0xff,
    0xff, 0xff, 0xff, 0xff, 0xff, 0xff, 0x40, 0x0,
    0x0, 0x7f, 0xff, 0xff, 0xff, 0xff, 0xff, 0xff,
    0xff, 0xff, 0xc0, 0x0, 0x0, 0xef, 0xff, 0xcc,
    0xcc, 0xcc, 0xcc, 0xcc, 0xce, 0xff, 0xf5, 0x0,
    0x8, 0xff, 0xfa, 0x0, 0x0, 0x0, 0x0, 0x0,
    0x3, 0xff, 0xfd, 0x0, 0x1f, 0xff, 0xf2, 0x0,
    0x0, 0x0, 0x0, 0x0, 0x0, 0xaf, 0xff, 0x60,
    0x8f, 0xff, 0x80, 0x0, 0x0, 0x0, 0x0, 0x0,
    0x0, 0x1e, 0xff, 0xe0,

    /* U+0042 "B" */
    0x4f, 0xff, 0xff, 0xff, 0xff, 0xff, 0xff, 0xff,
    0xea, 0x20, 0x6f, 0xff, 0xff, 0xff, 0xff, 0xff,
    0xff, 0xff, 0xff, 0xe1, 0x6f, 0xff, 0xff, 0xff,
    0xff, 0xff, 0xff, 0xff, 0xff, 0xf7, 0x6f, 0xff,
    0x74, 0x44, 0x44, 0x44, 0x44, 0x49, 0xff, 0xfa,
    0x6f, 0xff, 0x40, 0x0, 0x0, 0x0, 0x0, 0x0,
    0xef, 0xfa, 0x6f, 0xff, 0x40, 0x0, 0x0, 0x0,
    0x0, 0x0, 0xdf, 0xfa, 0x6f, 0xff, 0x40, 0x0,
    0x0, 0x0, 0x0, 0x0, 0xff, 0xf8, 0x6f, 0xff,
    0xa9, 0x99, 0x99, 0x99, 0x99, 0x9d, 0xff, 0xf2,
    0x6f, 0xff, 0xff, 0xff, 0xff, 0xff, 0xff, 0xff,
    0xff, 0x70, 0x6f, 0xff, 0xff, 0xff, 0xff, 0xff,
    0xff, 0xff, 0xff, 0xf3, 0x6f, 0xff, 0x40, 0x0,
    0x0, 0x0, 0x0, 0x4, 0xff, 0xfa, 0x6f, 0xff,
    0x40, 0x0, 0x0, 0x0, 0x0, 0x0, 0xdf, 0xfc,
    0x6f, 0xff, 0x40, 0x0, 0x0, 0x0, 0x0, 0x0,
    0xdf, 0xfc, 0x6f, 0xff, 0x74, 0x44, 0x44, 0x44,
    0x44, 0x48, 0xff, 0xfb, 0x6f, 0xff, 0xff, 0xff,
    0xff, 0xff, 0xff, 0xff, 0xff, 0xf9, 0x6f, 0xff,
    0xff, 0xff, 0xff, 0xff, 0xff, 0xff, 0xff, 0xf2,
    0x4f, 0xff, 0xff, 0xff, 0xff, 0xff, 0xff, 0xff,
    0xeb, 0x30,

    /* U+0043 "C" */
    0x0, 0x7, 0xbe, 0xff, 0xff, 0xff, 0xff, 0xff,
    0xff, 0x60, 0x2d, 0xff, 0xff, 0xff, 0xff, 0xff,
    0xff, 0xff, 0xf7, 0xc, 0xff, 0xff, 0xff, 0xff,
    0xff, 0xff, 0xff, 0xff, 0x73, 0xff, 0xff, 0xa6,
    0x66, 0x66, 0x66, 0x66, 0x66, 0x61, 0x7f, 0xff,
    0x70, 0x0, 0x0, 0x0, 0x0, 0x0, 0x0, 0x8,
    0xff, 0xf2, 0x0, 0x0, 0x0, 0x0, 0x0, 0x0,
    0x0, 0x9f, 0xff, 0x10, 0x0, 0x0, 0x0, 0x0,
    0x0, 0x0, 0x9, 0xff, 0xf1, 0x0, 0x0, 0x0,
    0x0, 0x0, 0x0, 0x0, 0x9f, 0xff, 0x10, 0x0,
    0x0, 0x0, 0x0, 0x0, 0x0, 0x9, 0xff, 0xf1,
    0x0, 0x0, 0x0, 0x0, 0x0, 0x0, 0x0, 0x9f,
    0xff, 0x10, 0x0, 0x0, 0x0, 0x0, 0x0, 0x0,
    0x8, 0xff, 0xf2, 0x0, 0x0, 0x0, 0x0, 0x0,
    0x0, 0x0, 0x7f, 0xff, 0x80, 0x0, 0x0, 0x0,
    0x0, 0x0, 0x0, 0x3, 0xff, 0xff, 0xa6, 0x55,
    0x55, 0x55, 0x55, 0x55, 0x51, 0xc, 0xff, 0xff,
    0xff, 0xff, 0xff, 0xff, 0xff, 0xff, 0x70, 0x2e,
    0xff, 0xff, 0xff, 0xff, 0xff, 0xff, 0xff, 0xf7,
    0x0, 0x17, 0xce, 0xff, 0xff, 0xff, 0xff, 0xff,
    0xff, 0x60,

    /* U+0044 "D" */
    0x4f, 0xff, 0xff, 0xff, 0xff, 0xff, 0xff, 0xda,
    0x50, 0x0, 0x6f, 0xff, 0xff, 0xff, 0xff, 0xff,
    0xff, 0xff, 0xfc, 0x10, 0x6f, 0xff, 0xff, 0xff,
    0xff, 0xff, 0xff, 0xff, 0xff, 0xc0, 0x6f, 0xff,
    0x74, 0x44, 0x44, 0x44, 0x46, 0x9f, 0xff, 0xf5,
    0x6f, 0xff, 0x40, 0x0, 0x0, 0x0, 0x0, 0x5,
    0xff, 0xf9, 0x6f, 0xff, 0x40, 0x0, 0x0, 0x0,
    0x0, 0x0, 0xff, 0xfc, 0x6f, 0xff, 0x40, 0x0,
    0x0, 0x0, 0x0, 0x0, 0xdf, 0xfd, 0x6f, 0xff,
    0x40, 0x0, 0x0, 0x0, 0x0, 0x0, 0xcf, 0xfe,
    0x6f, 0xff, 0x40, 0x0, 0x0, 0x0, 0x0, 0x0,
    0xcf, 0xfe, 0x6f, 0xff, 0x40, 0x0, 0x0, 0x0,
    0x0, 0x0, 0xcf, 0xfe, 0x6f, 0xff, 0x40, 0x0,
    0x0, 0x0, 0x0, 0x0, 0xdf, 0xfd, 0x6f, 0xff,
    0x40, 0x0, 0x0, 0x0, 0x0, 0x0, 0xff, 0xfc,
    0x6f, 0xff, 0x40, 0x0, 0x0, 0x0, 0x0, 0x5,
    0xff, 0xf9, 0x6f, 0xff, 0x74, 0x44, 0x44, 0x44,
    0x45, 0x9f, 0xff, 0xf5, 0x6f, 0xff, 0xff, 0xff,
    0xff, 0xff, 0xff, 0xff, 0xff, 0xc0, 0x6f, 0xff,
    0xff, 0xff, 0xff, 0xff, 0xff, 0xff, 0xfc, 0x10,
    0x4f, 0xff, 0xff, 0xff, 0xff, 0xff, 0xff, 0xda,
    0x50, 0x0,

    /* U+0045 "E" */
    0x0, 0x7, 0xbe, 0xff, 0xff, 0xff, 0xff, 0xff,
    0xff, 0x20, 0x2d, 0xff, 0xff, 0xff, 0xff, 0xff,
    0xff, 0xff, 0xf3, 0xc, 0xff, 0xff, 0xff, 0xff,
    0xff, 0xff, 0xff, 0xff, 0x33, 0xff, 0xff, 0x95,
    0x44, 0x44, 0x44, 0x44, 0x44, 0x40, 0x7f, 0xff,
    0x60, 0x0, 0x0, 0x0, 0x0, 0x0, 0x0, 0x8,
    0xff, 0xf1, 0x0, 0x0, 0x0, 0x0, 0x0, 0x0,
    0x0, 0x9f, 0xff, 0x0, 0x0, 0x0, 0x0, 0x0,
    0x0, 0x0, 0x9, 0xff, 0xfe, 0xee, 0xee, 0xee,
    0xee, 0xee, 0xee, 0xd0, 0x9f, 0xff, 0xff, 0xff,
    0xff, 0xff, 0xff, 0xff, 0xff, 0x19, 0xff, 0xff,
    0xff, 0xff, 0xff, 0xff, 0xff, 0xff, 0xf0, 0x9f,
    0xff, 0x0, 0x0, 0x0, 0x0, 0x0, 0x0, 0x0,
    0x8, 0xff, 0xf0, 0x0, 0x0, 0x0, 0x0, 0x0,
    0x0, 0x0, 0x7f, 0xff, 0x50, 0x0, 0x0, 0x0,
    0x0, 0x0, 0x0, 0x3, 0xff, 0xff, 0x85, 0x44,
    0x44, 0x44, 0x44, 0x44, 0x40, 0xc, 0xff, 0xff,
    0xff, 0xff, 0xff, 0xff, 0xff, 0xff, 0x30, 0x2e,
    0xff, 0xff, 0xff, 0xff, 0xff, 0xff, 0xff, 0xf3,
    0x0, 0x17, 0xce, 0xff, 0xff, 0xff, 0xff, 0xff,
    0xff, 0x20,

    /* U+0046 "F" */
    0x0, 0x7, 0xbe, 0xff, 0xff, 0xff, 0xff, 0xff,
    0xff, 0x20, 0x2d, 0xff, 0xff, 0xff, 0xff, 0xff,
    0xff, 0xff, 0xf3, 0xc, 0xff, 0xff, 0xff, 0xff,
    0xff, 0xff, 0xff, 0xff, 0x33, 0xff, 0xff, 0x95,
    0x44, 0x44, 0x44, 0x44, 0x44, 0x40, 0x7f, 0xff,
    0x60, 0x0, 0x0, 0x0, 0x0, 0x0, 0x0, 0x8,
    0xff, 0xf2, 0x0, 0x0, 0x0, 0x0, 0x0, 0x0,
    0x0, 0x9f, 0xff, 0x10, 0x0, 0x0, 0x0, 0x0,
    0x0, 0x0, 0x9, 0xff, 0xfe, 0xee, 0xee, 0xee,
    0xee, 0xee, 0xee, 0xe0, 0x9f, 0xff, 0xff, 0xff,
    0xff, 0xff, 0xff, 0xff, 0xff, 0x19, 0xff, 0xff,
    0xff, 0xff, 0xff, 0xff, 0xff, 0xff, 0xf0, 0x9f,
    0xff, 0x10, 0x0, 0x0, 0x0, 0x0, 0x0, 0x0,
    0x9, 0xff, 0xf1, 0x0, 0x0, 0x0, 0x0, 0x0,
    0x0, 0x0, 0x9f, 0xff, 0x10, 0x0, 0x0, 0x0,
    0x0, 0x0, 0x0, 0x9, 0xff, 0xf1, 0x0, 0x0,
    0x0, 0x0, 0x0, 0x0, 0x0, 0x9f, 0xff, 0x10,
    0x0, 0x0, 0x0, 0x0, 0x0, 0x0, 0x9, 0xff,
    0xf1, 0x0, 0x0, 0x0, 0x0, 0x0, 0x0, 0x0,
    0x8f, 0xff, 0x0, 0x0, 0x0, 0x0, 0x0, 0x0,
    0x0, 0x0,

    /* U+0047 "G" */
    0x0, 0x7, 0xbe, 0xff, 0xff, 0xff, 0xff, 0xff,
    0xff, 0xfb, 0x2, 0xdf, 0xff, 0xff, 0xff, 0xff,
    0xff, 0xff, 0xff, 0xfd, 0xc, 0xff, 0xff, 0xff,
    0xff, 0xff, 0xff, 0xff, 0xff, 0xfc, 0x3f, 0xff,
    0xfa, 0x66, 0x66, 0x66, 0x66, 0x66, 0x66, 0x63,
    0x7f, 0xff, 0x70, 0x0, 0x0, 0x0, 0x0, 0x0,
    0x0, 0x0, 0x8f, 0xff, 0x20, 0x0, 0x0, 0x0,
    0x0, 0x0, 0x0, 0x0, 0x9f, 0xff, 0x10, 0x0,
    0x0, 0x0, 0x0, 0x0, 0x0, 0x0, 0x9f, 0xff,
    0x10, 0x0, 0x5d, 0xee, 0xee, 0xee, 0xee, 0xe8,
    0x9f, 0xff, 0x10, 0x0, 0x7f, 0xff, 0xff, 0xff,
    0xff, 0xfc, 0x9f, 0xff, 0x10, 0x0, 0x6f, 0xff,
    0xff, 0xff, 0xff, 0xfc, 0x9f, 0xff, 0x10, 0x0,
    0x0, 0x0, 0x0, 0x0, 0xaf, 0xfc, 0x8f, 0xff,
    0x20, 0x0, 0x0, 0x0, 0x0, 0x0, 0xaf, 0xfc,
    0x7f, 0xff, 0x70, 0x0, 0x0, 0x0, 0x0, 0x0,
    0xaf, 0xfc, 0x3f, 0xff, 0xf9, 0x55, 0x55, 0x55,
    0x55, 0x56, 0xef, 0xfc, 0xc, 0xff, 0xff, 0xff,
    0xff, 0xff, 0xff, 0xff, 0xff, 0xfa, 0x2, 0xef,
    0xff, 0xff, 0xff, 0xff, 0xff, 0xff, 0xff, 0xf6,
    0x0, 0x17, 0xce, 0xff, 0xff, 0xff, 0xff, 0xff,
    0xfe, 0x80,

    /* U+0048 "H" */
    0x5f, 0xff, 0x30, 0x0, 0x0, 0x0, 0x0, 0x7,
    0xff, 0xf1, 0x6f, 0xff, 0x40, 0x0, 0x0, 0x0,
    0x0, 0x8, 0xff, 0xf2, 0x6f, 0xff, 0x40, 0x0,
    0x0, 0x0, 0x0, 0x8, 0xff, 0xf2, 0x6f, 0xff,
    0x40, 0x0, 0x0, 0x0, 0x0, 0x8, 0xff, 0xf2,
    0x6f, 0xff, 0x40, 0x0, 0x0, 0x0, 0x0, 0x8,
    0xff, 0xf2, 0x6f, 0xff, 0x40, 0x0, 0x0, 0x0,
    0x0, 0x8, 0xff, 0xf2, 0x6f, 0xff, 0x40, 0x0,
    0x0, 0x0, 0x0, 0x8, 0xff, 0xf2, 0x6f, 0xff,
    0xff, 0xff, 0xff, 0xff, 0xff, 0xff, 0xff, 0xf2,
    0x6f, 0xff, 0xff, 0xff, 0xff, 0xff, 0xff, 0xff,
    0xff, 0xf2, 0x6f, 0xff, 0xff, 0xff, 0xff, 0xff,
    0xff, 0xff, 0xff, 0xf2, 0x6f, 0xff, 0x41, 0x11,
    0x11, 0x11, 0x11, 0x18, 0xff, 0xf2, 0x6f, 0xff,
    0x40, 0x0, 0x0, 0x0, 0x0, 0x8, 0xff, 0xf2,
    0x6f, 0xff, 0x40, 0x0, 0x0, 0x0, 0x0, 0x8,
    0xff, 0xf2, 0x6f, 0xff, 0x40, 0x0, 0x0, 0x0,
    0x0, 0x8, 0xff, 0xf2, 0x6f, 0xff, 0x40, 0x0,
    0x0, 0x0, 0x0, 0x8, 0xff, 0xf2, 0x6f, 0xff,
    0x40, 0x0, 0x0, 0x0, 0x0, 0x8, 0xff, 0xf2,
    0x5f, 0xff, 0x30, 0x0, 0x0, 0x0, 0x0, 0x7,
    0xff, 0xf1,

    /* U+0049 "I" */
    0x5f, 0xff, 0x36, 0xff, 0xf4, 0x6f, 0xff, 0x46,
    0xff, 0xf4, 0x6f, 0xff, 0x46, 0xff, 0xf4, 0x6f,
    0xff, 0x46, 0xff, 0xf4, 0x6f, 0xff, 0x46, 0xff,
    0xf4, 0x6f, 0xff, 0x46, 0xff, 0xf4, 0x6f, 0xff,
    0x46, 0xff, 0xf4, 0x6f, 0xff, 0x46, 0xff, 0xf4,
    0x5f, 0xff, 0x30,

    /* U+004A "J" */
    0x0, 0x0, 0x0, 0x0, 0x0, 0x0, 0x6, 0xff,
    0xf2, 0x0, 0x0, 0x0, 0x0, 0x0, 0x0, 0x7,
    0xff, 0xf3, 0x0, 0x0, 0x0, 0x0, 0x0, 0x0,
    0x7, 0xff, 0xf3, 0x0, 0x0, 0x0, 0x0, 0x0,
    0x0, 0x7, 0xff, 0xf3, 0x0, 0x0, 0x0, 0x0,
    0x0, 0x0, 0x7, 0xff, 0xf3, 0x0, 0x0, 0x0,
    0x0, 0x0, 0x0, 0x7, 0xff, 0xf3, 0x0, 0x0,
    0x0, 0x0, 0x0, 0x0, 0x7, 0xff, 0xf3, 0x0,
    0x0, 0x0, 0x0, 0x0, 0x0, 0x7, 0xff, 0xf3,
    0x0, 0x0, 0x0, 0x0, 0x0, 0x0, 0x7, 0xff,
    0xf3, 0x0, 0x0, 0x0, 0x0, 0x0, 0x0, 0x7,
    0xff, 0xf3, 0x0, 0x0, 0x0, 0x0, 0x0, 0x0,
    0x7, 0xff, 0xf2, 0x0, 0x0, 0x0, 0x0, 0x0,
    0x0, 0x9, 0xff, 0xf2, 0x0, 0x0, 0x0, 0x0,
    0x0, 0x0, 0xd, 0xff, 0xf0, 0x15, 0x55, 0x55,
    0x55, 0x55, 0x57, 0xdf, 0xff, 0xd0, 0x7f, 0xff,
    0xff, 0xff, 0xff, 0xff, 0xff, 0xff, 0x60, 0x7f,
    0xff, 0xff, 0xff, 0xff, 0xff, 0xff, 0xfa, 0x0,
    0x6f, 0xff, 0xff, 0xff, 0xff, 0xff, 0xda, 0x40,
    0x0,

    /* U+004B "K" */
    0x5f, 0xff, 0x30, 0x0, 0x0, 0x0, 0x0, 0xaf,
    0xff, 0x50, 0x6f, 0xff, 0x40, 0x0, 0x0, 0x0,
    0x6, 0xff, 0xfb, 0x0, 0x6f, 0xff, 0x40, 0x0,
    0x0, 0x0, 0x2f, 0xff, 0xe1, 0x0, 0x6f, 0xff,
    0x40, 0x0, 0x0, 0x0, 0xcf, 0xff, 0x40, 0x0,
    0x6f, 0xff, 0x40, 0x0, 0x0, 0x8, 0xff, 0xf8,
    0x0, 0x0, 0x6f, 0xff, 0x40, 0x0, 0x0, 0x4f,
    0xff, 0xc0, 0x0, 0x0, 0x6f, 0xff, 0x40, 0x0,
    0x2, 0xef, 0xfe, 0x10, 0x0, 0x0, 0x6f, 0xff,
    0xdc, 0xcc, 0xcf, 0xff, 0xf4, 0x0, 0x0, 0x0,
    0x6f, 0xff, 0xff, 0xff, 0xff, 0xff, 0x90, 0x0,
    0x0, 0x0, 0x6f, 0xff, 0xff, 0xff, 0xff, 0xff,
    0xf7, 0x0, 0x0, 0x0, 0x6f, 0xff, 0x40, 0x0,
    0x4, 0xdf, 0xff, 0x50, 0x0, 0x0, 0x6f, 0xff,
    0x40, 0x0, 0x0, 0x2e, 0xff, 0xf3, 0x0, 0x0,
    0x6f, 0xff, 0x40, 0x0, 0x0, 0x4, 0xff, 0xfd,
    0x10, 0x0, 0x6f, 0xff, 0x40, 0x0, 0x0, 0x0,
    0x7f, 0xff, 0xb0, 0x0, 0x6f, 0xff, 0x40, 0x0,
    0x0, 0x0, 0xb, 0xff, 0xf8, 0x0, 0x6f, 0xff,
    0x40, 0x0, 0x0, 0x0, 0x0, 0xdf, 0xff, 0x50,
    0x5f, 0xff, 0x30, 0x0, 0x0, 0x0, 0x0, 0x2e,
    0xff, 0xf0,

    /* U+004C "L" */
    0x6f, 0xff, 0x20, 0x0, 0x0, 0x0, 0x0, 0x0,
    0x0, 0x7f, 0xff, 0x30, 0x0, 0x0, 0x0, 0x0,
    0x0, 0x0, 0x7f, 0xff, 0x30, 0x0, 0x0, 0x0,
    0x0, 0x0, 0x0, 0x7f, 0xff, 0x30, 0x0, 0x0,
    0x0, 0x0, 0x0, 0x0, 0x7f, 0xff, 0x30, 0x0,
    0x0, 0x0, 0x0, 0x0, 0x0, 0x7f, 0xff, 0x30,
    0x0, 0x0, 0x0, 0x0, 0x0, 0x0, 0x7f, 0xff,
    0x30, 0x0, 0x0, 0x0, 0x0, 0x0, 0x0, 0x7f,
    0xff, 0x30, 0x0, 0x0, 0x0, 0x0, 0x0, 0x0,
    0x7f, 0xff, 0x30, 0x0, 0x0, 0x0, 0x0, 0x0,
    0x0, 0x7f, 0xff, 0x30, 0x0, 0x0, 0x0, 0x0,
    0x0, 0x0, 0x7f, 0xff, 0x30, 0x0, 0x0, 0x0,
    0x0, 0x0, 0x0, 0x6f, 0xff, 0x40, 0x0, 0x0,
    0x0, 0x0, 0x0, 0x0, 0x4f, 0xff, 0x90, 0x0,
    0x0, 0x0, 0x0, 0x0, 0x0, 0x1f, 0xff, 0xfb,
    0x65, 0x55, 0x55, 0x55, 0x55, 0x52, 0xa, 0xff,
    0xff, 0xff, 0xff, 0xff, 0xff, 0xff, 0xfa, 0x1,
    0xdf, 0xff, 0xff, 0xff, 0xff, 0xff, 0xff, 0xfa,
    0x0, 0x6, 0xbe, 0xff, 0xff, 0xff, 0xff, 0xff,
    0xf9,

    /* U+004D "M" */
    0xb, 0xff, 0xff, 0xc2, 0x0, 0x0, 0x0, 0x0,
    0x0, 0x4, 0xef, 0xff, 0xe7, 0x4, 0xff, 0xff,
    0xff, 0xb0, 0x0, 0x0, 0x0, 0x0, 0x0, 0xef,
    0xff, 0xff, 0xf0, 0x6f, 0xff, 0xff, 0xff, 0x20,
    0x0, 0x0, 0x0, 0x0, 0x6f, 0xff, 0xff, 0xff,
    0x16, 0xff, 0xfa, 0xff, 0xf9, 0x0, 0x0, 0x0,
    0x0, 0xd, 0xff, 0xeb, 0xff, 0xf1, 0x6f, 0xff,
    0x1c, 0xff, 0xf1, 0x0, 0x0, 0x0, 0x4, 0xff,
    0xf7, 0x7f, 0xff, 0x16, 0xff, 0xf1, 0x5f, 0xff,
    0x70, 0x0, 0x0, 0x0, 0xbf, 0xff, 0x7, 0xff,
    0xf1, 0x6f, 0xff, 0x10, 0xef, 0xfd, 0x0, 0x0,
    0x0, 0x2f, 0xff, 0x80, 0x7f, 0xff, 0x16, 0xff,
    0xf1, 0x7, 0xff, 0xf4, 0x0, 0x0, 0x8, 0xff,
    0xf2, 0x7, 0xff, 0xf1, 0x6f, 0xff, 0x10, 0x1f,
    0xff, 0xb0, 0x0, 0x0, 0xef, 0xfa, 0x0, 0x7f,
    0xff, 0x16, 0xff, 0xf1, 0x0, 0x9f, 0xff, 0x20,
    0x0, 0x6f, 0xff, 0x30, 0x7, 0xff, 0xf1, 0x6f,
    0xff, 0x10, 0x2, 0xff, 0xf9, 0x0, 0xd, 0xff,
    0xc0, 0x0, 0x7f, 0xff, 0x16, 0xff, 0xf1, 0x0,
    0xb, 0xff, 0xf0, 0x4, 0xff, 0xf5, 0x0, 0x7,
    0xff, 0xf1, 0x6f, 0xff, 0x10, 0x0, 0x3f, 0xff,
    0x60, 0xaf, 0xfe, 0x0, 0x0, 0x7f, 0xff, 0x16,
    0xff, 0xf1, 0x0, 0x0, 0xcf, 0xfd, 0x4f, 0xff,
    0x70, 0x0, 0x7, 0xff, 0xf1, 0x6f, 0xff, 0x10,
    0x0, 0x5, 0xff, 0xff, 0xff, 0xf0, 0x0, 0x0,
    0x7f, 0xff, 0x16, 0xff, 0xf1, 0x0, 0x0, 0xd,
    0xff, 0xff, 0xf7, 0x0, 0x0, 0x7, 0xff, 0xf1,
    0x5f, 0xff, 0x10, 0x0, 0x0, 0x2c, 0xff, 0xe9,
    0x0, 0x0, 0x0, 0x6f, 0xff, 0x0,

    /* U+004E "N" */
    0xa, 0xff, 0xff, 0xa0, 0x0, 0x0, 0x0, 0x0,
    0xa, 0xff, 0xc4, 0xff, 0xff, 0xff, 0xa0, 0x0,
    0x0, 0x0, 0x0, 0xbf, 0xfd, 0x6f, 0xff, 0xff,
    0xff, 0x60, 0x0, 0x0, 0x0, 0xb, 0xff, 0xd6,
    0xff, 0xfa, 0xff, 0xff, 0x30, 0x0, 0x0, 0x0,
    0xbf, 0xfd, 0x6f, 0xff, 0x37, 0xff, 0xfd, 0x0,
    0x0, 0x0, 0xb, 0xff, 0xd6, 0xff, 0xf3, 0xb,
    0xff, 0xfa, 0x0, 0x0, 0x0, 0xbf, 0xfd, 0x6f,
    0xff, 0x30, 0x1d, 0xff, 0xf6, 0x0, 0x0, 0xb,
    0xff, 0xd6, 0xff, 0xf3, 0x0, 0x3f, 0xff, 0xf3,
    0x0, 0x0, 0xbf, 0xfd, 0x6f, 0xff, 0x30, 0x0,
    0x7f, 0xff, 0xd0, 0x0, 0xb, 0xff, 0xd6, 0xff,
    0xf3, 0x0, 0x0, 0xbf, 0xff, 0xa0, 0x0, 0xbf,
    0xfd, 0x6f, 0xff, 0x30, 0x0, 0x1, 0xdf, 0xff,
    0x60, 0xb, 0xff, 0xd6, 0xff, 0xf3, 0x0, 0x0,
    0x3, 0xff, 0xff, 0x30, 0xbf, 0xfd, 0x6f, 0xff,
    0x30, 0x0, 0x0, 0x7, 0xff, 0xfd, 0xb, 0xff,
    0xd6, 0xff, 0xf3, 0x0, 0x0, 0x0, 0xb, 0xff,
    0xfb, 0xdf, 0xfd, 0x6f, 0xff, 0x30, 0x0, 0x0,
    0x0, 0x1d, 0xff, 0xff, 0xff, 0xd6, 0xff, 0xf3,
    0x0, 0x0, 0x0, 0x0, 0x3f, 0xff, 0xff, 0xfb,
    0x5f, 0xff, 0x20, 0x0, 0x0, 0x0, 0x0, 0x5e,
    0xff, 0xfd, 0x40,

    /* U+004F "O" */
    0x0, 0x7, 0xbe, 0xff, 0xff, 0xff, 0xff, 0xff,
    0xda, 0x40, 0x0, 0x2, 0xdf, 0xff, 0xff, 0xff,
    0xff, 0xff, 0xff, 0xff, 0xfa, 0x0, 0xc, 0xff,
    0xff, 0xff, 0xff, 0xff, 0xff, 0xff, 0xff, 0xff,
    0x70, 0x3f, 0xff, 0xf9, 0x54, 0x44, 0x44, 0x44,
    0x46, 0xbf, 0xff, 0xe0, 0x7f, 0xff, 0x70, 0x0,
    0x0, 0x0, 0x0, 0x0, 0xc, 0xff, 0xf1, 0x8f,
    0xff, 0x20, 0x0, 0x0, 0x0, 0x0, 0x0, 0x8,
    0xff, 0xf3, 0x9f, 0xff, 0x10, 0x0, 0x0, 0x0,
    0x0, 0x0, 0x6, 0xff, 0xf3, 0x9f, 0xff, 0x10,
    0x0, 0x0, 0x0, 0x0, 0x0, 0x6, 0xff, 0xf4,
    0x9f, 0xff, 0x10, 0x0, 0x0, 0x0, 0x0, 0x0,
    0x6, 0xff, 0xf4, 0x9f, 0xff, 0x10, 0x0, 0x0,
    0x0, 0x0, 0x0, 0x6, 0xff, 0xf4, 0x9f, 0xff,
    0x10, 0x0, 0x0, 0x0, 0x0, 0x0, 0x6, 0xff,
    0xf3, 0x8f, 0xff, 0x20, 0x0, 0x0, 0x0, 0x0,
    0x0, 0x8, 0xff, 0xf3, 0x7f, 0xff, 0x60, 0x0,
    0x0, 0x0, 0x0, 0x0, 0xc, 0xff, 0xf1, 0x3f,
    0xff, 0xf9, 0x54, 0x44, 0x44, 0x44, 0x46, 0xbf,
    0xff, 0xe0, 0xc, 0xff, 0xff, 0xff, 0xff, 0xff,
    0xff, 0xff, 0xff, 0xff, 0x70, 0x2, 0xef, 0xff,
    0xff, 0xff, 0xff, 0xff, 0xff, 0xff, 0xfb, 0x0,
    0x0, 0x17, 0xce, 0xff, 0xff, 0xff, 0xff, 0xff,
    0xda, 0x50, 0x0,

    /* U+0050 "P" */
    0x4f, 0xff, 0xff, 0xff, 0xff, 0xff, 0xff, 0xfe,
    0xa3, 0x0, 0x6f, 0xff, 0xff, 0xff, 0xff, 0xff,
    0xff, 0xff, 0xff, 0x40, 0x6f, 0xff, 0xff, 0xff,
    0xff, 0xff, 0xff, 0xff, 0xff, 0xe0, 0x6f, 0xff,
    0x74, 0x44, 0x44, 0x44, 0x44, 0x7f, 0xff, 0xf3,
    0x6f, 0xff, 0x40, 0x0, 0x0, 0x0, 0x0, 0x8,
    0xff, 0xf5, 0x6f, 0xff, 0x40, 0x0, 0x0, 0x0,
    0x0, 0x5, 0xff, 0xf5, 0x6f, 0xff, 0x40, 0x0,
    0x0, 0x0, 0x0, 0x5, 0xff, 0xf5, 0x6f, 0xff,
    0x40, 0x0, 0x0, 0x0, 0x0, 0x7, 0xff, 0xf5,
    0x6f, 0xff, 0x52, 0x22, 0x22, 0x22, 0x22, 0x5e,
    0xff, 0xf3, 0x6f, 0xff, 0xff, 0xff, 0xff, 0xff,
    0xff, 0xff, 0xff, 0xe0, 0x6f, 0xff, 0xff, 0xff,
    0xff, 0xff, 0xff, 0xff, 0xff, 0x40, 0x6f, 0xff,
    0xff, 0xff, 0xff, 0xff, 0xff, 0xfe, 0xa3, 0x0,
    0x6f, 0xff, 0x40, 0x0, 0x0, 0x0, 0x0, 0x0,
    0x0, 0x0, 0x6f, 0xff, 0x40, 0x0, 0x0, 0x0,
    0x0, 0x0, 0x0, 0x0, 0x6f, 0xff, 0x40, 0x0,
    0x0, 0x0, 0x0, 0x0, 0x0, 0x0, 0x6f, 0xff,
    0x40, 0x0, 0x0, 0x0, 0x0, 0x0, 0x0, 0x0,
    0x5f, 0xff, 0x30, 0x0, 0x0, 0x0, 0x0, 0x0,
    0x0, 0x0,

    /* U+0051 "Q" */
    0x0, 0x6, 0xbe, 0xff, 0xff, 0xff, 0xff, 0xff,
    0xda, 0x40, 0x0, 0x2, 0xdf, 0xff, 0xff, 0xff,
    0xff, 0xff, 0xff, 0xff, 0xfa, 0x0, 0xc, 0xff,
    0xff, 0xff, 0xff, 0xff, 0xff, 0xff, 0xff, 0xff,
    0x60, 0x3f, 0xff, 0xf9, 0x54, 0x44, 0x44, 0x44,
    0x46, 0xbf, 0xff, 0xd0, 0x6f, 0xff, 0x70, 0x0,
    0x0, 0x0, 0x0, 0x0, 0xd, 0xff, 0xf1, 0x8f,
    0xff, 0x20, 0x0, 0x0, 0x0, 0x0, 0x0, 0x8,
    0xff, 0xf3, 0x9f, 0xff, 0x10, 0x0, 0x0, 0x0,
    0x0, 0x0, 0x6, 0xff, 0xf3, 0x9f, 0xff, 0x10,
    0x0, 0x0, 0x0, 0x0, 0x0, 0x6, 0xff, 0xf4,
    0x9f, 0xff, 0x10, 0x0, 0x0, 0x0, 0x0, 0x0,
    0x6, 0xff, 0xf4, 0x9f, 0xff, 0x10, 0x0, 0x0,
    0x0, 0x0, 0x0, 0x6, 0xff, 0xf4, 0x9f, 0xff,
    0x10, 0x0, 0x0, 0x0, 0x0, 0x0, 0x6, 0xff,
    0xf3, 0x8f, 0xff, 0x20, 0x0, 0x0, 0x0, 0x0,
    0x0, 0x8, 0xff, 0xf3, 0x6f, 0xff, 0x70, 0x0,
    0x0, 0x0, 0x0, 0x0, 0xd, 0xff, 0xf1, 0x3f,
    0xff, 0xf9, 0x54, 0x44, 0x44, 0x44, 0x46, 0xbf,
    0xff, 0xd0, 0xc, 0xff, 0xff, 0xff, 0xff, 0xff,
    0xff, 0xff, 0xff, 0xff, 0x60, 0x2, 0xef, 0xff,
    0xff, 0xff, 0xff, 0xff, 0xff, 0xff, 0xfa, 0x0,
    0x0, 0x7, 0xbe, 0xff, 0xff, 0xff, 0xff, 0xff,
    0xea, 0x40, 0x0, 0x0, 0x0, 0x0, 0x0, 0x0,
    0x0, 0x3f, 0xff, 0xe1, 0x0, 0x0, 0x0, 0x0,
    0x0, 0x0, 0x0, 0x0, 0x6, 0xff, 0xfc, 0x0,
    0x0, 0x0, 0x0, 0x0, 0x0, 0x0, 0x0, 0x0,
    0xaf, 0xff, 0x80, 0x0, 0x0, 0x0, 0x0, 0x0,
    0x0, 0x0, 0x0, 0x1d, 0xff, 0xf3, 0x0,

    /* U+0052 "R" */
    0x4f, 0xff, 0xff, 0xff, 0xff, 0xff, 0xff, 0xfe,
    0xa3, 0x0, 0x6f, 0xff, 0xff, 0xff, 0xff, 0xff,
    0xff, 0xff, 0xff, 0x40, 0x6f, 0xff, 0xff, 0xff,
    0xff, 0xff, 0xff, 0xff, 0xff, 0xd0, 0x6f, 0xff,
    0x74, 0x44, 0x44, 0x44, 0x44, 0x7f, 0xff, 0xf2,
    0x6f, 0xff, 0x40, 0x0, 0x0, 0x0, 0x0, 0x8,
    0xff, 0xf5, 0x6f, 0xff, 0x40, 0x0, 0x0, 0x0,
    0x0, 0x5, 0xff, 0xf5, 0x6f, 0xff, 0x40, 0x0,
    0x0, 0x0, 0x0, 0x5, 0xff, 0xf5, 0x6f, 0xff,
    0x40, 0x0, 0x0, 0x0, 0x0, 0x6, 0xff, 0xf4,
    0x6f, 0xff, 0x40, 0x0, 0x0, 0x0, 0x0, 0x3d,
    0xff, 0xf1, 0x6f, 0xff, 0xff, 0xff, 0xff, 0xff,
    0xff, 0xff, 0xff, 0xb0, 0x6f, 0xff, 0xff, 0xff,
    0xff, 0xff, 0xff, 0xff, 0xfd, 0x10, 0x6f, 0xff,
    0xee, 0xee, 0xee, 0xee, 0xff, 0xff, 0x50, 0x0,
    0x6f, 0xff, 0x40, 0x0, 0x0, 0x0, 0x8f, 0xff,
    0x90, 0x0, 0x6f, 0xff, 0x40, 0x0, 0x0, 0x0,
    0xb, 0xff, 0xf6, 0x0, 0x6f, 0xff, 0x40, 0x0,
    0x0, 0x0, 0x1, 0xdf, 0xff, 0x40, 0x6f, 0xff,
    0x40, 0x0, 0x0, 0x0, 0x0, 0x2f, 0xff, 0xf2,
    0x5f, 0xff, 0x30, 0x0, 0x0, 0x0, 0x0, 0x5,
    0xff, 0xfc,

    /* U+0053 "S" */
    0x1, 0xae, 0xff, 0xff, 0xff, 0xff, 0xff, 0xff,
    0xfb, 0x1, 0xef, 0xff, 0xff, 0xff, 0xff, 0xff,
    0xff, 0xff, 0xc0, 0x7f, 0xff, 0xff, 0xff, 0xff,
    0xff, 0xff, 0xff, 0xfc, 0xa, 0xff, 0xf9, 0x44,
    0x44, 0x44, 0x44, 0x44, 0x44, 0x20, 0xbf, 0xff,
    0x0, 0x0, 0x0, 0x0, 0x0, 0x0, 0x0, 0xb,
    0xff, 0xf0, 0x0, 0x0, 0x0, 0x0, 0x0, 0x0,
    0x0, 0xaf, 0xff, 0x30, 0x0, 0x0, 0x0, 0x0,
    0x0, 0x0, 0x7, 0xff, 0xff, 0xee, 0xee, 0xee,
    0xee, 0xee, 0xc6, 0x0, 0x1e, 0xff, 0xff, 0xff,
    0xff, 0xff, 0xff, 0xff, 0xf9, 0x0, 0x1a, 0xef,
    0xff, 0xff, 0xff, 0xff, 0xff, 0xff, 0xf2, 0x0,
    0x0, 0x0, 0x0, 0x0, 0x0, 0x0, 0x8f, 0xff,
    0x50, 0x0, 0x0, 0x0, 0x0, 0x0, 0x0, 0x4,
    0xff, 0xf6, 0x0, 0x0, 0x0, 0x0, 0x0, 0x0,
    0x0, 0x4f, 0xff, 0x62, 0x44, 0x44, 0x44, 0x44,
    0x44, 0x44, 0x5b, 0xff, 0xf6, 0xaf, 0xff, 0xff,
    0xff, 0xff, 0xff, 0xff, 0xff, 0xff, 0x3b, 0xff,
    0xff, 0xff, 0xff, 0xff, 0xff, 0xff, 0xff, 0xb0,
    0x9f, 0xff, 0xff, 0xff, 0xff, 0xff, 0xff, 0xfd,
    0x80, 0x0,

    /* U+0054 "T" */
    0x6f, 0xff, 0xff, 0xff, 0xff, 0xff, 0xff, 0xff,
    0xff, 0xff, 0x57, 0xff, 0xff, 0xff, 0xff, 0xff,
    0xff, 0xff, 0xff, 0xff, 0xf6, 0x7f, 0xff, 0xff,
    0xff, 0xff, 0xff, 0xff, 0xff, 0xff, 0xff, 0x61,
    0x66, 0x66, 0x66, 0x69, 0xff, 0xf9, 0x66, 0x66,
    0x66, 0x61, 0x0, 0x0, 0x0, 0x0, 0x5f, 0xff,
    0x50, 0x0, 0x0, 0x0, 0x0, 0x0, 0x0, 0x0,
    0x5, 0xff, 0xf5, 0x0, 0x0, 0x0, 0x0, 0x0,
    0x0, 0x0, 0x0, 0x5f, 0xff, 0x50, 0x0, 0x0,
    0x0, 0x0, 0x0, 0x0, 0x0, 0x5, 0xff, 0xf5,
    0x0, 0x0, 0x0, 0x0, 0x0, 0x0, 0x0, 0x0,
    0x5f, 0xff, 0x50, 0x0, 0x0, 0x0, 0x0, 0x0,
    0x0, 0x0, 0x5, 0xff, 0xf5, 0x0, 0x0, 0x0,
    0x0, 0x0, 0x0, 0x0, 0x0, 0x5f, 0xff, 0x50,
    0x0, 0x0, 0x0, 0x0, 0x0, 0x0, 0x0, 0x5,
    0xff, 0xf5, 0x0, 0x0, 0x0, 0x0, 0x0, 0x0,
    0x0, 0x0, 0x5f, 0xff, 0x50, 0x0, 0x0, 0x0,
    0x0, 0x0, 0x0, 0x0, 0x5, 0xff, 0xf5, 0x0,
    0x0, 0x0, 0x0, 0x0, 0x0, 0x0, 0x0, 0x5f,
    0xff, 0x50, 0x0, 0x0, 0x0, 0x0, 0x0, 0x0,
    0x0, 0x5, 0xff, 0xf5, 0x0, 0x0, 0x0, 0x0,
    0x0, 0x0, 0x0, 0x0, 0x4f, 0xff, 0x40, 0x0,
    0x0, 0x0, 0x0,

    /* U+0055 "U" */
    0x6f, 0xff, 0x20, 0x0, 0x0, 0x0, 0x0, 0x0,
    0xb, 0xff, 0xd7, 0xff, 0xf3, 0x0, 0x0, 0x0,
    0x0, 0x0, 0x0, 0xcf, 0xfe, 0x7f, 0xff, 0x30,
    0x0, 0x0, 0x0, 0x0, 0x0, 0xc, 0xff, 0xe7,
    0xff, 0xf3, 0x0, 0x0, 0x0, 0x0, 0x0, 0x0,
    0xcf, 0xfe, 0x7f, 0xff, 0x30, 0x0, 0x0, 0x0,
    0x0, 0x0, 0xc, 0xff, 0xe7, 0xff, 0xf3, 0x0,
    0x0, 0x0, 0x0, 0x0, 0x0, 0xcf, 0xfe, 0x7f,
    0xff, 0x30, 0x0, 0x0, 0x0, 0x0, 0x0, 0xc,
    0xff, 0xe7, 0xff, 0xf3, 0x0, 0x0, 0x0, 0x0,
    0x0, 0x0, 0xcf, 0xfe, 0x7f, 0xff, 0x30, 0x0,
    0x0, 0x0, 0x0, 0x0, 0xc, 0xff, 0xe7, 0xff,
    0xf3, 0x0, 0x0, 0x0, 0x0, 0x0, 0x0, 0xcf,
    0xfe, 0x7f, 0xff, 0x30, 0x0, 0x0, 0x0, 0x0,
    0x0, 0xc, 0xff, 0xe6, 0xff, 0xf4, 0x0, 0x0,
    0x0, 0x0, 0x0, 0x0, 0xdf, 0xfd, 0x4f, 0xff,
    0x90, 0x0, 0x0, 0x0, 0x0, 0x0, 0x2f, 0xff,
    0xb1, 0xff, 0xff, 0xb6, 0x55, 0x55, 0x55, 0x56,
    0x8f, 0xff, 0xf8, 0xa, 0xff, 0xff, 0xff, 0xff,
    0xff, 0xff, 0xff, 0xff, 0xff, 0x20, 0x1d, 0xff,
    0xff, 0xff, 0xff, 0xff, 0xff, 0xff, 0xff, 0x50,
    0x0, 0x6, 0xbe, 0xff, 0xff, 0xff, 0xff, 0xfe,
    0xc9, 0x20, 0x0,

    /* U+0056 "V" */
    0x8f, 0xff, 0x60, 0x0, 0x0, 0x0, 0x0, 0x0,
    0x0, 0x2f, 0xff, 0xe0, 0x1f, 0xff, 0xe0, 0x0,
    0x0, 0x0, 0x0, 0x0, 0x0, 0xaf, 0xff, 0x60,
    0x8, 0xff, 0xf7, 0x0, 0x0, 0x0, 0x0, 0x0,
    0x3, 0xff, 0xfd, 0x0, 0x0, 0xef, 0xff, 0x10,
    0x0, 0x0, 0x0, 0x0, 0xb, 0xff, 0xf5, 0x0,
    0x0, 0x6f, 0xff, 0x80, 0x0, 0x0, 0x0, 0x0,
    0x3f, 0xff, 0xc0, 0x0, 0x0, 0xd, 0xff, 0xf1,
    0x0, 0x0, 0x0, 0x0, 0xcf, 0xff, 0x40, 0x0,
    0x0, 0x5, 0xff, 0xf9, 0x0, 0x0, 0x0, 0x4,
    0xff, 0xfb, 0x0, 0x0, 0x0, 0x0, 0xcf, 0xff,
    0x20, 0x0, 0x0, 0xd, 0xff, 0xf3, 0x0, 0x0,
    0x0, 0x0, 0x3f, 0xff, 0xb0, 0x0, 0x0, 0x5f,
    0xff, 0xa0, 0x0, 0x0, 0x0, 0x0, 0xa, 0xff,
    0xf3, 0x0, 0x0, 0xdf, 0xff, 0x20, 0x0, 0x0,
    0x0, 0x0, 0x2, 0xff, 0xfc, 0x0, 0x6, 0xff,
    0xf9, 0x0, 0x0, 0x0, 0x0, 0x0, 0x0, 0x9f,
    0xff, 0x40, 0xe, 0xff, 0xf1, 0x0, 0x0, 0x0,
    0x0, 0x0, 0x0, 0x1f, 0xff, 0xd0, 0x7f, 0xff,
    0x80, 0x0, 0x0, 0x0, 0x0, 0x0, 0x0, 0x8,
    0xff, 0xf9, 0xef, 0xfe, 0x0, 0x0, 0x0, 0x0,
    0x0, 0x0, 0x0, 0x0, 0xef, 0xff, 0xff, 0xf6,
    0x0, 0x0, 0x0, 0x0, 0x0, 0x0, 0x0, 0x0,
    0x5f, 0xff, 0xff, 0xd0, 0x0, 0x0, 0x0, 0x0,
    0x0, 0x0, 0x0, 0x0, 0x8, 0xef, 0xfc, 0x20,
    0x0, 0x0, 0x0, 0x0,

    /* U+0057 "W" */
    0x7f, 0xff, 0x40, 0x0, 0x0, 0x0, 0x1c, 0xff,
    0xfd, 0x20, 0x0, 0x0, 0x0, 0x2f, 0xff, 0xa3,
    0xff, 0xf9, 0x0, 0x0, 0x0, 0x7, 0xff, 0xff,
    0xf9, 0x0, 0x0, 0x0, 0x6, 0xff, 0xf6, 0xe,
    0xff, 0xe0, 0x0, 0x0, 0x0, 0xcf, 0xff, 0xff,
    0xe0, 0x0, 0x0, 0x0, 0xbf, 0xff, 0x10, 0x9f,
    0xff, 0x30, 0x0, 0x0, 0x2f, 0xff, 0xaf, 0xff,
    0x40, 0x0, 0x0, 0xf, 0xff, 0xc0, 0x4, 0xff,
    0xf8, 0x0, 0x0, 0x7, 0xff, 0xf1, 0xdf, 0xf9,
    0x0, 0x0, 0x4, 0xff, 0xf7, 0x0, 0xf, 0xff,
    0xc0, 0x0, 0x0, 0xcf, 0xfb, 0x8, 0xff, 0xe0,
    0x0, 0x0, 0x9f, 0xff, 0x20, 0x0, 0xaf, 0xff,
    0x10, 0x0, 0x1f, 0xff, 0x60, 0x3f, 0xff, 0x40,
    0x0, 0xe, 0xff, 0xd0, 0x0, 0x6, 0xff, 0xf6,
    0x0, 0x6, 0xff, 0xf1, 0x0, 0xdf, 0xf9, 0x0,
    0x2, 0xff, 0xf8, 0x0, 0x0, 0x1f, 0xff, 0xa0,
    0x0, 0xbf, 0xfb, 0x0, 0x8, 0xff, 0xe0, 0x0,
    0x7f, 0xff, 0x30, 0x0, 0x0, 0xcf, 0xff, 0x0,
    0x1f, 0xff, 0x60, 0x0, 0x3f, 0xff, 0x40, 0xb,
    0xff, 0xe0, 0x0, 0x0, 0x7, 0xff, 0xf4, 0x6,
    0xff, 0xf1, 0x0, 0x0, 0xef, 0xf9, 0x0, 0xff,
    0xf9, 0x0, 0x0, 0x0, 0x2f, 0xff, 0x90, 0xbf,
    0xfb, 0x0, 0x0, 0x9, 0xff, 0xe0, 0x5f, 0xff,
    0x40, 0x0, 0x0, 0x0, 0xdf, 0xfd, 0xf, 0xff,
    0x60, 0x0, 0x0, 0x3f, 0xff, 0x49, 0xff, 0xe0,
    0x0, 0x0, 0x0, 0x9, 0xff, 0xfa, 0xff, 0xf1,
    0x0, 0x0, 0x0, 0xef, 0xfb, 0xef, 0xfa, 0x0,
    0x0, 0x0, 0x0, 0x4f, 0xff, 0xff, 0xfc, 0x0,
    0x0, 0x0, 0x9, 0xff, 0xff, 0xff, 0x50, 0x0,
    0x0, 0x0, 0x0, 0xef, 0xff, 0xff, 0x60, 0x0,
    0x0, 0x0, 0x3f, 0xff, 0xff, 0xf0, 0x0, 0x0,
    0x0, 0x0, 0x5, 0xff, 0xff, 0xb0, 0x0, 0x0,
    0x0, 0x0, 0xaf, 0xff, 0xf6, 0x0, 0x0, 0x0,

    /* U+0058 "X" */
    0xa, 0xff, 0xfb, 0x0, 0x0, 0x0, 0x0, 0x0,
    0xbf, 0xff, 0x70, 0x0, 0xcf, 0xff, 0xa0, 0x0,
    0x0, 0x0, 0xb, 0xff, 0xfa, 0x0, 0x0, 0x1d,
    0xff, 0xf9, 0x0, 0x0, 0x0, 0xbf, 0xff, 0xa0,
    0x0, 0x0, 0x1, 0xdf, 0xff, 0x80, 0x0, 0xb,
    0xff, 0xfb, 0x0, 0x0, 0x0, 0x0, 0x1d, 0xff,
    0xf7, 0x0, 0xbf, 0xff, 0xb0, 0x0, 0x0, 0x0,
    0x0, 0x1, 0xef, 0xff, 0x6a, 0xff, 0xfb, 0x0,
    0x0, 0x0, 0x0, 0x0, 0x0, 0x2e, 0xff, 0xff,
    0xff, 0xc0, 0x0, 0x0, 0x0, 0x0, 0x0, 0x0,
    0x2, 0xef, 0xff, 0xfc, 0x0, 0x0, 0x0, 0x0,
    0x0, 0x0, 0x0, 0x1, 0xdf, 0xff, 0xf7, 0x0,
    0x0, 0x0, 0x0, 0x0, 0x0, 0x0, 0x1d, 0xff,
    0xff, 0xff, 0x60, 0x0, 0x0, 0x0, 0x0, 0x0,
    0x0, 0xcf, 0xff, 0xaf, 0xff, 0xf5, 0x0, 0x0,
    0x0, 0x0, 0x0, 0xc, 0xff, 0xf8, 0x5, 0xff,
    0xff, 0x40, 0x0, 0x0, 0x0, 0x0, 0xbf, 0xff,
    0x90, 0x0, 0x5f, 0xff, 0xf3, 0x0, 0x0, 0x0,
    0xb, 0xff, 0xfa, 0x0, 0x0, 0x6, 0xff, 0xff,
    0x30, 0x0, 0x0, 0xaf, 0xff, 0xb0, 0x0, 0x0,
    0x0, 0x7f, 0xff, 0xe2, 0x0, 0x9, 0xff, 0xfb,
    0x0, 0x0, 0x0, 0x0, 0x8, 0xff, 0xfe, 0x20,
    0x6f, 0xff, 0xc0, 0x0, 0x0, 0x0, 0x0, 0x0,
    0x9f, 0xff, 0xd0,

    /* U+0059 "Y" */
    0x8f, 0xff, 0x80, 0x0, 0x0, 0x0, 0x0, 0x0,
    0xd, 0xff, 0xf1, 0xd, 0xff, 0xf4, 0x0, 0x0,
    0x0, 0x0, 0x0, 0xaf, 0xff, 0x60, 0x2, 0xff,
    0xfe, 0x10, 0x0, 0x0, 0x0, 0x6, 0xff, 0xfa,
    0x0, 0x0, 0x5f, 0xff, 0xb0, 0x0, 0x0, 0x0,
    0x2f, 0xff, 0xd0, 0x0, 0x0, 0x9, 0xff, 0xf7,
    0x0, 0x0, 0x0, 0xdf, 0xff, 0x20, 0x0, 0x0,
    0x0, 0xdf, 0xff, 0x30, 0x0, 0x9, 0xff, 0xf5,
    0x0, 0x0, 0x0, 0x0, 0x2f, 0xff, 0xd0, 0x0,
    0x5f, 0xff, 0x90, 0x0, 0x0, 0x0, 0x0, 0x5,
    0xff, 0xfa, 0x2, 0xff, 0xfc, 0x0, 0x0, 0x0,
    0x0, 0x0, 0x0, 0x9f, 0xff, 0x6c, 0xff, 0xe2,
    0x0, 0x0, 0x0, 0x0, 0x0, 0x0, 0xd, 0xff,
    0xff, 0xff, 0x40, 0x0, 0x0, 0x0, 0x0, 0x0,
    0x0, 0x2, 0xff, 0xff, 0xf8, 0x0, 0x0, 0x0,
    0x0, 0x0, 0x0, 0x0, 0x0, 0x5f, 0xff, 0xc0,
    0x0, 0x0, 0x0, 0x0, 0x0, 0x0, 0x0, 0x0,
    0x2f, 0xff, 0x80, 0x0, 0x0, 0x0, 0x0, 0x0,
    0x0, 0x0, 0x0, 0x2f, 0xff, 0x80, 0x0, 0x0,
    0x0, 0x0, 0x0, 0x0, 0x0, 0x0, 0x2f, 0xff,
    0x80, 0x0, 0x0, 0x0, 0x0, 0x0, 0x0, 0x0,
    0x0, 0x2f, 0xff, 0x80, 0x0, 0x0, 0x0, 0x0,
    0x0, 0x0, 0x0, 0x0, 0x1f, 0xff, 0x70, 0x0,
    0x0, 0x0, 0x0,

    /* U+005A "Z" */
    0xaf, 0xff, 0xff, 0xff, 0xff, 0xff, 0xff, 0xff,
    0xfa, 0xb, 0xff, 0xff, 0xff, 0xff, 0xff, 0xff,
    0xff, 0xff, 0xf3, 0xbf, 0xff, 0xff, 0xff, 0xff,
    0xff, 0xff, 0xff, 0xff, 0x42, 0x44, 0x44, 0x44,
    0x44, 0x44, 0x44, 0x4f, 0xff, 0xf4, 0x0, 0x0,
    0x0, 0x0, 0x0, 0x0, 0x3b, 0xff, 0xff, 0x30,
    0x0, 0x0, 0x0, 0x0, 0x2, 0xaf, 0xff, 0xff,
    0xc0, 0x0, 0x0, 0x0, 0x0, 0x18, 0xff, 0xff,
    0xfe, 0x70, 0x0, 0x0, 0x0, 0x0, 0x7f, 0xff,
    0xff, 0xf8, 0x0, 0x0, 0x0, 0x0, 0x6, 0xef,
    0xff, 0xff, 0x91, 0x0, 0x0, 0x0, 0x0, 0x4d,
    0xff, 0xff, 0xfa, 0x20, 0x0, 0x0, 0x0, 0x3,
    0xcf, 0xff, 0xff, 0xb3, 0x0, 0x0, 0x0, 0x0,
    0x7, 0xff, 0xff, 0xfc, 0x40, 0x0, 0x0, 0x0,
    0x0, 0x0, 0xcf, 0xff, 0xd5, 0x0, 0x0, 0x0,
    0x0, 0x0, 0x0, 0xd, 0xff, 0xf7, 0x44, 0x44,
    0x44, 0x44, 0x44, 0x44, 0x40, 0xdf, 0xff, 0xff,
    0xff, 0xff, 0xff, 0xff, 0xff, 0xff, 0x1c, 0xff,
    0xff, 0xff, 0xff, 0xff, 0xff, 0xff, 0xff, 0xf2,
    0x5e, 0xff, 0xff, 0xff, 0xff, 0xff, 0xff, 0xff,
    0xff, 0x10,

    /* U+005B "[" */
    0x2, 0x44, 0x44, 0x35, 0xff, 0xff, 0xfe, 0xaf,
    0xff, 0xff, 0xdb, 0xfa, 0x0, 0x0, 0xbf, 0x90,
    0x0, 0xb, 0xf9, 0x0, 0x0, 0xbf, 0x90, 0x0,
    0xb, 0xf9, 0x0, 0x0, 0xbf, 0x90, 0x0, 0xb,
    0xf9, 0x0, 0x0, 0xbf, 0x90, 0x0, 0xb, 0xf9,
    0x0, 0x0, 0xbf, 0x90, 0x0, 0xb, 0xf9, 0x0,
    0x0, 0xbf, 0x90, 0x0, 0xb, 0xf9, 0x0, 0x0,
    0xbf, 0x90, 0x0, 0xb, 0xf9, 0x0, 0x0, 0xbf,
    0x90, 0x0, 0xb, 0xf9, 0x0, 0x0, 0xbf, 0x90,
    0x0, 0xb, 0xf9, 0x0, 0x0, 0xbf, 0x90, 0x0,
    0xb, 0xf9, 0x0, 0x0, 0xaf, 0xc4, 0x44, 0x39,
    0xff, 0xff, 0xfe, 0x2d, 0xff, 0xff, 0xd0,

    /* U+005C "\\" */
    0xc, 0xf9, 0x0, 0x0, 0x0, 0x0, 0x8f, 0xe0,
    0x0, 0x0, 0x0, 0x2, 0xff, 0x30, 0x0, 0x0,
    0x0, 0xd, 0xf9, 0x0, 0x0, 0x0, 0x0, 0x8f,
    0xe0, 0x0, 0x0, 0x0, 0x3, 0xff, 0x30, 0x0,
    0x0, 0x0, 0xe, 0xf8, 0x0, 0x0, 0x0, 0x0,
    0x9f, 0xd0, 0x0, 0x0, 0x0, 0x3, 0xff, 0x30,
    0x0, 0x0, 0x0, 0xe, 0xf8, 0x0, 0x0, 0x0,
    0x0, 0x9f, 0xd0, 0x0, 0x0, 0x0, 0x4, 0xff,
    0x20, 0x0, 0x0, 0x0, 0xe, 0xf7, 0x0, 0x0,
    0x0, 0x0, 0x9f, 0xd0, 0x0, 0x0, 0x0, 0x4,
    0xff, 0x20, 0x0, 0x0, 0x0, 0xf, 0xf7, 0x0,
    0x0, 0x0, 0x0, 0xaf, 0xc0, 0x0, 0x0, 0x0,
    0x5, 0xff, 0x10, 0x0, 0x0, 0x0, 0xf, 0xf7,
    0x0, 0x0, 0x0, 0x0, 0xaf, 0xc0, 0x0, 0x0,
    0x0, 0x5, 0xff, 0x10, 0x0, 0x0, 0x0, 0xf,
    0xf6, 0x0, 0x0, 0x0, 0x0, 0xaf, 0xb0,

    /* U+005D "]" */
    0x3, 0x44, 0x44, 0x10, 0xf, 0xff, 0xff, 0xf3,
    0xf, 0xff, 0xff, 0xf8, 0x0, 0x0, 0xc, 0xf9,
    0x0, 0x0, 0xb, 0xf9, 0x0, 0x0, 0xb, 0xf9,
    0x0, 0x0, 0xb, 0xf9, 0x0, 0x0, 0xb, 0xf9,
    0x0, 0x0, 0xb, 0xf9, 0x0, 0x0, 0xb, 0xf9,
    0x0, 0x0, 0xb, 0xf9, 0x0, 0x0, 0xb, 0xf9,
    0x0, 0x0, 0xb, 0xf9, 0x0, 0x0, 0xb, 0xf9,
    0x0, 0x0, 0xb, 0xf9, 0x0, 0x0, 0xb, 0xf9,
    0x0, 0x0, 0xb, 0xf9, 0x0, 0x0, 0xb, 0xf9,
    0x0, 0x0, 0xb, 0xf9, 0x0, 0x0, 0xb, 0xf9,
    0x0, 0x0, 0xb, 0xf9, 0x0, 0x0, 0xb, 0xf9,
    0x0, 0x0, 0xb, 0xf9, 0x0, 0x0, 0xb, 0xf9,
    0x4, 0x44, 0x4d, 0xf8, 0xf, 0xff, 0xff, 0xf7,
    0xf, 0xff, 0xff, 0xc1,

    /* U+005E "^" */
    0x0, 0x0, 0x29, 0xa8, 0x0, 0x0, 0x0, 0x0,
    0xc, 0xff, 0xf7, 0x0, 0x0, 0x0, 0x2, 0xff,
    0xff, 0xd0, 0x0, 0x0, 0x0, 0x8f, 0xe3, 0xff,
    0x30, 0x0, 0x0, 0xe, 0xf8, 0xd, 0xf9, 0x0,
    0x0, 0x4, 0xff, 0x20, 0x7f, 0xe0, 0x0, 0x0,
    0xaf, 0xc0, 0x1, 0xff, 0x50, 0x0, 0xf, 0xf6,
    0x0, 0xb, 0xfb, 0x0, 0x6, 0xff, 0x10, 0x0,
    0x5f, 0xf1, 0x0, 0xcf, 0xb0, 0x0, 0x0, 0xff,
    0x60, 0x1f, 0xf5, 0x0, 0x0, 0xa, 0xfc, 0x7,
    0xff, 0x0, 0x0, 0x0, 0x4f, 0xf2, 0xcf, 0x90,
    0x0, 0x0, 0x0, 0xdf, 0x70,

    /* U+005F "_" */
    0x34, 0x44, 0x44, 0x44, 0x44, 0x44, 0x44, 0x40,
    0xdf, 0xff, 0xff, 0xff, 0xff, 0xff, 0xff, 0xf4,
    0xcf, 0xff, 0xff, 0xff, 0xff, 0xff, 0xff, 0xf3,

    /* U+0060 "`" */
    0x7, 0x87, 0x0, 0x0, 0xbf, 0xf7, 0x0, 0x2,
    0xff, 0xe0, 0x0, 0x9, 0xff, 0x70, 0x0, 0x1f,
    0xfe, 0x0, 0x0, 0x6f, 0xf5,

    /* U+0061 "a" */
    0x9, 0xff, 0xff, 0xff, 0xff, 0xff, 0xfe, 0xc7,
    0x10, 0xa, 0xff, 0xff, 0xff, 0xff, 0xff, 0xff,
    0xff, 0xd1, 0x7, 0xdd, 0xdd, 0xdd, 0xdd, 0xdd,
    0xef, 0xff, 0xf8, 0x0, 0x0, 0x0, 0x0, 0x0,
    0x0, 0x1, 0xdf, 0xfc, 0x0, 0x0, 0x0, 0x0,
    0x0, 0x0, 0x0, 0x9f, 0xfd, 0x0, 0x9e, 0xff,
    0xff, 0xff, 0xff, 0xff, 0xff, 0xfe, 0x9, 0xff,
    0xff, 0xff, 0xff, 0xff, 0xff, 0xff, 0xfe, 0xe,
    0xff, 0xa2, 0x11, 0x11, 0x11, 0x11, 0x9f, 0xfe,
    0xf, 0xff, 0x50, 0x0, 0x0, 0x0, 0x0, 0x8f,
    0xfe, 0xf, 0xff, 0x60, 0x0, 0x0, 0x0, 0x0,
    0x8f, 0xfe, 0xe, 0xff, 0xea, 0x99, 0x99, 0x99,
    0x99, 0xef, 0xfe, 0x9, 0xff, 0xff, 0xff, 0xff,
    0xff, 0xff, 0xff, 0xfd, 0x1, 0x9e, 0xff, 0xff,
    0xff, 0xff, 0xff, 0xff, 0xf7,

    /* U+0062 "b" */
    0x7f, 0xfc, 0x0, 0x0, 0x0, 0x0, 0x0, 0x0,
    0x0, 0x9, 0xff, 0xe0, 0x0, 0x0, 0x0, 0x0,
    0x0, 0x0, 0x0, 0x9f, 0xfe, 0x0, 0x0, 0x0,
    0x0, 0x0, 0x0, 0x0, 0x9, 0xff, 0xe0, 0x0,
    0x0, 0x0, 0x0, 0x0, 0x0, 0x0, 0x9f, 0xfe,
    0x0, 0x0, 0x0, 0x0, 0x0, 0x0, 0x0, 0x9,
    0xff, 0xff, 0xff, 0xff, 0xff, 0xff, 0xfe, 0xb5,
    0x0, 0x9f, 0xff, 0xff, 0xff, 0xff, 0xff, 0xff,
    0xff, 0xfa, 0x9, 0xff, 0xfd, 0xdd, 0xdd, 0xdd,
    0xdd, 0xef, 0xff, 0xf3, 0x9f, 0xfe, 0x0, 0x0,
    0x0, 0x0, 0x0, 0x6f, 0xff, 0x79, 0xff, 0xe0,
    0x0, 0x0, 0x0, 0x0, 0x0, 0xef, 0xf8, 0x9f,
    0xfe, 0x0, 0x0, 0x0, 0x0, 0x0, 0xd, 0xff,
    0x99, 0xff, 0xe0, 0x0, 0x0, 0x0, 0x0, 0x0,
    0xdf, 0xf9, 0x9f, 0xfe, 0x0, 0x0, 0x0, 0x0,
    0x0, 0xd, 0xff, 0x98, 0xff, 0xf0, 0x0, 0x0,
    0x0, 0x0, 0x0, 0xef, 0xf8, 0x7f, 0xff, 0x70,
    0x0, 0x0, 0x0, 0x0, 0x6f, 0xff, 0x73, 0xff,
    0xff, 0xed, 0xdd, 0xdd, 0xdd, 0xef, 0xff, 0xf3,
    0xa, 0xff, 0xff, 0xff, 0xff, 0xff, 0xff, 0xff,
    0xfa, 0x0, 0x6, 0xbe, 0xff, 0xff, 0xff, 0xff,
    0xfe, 0xb6, 0x0,

    /* U+0063 "c" */
    0x0, 0x29, 0xdf, 0xff, 0xff, 0xff, 0xff, 0xff,
    0xb0, 0x2f, 0xff, 0xff, 0xff, 0xff, 0xff, 0xff,
    0xfb, 0xb, 0xff, 0xff, 0xdd, 0xdd, 0xdd, 0xdd,
    0xdd, 0x90, 0xff, 0xfd, 0x10, 0x0, 0x0, 0x0,
    0x0, 0x0, 0xf, 0xff, 0x70, 0x0, 0x0, 0x0,
    0x0, 0x0, 0x1, 0xff, 0xf6, 0x0, 0x0, 0x0,
    0x0, 0x0, 0x0, 0x1f, 0xff, 0x60, 0x0, 0x0,
    0x0, 0x0, 0x0, 0x1, 0xff, 0xf6, 0x0, 0x0,
    0x0, 0x0, 0x0, 0x0, 0xf, 0xff, 0x70, 0x0,
    0x0, 0x0, 0x0, 0x0, 0x0, 0xff, 0xfd, 0x10,
    0x0, 0x0, 0x0, 0x0, 0x0, 0xb, 0xff, 0xff,
    0xdd, 0xdd, 0xdd, 0xdd, 0xdd, 0x90, 0x3f, 0xff,
    0xff, 0xff, 0xff, 0xff, 0xff, 0xfb, 0x0, 0x29,
    0xdf, 0xff, 0xff, 0xff, 0xff, 0xff, 0xb0,

    /* U+0064 "d" */
    0x0, 0x0, 0x0, 0x0, 0x0, 0x0, 0x0, 0xe,
    0xff, 0x50, 0x0, 0x0, 0x0, 0x0, 0x0, 0x0,
    0x0, 0xff, 0xf7, 0x0, 0x0, 0x0, 0x0, 0x0,
    0x0, 0x0, 0xf, 0xff, 0x70, 0x0, 0x0, 0x0,
    0x0, 0x0, 0x0, 0x0, 0xff, 0xf7, 0x0, 0x0,
    0x0, 0x0, 0x0, 0x0, 0x0, 0xf, 0xff, 0x70,
    0x6, 0xbe, 0xff, 0xff, 0xff, 0xff, 0xff, 0xff,
    0xf7, 0xc, 0xff, 0xff, 0xff, 0xff, 0xff, 0xff,
    0xff, 0xff, 0x75, 0xff, 0xff, 0xed, 0xdd, 0xdd,
    0xdd, 0xdd, 0xff, 0xf7, 0x9f, 0xff, 0x50, 0x0,
    0x0, 0x0, 0x0, 0xf, 0xff, 0x7a, 0xff, 0xd0,
    0x0, 0x0, 0x0, 0x0, 0x0, 0xff, 0xf7, 0xbf,
    0xfb, 0x0, 0x0, 0x0, 0x0, 0x0, 0xf, 0xff,
    0x7b, 0xff, 0xb0, 0x0, 0x0, 0x0, 0x0, 0x0,
    0xff, 0xf7, 0xbf, 0xfb, 0x0, 0x0, 0x0, 0x0,
    0x0, 0xf, 0xff, 0x7a, 0xff, 0xc0, 0x0, 0x0,
    0x0, 0x0, 0x0, 0xff, 0xf6, 0x9f, 0xff, 0x50,
    0x0, 0x0, 0x0, 0x0, 0x8f, 0xff, 0x55, 0xff,
    0xff, 0xed, 0xdd, 0xdd, 0xdd, 0xff, 0xff, 0xf1,
    0xc, 0xff, 0xff, 0xff, 0xff, 0xff, 0xff, 0xff,
    0xf8, 0x0, 0x7, 0xce, 0xff, 0xff, 0xff, 0xff,
    0xfe, 0xb5, 0x0,

    /* U+0065 "e" */
    0x0, 0x18, 0xcf, 0xff, 0xff, 0xff, 0xff, 0xfd,
    0x70, 0x2, 0xef, 0xff, 0xff, 0xff, 0xff, 0xff,
    0xff, 0xf7, 0xa, 0xff, 0xfc, 0xaa, 0xaa, 0xaa,
    0xaa, 0xff, 0xfc, 0xe, 0xff, 0xa0, 0x0, 0x0,
    0x0, 0x0, 0x8f, 0xfd, 0xf, 0xff, 0x60, 0x0,
    0x0, 0x0, 0x0, 0x8f, 0xfe, 0xf, 0xff, 0xff,
    0xff, 0xff, 0xff, 0xff, 0xff, 0xfd, 0xf, 0xff,
    0xff, 0xff, 0xff, 0xff, 0xff, 0xff, 0xfa, 0xf,
    0xff, 0x71, 0x11, 0x11, 0x11, 0x11, 0x11, 0x10,
    0xf, 0xff, 0x70, 0x0, 0x0, 0x0, 0x0, 0x0,
    0x0, 0xe, 0xff, 0xd1, 0x0, 0x0, 0x0, 0x0,
    0x0, 0x0, 0xa, 0xff, 0xff, 0xed, 0xdd, 0xdd,
    0xdd, 0xdd, 0xd5, 0x2, 0xff, 0xff, 0xff, 0xff,
    0xff, 0xff, 0xff, 0xf7, 0x0, 0x29, 0xdf, 0xff,
    0xff, 0xff, 0xff, 0xff, 0xf6,

    /* U+0066 "f" */
    0x0, 0x0, 0x3a, 0xef, 0xff, 0xf4, 0x0, 0x3,
    0xff, 0xff, 0xff, 0xf5, 0x0, 0x9, 0xff, 0xff,
    0xdc, 0xc3, 0x0, 0xc, 0xff, 0xc0, 0x0, 0x0,
    0x0, 0xd, 0xff, 0x90, 0x0, 0x0, 0x8f, 0xff,
    0xff, 0xff, 0xff, 0xf2, 0x9f, 0xff, 0xff, 0xff,
    0xff, 0xf3, 0x6c, 0xcf, 0xff, 0xec, 0xcc, 0xc1,
    0x0, 0xd, 0xff, 0x80, 0x0, 0x0, 0x0, 0xd,
    0xff, 0x80, 0x0, 0x0, 0x0, 0xd, 0xff, 0x80,
    0x0, 0x0, 0x0, 0xd, 0xff, 0x80, 0x0, 0x0,
    0x0, 0xd, 0xff, 0x80, 0x0, 0x0, 0x0, 0xd,
    0xff, 0x80, 0x0, 0x0, 0x0, 0xd, 0xff, 0x80,
    0x0, 0x0, 0x0, 0xd, 0xff, 0x80, 0x0, 0x0,
    0x0, 0xd, 0xff, 0x80, 0x0, 0x0, 0x0, 0xc,
    0xff, 0x70, 0x0, 0x0,

    /* U+0067 "g" */
    0x0, 0x6b, 0xef, 0xff, 0xff, 0xff, 0xff, 0xea,
    0x50, 0x0, 0xcf, 0xff, 0xff, 0xff, 0xff, 0xff,
    0xff, 0xff, 0x80, 0x5f, 0xff, 0xfe, 0xcc, 0xcc,
    0xcc, 0xce, 0xff, 0xff, 0x19, 0xff, 0xf3, 0x0,
    0x0, 0x0, 0x0, 0x7, 0xff, 0xf5, 0xaf, 0xfc,
    0x0, 0x0, 0x0, 0x0, 0x0, 0xf, 0xff, 0x6b,
    0xff, 0xb0, 0x0, 0x0, 0x0, 0x0, 0x0, 0xff,
    0xf7, 0xbf, 0xfb, 0x0, 0x0, 0x0, 0x0, 0x0,
    0xf, 0xff, 0x7a, 0xff, 0xc0, 0x0, 0x0, 0x0,
    0x0, 0x0, 0xff, 0xf7, 0x9f, 0xff, 0x10, 0x0,
    0x0, 0x0, 0x0, 0xf, 0xff, 0x75, 0xff, 0xff,
    0xba, 0xaa, 0xaa, 0xaa, 0xaa, 0xff, 0xf7, 0xc,
    0xff, 0xff, 0xff, 0xff, 0xff, 0xff, 0xff, 0xff,
    0x70, 0x7, 0xce, 0xff, 0xff, 0xff, 0xff, 0xff,
    0xff, 0xf7, 0x0, 0x0, 0x0, 0x0, 0x0, 0x0,
    0x0, 0xf, 0xff, 0x70, 0x0, 0x0, 0x0, 0x0,
    0x0, 0x0, 0x1, 0xff, 0xf6, 0x0, 0x0, 0x0,
    0x0, 0x0, 0x0, 0x0, 0x8f, 0xff, 0x50, 0xcd,
    0xdd, 0xdd, 0xdd, 0xdd, 0xdd, 0xff, 0xff, 0xf1,
    0xf, 0xff, 0xff, 0xff, 0xff, 0xff, 0xff, 0xff,
    0xf8, 0x0, 0xff, 0xff, 0xff, 0xff, 0xff, 0xff,
    0xfe, 0xb5, 0x0,

    /* U+0068 "h" */
    0x6f, 0xfd, 0x0, 0x0, 0x0, 0x0, 0x0, 0x0,
    0x0, 0x7, 0xff, 0xf0, 0x0, 0x0, 0x0, 0x0,
    0x0, 0x0, 0x0, 0x7f, 0xff, 0x0, 0x0, 0x0,
    0x0, 0x0, 0x0, 0x0, 0x7, 0xff, 0xf0, 0x0,
    0x0, 0x0, 0x0, 0x0, 0x0, 0x0, 0x7f, 0xff,
    0x0, 0x0, 0x0, 0x0, 0x0, 0x0, 0x0, 0x7,
    0xff, 0xff, 0xff, 0xff, 0xff, 0xff, 0xfe, 0xb6,
    0x0, 0x7f, 0xff, 0xff, 0xff, 0xff, 0xff, 0xff,
    0xff, 0xfb, 0x7, 0xff, 0xff, 0xff, 0xff, 0xff,
    0xff, 0xff, 0xff, 0xf4, 0x7f, 0xff, 0x0, 0x0,
    0x0, 0x0, 0x0, 0x7f, 0xff, 0x87, 0xff, 0xf0,
    0x0, 0x0, 0x0, 0x0, 0x0, 0xef, 0xf9, 0x7f,
    0xff, 0x0, 0x0, 0x0, 0x0, 0x0, 0xc, 0xff,
    0xa7, 0xff, 0xf0, 0x0, 0x0, 0x0, 0x0, 0x0,
    0xcf, 0xfa, 0x7f, 0xff, 0x0, 0x0, 0x0, 0x0,
    0x0, 0xc, 0xff, 0xa7, 0xff, 0xf0, 0x0, 0x0,
    0x0, 0x0, 0x0, 0xcf, 0xfa, 0x7f, 0xff, 0x0,
    0x0, 0x0, 0x0, 0x0, 0xc, 0xff, 0xa7, 0xff,
    0xf0, 0x0, 0x0, 0x0, 0x0, 0x0, 0xcf, 0xfa,
    0x7f, 0xff, 0x0, 0x0, 0x0, 0x0, 0x0, 0xc,
    0xff, 0xa6, 0xff, 0xd0, 0x0, 0x0, 0x0, 0x0,
    0x0, 0xbf, 0xf8,

    /* U+0069 "i" */
    0x6f, 0xfd, 0x7f, 0xff, 0x7f, 0xfe, 0x14, 0x53,
    0x0, 0x0, 0x6f, 0xfd, 0x7f, 0xff, 0x7f, 0xff,
    0x7f, 0xff, 0x7f, 0xff, 0x7f, 0xff, 0x7f, 0xff,
    0x7f, 0xff, 0x7f, 0xff, 0x7f, 0xff, 0x7f, 0xff,
    0x7f, 0xff, 0x6f, 0xfd,

    /* U+006A "j" */
    0x0, 0x0, 0x1f, 0xff, 0x30, 0x0, 0x2, 0xff,
    0xf4, 0x0, 0x0, 0x2f, 0xff, 0x40, 0x0, 0x0,
    0x45, 0x40, 0x0, 0x0, 0x0, 0x0, 0x0, 0x0,
    0x1, 0xff, 0xf3, 0x0, 0x0, 0x2f, 0xff, 0x40,
    0x0, 0x2, 0xff, 0xf4, 0x0, 0x0, 0x2f, 0xff,
    0x40, 0x0, 0x2, 0xff, 0xf4, 0x0, 0x0, 0x2f,
    0xff, 0x40, 0x0, 0x2, 0xff, 0xf4, 0x0, 0x0,
    0x2f, 0xff, 0x40, 0x0, 0x2, 0xff, 0xf4, 0x0,
    0x0, 0x2f, 0xff, 0x40, 0x0, 0x2, 0xff, 0xf4,
    0x0, 0x0, 0x2f, 0xff, 0x40, 0x0, 0x2, 0xff,
    0xf4, 0x0, 0x0, 0x3f, 0xff, 0x40, 0x0, 0xa,
    0xff, 0xf3, 0x6d, 0xdf, 0xff, 0xff, 0x8, 0xff,
    0xff, 0xff, 0x60, 0x7f, 0xff, 0xeb, 0x40, 0x0,

    /* U+006B "k" */
    0x7f, 0xfd, 0x0, 0x0, 0x0, 0x0, 0x0, 0x0,
    0x0, 0x8f, 0xfe, 0x0, 0x0, 0x0, 0x0, 0x0,
    0x0, 0x0, 0x8f, 0xfe, 0x0, 0x0, 0x0, 0x0,
    0x0, 0x0, 0x0, 0x8f, 0xfe, 0x0, 0x0, 0x0,
    0x0, 0x0, 0x0, 0x0, 0x8f, 0xfe, 0x0, 0x0,
    0x0, 0x0, 0x0, 0x0, 0x0, 0x8f, 0xfe, 0x0,
    0x0, 0x0, 0x0, 0xa, 0xff, 0xf0, 0x8f, 0xfe,
    0x0, 0x0, 0x0, 0x0, 0x6f, 0xff, 0x60, 0x8f,
    0xfe, 0x0, 0x0, 0x0, 0x2, 0xff, 0xfa, 0x0,
    0x8f, 0xfe, 0x0, 0x0, 0x0, 0xd, 0xff, 0xd0,
    0x0, 0x8f, 0xfe, 0x0, 0x0, 0x1, 0xbf, 0xff,
    0x20, 0x0, 0x8f, 0xff, 0xff, 0xff, 0xff, 0xff,
    0xf4, 0x0, 0x0, 0x8f, 0xff, 0xff, 0xff, 0xff,
    0xff, 0xd1, 0x0, 0x0, 0x8f, 0xff, 0x88, 0x88,
    0x8a, 0xff, 0xfd, 0x10, 0x0, 0x8f, 0xfe, 0x0,
    0x0, 0x0, 0x2f, 0xff, 0xb0, 0x0, 0x8f, 0xfe,
    0x0, 0x0, 0x0, 0x6, 0xff, 0xf7, 0x0, 0x8f,
    0xfe, 0x0, 0x0, 0x0, 0x0, 0xaf, 0xff, 0x30,
    0x8f, 0xfe, 0x0, 0x0, 0x0, 0x0, 0x1e, 0xff,
    0xd1, 0x7f, 0xfd, 0x0, 0x0, 0x0, 0x0, 0x3,
    0xff, 0xf8,

    /* U+006C "l" */
    0x6f, 0xfd, 0x7f, 0xff, 0x7f, 0xff, 0x7f, 0xff,
    0x7f, 0xff, 0x7f, 0xff, 0x7f, 0xff, 0x7f, 0xff,
    0x7f, 0xff, 0x7f, 0xff, 0x7f, 0xff, 0x7f, 0xff,
    0x7f, 0xff, 0x7f, 0xff, 0x7f, 0xff, 0x7f, 0xff,
    0x7f, 0xff, 0x6f, 0xfd,

    /* U+006D "m" */
    0x0, 0x5b, 0xef, 0xff, 0xff, 0xff, 0xff, 0xff,
    0xff, 0xff, 0xd9, 0x20, 0x0, 0xaf, 0xff, 0xff,
    0xff, 0xff, 0xff, 0xff, 0xff, 0xff, 0xff, 0xff,
    0x30, 0x3f, 0xff, 0xff, 0xff, 0xff, 0xff, 0xff,
    0xff, 0xff, 0xff, 0xff, 0xfc, 0x7, 0xff, 0xf9,
    0x10, 0x0, 0x7, 0xff, 0xf0, 0x0, 0x0, 0x3d,
    0xff, 0xf0, 0x8f, 0xff, 0x0, 0x0, 0x0, 0x7f,
    0xff, 0x0, 0x0, 0x0, 0x6f, 0xff, 0x19, 0xff,
    0xe0, 0x0, 0x0, 0x7, 0xff, 0xf0, 0x0, 0x0,
    0x5, 0xff, 0xf1, 0x9f, 0xfe, 0x0, 0x0, 0x0,
    0x7f, 0xff, 0x0, 0x0, 0x0, 0x4f, 0xff, 0x19,
    0xff, 0xe0, 0x0, 0x0, 0x7, 0xff, 0xf0, 0x0,
    0x0, 0x4, 0xff, 0xf1, 0x9f, 0xfe, 0x0, 0x0,
    0x0, 0x7f, 0xff, 0x0, 0x0, 0x0, 0x4f, 0xff,
    0x19, 0xff, 0xe0, 0x0, 0x0, 0x7, 0xff, 0xf0,
    0x0, 0x0, 0x4, 0xff, 0xf1, 0x9f, 0xfe, 0x0,
    0x0, 0x0, 0x7f, 0xff, 0x0, 0x0, 0x0, 0x4f,
    0xff, 0x19, 0xff, 0xe0, 0x0, 0x0, 0x7, 0xff,
    0xf0, 0x0, 0x0, 0x4, 0xff, 0xf1, 0x7f, 0xfc,
    0x0, 0x0, 0x0, 0x5f, 0xfe, 0x0, 0x0, 0x0,
    0x3f, 0xff, 0x10,

    /* U+006E "n" */
    0x0, 0x5b, 0xef, 0xff, 0xff, 0xff, 0xff, 0xec,
    0x70, 0x0, 0xaf, 0xff, 0xff, 0xff, 0xff, 0xff,
    0xff, 0xff, 0xc0, 0x3f, 0xff, 0xff, 0xff, 0xff,
    0xff, 0xff, 0xff, 0xff, 0x67, 0xff, 0xf9, 0x10,
    0x0, 0x0, 0x0, 0x5, 0xff, 0xfa, 0x8f, 0xff,
    0x0, 0x0, 0x0, 0x0, 0x0, 0xc, 0xff, 0xb9,
    0xff, 0xe0, 0x0, 0x0, 0x0, 0x0, 0x0, 0xaf,
    0xfc, 0x9f, 0xfe, 0x0, 0x0, 0x0, 0x0, 0x0,
    0xa, 0xff, 0xc9, 0xff, 0xe0, 0x0, 0x0, 0x0,
    0x0, 0x0, 0xaf, 0xfc, 0x9f, 0xfe, 0x0, 0x0,
    0x0, 0x0, 0x0, 0xa, 0xff, 0xc9, 0xff, 0xe0,
    0x0, 0x0, 0x0, 0x0, 0x0, 0xaf, 0xfc, 0x9f,
    0xfe, 0x0, 0x0, 0x0, 0x0, 0x0, 0xa, 0xff,
    0xc9, 0xff, 0xe0, 0x0, 0x0, 0x0, 0x0, 0x0,
    0xaf, 0xfc, 0x7f, 0xfc, 0x0, 0x0, 0x0, 0x0,
    0x0, 0x9, 0xff, 0xa0,

    /* U+006F "o" */
    0x0, 0x6b, 0xef, 0xff, 0xff, 0xff, 0xff, 0xeb,
    0x50, 0x0, 0xcf, 0xff, 0xff, 0xff, 0xff, 0xff,
    0xff, 0xff, 0x90, 0x5f, 0xff, 0xfe, 0xcc, 0xcc,
    0xcc, 0xce, 0xff, 0xff, 0x29, 0xff, 0xf4, 0x0,
    0x0, 0x0, 0x0, 0x6, 0xff, 0xf6, 0xaf, 0xfd,
    0x0, 0x0, 0x0, 0x0, 0x0, 0xf, 0xff, 0x7b,
    0xff, 0xb0, 0x0, 0x0, 0x0, 0x0, 0x0, 0xef,
    0xf8, 0xbf, 0xfb, 0x0, 0x0, 0x0, 0x0, 0x0,
    0xe, 0xff, 0x8b, 0xff, 0xb0, 0x0, 0x0, 0x0,
    0x0, 0x0, 0xef, 0xf8, 0xaf, 0xfd, 0x0, 0x0,
    0x0, 0x0, 0x0, 0xf, 0xff, 0x79, 0xff, 0xf4,
    0x0, 0x0, 0x0, 0x0, 0x6, 0xff, 0xf6, 0x5f,
    0xff, 0xfd, 0xcc, 0xcc, 0xcc, 0xcd, 0xff, 0xff,
    0x20, 0xcf, 0xff, 0xff, 0xff, 0xff, 0xff, 0xff,
    0xff, 0x90, 0x0, 0x7c, 0xef, 0xff, 0xff, 0xff,
    0xff, 0xeb, 0x50, 0x0,

    /* U+0070 "p" */
    0x0, 0x5b, 0xef, 0xff, 0xff, 0xff, 0xff, 0xeb,
    0x50, 0x0, 0xaf, 0xff, 0xff, 0xff, 0xff, 0xff,
    0xff, 0xff, 0xa0, 0x3f, 0xff, 0xfe, 0xdd, 0xdd,
    0xdd, 0xde, 0xff, 0xff, 0x37, 0xff, 0xf7, 0x0,
    0x0, 0x0, 0x0, 0x6, 0xff, 0xf7, 0x8f, 0xff,
    0x0, 0x0, 0x0, 0x0, 0x0, 0xe, 0xff, 0x89,
    0xff, 0xe0, 0x0, 0x0, 0x0, 0x0, 0x0, 0xdf,
    0xf9, 0x9f, 0xfe, 0x0, 0x0, 0x0, 0x0, 0x0,
    0xd, 0xff, 0x99, 0xff, 0xe0, 0x0, 0x0, 0x0,
    0x0, 0x0, 0xdf, 0xf9, 0x9f, 0xfe, 0x0, 0x0,
    0x0, 0x0, 0x0, 0xe, 0xff, 0x89, 0xff, 0xe0,
    0x0, 0x0, 0x0, 0x0, 0x6, 0xff, 0xf7, 0x9f,
    0xff, 0xdd, 0xdd, 0xdd, 0xdd, 0xde, 0xff, 0xff,
    0x39, 0xff, 0xff, 0xff, 0xff, 0xff, 0xff, 0xff,
    0xff, 0xa0, 0x9f, 0xff, 0xff, 0xff, 0xff, 0xff,
    0xff, 0xeb, 0x60, 0x9, 0xff, 0xe0, 0x0, 0x0,
    0x0, 0x0, 0x0, 0x0, 0x0, 0x9f, 0xfe, 0x0,
    0x0, 0x0, 0x0, 0x0, 0x0, 0x0, 0x9, 0xff,
    0xe0, 0x0, 0x0, 0x0, 0x0, 0x0, 0x0, 0x0,
    0x9f, 0xfe, 0x0, 0x0, 0x0, 0x0, 0x0, 0x0,
    0x0, 0x7, 0xff, 0xc0, 0x0, 0x0, 0x0, 0x0,
    0x0, 0x0, 0x0,

    /* U+0071 "q" */
    0x0, 0x6b, 0xef, 0xff, 0xff, 0xff, 0xff, 0xea,
    0x40, 0x0, 0xcf, 0xff, 0xff, 0xff, 0xff, 0xff,
    0xff, 0xff, 0x80, 0x5f, 0xff, 0xfe, 0xdd, 0xdd,
    0xdd, 0xdf, 0xff, 0xff, 0x19, 0xff, 0xf5, 0x0,
    0x0, 0x0, 0x0, 0x8, 0xff, 0xf5, 0xaf, 0xfd,
    0x0, 0x0, 0x0, 0x0, 0x0, 0x1f, 0xff, 0x6b,
    0xff, 0xb0, 0x0, 0x0, 0x0, 0x0, 0x0, 0xff,
    0xf7, 0xbf, 0xfb, 0x0, 0x0, 0x0, 0x0, 0x0,
    0xf, 0xff, 0x7b, 0xff, 0xb0, 0x0, 0x0, 0x0,
    0x0, 0x0, 0xff, 0xf7, 0xaf, 0xfc, 0x0, 0x0,
    0x0, 0x0, 0x0, 0xf, 0xff, 0x79, 0xff, 0xf4,
    0x0, 0x0, 0x0, 0x0, 0x0, 0xff, 0xf7, 0x5f,
    0xff, 0xfe, 0xdd, 0xdd, 0xdd, 0xdd, 0xdf, 0xff,
    0x70, 0xcf, 0xff, 0xff, 0xff, 0xff, 0xff, 0xff,
    0xff, 0xf7, 0x0, 0x7c, 0xef, 0xff, 0xff, 0xff,
    0xff, 0xff, 0xff, 0x70, 0x0, 0x0, 0x0, 0x0,
    0x0, 0x0, 0x0, 0xff, 0xf7, 0x0, 0x0, 0x0,
    0x0, 0x0, 0x0, 0x0, 0xf, 0xff, 0x70, 0x0,
    0x0, 0x0, 0x0, 0x0, 0x0, 0x0, 0xff, 0xf7,
    0x0, 0x0, 0x0, 0x0, 0x0, 0x0, 0x0, 0xf,
    0xff, 0x70, 0x0, 0x0, 0x0, 0x0, 0x0, 0x0,
    0x0, 0xef, 0xf5,

    /* U+0072 "r" */
    0x0, 0x5b, 0xef, 0xff, 0xff, 0xff, 0xf4, 0xa,
    0xff, 0xff, 0xff, 0xff, 0xff, 0xf4, 0x3f, 0xff,
    0xfe, 0xdd, 0xdd, 0xdd, 0xd3, 0x7f, 0xff, 0x70,
    0x0, 0x0, 0x0, 0x0, 0x8f, 0xff, 0x0, 0x0,
    0x0, 0x0, 0x0, 0x9f, 0xfe, 0x0, 0x0, 0x0,
    0x0, 0x0, 0x9f, 0xfe, 0x0, 0x0, 0x0, 0x0,
    0x0, 0x9f, 0xfe, 0x0, 0x0, 0x0, 0x0, 0x0,
    0x9f, 0xfe, 0x0, 0x0, 0x0, 0x0, 0x0, 0x9f,
    0xfe, 0x0, 0x0, 0x0, 0x0, 0x0, 0x9f, 0xfe,
    0x0, 0x0, 0x0, 0x0, 0x0, 0x9f, 0xfe, 0x0,
    0x0, 0x0, 0x0, 0x0, 0x7f, 0xfc, 0x0, 0x0,
    0x0, 0x0, 0x0,

    /* U+0073 "s" */
    0x6, 0xdf, 0xff, 0xff, 0xff, 0xff, 0xff, 0xff,
    0x15, 0xff, 0xff, 0xff, 0xff, 0xff, 0xff, 0xff,
    0xf2, 0xbf, 0xff, 0xcc, 0xcc, 0xcc, 0xcc, 0xcc,
    0xcb, 0x1c, 0xff, 0xa0, 0x0, 0x0, 0x0, 0x0,
    0x0, 0x0, 0xbf, 0xfb, 0x0, 0x0, 0x0, 0x0,
    0x0, 0x0, 0x8, 0xff, 0xff, 0xff, 0xff, 0xff,
    0xff, 0xfd, 0x50, 0xc, 0xff, 0xff, 0xff, 0xff,
    0xff, 0xff, 0xff, 0x40, 0x2, 0x44, 0x44, 0x44,
    0x44, 0x45, 0xef, 0xf9, 0x0, 0x0, 0x0, 0x0,
    0x0, 0x0, 0xa, 0xff, 0xb0, 0x0, 0x0, 0x0,
    0x0, 0x0, 0x0, 0xbf, 0xfb, 0x8c, 0xcc, 0xcc,
    0xcc, 0xcc, 0xcc, 0xdf, 0xff, 0x9c, 0xff, 0xff,
    0xff, 0xff, 0xff, 0xff, 0xff, 0xf4, 0xbf, 0xff,
    0xff, 0xff, 0xff, 0xff, 0xff, 0xc5, 0x0,

    /* U+0074 "t" */
    0x0, 0xc, 0xff, 0x70, 0x0, 0x0, 0x0, 0xe,
    0xff, 0x80, 0x0, 0x0, 0x0, 0xe, 0xff, 0x80,
    0x0, 0x0, 0x0, 0xe, 0xff, 0x80, 0x0, 0x0,
    0x8f, 0xff, 0xff, 0xff, 0xff, 0xf2, 0x9f, 0xff,
    0xff, 0xff, 0xff, 0xf3, 0x6c, 0xcf, 0xff, 0xec,
    0xcc, 0xc1, 0x0, 0xe, 0xff, 0x80, 0x0, 0x0,
    0x0, 0xe, 0xff, 0x80, 0x0, 0x0, 0x0, 0xe,
    0xff, 0x80, 0x0, 0x0, 0x0, 0xe, 0xff, 0x80,
    0x0, 0x0, 0x0, 0xe, 0xff, 0x80, 0x0, 0x0,
    0x0, 0xd, 0xff, 0x90, 0x0, 0x0, 0x0, 0xc,
    0xff, 0xd0, 0x0, 0x0, 0x0, 0xa, 0xff, 0xff,
    0xdc, 0xc3, 0x0, 0x3, 0xff, 0xff, 0xff, 0xf5,
    0x0, 0x0, 0x3b, 0xef, 0xff, 0xf4,

    /* U+0075 "u" */
    0x7f, 0xfc, 0x0, 0x0, 0x0, 0x0, 0x0, 0xc,
    0xff, 0x79, 0xff, 0xe0, 0x0, 0x0, 0x0, 0x0,
    0x0, 0xdf, 0xf9, 0x9f, 0xfe, 0x0, 0x0, 0x0,
    0x0, 0x0, 0xd, 0xff, 0x99, 0xff, 0xe0, 0x0,
    0x0, 0x0, 0x0, 0x0, 0xdf, 0xf9, 0x9f, 0xfe,
    0x0, 0x0, 0x0, 0x0, 0x0, 0xd, 0xff, 0x99,
    0xff, 0xe0, 0x0, 0x0, 0x0, 0x0, 0x0, 0xdf,
    0xf9, 0x9f, 0xfe, 0x0, 0x0, 0x0, 0x0, 0x0,
    0xd, 0xff, 0x99, 0xff, 0xe0, 0x0, 0x0, 0x0,
    0x0, 0x0, 0xdf, 0xf9, 0x8f, 0xff, 0x0, 0x0,
    0x0, 0x0, 0x0, 0xf, 0xff, 0x87, 0xff, 0xf8,
    0x10, 0x0, 0x0, 0x0, 0x19, 0xff, 0xf7, 0x3f,
    0xff, 0xff, 0xff, 0xff, 0xff, 0xff, 0xff, 0xff,
    0x30, 0xaf, 0xff, 0xff, 0xff, 0xff, 0xff, 0xff,
    0xff, 0xa0, 0x0, 0x6b, 0xef, 0xff, 0xff, 0xff,
    0xff, 0xeb, 0x60, 0x0,

    /* U+0076 "v" */
    0x8f, 0xff, 0x20, 0x0, 0x0, 0x0, 0x0, 0x2,
    0xff, 0xf7, 0x1f, 0xff, 0xb0, 0x0, 0x0, 0x0,
    0x0, 0xb, 0xff, 0xe1, 0x7, 0xff, 0xf5, 0x0,
    0x0, 0x0, 0x0, 0x4f, 0xff, 0x60, 0x0, 0xef,
    0xfd, 0x0, 0x0, 0x0, 0x0, 0xdf, 0xfd, 0x0,
    0x0, 0x5f, 0xff, 0x70, 0x0, 0x0, 0x7, 0xff,
    0xf4, 0x0, 0x0, 0xb, 0xff, 0xf1, 0x0, 0x0,
    0x1e, 0xff, 0xa0, 0x0, 0x0, 0x2, 0xff, 0xf9,
    0x0, 0x0, 0x9f, 0xff, 0x20, 0x0, 0x0, 0x0,
    0x9f, 0xff, 0x30, 0x2, 0xff, 0xf8, 0x0, 0x0,
    0x0, 0x0, 0x1e, 0xff, 0xc0, 0xc, 0xff, 0xe0,
    0x0, 0x0, 0x0, 0x0, 0x6, 0xff, 0xf5, 0x5f,
    0xff, 0x50, 0x0, 0x0, 0x0, 0x0, 0x0, 0xdf,
    0xff, 0xef, 0xfc, 0x0, 0x0, 0x0, 0x0, 0x0,
    0x0, 0x4f, 0xff, 0xff, 0xf3, 0x0, 0x0, 0x0,
    0x0, 0x0, 0x0, 0x8, 0xff, 0xff, 0x70, 0x0,
    0x0, 0x0,

    /* U+0077 "w" */
    0x8f, 0xff, 0x20, 0x0, 0x0, 0x9, 0xff, 0xff,
    0x80, 0x0, 0x0, 0x2, 0xff, 0xf7, 0x4f, 0xff,
    0x70, 0x0, 0x0, 0x1f, 0xff, 0xff, 0xf1, 0x0,
    0x0, 0x8, 0xff, 0xf3, 0xe, 0xff, 0xc0, 0x0,
    0x0, 0x7f, 0xfe, 0xff, 0xf6, 0x0, 0x0, 0xd,
    0xff, 0xe0, 0x9, 0xff, 0xf1, 0x0, 0x0, 0xdf,
    0xf6, 0x8f, 0xfc, 0x0, 0x0, 0x2f, 0xff, 0x80,
    0x4, 0xff, 0xf6, 0x0, 0x3, 0xff, 0xf1, 0x2f,
    0xff, 0x20, 0x0, 0x7f, 0xff, 0x30, 0x0, 0xef,
    0xfb, 0x0, 0x8, 0xff, 0xb0, 0xc, 0xff, 0x80,
    0x0, 0xcf, 0xfe, 0x0, 0x0, 0x9f, 0xff, 0x10,
    0xe, 0xff, 0x50, 0x7, 0xff, 0xd0, 0x1, 0xff,
    0xf8, 0x0, 0x0, 0x4f, 0xff, 0x50, 0x4f, 0xff,
    0x0, 0x1, 0xff, 0xf3, 0x6, 0xff, 0xf3, 0x0,
    0x0, 0xf, 0xff, 0xb0, 0xaf, 0xf9, 0x0, 0x0,
    0xbf, 0xf9, 0xc, 0xff, 0xe0, 0x0, 0x0, 0xa,
    0xff, 0xf1, 0xff, 0xf4, 0x0, 0x0, 0x5f, 0xfe,
    0x1f, 0xff, 0x80, 0x0, 0x0, 0x4, 0xff, 0xfd,
    0xff, 0xe0, 0x0, 0x0, 0xf, 0xff, 0xdf, 0xff,
    0x30, 0x0, 0x0, 0x0, 0xff, 0xff, 0xff, 0x80,
    0x0, 0x0, 0x9, 0xff, 0xff, 0xfd, 0x0, 0x0,
    0x0, 0x0, 0x6f, 0xff, 0xfd, 0x10, 0x0, 0x0,
    0x2, 0xef, 0xff, 0xe5, 0x0, 0x0,

    /* U+0078 "x" */
    0xe, 0xff, 0xf5, 0x0, 0x0, 0x0, 0x0, 0x9f,
    0xff, 0x40, 0x2d, 0xff, 0xf6, 0x0, 0x0, 0x0,
    0xbf, 0xff, 0x50, 0x0, 0x1c, 0xff, 0xf8, 0x0,
    0x1, 0xcf, 0xff, 0x40, 0x0, 0x0, 0xb, 0xff,
    0xf9, 0x2, 0xdf, 0xfe, 0x30, 0x0, 0x0, 0x0,
    0xa, 0xff, 0xfb, 0xef, 0xfd, 0x20, 0x0, 0x0,
    0x0, 0x0, 0x8, 0xff, 0xff, 0xfd, 0x10, 0x0,
    0x0, 0x0, 0x0, 0x0, 0x2e, 0xff, 0xff, 0x20,
    0x0, 0x0, 0x0, 0x0, 0x0, 0x3e, 0xff, 0xff,
    0xfe, 0x20, 0x0, 0x0, 0x0, 0x0, 0x4f, 0xff,
    0xd6, 0xff, 0xfe, 0x30, 0x0, 0x0, 0x0, 0x5f,
    0xff, 0xc1, 0x3, 0xef, 0xff, 0x40, 0x0, 0x0,
    0x6f, 0xff, 0xa0, 0x0, 0x2, 0xdf, 0xff, 0x60,
    0x0, 0x8f, 0xff, 0x80, 0x0, 0x0, 0x1, 0xcf,
    0xff, 0x70, 0x7f, 0xff, 0x60, 0x0, 0x0, 0x0,
    0x0, 0xbf, 0xff, 0x60,

    /* U+0079 "y" */
    0x8f, 0xff, 0x20, 0x0, 0x0, 0x0, 0x0, 0x7,
    0xff, 0xf1, 0x1f, 0xff, 0xb0, 0x0, 0x0, 0x0,
    0x0, 0x2f, 0xff, 0xa0, 0x7, 0xff, 0xf5, 0x0,
    0x0, 0x0, 0x0, 0xaf, 0xff, 0x10, 0x0, 0xdf,
    0xfe, 0x0, 0x0, 0x0, 0x4, 0xff, 0xf7, 0x0,
    0x0, 0x4f, 0xff, 0x70, 0x0, 0x0, 0xd, 0xff,
    0xd0, 0x0, 0x0, 0xa, 0xff, 0xf1, 0x0, 0x0,
    0x6f, 0xff, 0x40, 0x0, 0x0, 0x1, 0xff, 0xfa,
    0x0, 0x1, 0xef, 0xfb, 0x0, 0x0, 0x0, 0x0,
    0x7f, 0xff, 0x30, 0x9, 0xff, 0xf2, 0x0, 0x0,
    0x0, 0x0, 0xd, 0xff, 0xd0, 0x3f, 0xff, 0x80,
    0x0, 0x0, 0x0, 0x0, 0x4, 0xff, 0xf7, 0xcf,
    0xfe, 0x10, 0x0, 0x0, 0x0, 0x0, 0x0, 0xaf,
    0xff, 0xff, 0xf6, 0x0, 0x0, 0x0, 0x0, 0x0,
    0x0, 0x1e, 0xff, 0xff, 0xc0, 0x0, 0x0, 0x0,
    0x0, 0x0, 0x0, 0x2, 0xdf, 0xff, 0x30, 0x0,
    0x0, 0x0, 0x0, 0x0, 0x0, 0x3, 0xff, 0xfa,
    0x0, 0x0, 0x0, 0x0, 0x0, 0x0, 0x0, 0xc,
    0xff, 0xf1, 0x0, 0x0, 0x0, 0x0, 0x0, 0x0,
    0xbc, 0xef, 0xff, 0x70, 0x0, 0x0, 0x0, 0x0,
    0x0, 0x0, 0xff, 0xff, 0xfd, 0x0, 0x0, 0x0,
    0x0, 0x0, 0x0, 0x0, 0xef, 0xfe, 0xa1, 0x0,
    0x0, 0x0, 0x0, 0x0,

    /* U+007A "z" */
    0xcf, 0xff, 0xff, 0xff, 0xff, 0xff, 0xff, 0xe3,
    0xdf, 0xff, 0xff, 0xff, 0xff, 0xff, 0xff, 0xf8,
    0x9c, 0xcc, 0xcc, 0xcc, 0xcc, 0xcd, 0xff, 0xf8,
    0x0, 0x0, 0x0, 0x0, 0x0, 0x7, 0xff, 0xf8,
    0x0, 0x0, 0x0, 0x0, 0x28, 0xef, 0xff, 0xd2,
    0x0, 0x0, 0x0, 0x3a, 0xff, 0xff, 0xc5, 0x0,
    0x0, 0x0, 0x6c, 0xff, 0xff, 0xa3, 0x0, 0x0,
    0x1, 0x8e, 0xff, 0xfe, 0x71, 0x0, 0x0, 0x0,
    0x7f, 0xff, 0xfc, 0x50, 0x0, 0x0, 0x0, 0x0,
    0xef, 0xfd, 0x30, 0x0, 0x0, 0x0, 0x0, 0x0,
    0xff, 0xff, 0xcc, 0xcc, 0xcc, 0xcc, 0xcc, 0xc4,
    0xef, 0xff, 0xff, 0xff, 0xff, 0xff, 0xff, 0xf6,
    0x8f, 0xff, 0xff, 0xff, 0xff, 0xff, 0xff, 0xf6,

    /* U+007B "{" */
    0x0, 0x0, 0x1, 0x34, 0x30, 0x0, 0xa, 0xff,
    0xfe, 0x0, 0x8, 0xff, 0xff, 0xd0, 0x0, 0xdf,
    0xb1, 0x0, 0x0, 0xf, 0xf5, 0x0, 0x0, 0x0,
    0xff, 0x40, 0x0, 0x0, 0xf, 0xf4, 0x0, 0x0,
    0x0, 0xff, 0x40, 0x0, 0x0, 0xf, 0xf4, 0x0,
    0x0, 0x0, 0xff, 0x40, 0x0, 0x0, 0xf, 0xf4,
    0x0, 0x0, 0x0, 0xff, 0x40, 0x0, 0x24, 0x8f,
    0xf1, 0x0, 0xb, 0xff, 0xf7, 0x0, 0x0, 0xbf,
    0xff, 0xa0, 0x0, 0x0, 0x4, 0xff, 0x20, 0x0,
    0x0, 0xf, 0xf4, 0x0, 0x0, 0x0, 0xff, 0x40,
    0x0, 0x0, 0xf, 0xf4, 0x0, 0x0, 0x0, 0xff,
    0x40, 0x0, 0x0, 0xf, 0xf4, 0x0, 0x0, 0x0,
    0xff, 0x40, 0x0, 0x0, 0xf, 0xf4, 0x0, 0x0,
    0x0, 0xff, 0x60, 0x0, 0x0, 0xc, 0xfd, 0x54,
    0x30, 0x0, 0x5f, 0xff, 0xfe, 0x0, 0x0, 0x6d,
    0xff, 0xd0,

    /* U+007C "|" */
    0xb, 0xb2, 0x1f, 0xf3, 0x1f, 0xf3, 0x1f, 0xf3,
    0x1f, 0xf3, 0x1f, 0xf3, 0x1f, 0xf3, 0x1f, 0xf3,
    0x1f, 0xf3, 0x1f, 0xf3, 0x1f, 0xf3, 0x1f, 0xf3,
    0x1f, 0xf3, 0x1f, 0xf3, 0x1f, 0xf3, 0x1f, 0xf3,
    0x1f, 0xf3, 0x1f, 0xf3, 0x1f, 0xf3, 0x1f, 0xf3,
    0x1f, 0xf3, 0x1f, 0xf3, 0x1f, 0xf2,

    /* U+007D "}" */
    0x3, 0x43, 0x10, 0x0, 0x0, 0xf, 0xff, 0xf9,
    0x0, 0x0, 0xf, 0xff, 0xff, 0x60, 0x0, 0x0,
    0x2, 0xdf, 0xb0, 0x0, 0x0, 0x0, 0x7f, 0xd0,
    0x0, 0x0, 0x0, 0x6f, 0xd0, 0x0, 0x0, 0x0,
    0x6f, 0xd0, 0x0, 0x0, 0x0, 0x6f, 0xd0, 0x0,
    0x0, 0x0, 0x6f, 0xd0, 0x0, 0x0, 0x0, 0x6f,
    0xd0, 0x0, 0x0, 0x0, 0x6f, 0xd0, 0x0, 0x0,
    0x0, 0x6f, 0xe0, 0x0, 0x0, 0x0, 0x3f, 0xf7,
    0x42, 0x0, 0x0, 0x9, 0xff, 0xf9, 0x0, 0x0,
    0xc, 0xff, 0xf8, 0x0, 0x0, 0x4f, 0xf2, 0x0,
    0x0, 0x0, 0x6f, 0xd0, 0x0, 0x0, 0x0, 0x6f,
    0xd0, 0x0, 0x0, 0x0, 0x6f, 0xd0, 0x0, 0x0,
    0x0, 0x6f, 0xd0, 0x0, 0x0, 0x0, 0x6f, 0xd0,
    0x0, 0x0, 0x0, 0x6f, 0xd0, 0x0, 0x0, 0x0,
    0x6f, 0xd0, 0x0, 0x0, 0x0, 0x8f, 0xc0, 0x0,
    0x4, 0x46, 0xef, 0xa0, 0x0, 0xf, 0xff, 0xff,
    0x30, 0x0, 0xf, 0xff, 0xc4, 0x0, 0x0,

    /* U+007E "~" */
    0x3b, 0xef, 0xd7, 0x0, 0x0, 0x2, 0x4e, 0xff,
    0xff, 0xfe, 0x84, 0x36, 0xfb, 0xfd, 0x53, 0x5b,
    0xff, 0xff, 0xff, 0xa6, 0x0, 0x0, 0x2, 0x9e,
    0xfd, 0x91,

    /* U+F001 "" */
    0x0, 0x0, 0x0, 0x0, 0x0, 0x0, 0x0, 0x0,
    0x0, 0x0, 0x0, 0x0, 0x0, 0x0, 0x0, 0x0,
    0x0, 0x0, 0x0, 0x0, 0x0, 0x2, 0x7b, 0xe8,
    0x0, 0x0, 0x0, 0x0, 0x0, 0x0, 0x0, 0x0,
    0x49, 0xdf, 0xff, 0xff, 0x0, 0x0, 0x0, 0x0,
    0x0, 0x0, 0x16, 0xbf, 0xff, 0xff, 0xff, 0xff,
    0x0, 0x0, 0x0, 0x0, 0x3, 0x8c, 0xff, 0xff,
    0xff, 0xff, 0xff, 0xff, 0x0, 0x0, 0x0, 0x3a,
    0xef, 0xff, 0xff, 0xff, 0xff, 0xff, 0xff, 0xff,
    0x0, 0x0, 0x0, 0xef, 0xff, 0xff, 0xff, 0xff,
    0xff, 0xff, 0xff, 0xff, 0x0, 0x0, 0x0, 0xff,
    0xff, 0xff, 0xff, 0xff, 0xff, 0xff, 0xaf, 0xff,
    0x0, 0x0, 0x0, 0xff, 0xff, 0xff, 0xff, 0xff,
    0xd8, 0x40, 0xf, 0xff, 0x0, 0x0, 0x0, 0xff,
    0xff, 0xff, 0xfb, 0x62, 0x0, 0x0, 0xf, 0xff,
    0x0, 0x0, 0x0, 0xff, 0xfe, 0x94, 0x0, 0x0,
    0x0, 0x0, 0xf, 0xff, 0x0, 0x0, 0x0, 0xff,
    0xf0, 0x0, 0x0, 0x0, 0x0, 0x0, 0xf, 0xff,
    0x0, 0x0, 0x0, 0xff, 0xf0, 0x0, 0x0, 0x0,
    0x0, 0x0, 0xf, 0xff, 0x0, 0x0, 0x0, 0xff,
    0xf0, 0x0, 0x0, 0x0, 0x0, 0x0, 0xf, 0xff,
    0x0, 0x0, 0x0, 0xff, 0xf0, 0x0, 0x0, 0x0,
    0x0, 0x0, 0xf, 0xff, 0x0, 0x0, 0x0, 0xff,
    0xf0, 0x0, 0x0, 0x0, 0x0, 0x0, 0xf, 0xff,
    0x0, 0x0, 0x0, 0xff, 0xf0, 0x0, 0x0, 0x0,
    0x3a, 0xdf, 0xdf, 0xff, 0x0, 0x0, 0x0, 0xff,
    0xf0, 0x0, 0x0, 0x6, 0xff, 0xff, 0xff, 0xff,
    0x0, 0x0, 0x0, 0xff, 0xf0, 0x0, 0x0, 0xe,
    0xff, 0xff, 0xff, 0xff, 0x3, 0xad, 0xfd, 0xff,
    0xf0, 0x0, 0x0, 0xe, 0xff, 0xff, 0xff, 0xfe,
    0x6f, 0xff, 0xff, 0xff, 0xf0, 0x0, 0x0, 0x6,
    0xff, 0xff, 0xff, 0xf6, 0xef, 0xff, 0xff, 0xff,
    0xf0, 0x0, 0x0, 0x0, 0x3a, 0xef, 0xea, 0x30,
    0xef, 0xff, 0xff, 0xff, 0xe0, 0x0, 0x0, 0x0,
    0x0, 0x0, 0x0, 0x0, 0x6f, 0xff, 0xff, 0xff,
    0x60, 0x0, 0x0, 0x0, 0x0, 0x0, 0x0, 0x0,
    0x3, 0xae, 0xfe, 0xa3, 0x0, 0x0, 0x0, 0x0,
    0x0, 0x0, 0x0, 0x0,

    /* U+F008 "" */
    0xb7, 0x0, 0xbf, 0xff, 0xff, 0xff, 0xff, 0xff,
    0xff, 0xf4, 0x0, 0x7b, 0xfd, 0x88, 0xef, 0xff,
    0xff, 0xff, 0xff, 0xff, 0xff, 0xfb, 0x88, 0xdf,
    0xff, 0xff, 0xff, 0xb4, 0x44, 0x44, 0x44, 0x44,
    0x5f, 0xff, 0xff, 0xff, 0xf9, 0x0, 0xcf, 0x80,
    0x0, 0x0, 0x0, 0x0, 0xf, 0xf5, 0x0, 0x9f,
    0xf8, 0x0, 0xbf, 0x80, 0x0, 0x0, 0x0, 0x0,
    0xf, 0xf4, 0x0, 0x8f, 0xf9, 0x0, 0xcf, 0x80,
    0x0, 0x0, 0x0, 0x0, 0xf, 0xf5, 0x0, 0x9f,
    0xff, 0xff, 0xff, 0x80, 0x0, 0x0, 0x0, 0x0,
    0xf, 0xff, 0xff, 0xff, 0xfd, 0x88, 0xef, 0xa2,
    0x22, 0x22, 0x22, 0x22, 0x3f, 0xfb, 0x88, 0xdf,
    0xf8, 0x0, 0xbf, 0xff, 0xff, 0xff, 0xff, 0xff,
    0xff, 0xf4, 0x0, 0x8f, 0xf8, 0x0, 0xbf, 0xff,
    0xff, 0xff, 0xff, 0xff, 0xff, 0xf4, 0x0, 0x8f,
    0xfd, 0x88, 0xef, 0xa2, 0x22, 0x22, 0x22, 0x22,
    0x3f, 0xfb, 0x88, 0xdf, 0xff, 0xff, 0xff, 0x80,
    0x0, 0x0, 0x0, 0x0, 0xf, 0xff, 0xff, 0xff,
    0xf9, 0x0, 0xcf, 0x80, 0x0, 0x0, 0x0, 0x0,
    0xf, 0xf5, 0x0, 0x9f, 0xf8, 0x0, 0xbf, 0x80,
    0x0, 0x0, 0x0, 0x0, 0xf, 0xf4, 0x0, 0x8f,
    0xf9, 0x0, 0xcf, 0x80, 0x0, 0x0, 0x0, 0x0,
    0xf, 0xf5, 0x0, 0x9f, 0xff, 0xff, 0xff, 0xb4,
    0x44, 0x44, 0x44, 0x44, 0x5f, 0xff, 0xff, 0xff,
    0xfd, 0x88, 0xef, 0xff, 0xff, 0xff, 0xff, 0xff,
    0xff, 0xfb, 0x88, 0xdf, 0xb7, 0x0, 0xbf, 0xff,
    0xff, 0xff, 0xff, 0xff, 0xff, 0xf4, 0x0, 0x7b,

    /* U+F00C "" */
    0x0, 0x0, 0x0, 0x0, 0x0, 0x0, 0x0, 0x0,
    0x0, 0x0, 0xbd, 0x20, 0x0, 0x0, 0x0, 0x0,
    0x0, 0x0, 0x0, 0x0, 0x0, 0xc, 0xff, 0xe2,
    0x0, 0x0, 0x0, 0x0, 0x0, 0x0, 0x0, 0x0,
    0x0, 0xcf, 0xff, 0xfd, 0x0, 0x0, 0x0, 0x0,
    0x0, 0x0, 0x0, 0x0, 0xc, 0xff, 0xff, 0xfd,
    0x0, 0x0, 0x0, 0x0, 0x0, 0x0, 0x0, 0x0,
    0xcf, 0xff, 0xff, 0xd1, 0x0, 0x0, 0x0, 0x0,
    0x0, 0x0, 0x0, 0xc, 0xff, 0xff, 0xfd, 0x10,
    0x2, 0xdb, 0x0, 0x0, 0x0, 0x0, 0x0, 0xcf,
    0xff, 0xff, 0xd1, 0x0, 0x2e, 0xff, 0xc0, 0x0,
    0x0, 0x0, 0xc, 0xff, 0xff, 0xfd, 0x10, 0x0,
    0xdf, 0xff, 0xfc, 0x0, 0x0, 0x0, 0xcf, 0xff,
    0xff, 0xd1, 0x0, 0x0, 0xdf, 0xff, 0xff, 0xc0,
    0x0, 0xc, 0xff, 0xff, 0xfd, 0x10, 0x0, 0x0,
    0x1d, 0xff, 0xff, 0xfc, 0x0, 0xcf, 0xff, 0xff,
    0xd1, 0x0, 0x0, 0x0, 0x1, 0xdf, 0xff, 0xff,
    0xcc, 0xff, 0xff, 0xfd, 0x10, 0x0, 0x0, 0x0,
    0x0, 0x1d, 0xff, 0xff, 0xff, 0xff, 0xff, 0xd1,
    0x0, 0x0, 0x0, 0x0, 0x0, 0x1, 0xdf, 0xff,
    0xff, 0xff, 0xfd, 0x10, 0x0, 0x0, 0x0, 0x0,
    0x0, 0x0, 0x1d, 0xff, 0xff, 0xff, 0xd1, 0x0,
    0x0, 0x0, 0x0, 0x0, 0x0, 0x0, 0x1, 0xdf,
    0xff, 0xfd, 0x10, 0x0, 0x0, 0x0, 0x0, 0x0,
    0x0, 0x0, 0x0, 0x1d, 0xff, 0xd1, 0x0, 0x0,
    0x0, 0x0, 0x0, 0x0, 0x0, 0x0, 0x0, 0x1,
    0xcc, 0x10, 0x0, 0x0, 0x0, 0x0, 0x0, 0x0,

    /* U+F00D "" */
    0x1, 0x41, 0x0, 0x0, 0x0, 0x0, 0x3, 0x30,
    0x1, 0xdf, 0xd1, 0x0, 0x0, 0x0, 0x7, 0xff,
    0x70, 0xcf, 0xff, 0xd1, 0x0, 0x0, 0x7, 0xff,
    0xff, 0x4e, 0xff, 0xff, 0xd1, 0x0, 0x7, 0xff,
    0xff, 0xf6, 0x4f, 0xff, 0xff, 0xd1, 0x7, 0xff,
    0xff, 0xfb, 0x0, 0x4f, 0xff, 0xff, 0xd8, 0xff,
    0xff, 0xfb, 0x0, 0x0, 0x4f, 0xff, 0xff, 0xff,
    0xff, 0xfb, 0x0, 0x0, 0x0, 0x4f, 0xff, 0xff,
    0xff, 0xfb, 0x0, 0x0, 0x0, 0x0, 0x4f, 0xff,
    0xff, 0xfc, 0x0, 0x0, 0x0, 0x0, 0x7, 0xff,
    0xff, 0xff, 0xd1, 0x0, 0x0, 0x0, 0x7, 0xff,
    0xff, 0xff, 0xff, 0xd1, 0x0, 0x0, 0x7, 0xff,
    0xff, 0xff, 0xff, 0xff, 0xd1, 0x0, 0x7, 0xff,
    0xff, 0xfb, 0x5f, 0xff, 0xff, 0xd1, 0x7, 0xff,
    0xff, 0xfb, 0x0, 0x4f, 0xff, 0xff, 0xd1, 0xff,
    0xff, 0xfb, 0x0, 0x0, 0x4f, 0xff, 0xff, 0x7a,
    0xff, 0xfb, 0x0, 0x0, 0x0, 0x4f, 0xff, 0xf3,
    0xb, 0xfb, 0x0, 0x0, 0x0, 0x0, 0x4f, 0xf4,
    0x0, 0x1, 0x0, 0x0, 0x0, 0x0, 0x0, 0x0,
    0x0,

    /* U+F011 "" */
    0x0, 0x0, 0x0, 0x0, 0x0, 0xaf, 0xf8, 0x0,
    0x0, 0x0, 0x0, 0x0, 0x0, 0x0, 0x0, 0x0,
    0x0, 0xef, 0xfd, 0x0, 0x0, 0x0, 0x0, 0x0,
    0x0, 0x0, 0x8, 0x60, 0x0, 0xef, 0xfd, 0x0,
    0x7, 0x70, 0x0, 0x0, 0x0, 0x1, 0xcf, 0xf3,
    0x0, 0xef, 0xfd, 0x0, 0x5f, 0xfb, 0x0, 0x0,
    0x0, 0xc, 0xff, 0xfb, 0x0, 0xef, 0xfd, 0x0,
    0xcf, 0xff, 0xb0, 0x0, 0x0, 0x9f, 0xff, 0xf6,
    0x0, 0xef, 0xfd, 0x0, 0x7f, 0xff, 0xf7, 0x0,
    0x3, 0xff, 0xff, 0x60, 0x0, 0xef, 0xfd, 0x0,
    0x8, 0xff, 0xff, 0x20, 0xa, 0xff, 0xf9, 0x0,
    0x0, 0xef, 0xfd, 0x0, 0x0, 0xbf, 0xff, 0x90,
    0x1f, 0xff, 0xe0, 0x0, 0x0, 0xef, 0xfd, 0x0,
    0x0, 0x1f, 0xff, 0xf0, 0x5f, 0xff, 0x90, 0x0,
    0x0, 0xef, 0xfd, 0x0, 0x0, 0xa, 0xff, 0xf3,
    0x8f, 0xff, 0x40, 0x0, 0x0, 0xef, 0xfd, 0x0,
    0x0, 0x6, 0xff, 0xf6, 0x9f, 0xff, 0x20, 0x0,
    0x0, 0xef, 0xfd, 0x0, 0x0, 0x4, 0xff, 0xf8,
    0x9f, 0xff, 0x20, 0x0, 0x0, 0xef, 0xfc, 0x0,
    0x0, 0x4, 0xff, 0xf7, 0x8f, 0xff, 0x40, 0x0,
    0x0, 0x37, 0x72, 0x0, 0x0, 0x6, 0xff, 0xf6,
    0x5f, 0xff, 0x80, 0x0, 0x0, 0x0, 0x0, 0x0,
    0x0, 0xa, 0xff, 0xf4, 0x1f, 0xff, 0xe0, 0x0,
    0x0, 0x0, 0x0, 0x0, 0x0, 0x1f, 0xff, 0xf0,
    0xb, 0xff, 0xf8, 0x0, 0x0, 0x0, 0x0, 0x0,
    0x0, 0xaf, 0xff, 0xa0, 0x3, 0xff, 0xff, 0x60,
    0x0, 0x0, 0x0, 0x0, 0x7, 0xff, 0xff, 0x20,
    0x0, 0xaf, 0xff, 0xf8, 0x0, 0x0, 0x0, 0x1,
    0x9f, 0xff, 0xf8, 0x0, 0x0, 0xd, 0xff, 0xff,
    0xe8, 0x42, 0x24, 0x9e, 0xff, 0xff, 0xb0, 0x0,
    0x0, 0x1, 0xdf, 0xff, 0xff, 0xff, 0xff, 0xff,
    0xff, 0xfb, 0x10, 0x0, 0x0, 0x0, 0xa, 0xff,
    0xff, 0xff, 0xff, 0xff, 0xff, 0x90, 0x0, 0x0,
    0x0, 0x0, 0x0, 0x3b, 0xff, 0xff, 0xff, 0xff,
    0xb3, 0x0, 0x0, 0x0, 0x0, 0x0, 0x0, 0x0,
    0x15, 0x89, 0x97, 0x51, 0x0, 0x0, 0x0, 0x0,

    /* U+F013 "" */
    0x0, 0x0, 0x0, 0x0, 0x4, 0x89, 0x98, 0x40,
    0x0, 0x0, 0x0, 0x0, 0x0, 0x0, 0x0, 0x0,
    0xf, 0xff, 0xff, 0xf0, 0x0, 0x0, 0x0, 0x0,
    0x0, 0x0, 0x0, 0x0, 0xf, 0xff, 0xff, 0xf0,
    0x0, 0x0, 0x0, 0x0, 0x0, 0x0, 0x0, 0x0,
    0x4f, 0xff, 0xff, 0xf4, 0x0, 0x0, 0x0, 0x0,
    0x0, 0xc, 0xc3, 0x2c, 0xff, 0xff, 0xff, 0xff,
    0xc2, 0x3c, 0xc0, 0x0, 0x0, 0x8f, 0xff, 0xff,
    0xff, 0xff, 0xff, 0xff, 0xff, 0xff, 0xf8, 0x0,
    0x3, 0xff, 0xff, 0xff, 0xff, 0xff, 0xff, 0xff,
    0xff, 0xff, 0xff, 0x30, 0xa, 0xff, 0xff, 0xff,
    0xff, 0xff, 0xff, 0xff, 0xff, 0xff, 0xff, 0xa0,
    0xf, 0xff, 0xff, 0xff, 0xff, 0x94, 0x49, 0xff,
    0xff, 0xff, 0xff, 0xf0, 0x6, 0xef, 0xff, 0xff,
    0xf4, 0x0, 0x0, 0x4f, 0xff, 0xff, 0xfe, 0x60,
    0x0, 0x1e, 0xff, 0xff, 0x90, 0x0, 0x0, 0x9,
    0xff, 0xff, 0xe1, 0x0, 0x0, 0xf, 0xff, 0xff,
    0x40, 0x0, 0x0, 0x4, 0xff, 0xff, 0xf0, 0x0,
    0x0, 0xf, 0xff, 0xff, 0x40, 0x0, 0x0, 0x4,
    0xff, 0xff, 0xf0, 0x0, 0x0, 0x1e, 0xff, 0xff,
    0x90, 0x0, 0x0, 0x9, 0xff, 0xff, 0xe1, 0x0,
    0x6, 0xef, 0xff, 0xff, 0xf4, 0x0, 0x0, 0x4f,
    0xff, 0xff, 0xfe, 0x60, 0xf, 0xff, 0xff, 0xff,
    0xff, 0x94, 0x49, 0xff, 0xff, 0xff, 0xff, 0xf0,
    0xa, 0xff, 0xff, 0xff, 0xff, 0xff, 0xff, 0xff,
    0xff, 0xff, 0xff, 0xa0, 0x3, 0xff, 0xff, 0xff,
    0xff, 0xff, 0xff, 0xff, 0xff, 0xff, 0xff, 0x30,
    0x0, 0x8f, 0xff, 0xff, 0xff, 0xff, 0xff, 0xff,
    0xff, 0xff, 0xf8, 0x0, 0x0, 0xc, 0xc3, 0x2c,
    0xff, 0xff, 0xff, 0xff, 0xc2, 0x3c, 0xc0, 0x0,
    0x0, 0x0, 0x0, 0x0, 0x4f, 0xff, 0xff, 0xf4,
    0x0, 0x0, 0x0, 0x0, 0x0, 0x0, 0x0, 0x0,
    0xf, 0xff, 0xff, 0xf0, 0x0, 0x0, 0x0, 0x0,
    0x0, 0x0, 0x0, 0x0, 0xf, 0xff, 0xff, 0xf0,
    0x0, 0x0, 0x0, 0x0, 0x0, 0x0, 0x0, 0x0,
    0x4, 0x89, 0x98, 0x40, 0x0, 0x0, 0x0, 0x0,

    /* U+F015 "" */
    0x0, 0x0, 0x0, 0x0, 0x0, 0x0, 0x13, 0x10,
    0x0, 0x2, 0x44, 0x20, 0x0, 0x0, 0x0, 0x0,
    0x0, 0x0, 0x0, 0x5f, 0xfe, 0x40, 0x0, 0xdf,
    0xfd, 0x0, 0x0, 0x0, 0x0, 0x0, 0x0, 0x0,
    0x7f, 0xff, 0xff, 0x70, 0xe, 0xff, 0xe0, 0x0,
    0x0, 0x0, 0x0, 0x0, 0x0, 0xaf, 0xff, 0xff,
    0xff, 0xa0, 0xef, 0xfe, 0x0, 0x0, 0x0, 0x0,
    0x0, 0x1, 0xcf, 0xff, 0xb3, 0xbf, 0xff, 0xce,
    0xff, 0xe0, 0x0, 0x0, 0x0, 0x0, 0x3, 0xef,
    0xff, 0x90, 0x0, 0x9f, 0xff, 0xff, 0xfe, 0x0,
    0x0, 0x0, 0x0, 0x6, 0xff, 0xff, 0x60, 0x5d,
    0x50, 0x6f, 0xff, 0xff, 0xe0, 0x0, 0x0, 0x0,
    0x8, 0xff, 0xfe, 0x30, 0x8f, 0xff, 0x80, 0x3e,
    0xff, 0xfe, 0x0, 0x0, 0x0, 0x1b, 0xff, 0xfd,
    0x20, 0xaf, 0xff, 0xff, 0xa0, 0x2d, 0xff, 0xfb,
    0x0, 0x0, 0x2d, 0xff, 0xfb, 0x1, 0xcf, 0xff,
    0xff, 0xff, 0xc1, 0xb, 0xff, 0xfd, 0x20, 0x4f,
    0xff, 0xf8, 0x3, 0xef, 0xff, 0xff, 0xff, 0xff,
    0xe3, 0x8, 0xff, 0xfe, 0x4e, 0xff, 0xf5, 0x5,
    0xff, 0xff, 0xff, 0xff, 0xff, 0xff, 0xf5, 0x5,
    0xff, 0xfe, 0x4f, 0xe3, 0x8, 0xff, 0xff, 0xff,
    0xff, 0xff, 0xff, 0xff, 0xf8, 0x3, 0xef, 0x40,
    0x41, 0x7, 0xff, 0xff, 0xff, 0xff, 0xff, 0xff,
    0xff, 0xff, 0xf7, 0x1, 0x40, 0x0, 0x0, 0x8f,
    0xff, 0xff, 0xff, 0xff, 0xff, 0xff, 0xff, 0xff,
    0x80, 0x0, 0x0, 0x0, 0x8, 0xff, 0xff, 0xff,
    0xeb, 0xbb, 0xef, 0xff, 0xff, 0xf8, 0x0, 0x0,
    0x0, 0x0, 0x8f, 0xff, 0xff, 0xf4, 0x0, 0x4,
    0xff, 0xff, 0xff, 0x80, 0x0, 0x0, 0x0, 0x8,
    0xff, 0xff, 0xff, 0x40, 0x0, 0x4f, 0xff, 0xff,
    0xf8, 0x0, 0x0, 0x0, 0x0, 0x8f, 0xff, 0xff,
    0xf4, 0x0, 0x4, 0xff, 0xff, 0xff, 0x80, 0x0,
    0x0, 0x0, 0x8, 0xff, 0xff, 0xff, 0x40, 0x0,
    0x4f, 0xff, 0xff, 0xf8, 0x0, 0x0, 0x0, 0x0,
    0x7f, 0xff, 0xff, 0xf3, 0x0, 0x3, 0xff, 0xff,
    0xff, 0x70, 0x0, 0x0, 0x0, 0x3, 0xbb, 0xbb,
    0xba, 0x10, 0x0, 0x1a, 0xbb, 0xbb, 0xb3, 0x0,
    0x0,

    /* U+F019 "" */
    0x0, 0x0, 0x0, 0x0, 0x9, 0xdd, 0xdd, 0x90,
    0x0, 0x0, 0x0, 0x0, 0x0, 0x0, 0x0, 0x0,
    0xf, 0xff, 0xff, 0xf0, 0x0, 0x0, 0x0, 0x0,
    0x0, 0x0, 0x0, 0x0, 0xf, 0xff, 0xff, 0xf0,
    0x0, 0x0, 0x0, 0x0, 0x0, 0x0, 0x0, 0x0,
    0xf, 0xff, 0xff, 0xf0, 0x0, 0x0, 0x0, 0x0,
    0x0, 0x0, 0x0, 0x0, 0xf, 0xff, 0xff, 0xf0,
    0x0, 0x0, 0x0, 0x0, 0x0, 0x0, 0x0, 0x0,
    0xf, 0xff, 0xff, 0xf0, 0x0, 0x0, 0x0, 0x0,
    0x0, 0x0, 0x0, 0x0, 0xf, 0xff, 0xff, 0xf0,
    0x0, 0x0, 0x0, 0x0, 0x0, 0x0, 0x0, 0x0,
    0xf, 0xff, 0xff, 0xf0, 0x0, 0x0, 0x0, 0x0,
    0x0, 0x0, 0x0, 0x0, 0xf, 0xff, 0xff, 0xf0,
    0x0, 0x0, 0x0, 0x0, 0x0, 0x0, 0xad, 0xdd,
    0xdf, 0xff, 0xff, 0xfd, 0xdd, 0xda, 0x0, 0x0,
    0x0, 0x0, 0xdf, 0xff, 0xff, 0xff, 0xff, 0xff,
    0xff, 0xfd, 0x0, 0x0, 0x0, 0x0, 0x1d, 0xff,
    0xff, 0xff, 0xff, 0xff, 0xff, 0xd1, 0x0, 0x0,
    0x0, 0x0, 0x1, 0xdf, 0xff, 0xff, 0xff, 0xff,
    0xfd, 0x10, 0x0, 0x0, 0x0, 0x0, 0x0, 0x1d,
    0xff, 0xff, 0xff, 0xff, 0xd1, 0x0, 0x0, 0x0,
    0x0, 0x0, 0x0, 0x1, 0xdf, 0xff, 0xff, 0xfd,
    0x10, 0x0, 0x0, 0x0, 0x0, 0x0, 0x0, 0x0,
    0x1d, 0xff, 0xff, 0xd1, 0x0, 0x0, 0x0, 0x0,
    0x25, 0x55, 0x55, 0x55, 0x11, 0xdf, 0xfd, 0x11,
    0x55, 0x55, 0x55, 0x52, 0xef, 0xff, 0xff, 0xff,
    0xd1, 0x1d, 0xd1, 0x1d, 0xff, 0xff, 0xff, 0xfe,
    0xff, 0xff, 0xff, 0xff, 0xfd, 0x10, 0x1, 0xdf,
    0xff, 0xff, 0xff, 0xff, 0xff, 0xff, 0xff, 0xff,
    0xff, 0xf9, 0x9f, 0xff, 0xff, 0xff, 0xff, 0xff,
    0xff, 0xff, 0xff, 0xff, 0xff, 0xff, 0xff, 0xff,
    0xff, 0xff, 0xff, 0xff, 0xff, 0xff, 0xff, 0xff,
    0xff, 0xff, 0xff, 0xff, 0x71, 0xe7, 0x1e, 0xff,
    0xff, 0xff, 0xff, 0xff, 0xff, 0xff, 0xff, 0xff,
    0xb6, 0xfb, 0x6f, 0xff, 0xbf, 0xff, 0xff, 0xff,
    0xff, 0xff, 0xff, 0xff, 0xff, 0xff, 0xff, 0xfb,

    /* U+F01C "" */
    0x0, 0x0, 0x3, 0xcf, 0xff, 0xff, 0xff, 0xff,
    0xff, 0xff, 0xd3, 0x0, 0x0, 0x0, 0x0, 0x1,
    0xef, 0xff, 0xff, 0xff, 0xff, 0xff, 0xff, 0xff,
    0xe1, 0x0, 0x0, 0x0, 0x0, 0xaf, 0xff, 0xff,
    0xff, 0xff, 0xff, 0xff, 0xff, 0xff, 0xa0, 0x0,
    0x0, 0x0, 0x5f, 0xff, 0x40, 0x0, 0x0, 0x0,
    0x0, 0x0, 0x4f, 0xff, 0x50, 0x0, 0x0, 0x1e,
    0xff, 0x90, 0x0, 0x0, 0x0, 0x0, 0x0, 0x0,
    0x9f, 0xfe, 0x10, 0x0, 0xa, 0xff, 0xe0, 0x0,
    0x0, 0x0, 0x0, 0x0, 0x0, 0x0, 0xef, 0xfa,
    0x0, 0x5, 0xff, 0xf4, 0x0, 0x0, 0x0, 0x0,
    0x0, 0x0, 0x0, 0x4, 0xff, 0xf5, 0x1, 0xef,
    0xf9, 0x0, 0x0, 0x0, 0x0, 0x0, 0x0, 0x0,
    0x0, 0x9, 0xff, 0xe1, 0xaf, 0xfe, 0x0, 0x0,
    0x0, 0x0, 0x0, 0x0, 0x0, 0x0, 0x0, 0xe,
    0xff, 0xaf, 0xff, 0xff, 0xff, 0xff, 0x90, 0x0,
    0x0, 0x0, 0xaf, 0xff, 0xff, 0xff, 0xff, 0xff,
    0xff, 0xff, 0xff, 0xff, 0x20, 0x0, 0x0, 0x2f,
    0xff, 0xff, 0xff, 0xff, 0xff, 0xff, 0xff, 0xff,
    0xff, 0xf9, 0x0, 0x0, 0xa, 0xff, 0xff, 0xff,
    0xff, 0xff, 0xff, 0xff, 0xff, 0xff, 0xff, 0xff,
    0xff, 0xff, 0xff, 0xff, 0xff, 0xff, 0xff, 0xff,
    0xff, 0xff, 0xff, 0xff, 0xff, 0xff, 0xff, 0xff,
    0xff, 0xff, 0xff, 0xff, 0xff, 0xff, 0xff, 0xff,
    0xff, 0xff, 0xff, 0xff, 0xff, 0xff, 0xff, 0xff,
    0xff, 0xff, 0xff, 0xff, 0xff, 0xff, 0xff, 0xff,
    0xff, 0xff, 0xff, 0xff, 0xff, 0xff, 0xff, 0xff,
    0xdf, 0xff, 0xff, 0xff, 0xff, 0xff, 0xff, 0xff,
    0xff, 0xff, 0xff, 0xff, 0xff, 0xd3, 0xdf, 0xff,
    0xff, 0xff, 0xff, 0xff, 0xff, 0xff, 0xff, 0xff,
    0xff, 0xff, 0xd3,

    /* U+F021 "" */
    0x0, 0x0, 0x0, 0x0, 0x0, 0x0, 0x0, 0x0,
    0x0, 0x0, 0x3, 0x32, 0x0, 0x0, 0x0, 0x0,
    0x3, 0x67, 0x75, 0x20, 0x0, 0x0, 0x4f, 0xff,
    0x0, 0x0, 0x0, 0x29, 0xff, 0xff, 0xff, 0xfd,
    0x70, 0x0, 0x4f, 0xff, 0x0, 0x0, 0x8, 0xff,
    0xff, 0xff, 0xff, 0xff, 0xfe, 0x60, 0x3f, 0xff,
    0x0, 0x1, 0xcf, 0xff, 0xff, 0xfe, 0xef, 0xff,
    0xff, 0xfb, 0x3f, 0xff, 0x0, 0xd, 0xff, 0xff,
    0xb4, 0x0, 0x0, 0x5b, 0xff, 0xff, 0xdf, 0xff,
    0x0, 0xaf, 0xff, 0xe4, 0x0, 0x0, 0x0, 0x0,
    0x4d, 0xff, 0xff, 0xff, 0x4, 0xff, 0xfd, 0x10,
    0x0, 0x0, 0x0, 0x0, 0x0, 0xcf, 0xff, 0xff,
    0xc, 0xff, 0xf2, 0x0, 0x0, 0x0, 0x6, 0xff,
    0xee, 0xef, 0xff, 0xff, 0x1f, 0xff, 0x80, 0x0,
    0x0, 0x0, 0x8, 0xff, 0xff, 0xff, 0xff, 0xff,
    0x5f, 0xff, 0x10, 0x0, 0x0, 0x0, 0x7, 0xff,
    0xff, 0xff, 0xff, 0xff, 0x4, 0x43, 0x0, 0x0,
    0x0, 0x0, 0x1, 0x44, 0x44, 0x44, 0x44, 0x43,
    0x0, 0x0, 0x0, 0x0, 0x0, 0x0, 0x0, 0x0,
    0x0, 0x0, 0x0, 0x0, 0x0, 0x0, 0x0, 0x0,
    0x0, 0x0, 0x0, 0x0, 0x0, 0x0, 0x0, 0x0,
    0x34, 0x44, 0x44, 0x44, 0x44, 0x0, 0x0, 0x0,
    0x0, 0x0, 0x34, 0x40, 0xff, 0xff, 0xff, 0xff,
    0xff, 0x70, 0x0, 0x0, 0x0, 0x1, 0xff, 0xf5,
    0xff, 0xff, 0xff, 0xff, 0xff, 0x80, 0x0, 0x0,
    0x0, 0x8, 0xff, 0xf1, 0xff, 0xff, 0xfd, 0xee,
    0xff, 0x60, 0x0, 0x0, 0x0, 0x2f, 0xff, 0xb0,
    0xff, 0xff, 0xfb, 0x0, 0x0, 0x0, 0x0, 0x0,
    0x1, 0xdf, 0xff, 0x40, 0xff, 0xff, 0xff, 0xd3,
    0x0, 0x0, 0x0, 0x0, 0x4e, 0xff, 0xfa, 0x0,
    0xff, 0xfe, 0xff, 0xff, 0xb5, 0x0, 0x0, 0x4b,
    0xff, 0xff, 0xd0, 0x0, 0xff, 0xf3, 0xbf, 0xff,
    0xff, 0xfe, 0xef, 0xff, 0xff, 0xfc, 0x10, 0x0,
    0xff, 0xf3, 0x6, 0xff, 0xff, 0xff, 0xff, 0xff,
    0xff, 0x80, 0x0, 0x0, 0xff, 0xf4, 0x0, 0x17,
    0xdf, 0xff, 0xff, 0xff, 0xa2, 0x0, 0x0, 0x0,
    0xff, 0xf4, 0x0, 0x0, 0x2, 0x67, 0x76, 0x30,
    0x0, 0x0, 0x0, 0x0, 0x23, 0x30, 0x0, 0x0,
    0x0, 0x0, 0x0, 0x0, 0x0, 0x0, 0x0, 0x0,

    /* U+F026 "" */
    0x0, 0x0, 0x0, 0x0, 0x1, 0xa7, 0x0, 0x0,
    0x0, 0x0, 0x1c, 0xff, 0x0, 0x0, 0x0, 0x1,
    0xcf, 0xff, 0x0, 0x0, 0x0, 0x1c, 0xff, 0xff,
    0x14, 0x44, 0x44, 0xcf, 0xff, 0xff, 0xef, 0xff,
    0xff, 0xff, 0xff, 0xff, 0xff, 0xff, 0xff, 0xff,
    0xff, 0xff, 0xff, 0xff, 0xff, 0xff, 0xff, 0xff,
    0xff, 0xff, 0xff, 0xff, 0xff, 0xff, 0xff, 0xff,
    0xff, 0xff, 0xff, 0xff, 0xff, 0xff, 0xff, 0xff,
    0xff, 0xff, 0xff, 0xff, 0xff, 0xff, 0xff, 0xff,
    0xff, 0xff, 0xff, 0xff, 0xff, 0xff, 0x7b, 0xbb,
    0xbb, 0xff, 0xff, 0xff, 0x0, 0x0, 0x0, 0x5f,
    0xff, 0xff, 0x0, 0x0, 0x0, 0x5, 0xff, 0xff,
    0x0, 0x0, 0x0, 0x0, 0x5f, 0xff, 0x0, 0x0,
    0x0, 0x0, 0x5, 0xfd, 0x0, 0x0, 0x0, 0x0,
    0x0, 0x10,

    /* U+F027 "" */
    0x0, 0x0, 0x0, 0x0, 0x0, 0x96, 0x0, 0x0,
    0x0, 0x0, 0x0, 0x0, 0x0, 0xc, 0xff, 0x0,
    0x0, 0x0, 0x0, 0x0, 0x0, 0x0, 0xcf, 0xff,
    0x0, 0x0, 0x0, 0x0, 0x0, 0x0, 0xc, 0xff,
    0xff, 0x0, 0x0, 0x0, 0x13, 0x33, 0x33, 0xcf,
    0xff, 0xff, 0x0, 0x0, 0x0, 0xdf, 0xff, 0xff,
    0xff, 0xff, 0xff, 0x0, 0x4a, 0x20, 0xff, 0xff,
    0xff, 0xff, 0xff, 0xff, 0x0, 0xcf, 0xe1, 0xff,
    0xff, 0xff, 0xff, 0xff, 0xff, 0x0, 0x3e, 0xfa,
    0xff, 0xff, 0xff, 0xff, 0xff, 0xff, 0x0, 0x6,
    0xfe, 0xff, 0xff, 0xff, 0xff, 0xff, 0xff, 0x0,
    0x5, 0xfe, 0xff, 0xff, 0xff, 0xff, 0xff, 0xff,
    0x0, 0x2e, 0xfa, 0xff, 0xff, 0xff, 0xff, 0xff,
    0xff, 0x0, 0xcf, 0xf2, 0xff, 0xff, 0xff, 0xff,
    0xff, 0xff, 0x0, 0x5b, 0x30, 0x7c, 0xcc, 0xcc,
    0xff, 0xff, 0xff, 0x0, 0x0, 0x0, 0x0, 0x0,
    0x0, 0x5f, 0xff, 0xff, 0x0, 0x0, 0x0, 0x0,
    0x0, 0x0, 0x5, 0xff, 0xff, 0x0, 0x0, 0x0,
    0x0, 0x0, 0x0, 0x0, 0x5f, 0xff, 0x0, 0x0,
    0x0, 0x0, 0x0, 0x0, 0x0, 0x5, 0xfd, 0x0,
    0x0, 0x0, 0x0, 0x0, 0x0, 0x0, 0x0, 0x21,
    0x0, 0x0, 0x0,

    /* U+F028 "" */
    0x0, 0x0, 0x0, 0x0, 0x0, 0x0, 0x0, 0x0,
    0x0, 0x0, 0x30, 0x0, 0x0, 0x0, 0x0, 0x0,
    0x0, 0x0, 0x0, 0x0, 0x0, 0x0, 0x0, 0xaf,
    0xb1, 0x0, 0x0, 0x0, 0x0, 0x0, 0x0, 0x0,
    0x0, 0x0, 0x0, 0x0, 0x7, 0xff, 0xd1, 0x0,
    0x0, 0x0, 0x0, 0x0, 0x0, 0x1a, 0x70, 0x0,
    0x0, 0x0, 0x6, 0xff, 0xd0, 0x0, 0x0, 0x0,
    0x0, 0x0, 0x1c, 0xff, 0x0, 0x0, 0x6, 0x30,
    0x5, 0xff, 0xa0, 0x0, 0x0, 0x0, 0x0, 0x1c,
    0xff, 0xf0, 0x0, 0x3, 0xff, 0x70, 0x8, 0xff,
    0x40, 0x0, 0x0, 0x0, 0x1c, 0xff, 0xff, 0x0,
    0x0, 0xc, 0xff, 0x70, 0xc, 0xfc, 0x1, 0x44,
    0x44, 0x4c, 0xff, 0xff, 0xf0, 0x0, 0x0, 0xa,
    0xff, 0x30, 0x4f, 0xf3, 0xef, 0xff, 0xff, 0xff,
    0xff, 0xff, 0x0, 0x5a, 0x20, 0xc, 0xfb, 0x0,
    0xdf, 0x8f, 0xff, 0xff, 0xff, 0xff, 0xff, 0xf0,
    0xc, 0xfe, 0x20, 0x4f, 0xf1, 0x8, 0xfb, 0xff,
    0xff, 0xff, 0xff, 0xff, 0xff, 0x0, 0x2e, 0xfa,
    0x0, 0xff, 0x50, 0x5f, 0xef, 0xff, 0xff, 0xff,
    0xff, 0xff, 0xf0, 0x0, 0x6f, 0xe0, 0xc, 0xf7,
    0x4, 0xff, 0xff, 0xff, 0xff, 0xff, 0xff, 0xff,
    0x0, 0x6, 0xfe, 0x0, 0xcf, 0x70, 0x4f, 0xff,
    0xff, 0xff, 0xff, 0xff, 0xff, 0xf0, 0x2, 0xef,
    0xa0, 0xf, 0xf5, 0x6, 0xfe, 0xff, 0xff, 0xff,
    0xff, 0xff, 0xff, 0x0, 0xcf, 0xe2, 0x4, 0xff,
    0x10, 0x9f, 0xbf, 0xff, 0xff, 0xff, 0xff, 0xff,
    0xf0, 0x4, 0xa2, 0x0, 0xcf, 0xb0, 0xd, 0xf8,
    0x7b, 0xbb, 0xbb, 0xff, 0xff, 0xff, 0x0, 0x0,
    0x0, 0xaf, 0xf3, 0x4, 0xff, 0x30, 0x0, 0x0,
    0x5, 0xff, 0xff, 0xf0, 0x0, 0x0, 0xcf, 0xf7,
    0x0, 0xcf, 0xc0, 0x0, 0x0, 0x0, 0x5, 0xff,
    0xff, 0x0, 0x0, 0x3f, 0xf7, 0x0, 0x6f, 0xf4,
    0x0, 0x0, 0x0, 0x0, 0x5, 0xff, 0xf0, 0x0,
    0x0, 0x53, 0x0, 0x4f, 0xfa, 0x0, 0x0, 0x0,
    0x0, 0x0, 0x5, 0xfd, 0x0, 0x0, 0x0, 0x0,
    0x6f, 0xfd, 0x0, 0x0, 0x0, 0x0, 0x0, 0x0,
    0x1, 0x0, 0x0, 0x0, 0x0, 0x7f, 0xfd, 0x10,
    0x0, 0x0, 0x0, 0x0, 0x0, 0x0, 0x0, 0x0,
    0x0, 0x0, 0x9, 0xfb, 0x10, 0x0, 0x0, 0x0,
    0x0, 0x0, 0x0, 0x0, 0x0, 0x0, 0x0, 0x0,
    0x3, 0x0, 0x0, 0x0,

    /* U+F03E "" */
    0x3d, 0xff, 0xff, 0xff, 0xff, 0xff, 0xff, 0xff,
    0xff, 0xff, 0xff, 0xd3, 0xdf, 0xff, 0xff, 0xff,
    0xff, 0xff, 0xff, 0xff, 0xff, 0xff, 0xff, 0xfd,
    0xff, 0xff, 0xca, 0xef, 0xff, 0xff, 0xff, 0xff,
    0xff, 0xff, 0xff, 0xff, 0xff, 0xf6, 0x0, 0x1d,
    0xff, 0xff, 0xff, 0xff, 0xff, 0xff, 0xff, 0xff,
    0xff, 0xc0, 0x0, 0x4, 0xff, 0xff, 0xff, 0xff,
    0xff, 0xff, 0xff, 0xff, 0xff, 0xa0, 0x0, 0x2,
    0xff, 0xff, 0xff, 0xff, 0x9f, 0xff, 0xff, 0xff,
    0xff, 0xe1, 0x0, 0x8, 0xff, 0xff, 0xff, 0xf4,
    0x4, 0xff, 0xff, 0xff, 0xff, 0xfc, 0x42, 0x8f,
    0xff, 0xff, 0xff, 0x40, 0x0, 0x4f, 0xff, 0xff,
    0xff, 0xff, 0xff, 0xff, 0xff, 0xff, 0xf4, 0x0,
    0x0, 0x4, 0xff, 0xff, 0xff, 0xff, 0xff, 0x6b,
    0xff, 0xff, 0x40, 0x0, 0x0, 0x0, 0x4f, 0xff,
    0xff, 0xff, 0xf4, 0x0, 0xbf, 0xf4, 0x0, 0x0,
    0x0, 0x0, 0xf, 0xff, 0xff, 0xff, 0x40, 0x0,
    0xb, 0x40, 0x0, 0x0, 0x0, 0x0, 0xf, 0xff,
    0xff, 0xf4, 0x0, 0x0, 0x0, 0x0, 0x0, 0x0,
    0x0, 0x0, 0xf, 0xff, 0xff, 0xf0, 0x0, 0x0,
    0x0, 0x0, 0x0, 0x0, 0x0, 0x0, 0xf, 0xff,
    0xff, 0xf0, 0x0, 0x0, 0x0, 0x0, 0x0, 0x0,
    0x0, 0x0, 0xf, 0xff, 0xff, 0xff, 0xff, 0xff,
    0xff, 0xff, 0xff, 0xff, 0xff, 0xff, 0xff, 0xff,
    0xdf, 0xff, 0xff, 0xff, 0xff, 0xff, 0xff, 0xff,
    0xff, 0xff, 0xff, 0xfd, 0x3d, 0xff, 0xff, 0xff,
    0xff, 0xff, 0xff, 0xff, 0xff, 0xff, 0xff, 0xd3,

    /* U+F043 "" */
    0x0, 0x0, 0x0, 0xc, 0xe3, 0x0, 0x0, 0x0,
    0x0, 0x0, 0x0, 0x5, 0xff, 0xa0, 0x0, 0x0,
    0x0, 0x0, 0x0, 0x0, 0xbf, 0xff, 0x0, 0x0,
    0x0, 0x0, 0x0, 0x0, 0x2f, 0xff, 0xf6, 0x0,
    0x0, 0x0, 0x0, 0x0, 0x9, 0xff, 0xff, 0xd0,
    0x0, 0x0, 0x0, 0x0, 0x1, 0xff, 0xff, 0xff,
    0x50, 0x0, 0x0, 0x0, 0x0, 0xaf, 0xff, 0xff,
    0xfe, 0x0, 0x0, 0x0, 0x0, 0x4f, 0xff, 0xff,
    0xff, 0xf8, 0x0, 0x0, 0x0, 0x1e, 0xff, 0xff,
    0xff, 0xff, 0xf4, 0x0, 0x0, 0xa, 0xff, 0xff,
    0xff, 0xff, 0xff, 0xe0, 0x0, 0x5, 0xff, 0xff,
    0xff, 0xff, 0xff, 0xff, 0x90, 0x0, 0xdf, 0xff,
    0xff, 0xff, 0xff, 0xff, 0xff, 0x20, 0x5f, 0xff,
    0xff, 0xff, 0xff, 0xff, 0xff, 0xf9, 0xa, 0xff,
    0xff, 0xff, 0xff, 0xff, 0xff, 0xff, 0xe0, 0xef,
    0xff, 0xff, 0xff, 0xff, 0xff, 0xff, 0xff, 0x2f,
    0xff, 0x2d, 0xff, 0xff, 0xff, 0xff, 0xff, 0xf4,
    0xef, 0xf1, 0xaf, 0xff, 0xff, 0xff, 0xff, 0xff,
    0x3c, 0xff, 0x44, 0xff, 0xff, 0xff, 0xff, 0xff,
    0xf1, 0x8f, 0xfc, 0x7, 0xff, 0xff, 0xff, 0xff,
    0xfc, 0x1, 0xff, 0xf9, 0x2, 0x7c, 0xff, 0xff,
    0xff, 0x50, 0x7, 0xff, 0xfb, 0x40, 0x6f, 0xff,
    0xff, 0xb0, 0x0, 0xa, 0xff, 0xff, 0xff, 0xff,
    0xff, 0xd1, 0x0, 0x0, 0x8, 0xff, 0xff, 0xff,
    0xff, 0xb0, 0x0, 0x0, 0x0, 0x2, 0x8d, 0xff,
    0xda, 0x40, 0x0, 0x0,

    /* U+F048 "" */
    0x34, 0x40, 0x0, 0x0, 0x0, 0x0, 0x4, 0xf,
    0xff, 0x50, 0x0, 0x0, 0x0, 0x1d, 0xfb, 0xff,
    0xf6, 0x0, 0x0, 0x0, 0x2d, 0xff, 0xff, 0xff,
    0x60, 0x0, 0x0, 0x2e, 0xff, 0xff, 0xff, 0xf6,
    0x0, 0x0, 0x3f, 0xff, 0xff, 0xff, 0xff, 0x60,
    0x0, 0x4f, 0xff, 0xff, 0xff, 0xff, 0xf6, 0x0,
    0x5f, 0xff, 0xff, 0xff, 0xff, 0xff, 0x60, 0x6f,
    0xff, 0xff, 0xff, 0xff, 0xff, 0xf6, 0x8f, 0xff,
    0xff, 0xff, 0xff, 0xff, 0xff, 0xdf, 0xff, 0xff,
    0xff, 0xff, 0xff, 0xff, 0xff, 0xff, 0xff, 0xff,
    0xff, 0xff, 0xff, 0xff, 0xff, 0xff, 0xff, 0xff,
    0xff, 0xff, 0xff, 0xff, 0xff, 0xff, 0xff, 0xff,
    0xff, 0xff, 0xff, 0x8e, 0xff, 0xff, 0xff, 0xff,
    0xff, 0xff, 0xf6, 0x1d, 0xff, 0xff, 0xff, 0xff,
    0xff, 0xff, 0x60, 0x1c, 0xff, 0xff, 0xff, 0xff,
    0xff, 0xf6, 0x0, 0xb, 0xff, 0xff, 0xff, 0xff,
    0xff, 0x60, 0x0, 0xa, 0xff, 0xff, 0xff, 0xff,
    0xf6, 0x0, 0x0, 0x9, 0xff, 0xff, 0xff, 0xff,
    0x60, 0x0, 0x0, 0x7, 0xff, 0xff, 0xff, 0xf6,
    0x0, 0x0, 0x0, 0x6, 0xff, 0xea, 0xbb, 0x30,
    0x0, 0x0, 0x0, 0x5, 0xb4,

    /* U+F04B "" */
    0x0, 0x0, 0x0, 0x0, 0x0, 0x0, 0x0, 0x0,
    0x0, 0x0, 0x3, 0xdf, 0x91, 0x0, 0x0, 0x0,
    0x0, 0x0, 0x0, 0x0, 0x0, 0xdf, 0xff, 0xe6,
    0x0, 0x0, 0x0, 0x0, 0x0, 0x0, 0x0, 0xf,
    0xff, 0xff, 0xfc, 0x30, 0x0, 0x0, 0x0, 0x0,
    0x0, 0x0, 0xff, 0xff, 0xff, 0xff, 0xa1, 0x0,
    0x0, 0x0, 0x0, 0x0, 0xf, 0xff, 0xff, 0xff,
    0xff, 0xf7, 0x0, 0x0, 0x0, 0x0, 0x0, 0xff,
    0xff, 0xff, 0xff, 0xff, 0xfd, 0x40, 0x0, 0x0,
    0x0, 0xf, 0xff, 0xff, 0xff, 0xff, 0xff, 0xff,
    0xa2, 0x0, 0x0, 0x0, 0xff, 0xff, 0xff, 0xff,
    0xff, 0xff, 0xff, 0xf8, 0x0, 0x0, 0xf, 0xff,
    0xff, 0xff, 0xff, 0xff, 0xff, 0xff, 0xfe, 0x50,
    0x0, 0xff, 0xff, 0xff, 0xff, 0xff, 0xff, 0xff,
    0xff, 0xff, 0xb2, 0xf, 0xff, 0xff, 0xff, 0xff,
    0xff, 0xff, 0xff, 0xff, 0xff, 0xf5, 0xff, 0xff,
    0xff, 0xff, 0xff, 0xff, 0xff, 0xff, 0xff, 0xff,
    0xef, 0xff, 0xff, 0xff, 0xff, 0xff, 0xff, 0xff,
    0xff, 0xff, 0xfe, 0xff, 0xff, 0xff, 0xff, 0xff,
    0xff, 0xff, 0xff, 0xff, 0xff, 0x6f, 0xff, 0xff,
    0xff, 0xff, 0xff, 0xff, 0xff, 0xff, 0xfb, 0x20,
    0xff, 0xff, 0xff, 0xff, 0xff, 0xff, 0xff, 0xff,
    0xe5, 0x0, 0xf, 0xff, 0xff, 0xff, 0xff, 0xff,
    0xff, 0xff, 0x80, 0x0, 0x0, 0xff, 0xff, 0xff,
    0xff, 0xff, 0xff, 0xfb, 0x20, 0x0, 0x0, 0xf,
    0xff, 0xff, 0xff, 0xff, 0xff, 0xd4, 0x0, 0x0,
    0x0, 0x0, 0xff, 0xff, 0xff, 0xff, 0xff, 0x70,
    0x0, 0x0, 0x0, 0x0, 0xf, 0xff, 0xff, 0xff,
    0xfa, 0x10, 0x0, 0x0, 0x0, 0x0, 0x0, 0xff,
    0xff, 0xff, 0xd3, 0x0, 0x0, 0x0, 0x0, 0x0,
    0x0, 0xd, 0xff, 0xfe, 0x60, 0x0, 0x0, 0x0,
    0x0, 0x0, 0x0, 0x0, 0x3d, 0xf9, 0x10, 0x0,
    0x0, 0x0, 0x0, 0x0, 0x0, 0x0, 0x0, 0x0,
    0x0, 0x0, 0x0, 0x0, 0x0, 0x0, 0x0, 0x0,
    0x0,

    /* U+F04C "" */
    0x19, 0xcc, 0xcc, 0xc9, 0x10, 0x0, 0x19, 0xcc,
    0xcc, 0xc9, 0x1b, 0xff, 0xff, 0xff, 0xfb, 0x0,
    0xb, 0xff, 0xff, 0xff, 0xfb, 0xff, 0xff, 0xff,
    0xff, 0xf0, 0x0, 0xff, 0xff, 0xff, 0xff, 0xff,
    0xff, 0xff, 0xff, 0xff, 0x0, 0xf, 0xff, 0xff,
    0xff, 0xff, 0xff, 0xff, 0xff, 0xff, 0xf0, 0x0,
    0xff, 0xff, 0xff, 0xff, 0xff, 0xff, 0xff, 0xff,
    0xff, 0x0, 0xf, 0xff, 0xff, 0xff, 0xff, 0xff,
    0xff, 0xff, 0xff, 0xf0, 0x0, 0xff, 0xff, 0xff,
    0xff, 0xff, 0xff, 0xff, 0xff, 0xff, 0x0, 0xf,
    0xff, 0xff, 0xff, 0xff, 0xff, 0xff, 0xff, 0xff,
    0xf0, 0x0, 0xff, 0xff, 0xff, 0xff, 0xff, 0xff,
    0xff, 0xff, 0xff, 0x0, 0xf, 0xff, 0xff, 0xff,
    0xff, 0xff, 0xff, 0xff, 0xff, 0xf0, 0x0, 0xff,
    0xff, 0xff, 0xff, 0xff, 0xff, 0xff, 0xff, 0xff,
    0x0, 0xf, 0xff, 0xff, 0xff, 0xff, 0xff, 0xff,
    0xff, 0xff, 0xf0, 0x0, 0xff, 0xff, 0xff, 0xff,
    0xff, 0xff, 0xff, 0xff, 0xff, 0x0, 0xf, 0xff,
    0xff, 0xff, 0xff, 0xff, 0xff, 0xff, 0xff, 0xf0,
    0x0, 0xff, 0xff, 0xff, 0xff, 0xff, 0xff, 0xff,
    0xff, 0xff, 0x0, 0xf, 0xff, 0xff, 0xff, 0xff,
    0xff, 0xff, 0xff, 0xff, 0xf0, 0x0, 0xff, 0xff,
    0xff, 0xff, 0xff, 0xff, 0xff, 0xff, 0xff, 0x0,
    0xf, 0xff, 0xff, 0xff, 0xff, 0xff, 0xff, 0xff,
    0xff, 0xf0, 0x0, 0xff, 0xff, 0xff, 0xff, 0xfe,
    0xff, 0xff, 0xff, 0xfe, 0x0, 0xe, 0xff, 0xff,
    0xff, 0xfe, 0x5f, 0xff, 0xff, 0xff, 0x50, 0x0,
    0x5f, 0xff, 0xff, 0xff, 0x50, 0x13, 0x33, 0x33,
    0x10, 0x0, 0x0, 0x13, 0x33, 0x33, 0x10,

    /* U+F04D "" */
    0x1, 0x44, 0x44, 0x44, 0x44, 0x44, 0x44, 0x44,
    0x44, 0x41, 0x6, 0xff, 0xff, 0xff, 0xff, 0xff,
    0xff, 0xff, 0xff, 0xff, 0xf6, 0xef, 0xff, 0xff,
    0xff, 0xff, 0xff, 0xff, 0xff, 0xff, 0xff, 0xef,
    0xff, 0xff, 0xff, 0xff, 0xff, 0xff, 0xff, 0xff,
    0xff, 0xff, 0xff, 0xff, 0xff, 0xff, 0xff, 0xff,
    0xff, 0xff, 0xff, 0xff, 0xff, 0xff, 0xff, 0xff,
    0xff, 0xff, 0xff, 0xff, 0xff, 0xff, 0xff, 0xff,
    0xff, 0xff, 0xff, 0xff, 0xff, 0xff, 0xff, 0xff,
    0xff, 0xff, 0xff, 0xff, 0xff, 0xff, 0xff, 0xff,
    0xff, 0xff, 0xff, 0xff, 0xff, 0xff, 0xff, 0xff,
    0xff, 0xff, 0xff, 0xff, 0xff, 0xff, 0xff, 0xff,
    0xff, 0xff, 0xff, 0xff, 0xff, 0xff, 0xff, 0xff,
    0xff, 0xff, 0xff, 0xff, 0xff, 0xff, 0xff, 0xff,
    0xff, 0xff, 0xff, 0xff, 0xff, 0xff, 0xff, 0xff,
    0xff, 0xff, 0xff, 0xff, 0xff, 0xff, 0xff, 0xff,
    0xff, 0xff, 0xff, 0xff, 0xff, 0xff, 0xff, 0xff,
    0xff, 0xff, 0xff, 0xff, 0xff, 0xff, 0xff, 0xff,
    0xff, 0xff, 0xff, 0xff, 0xff, 0xff, 0xff, 0xff,
    0xff, 0xff, 0xff, 0xff, 0xff, 0xff, 0xff, 0xff,
    0xff, 0xff, 0xff, 0xff, 0xff, 0xff, 0xff, 0xff,
    0xff, 0xff, 0xff, 0xff, 0xff, 0xff, 0xff, 0xff,
    0xff, 0xff, 0xff, 0xff, 0xff, 0xff, 0xff, 0xff,
    0xff, 0xff, 0xff, 0xff, 0xff, 0xff, 0xff, 0xff,
    0xff, 0xff, 0xff, 0xff, 0xff, 0xff, 0xff, 0xff,
    0xff, 0xff, 0xff, 0xff, 0xff, 0xff, 0xff, 0xff,
    0xff, 0xff, 0xbf, 0xff, 0xff, 0xff, 0xff, 0xff,
    0xff, 0xff, 0xff, 0xff, 0xb1, 0x8b, 0xbb, 0xbb,
    0xbb, 0xbb, 0xbb, 0xbb, 0xbb, 0xbb, 0x81,

    /* U+F051 "" */
    0x4, 0x0, 0x0, 0x0, 0x0, 0x0, 0x44, 0x3b,
    0xfd, 0x10, 0x0, 0x0, 0x0, 0x5f, 0xff, 0xff,
    0xfd, 0x20, 0x0, 0x0, 0x6, 0xff, 0xff, 0xff,
    0xfe, 0x30, 0x0, 0x0, 0x6f, 0xff, 0xff, 0xff,
    0xff, 0x40, 0x0, 0x6, 0xff, 0xff, 0xff, 0xff,
    0xff, 0x50, 0x0, 0x6f, 0xff, 0xff, 0xff, 0xff,
    0xff, 0x60, 0x6, 0xff, 0xff, 0xff, 0xff, 0xff,
    0xff, 0x70, 0x6f, 0xff, 0xff, 0xff, 0xff, 0xff,
    0xff, 0x86, 0xff, 0xff, 0xff, 0xff, 0xff, 0xff,
    0xff, 0xdf, 0xff, 0xff, 0xff, 0xff, 0xff, 0xff,
    0xff, 0xff, 0xff, 0xff, 0xff, 0xff, 0xff, 0xff,
    0xff, 0xff, 0xff, 0xff, 0xff, 0xff, 0xff, 0xff,
    0xff, 0xff, 0xff, 0xff, 0xff, 0xff, 0xfd, 0x8f,
    0xff, 0xff, 0xff, 0xff, 0xff, 0xfc, 0x16, 0xff,
    0xff, 0xff, 0xff, 0xff, 0xfc, 0x0, 0x6f, 0xff,
    0xff, 0xff, 0xff, 0xfb, 0x0, 0x6, 0xff, 0xff,
    0xff, 0xff, 0xfa, 0x0, 0x0, 0x6f, 0xff, 0xff,
    0xff, 0xf8, 0x0, 0x0, 0x6, 0xff, 0xff, 0xff,
    0xf7, 0x0, 0x0, 0x0, 0x6f, 0xff, 0xef, 0xf6,
    0x0, 0x0, 0x0, 0x6, 0xff, 0xf4, 0xb5, 0x0,
    0x0, 0x0, 0x0, 0x3b, 0xba,

    /* U+F052 "" */
    0x0, 0x0, 0x0, 0x0, 0x0, 0x37, 0x30, 0x0,
    0x0, 0x0, 0x0, 0x0, 0x0, 0x0, 0x0, 0x0,
    0x5f, 0xff, 0x50, 0x0, 0x0, 0x0, 0x0, 0x0,
    0x0, 0x0, 0x0, 0x4f, 0xff, 0xff, 0x40, 0x0,
    0x0, 0x0, 0x0, 0x0, 0x0, 0x0, 0x3f, 0xff,
    0xff, 0xff, 0x30, 0x0, 0x0, 0x0, 0x0, 0x0,
    0x0, 0x2f, 0xff, 0xff, 0xff, 0xfe, 0x20, 0x0,
    0x0, 0x0, 0x0, 0x0, 0x2e, 0xff, 0xff, 0xff,
    0xff, 0xfe, 0x20, 0x0, 0x0, 0x0, 0x0, 0x1d,
    0xff, 0xff, 0xff, 0xff, 0xff, 0xfd, 0x10, 0x0,
    0x0, 0x0, 0xc, 0xff, 0xff, 0xff, 0xff, 0xff,
    0xff, 0xfc, 0x0, 0x0, 0x0, 0xc, 0xff, 0xff,
    0xff, 0xff, 0xff, 0xff, 0xff, 0xfc, 0x0, 0x0,
    0xb, 0xff, 0xff, 0xff, 0xff, 0xff, 0xff, 0xff,
    0xff, 0xfb, 0x0, 0x8, 0xff, 0xff, 0xff, 0xff,
    0xff, 0xff, 0xff, 0xff, 0xff, 0xf8, 0x0, 0xff,
    0xff, 0xff, 0xff, 0xff, 0xff, 0xff, 0xff, 0xff,
    0xff, 0xf0, 0xd, 0xff, 0xff, 0xff, 0xff, 0xff,
    0xff, 0xff, 0xff, 0xff, 0xfd, 0x0, 0x3d, 0xff,
    0xff, 0xff, 0xff, 0xff, 0xff, 0xff, 0xff, 0xfd,
    0x30, 0x0, 0x0, 0x0, 0x0, 0x0, 0x0, 0x0,
    0x0, 0x0, 0x0, 0x0, 0x0, 0x4, 0x44, 0x44,
    0x44, 0x44, 0x44, 0x44, 0x44, 0x44, 0x44, 0x0,
    0xb, 0xff, 0xff, 0xff, 0xff, 0xff, 0xff, 0xff,
    0xff, 0xff, 0xfb, 0x0, 0xff, 0xff, 0xff, 0xff,
    0xff, 0xff, 0xff, 0xff, 0xff, 0xff, 0xf0, 0xf,
    0xff, 0xff, 0xff, 0xff, 0xff, 0xff, 0xff, 0xff,
    0xff, 0xff, 0x0, 0xff, 0xff, 0xff, 0xff, 0xff,
    0xff, 0xff, 0xff, 0xff, 0xff, 0xf0, 0xe, 0xff,
    0xff, 0xff, 0xff, 0xff, 0xff, 0xff, 0xff, 0xff,
    0xfe, 0x0, 0x4b, 0xbb, 0xbb, 0xbb, 0xbb, 0xbb,
    0xbb, 0xbb, 0xbb, 0xbb, 0x40,

    /* U+F053 "" */
    0x0, 0x0, 0x0, 0x0, 0x0, 0x20, 0x0, 0x0,
    0x0, 0x0, 0x0, 0xaf, 0xb0, 0x0, 0x0, 0x0,
    0x0, 0xaf, 0xff, 0x80, 0x0, 0x0, 0x0, 0xaf,
    0xff, 0xf8, 0x0, 0x0, 0x0, 0xaf, 0xff, 0xfa,
    0x0, 0x0, 0x0, 0xaf, 0xff, 0xfa, 0x0, 0x0,
    0x0, 0xaf, 0xff, 0xfa, 0x0, 0x0, 0x0, 0xaf,
    0xff, 0xfa, 0x0, 0x0, 0x0, 0xaf, 0xff, 0xfa,
    0x0, 0x0, 0x0, 0xaf, 0xff, 0xfa, 0x0, 0x0,
    0x0, 0x8f, 0xff, 0xfa, 0x0, 0x0, 0x0, 0x8,
    0xff, 0xff, 0xa0, 0x0, 0x0, 0x0, 0xa, 0xff,
    0xff, 0xa0, 0x0, 0x0, 0x0, 0xa, 0xff, 0xff,
    0xa0, 0x0, 0x0, 0x0, 0xa, 0xff, 0xff, 0xa0,
    0x0, 0x0, 0x0, 0xa, 0xff, 0xff, 0xa0, 0x0,
    0x0, 0x0, 0xa, 0xff, 0xff, 0xa0, 0x0, 0x0,
    0x0, 0xa, 0xff, 0xff, 0xa0, 0x0, 0x0, 0x0,
    0xa, 0xff, 0xff, 0x80, 0x0, 0x0, 0x0, 0xa,
    0xff, 0xf8, 0x0, 0x0, 0x0, 0x0, 0xa, 0xfb,
    0x0, 0x0, 0x0, 0x0, 0x0, 0x2, 0x0,

    /* U+F054 "" */
    0x0, 0x20, 0x0, 0x0, 0x0, 0x0, 0x0, 0xbf,
    0xa0, 0x0, 0x0, 0x0, 0x0, 0x8f, 0xff, 0xa0,
    0x0, 0x0, 0x0, 0x8, 0xff, 0xff, 0xa0, 0x0,
    0x0, 0x0, 0xa, 0xff, 0xff, 0xa0, 0x0, 0x0,
    0x0, 0xa, 0xff, 0xff, 0xa0, 0x0, 0x0, 0x0,
    0xa, 0xff, 0xff, 0xa0, 0x0, 0x0, 0x0, 0xa,
    0xff, 0xff, 0xa0, 0x0, 0x0, 0x0, 0xa, 0xff,
    0xff, 0xa0, 0x0, 0x0, 0x0, 0xa, 0xff, 0xff,
    0xa0, 0x0, 0x0, 0x0, 0xa, 0xff, 0xff, 0x80,
    0x0, 0x0, 0x0, 0xaf, 0xff, 0xf8, 0x0, 0x0,
    0x0, 0xaf, 0xff, 0xfa, 0x0, 0x0, 0x0, 0xaf,
    0xff, 0xfa, 0x0, 0x0, 0x0, 0xaf, 0xff, 0xfa,
    0x0, 0x0, 0x0, 0xaf, 0xff, 0xfa, 0x0, 0x0,
    0x0, 0xaf, 0xff, 0xfa, 0x0, 0x0, 0x0, 0xaf,
    0xff, 0xfa, 0x0, 0x0, 0x0, 0x8f, 0xff, 0xfa,
    0x0, 0x0, 0x0, 0x8, 0xff, 0xfa, 0x0, 0x0,
    0x0, 0x0, 0xb, 0xfa, 0x0, 0x0, 0x0, 0x0,
    0x0, 0x2, 0x0, 0x0, 0x0, 0x0, 0x0,

    /* U+F067 "" */
    0x0, 0x0, 0x0, 0x0, 0x3, 0x43, 0x0, 0x0,
    0x0, 0x0, 0x0, 0x0, 0x0, 0x0, 0x7, 0xff,
    0xf7, 0x0, 0x0, 0x0, 0x0, 0x0, 0x0, 0x0,
    0x0, 0xbf, 0xff, 0xb0, 0x0, 0x0, 0x0, 0x0,
    0x0, 0x0, 0x0, 0xc, 0xff, 0xfc, 0x0, 0x0,
    0x0, 0x0, 0x0, 0x0, 0x0, 0x0, 0xcf, 0xff,
    0xc0, 0x0, 0x0, 0x0, 0x0, 0x0, 0x0, 0x0,
    0xc, 0xff, 0xfc, 0x0, 0x0, 0x0, 0x0, 0x0,
    0x0, 0x0, 0x0, 0xcf, 0xff, 0xc0, 0x0, 0x0,
    0x0, 0x0, 0x0, 0x0, 0x0, 0xc, 0xff, 0xfc,
    0x0, 0x0, 0x0, 0x0, 0x0, 0x0, 0x0, 0x0,
    0xcf, 0xff, 0xc0, 0x0, 0x0, 0x0, 0x8, 0xff,
    0xff, 0xff, 0xff, 0xff, 0xff, 0xff, 0xff, 0xff,
    0xf8, 0xff, 0xff, 0xff, 0xff, 0xff, 0xff, 0xff,
    0xff, 0xff, 0xff, 0xff, 0xff, 0xff, 0xff, 0xff,
    0xff, 0xff, 0xff, 0xff, 0xff, 0xff, 0xdf, 0xff,
    0xff, 0xff, 0xff, 0xff, 0xff, 0xff, 0xff, 0xff,
    0xd1, 0x77, 0x77, 0x77, 0x7d, 0xff, 0xfd, 0x77,
    0x77, 0x77, 0x71, 0x0, 0x0, 0x0, 0x0, 0xcf,
    0xff, 0xc0, 0x0, 0x0, 0x0, 0x0, 0x0, 0x0,
    0x0, 0xc, 0xff, 0xfc, 0x0, 0x0, 0x0, 0x0,
    0x0, 0x0, 0x0, 0x0, 0xcf, 0xff, 0xc0, 0x0,
    0x0, 0x0, 0x0, 0x0, 0x0, 0x0, 0xc, 0xff,
    0xfc, 0x0, 0x0, 0x0, 0x0, 0x0, 0x0, 0x0,
    0x0, 0xcf, 0xff, 0xc0, 0x0, 0x0, 0x0, 0x0,
    0x0, 0x0, 0x0, 0xc, 0xff, 0xfc, 0x0, 0x0,
    0x0, 0x0, 0x0, 0x0, 0x0, 0x0, 0xaf, 0xff,
    0xa0, 0x0, 0x0, 0x0, 0x0, 0x0, 0x0, 0x0,
    0x2, 0xab, 0xa2, 0x0, 0x0, 0x0, 0x0,

    /* U+F068 "" */
    0x16, 0x77, 0x77, 0x77, 0x77, 0x77, 0x77, 0x77,
    0x77, 0x76, 0x1d, 0xff, 0xff, 0xff, 0xff, 0xff,
    0xff, 0xff, 0xff, 0xff, 0xfd, 0xff, 0xff, 0xff,
    0xff, 0xff, 0xff, 0xff, 0xff, 0xff, 0xff, 0xff,
    0xff, 0xff, 0xff, 0xff, 0xff, 0xff, 0xff, 0xff,
    0xff, 0xff, 0x9f, 0xff, 0xff, 0xff, 0xff, 0xff,
    0xff, 0xff, 0xff, 0xff, 0x80, 0x0, 0x0, 0x0,
    0x0, 0x0, 0x0, 0x0, 0x0, 0x0, 0x0,

    /* U+F06E "" */
    0x0, 0x0, 0x0, 0x0, 0x16, 0xad, 0xef, 0xed,
    0xa6, 0x10, 0x0, 0x0, 0x0, 0x0, 0x0, 0x0,
    0x2, 0xbf, 0xff, 0xff, 0xff, 0xff, 0xff, 0xb2,
    0x0, 0x0, 0x0, 0x0, 0x0, 0x9, 0xff, 0xff,
    0xe9, 0x54, 0x59, 0xef, 0xff, 0xf9, 0x0, 0x0,
    0x0, 0x0, 0x2d, 0xff, 0xff, 0x90, 0x0, 0x0,
    0x0, 0x9f, 0xff, 0xfd, 0x20, 0x0, 0x0, 0x2e,
    0xff, 0xff, 0x70, 0x0, 0x14, 0x20, 0x0, 0x7f,
    0xff, 0xfe, 0x20, 0x0, 0x1e, 0xff, 0xff, 0xb0,
    0x0, 0x6, 0xff, 0xc2, 0x0, 0xbf, 0xff, 0xfe,
    0x10, 0xb, 0xff, 0xff, 0xf3, 0x0, 0x0, 0x5f,
    0xff, 0xe2, 0x3, 0xff, 0xff, 0xfb, 0x6, 0xff,
    0xff, 0xfe, 0x0, 0x0, 0x1c, 0xff, 0xff, 0xa0,
    0xe, 0xff, 0xff, 0xf5, 0xef, 0xff, 0xff, 0xc0,
    0xd, 0xcf, 0xff, 0xff, 0xfe, 0x0, 0xcf, 0xff,
    0xff, 0xee, 0xff, 0xff, 0xfc, 0x0, 0xff, 0xff,
    0xff, 0xff, 0xf0, 0xc, 0xff, 0xff, 0xfe, 0x5f,
    0xff, 0xff, 0xe0, 0xc, 0xff, 0xff, 0xff, 0xfc,
    0x0, 0xef, 0xff, 0xff, 0x50, 0xbf, 0xff, 0xff,
    0x30, 0x4f, 0xff, 0xff, 0xff, 0x50, 0x3f, 0xff,
    0xff, 0xb0, 0x1, 0xdf, 0xff, 0xfb, 0x0, 0x7f,
    0xff, 0xff, 0x80, 0xb, 0xff, 0xff, 0xe1, 0x0,
    0x2, 0xef, 0xff, 0xf7, 0x0, 0x39, 0xb9, 0x30,
    0x7, 0xff, 0xff, 0xe2, 0x0, 0x0, 0x2, 0xcf,
    0xff, 0xf9, 0x0, 0x0, 0x0, 0x9, 0xff, 0xff,
    0xd2, 0x0, 0x0, 0x0, 0x0, 0x9f, 0xff, 0xfe,
    0x95, 0x45, 0x9e, 0xff, 0xff, 0x90, 0x0, 0x0,
    0x0, 0x0, 0x0, 0x2a, 0xff, 0xff, 0xff, 0xff,
    0xff, 0xfb, 0x30, 0x0, 0x0, 0x0, 0x0, 0x0,
    0x0, 0x1, 0x6a, 0xdf, 0xfe, 0xda, 0x71, 0x0,
    0x0, 0x0, 0x0,

    /* U+F070 "" */
    0x5, 0xe6, 0x0, 0x0, 0x0, 0x0, 0x0, 0x0,
    0x0, 0x0, 0x0, 0x0, 0x0, 0x0, 0x0, 0x1,
    0xff, 0xf9, 0x0, 0x0, 0x0, 0x0, 0x0, 0x0,
    0x0, 0x0, 0x0, 0x0, 0x0, 0x0, 0x0, 0xd,
    0xff, 0xfc, 0x20, 0x0, 0x0, 0x0, 0x0, 0x0,
    0x0, 0x0, 0x0, 0x0, 0x0, 0x0, 0x0, 0xa,
    0xff, 0xfe, 0x40, 0x0, 0x48, 0xce, 0xff, 0xeb,
    0x72, 0x0, 0x0, 0x0, 0x0, 0x0, 0x0, 0x6,
    0xff, 0xff, 0x88, 0xef, 0xff, 0xff, 0xff, 0xff,
    0xfc, 0x40, 0x0, 0x0, 0x0, 0x0, 0x0, 0x3,
    0xef, 0xff, 0xff, 0xff, 0xb6, 0x45, 0x7d, 0xff,
    0xff, 0xb1, 0x0, 0x0, 0x0, 0x0, 0x0, 0x1,
    0xbf, 0xff, 0xfd, 0x20, 0x0, 0x0, 0x6, 0xff,
    0xff, 0xe4, 0x0, 0x0, 0x0, 0x0, 0x0, 0x0,
    0x8f, 0xff, 0xf6, 0x1, 0x76, 0x20, 0x4, 0xff,
    0xff, 0xf4, 0x0, 0x0, 0x0, 0x0, 0x10, 0x0,
    0x4e, 0xff, 0xfa, 0x1f, 0xff, 0x90, 0x8, 0xff,
    0xff, 0xf3, 0x0, 0x0, 0x0, 0x6e, 0x40, 0x0,
    0x2c, 0xff, 0xfd, 0xff, 0xff, 0x80, 0xf, 0xff,
    0xff, 0xe1, 0x0, 0x0, 0x2f, 0xff, 0x70, 0x0,
    0x9, 0xff, 0xff, 0xff, 0xff, 0x0, 0xbf, 0xff,
    0xff, 0x90, 0x0, 0x9, 0xff, 0xff, 0xb1, 0x0,
    0x6, 0xff, 0xff, 0xff, 0xf3, 0x9, 0xff, 0xff,
    0xff, 0x10, 0x0, 0x9f, 0xff, 0xff, 0xd1, 0x0,
    0x3, 0xdf, 0xff, 0xff, 0x30, 0x9f, 0xff, 0xff,
    0xf1, 0x0, 0x2, 0xff, 0xff, 0xff, 0x40, 0x0,
    0x1, 0xbf, 0xff, 0xf4, 0xb, 0xff, 0xff, 0xf9,
    0x0, 0x0, 0x7, 0xff, 0xff, 0xf9, 0x0, 0x0,
    0x0, 0x7f, 0xff, 0xf8, 0xff, 0xff, 0xfd, 0x0,
    0x0, 0x0, 0xa, 0xff, 0xff, 0xf1, 0x0, 0x0,
    0x0, 0x4e, 0xff, 0xff, 0xff, 0xff, 0x20, 0x0,
    0x0, 0x0, 0xb, 0xff, 0xff, 0xc0, 0x0, 0x0,
    0x0, 0x1c, 0xff, 0xff, 0xff, 0x40, 0x0, 0x0,
    0x0, 0x0, 0xa, 0xff, 0xff, 0xc2, 0x0, 0x0,
    0x0, 0x9, 0xff, 0xff, 0x80, 0x0, 0x0, 0x0,
    0x0, 0x0, 0x6, 0xff, 0xff, 0xfb, 0x64, 0x51,
    0x0, 0x5, 0xff, 0xff, 0x80, 0x0, 0x0, 0x0,
    0x0, 0x0, 0x1, 0x9f, 0xff, 0xff, 0xff, 0xe3,
    0x0, 0x2, 0xdf, 0xff, 0xc1, 0x0, 0x0, 0x0,
    0x0, 0x0, 0x0, 0x5, 0x9d, 0xef, 0xfe, 0xb1,
    0x0, 0x0, 0xaf, 0xff, 0xe4, 0x0, 0x0, 0x0,
    0x0, 0x0, 0x0, 0x0, 0x0, 0x0, 0x0, 0x0,
    0x0, 0x0, 0x7f, 0xff, 0xf6, 0x0, 0x0, 0x0,
    0x0, 0x0, 0x0, 0x0, 0x0, 0x0, 0x0, 0x0,
    0x0, 0x0, 0x3e, 0xff, 0x80, 0x0, 0x0, 0x0,
    0x0, 0x0, 0x0, 0x0, 0x0, 0x0, 0x0, 0x0,
    0x0, 0x0, 0x1b, 0xc0,

    /* U+F071 "" */
    0x0, 0x0, 0x0, 0x0, 0x0, 0x0, 0x1c, 0xfc,
    0x10, 0x0, 0x0, 0x0, 0x0, 0x0, 0x0, 0x0,
    0x0, 0x0, 0x0, 0x0, 0xa, 0xff, 0xfa, 0x0,
    0x0, 0x0, 0x0, 0x0, 0x0, 0x0, 0x0, 0x0,
    0x0, 0x0, 0x4, 0xff, 0xff, 0xf4, 0x0, 0x0,
    0x0, 0x0, 0x0, 0x0, 0x0, 0x0, 0x0, 0x0,
    0x0, 0xdf, 0xff, 0xff, 0xd0, 0x0, 0x0, 0x0,
    0x0, 0x0, 0x0, 0x0, 0x0, 0x0, 0x0, 0x6f,
    0xff, 0xff, 0xff, 0x60, 0x0, 0x0, 0x0, 0x0,
    0x0, 0x0, 0x0, 0x0, 0x0, 0x1e, 0xff, 0xff,
    0xff, 0xfe, 0x10, 0x0, 0x0, 0x0, 0x0, 0x0,
    0x0, 0x0, 0x0, 0x9, 0xff, 0xff, 0xff, 0xff,
    0xf9, 0x0, 0x0, 0x0, 0x0, 0x0, 0x0, 0x0,
    0x0, 0x2, 0xff, 0xff, 0xff, 0xff, 0xff, 0xf2,
    0x0, 0x0, 0x0, 0x0, 0x0, 0x0, 0x0, 0x0,
    0xbf, 0xff, 0xa4, 0x44, 0xaf, 0xff, 0xb0, 0x0,
    0x0, 0x0, 0x0, 0x0, 0x0, 0x0, 0x4f, 0xff,
    0xf7, 0x0, 0x7, 0xff, 0xff, 0x40, 0x0, 0x0,
    0x0, 0x0, 0x0, 0x0, 0xd, 0xff, 0xff, 0x80,
    0x0, 0x8f, 0xff, 0xfd, 0x0, 0x0, 0x0, 0x0,
    0x0, 0x0, 0x7, 0xff, 0xff, 0xf9, 0x0, 0x9,
    0xff, 0xff, 0xf7, 0x0, 0x0, 0x0, 0x0, 0x0,
    0x1, 0xff, 0xff, 0xff, 0xa0, 0x0, 0xaf, 0xff,
    0xff, 0xf1, 0x0, 0x0, 0x0, 0x0, 0x0, 0x9f,
    0xff, 0xff, 0xfb, 0x0, 0xb, 0xff, 0xff, 0xff,
    0x90, 0x0, 0x0, 0x0, 0x0, 0x3f, 0xff, 0xff,
    0xff, 0xc0, 0x0, 0xcf, 0xff, 0xff, 0xff, 0x30,
    0x0, 0x0, 0x0, 0xc, 0xff, 0xff, 0xff, 0xfd,
    0x0, 0xd, 0xff, 0xff, 0xff, 0xfc, 0x0, 0x0,
    0x0, 0x5, 0xff, 0xff, 0xff, 0xff, 0xff, 0xdf,
    0xff, 0xff, 0xff, 0xff, 0xf5, 0x0, 0x0, 0x0,
    0xef, 0xff, 0xff, 0xff, 0xfd, 0x10, 0x2d, 0xff,
    0xff, 0xff, 0xff, 0xe0, 0x0, 0x0, 0x7f, 0xff,
    0xff, 0xff, 0xff, 0x60, 0x0, 0x6f, 0xff, 0xff,
    0xff, 0xff, 0x70, 0x0, 0x1f, 0xff, 0xff, 0xff,
    0xff, 0xf8, 0x0, 0x8, 0xff, 0xff, 0xff, 0xff,
    0xff, 0x10, 0xa, 0xff, 0xff, 0xff, 0xff, 0xff,
    0xf5, 0x26, 0xff, 0xff, 0xff, 0xff, 0xff, 0xfa,
    0x0, 0xff, 0xff, 0xff, 0xff, 0xff, 0xff, 0xff,
    0xff, 0xff, 0xff, 0xff, 0xff, 0xff, 0xf0, 0xd,
    0xff, 0xff, 0xff, 0xff, 0xff, 0xff, 0xff, 0xff,
    0xff, 0xff, 0xff, 0xff, 0xfd, 0x0, 0x3d, 0xff,
    0xff, 0xff, 0xff, 0xff, 0xff, 0xff, 0xff, 0xff,
    0xff, 0xff, 0xfd, 0x30,

    /* U+F074 "" */
    0x0, 0x0, 0x0, 0x0, 0x0, 0x0, 0x0, 0x0,
    0x0, 0x69, 0x0, 0x0, 0x0, 0x0, 0x0, 0x0,
    0x0, 0x0, 0x0, 0x0, 0x0, 0xff, 0xc0, 0x0,
    0x0, 0x0, 0x0, 0x0, 0x0, 0x0, 0x0, 0x0,
    0x0, 0xff, 0xfc, 0x0, 0x9b, 0xbb, 0xbb, 0x30,
    0x0, 0x0, 0x0, 0x3b, 0xbb, 0xff, 0xff, 0xc0,
    0xff, 0xff, 0xff, 0xf3, 0x0, 0x0, 0x2, 0xef,
    0xff, 0xff, 0xff, 0xfb, 0xff, 0xff, 0xff, 0xfe,
    0x20, 0x0, 0x1e, 0xff, 0xff, 0xff, 0xff, 0xfe,
    0xff, 0xff, 0xff, 0xff, 0xe1, 0x1, 0xdf, 0xff,
    0xff, 0xff, 0xff, 0xe3, 0x0, 0x0, 0x3e, 0xff,
    0xe2, 0xc, 0xff, 0xfe, 0x20, 0xff, 0xfe, 0x30,
    0x0, 0x0, 0x3, 0xff, 0x30, 0xaf, 0xff, 0xf3,
    0x0, 0xff, 0xe3, 0x0, 0x0, 0x0, 0x0, 0x54,
    0x9, 0xff, 0xff, 0x40, 0x0, 0xbe, 0x30, 0x0,
    0x0, 0x0, 0x0, 0x0, 0x7f, 0xff, 0xf6, 0x0,
    0x0, 0x0, 0x0, 0x0, 0x0, 0x0, 0x0, 0x6,
    0xff, 0xff, 0x70, 0x0, 0x0, 0x0, 0x0, 0x0,
    0x0, 0x0, 0x0, 0x4f, 0xff, 0xf9, 0x4, 0x50,
    0x0, 0xbe, 0x30, 0x0, 0x0, 0x0, 0x3, 0xff,
    0xff, 0xa0, 0x3f, 0xf3, 0x0, 0xff, 0xe3, 0x0,
    0x0, 0x0, 0x2e, 0xff, 0xfc, 0x2, 0xef, 0xfe,
    0x30, 0xff, 0xfe, 0x30, 0xff, 0xff, 0xff, 0xff,
    0xd1, 0x1, 0xef, 0xff, 0xff, 0xff, 0xff, 0xe3,
    0xff, 0xff, 0xff, 0xfe, 0x10, 0x0, 0x2e, 0xff,
    0xff, 0xff, 0xff, 0xfe, 0xff, 0xff, 0xff, 0xe2,
    0x0, 0x0, 0x3, 0xff, 0xff, 0xff, 0xff, 0xfb,
    0x9b, 0xbb, 0xbb, 0x30, 0x0, 0x0, 0x0, 0x3b,
    0xbb, 0xff, 0xff, 0xc0, 0x0, 0x0, 0x0, 0x0,
    0x0, 0x0, 0x0, 0x0, 0x0, 0xff, 0xfc, 0x0,
    0x0, 0x0, 0x0, 0x0, 0x0, 0x0, 0x0, 0x0,
    0x0, 0xff, 0xc0, 0x0, 0x0, 0x0, 0x0, 0x0,
    0x0, 0x0, 0x0, 0x0, 0x0, 0x69, 0x0, 0x0,

    /* U+F077 "" */
    0x0, 0x0, 0x0, 0x0, 0x0, 0x20, 0x0, 0x0,
    0x0, 0x0, 0x0, 0x0, 0x0, 0x0, 0x0, 0xaf,
    0x90, 0x0, 0x0, 0x0, 0x0, 0x0, 0x0, 0x0,
    0x0, 0xaf, 0xff, 0x90, 0x0, 0x0, 0x0, 0x0,
    0x0, 0x0, 0x0, 0xaf, 0xff, 0xff, 0x90, 0x0,
    0x0, 0x0, 0x0, 0x0, 0x0, 0xaf, 0xff, 0xff,
    0xff, 0x90, 0x0, 0x0, 0x0, 0x0, 0x0, 0xaf,
    0xff, 0xfd, 0xff, 0xff, 0x90, 0x0, 0x0, 0x0,
    0x0, 0xaf, 0xff, 0xf9, 0xa, 0xff, 0xff, 0x90,
    0x0, 0x0, 0x0, 0xaf, 0xff, 0xf9, 0x0, 0xa,
    0xff, 0xff, 0x90, 0x0, 0x0, 0xaf, 0xff, 0xf9,
    0x0, 0x0, 0xa, 0xff, 0xff, 0x90, 0x0, 0xaf,
    0xff, 0xf9, 0x0, 0x0, 0x0, 0xa, 0xff, 0xff,
    0x90, 0x9f, 0xff, 0xf9, 0x0, 0x0, 0x0, 0x0,
    0xa, 0xff, 0xff, 0x79, 0xff, 0xf9, 0x0, 0x0,
    0x0, 0x0, 0x0, 0xa, 0xff, 0xf8, 0xb, 0xf9,
    0x0, 0x0, 0x0, 0x0, 0x0, 0x0, 0xa, 0xfa,
    0x0, 0x2, 0x0, 0x0, 0x0, 0x0, 0x0, 0x0,
    0x0, 0x2, 0x0,

    /* U+F078 "" */
    0x0, 0x20, 0x0, 0x0, 0x0, 0x0, 0x0, 0x0,
    0x0, 0x20, 0x0, 0xbf, 0x90, 0x0, 0x0, 0x0,
    0x0, 0x0, 0x0, 0xaf, 0xa0, 0x9f, 0xff, 0x90,
    0x0, 0x0, 0x0, 0x0, 0x0, 0xaf, 0xff, 0x89,
    0xff, 0xff, 0x90, 0x0, 0x0, 0x0, 0x0, 0xaf,
    0xff, 0xf7, 0xa, 0xff, 0xff, 0x90, 0x0, 0x0,
    0x0, 0xaf, 0xff, 0xf9, 0x0, 0xa, 0xff, 0xff,
    0x90, 0x0, 0x0, 0xaf, 0xff, 0xf9, 0x0, 0x0,
    0xa, 0xff, 0xff, 0x90, 0x0, 0xaf, 0xff, 0xf9,
    0x0, 0x0, 0x0, 0xa, 0xff, 0xff, 0x90, 0xaf,
    0xff, 0xf9, 0x0, 0x0, 0x0, 0x0, 0xa, 0xff,
    0xff, 0xdf, 0xff, 0xf9, 0x0, 0x0, 0x0, 0x0,
    0x0, 0xa, 0xff, 0xff, 0xff, 0xf9, 0x0, 0x0,
    0x0, 0x0, 0x0, 0x0, 0xa, 0xff, 0xff, 0xf9,
    0x0, 0x0, 0x0, 0x0, 0x0, 0x0, 0x0, 0xa,
    0xff, 0xf9, 0x0, 0x0, 0x0, 0x0, 0x0, 0x0,
    0x0, 0x0, 0xa, 0xf9, 0x0, 0x0, 0x0, 0x0,
    0x0, 0x0, 0x0, 0x0, 0x0, 0x2, 0x0, 0x0,
    0x0, 0x0, 0x0,

    /* U+F079 "" */
    0x0, 0x0, 0x3, 0xd9, 0x0, 0x0, 0x0, 0x0,
    0x0, 0x0, 0x0, 0x0, 0x0, 0x0, 0x0, 0x0,
    0x0, 0x3, 0xef, 0xfa, 0x0, 0x0, 0x34, 0x44,
    0x44, 0x44, 0x44, 0x44, 0x10, 0x0, 0x0, 0x0,
    0x3, 0xef, 0xff, 0xfa, 0x0, 0x7f, 0xff, 0xff,
    0xff, 0xff, 0xff, 0xff, 0x0, 0x0, 0x0, 0x3,
    0xef, 0xff, 0xff, 0xfa, 0x5, 0xff, 0xff, 0xff,
    0xff, 0xff, 0xff, 0xf1, 0x0, 0x0, 0x3, 0xff,
    0xff, 0xff, 0xff, 0xfb, 0x5, 0xbb, 0xbb, 0xbb,
    0xbb, 0xbf, 0xff, 0x10, 0x0, 0x0, 0xef, 0xfe,
    0xdf, 0xfb, 0xff, 0xf8, 0x0, 0x0, 0x0, 0x0,
    0x0, 0xef, 0xf1, 0x0, 0x0, 0xd, 0xfe, 0x2b,
    0xff, 0x48, 0xff, 0x60, 0x0, 0x0, 0x0, 0x0,
    0xe, 0xff, 0x10, 0x0, 0x0, 0x17, 0x20, 0xbf,
    0xf4, 0x5, 0x50, 0x0, 0x0, 0x0, 0x0, 0x0,
    0xef, 0xf1, 0x0, 0x0, 0x0, 0x0, 0xb, 0xff,
    0x40, 0x0, 0x0, 0x0, 0x0, 0x0, 0x0, 0xe,
    0xff, 0x10, 0x0, 0x0, 0x0, 0x0, 0xbf, 0xf4,
    0x0, 0x0, 0x0, 0x0, 0x0, 0x0, 0x0, 0xef,
    0xf1, 0x0, 0x0, 0x0, 0x0, 0xb, 0xff, 0x40,
    0x0, 0x0, 0x0, 0x0, 0x0, 0x0, 0xe, 0xff,
    0x10, 0x0, 0x0, 0x0, 0x0, 0xbf, 0xf4, 0x0,
    0x0, 0x0, 0x0, 0x0, 0xaf, 0x70, 0xef, 0xf1,
    0x4f, 0xc0, 0x0, 0x0, 0xb, 0xff, 0x40, 0x0,
    0x0, 0x0, 0x0, 0x3f, 0xff, 0x6e, 0xff, 0x5f,
    0xff, 0x60, 0x0, 0x0, 0xbf, 0xf7, 0x44, 0x44,
    0x44, 0x44, 0x20, 0xcf, 0xff, 0xff, 0xff, 0xff,
    0xd1, 0x0, 0x0, 0xb, 0xff, 0xff, 0xff, 0xff,
    0xff, 0xff, 0x50, 0xbf, 0xff, 0xff, 0xff, 0xd1,
    0x0, 0x0, 0x0, 0xbf, 0xff, 0xff, 0xff, 0xff,
    0xff, 0xfe, 0x0, 0xbf, 0xff, 0xff, 0xd1, 0x0,
    0x0, 0x0, 0x4, 0xbb, 0xbb, 0xbb, 0xbb, 0xbb,
    0xbb, 0x60, 0x0, 0xbf, 0xff, 0xd1, 0x0, 0x0,
    0x0, 0x0, 0x0, 0x0, 0x0, 0x0, 0x0, 0x0,
    0x0, 0x0, 0x0, 0xbf, 0xd1, 0x0, 0x0, 0x0,
    0x0, 0x0, 0x0, 0x0, 0x0, 0x0, 0x0, 0x0,
    0x0, 0x0, 0x0, 0x40, 0x0, 0x0, 0x0,

    /* U+F07B "" */
    0x3d, 0xff, 0xff, 0xff, 0xff, 0x40, 0x0, 0x0,
    0x0, 0x0, 0x0, 0x0, 0xdf, 0xff, 0xff, 0xff,
    0xff, 0xf4, 0x0, 0x0, 0x0, 0x0, 0x0, 0x0,
    0xff, 0xff, 0xff, 0xff, 0xff, 0xff, 0x40, 0x0,
    0x0, 0x0, 0x0, 0x0, 0xff, 0xff, 0xff, 0xff,
    0xff, 0xff, 0xff, 0xff, 0xff, 0xff, 0xff, 0xd3,
    0xff, 0xff, 0xff, 0xff, 0xff, 0xff, 0xff, 0xff,
    0xff, 0xff, 0xff, 0xfd, 0xff, 0xff, 0xff, 0xff,
    0xff, 0xff, 0xff, 0xff, 0xff, 0xff, 0xff, 0xff,
    0xff, 0xff, 0xff, 0xff, 0xff, 0xff, 0xff, 0xff,
    0xff, 0xff, 0xff, 0xff, 0xff, 0xff, 0xff, 0xff,
    0xff, 0xff, 0xff, 0xff, 0xff, 0xff, 0xff, 0xff,
    0xff, 0xff, 0xff, 0xff, 0xff, 0xff, 0xff, 0xff,
    0xff, 0xff, 0xff, 0xff, 0xff, 0xff, 0xff, 0xff,
    0xff, 0xff, 0xff, 0xff, 0xff, 0xff, 0xff, 0xff,
    0xff, 0xff, 0xff, 0xff, 0xff, 0xff, 0xff, 0xff,
    0xff, 0xff, 0xff, 0xff, 0xff, 0xff, 0xff, 0xff,
    0xff, 0xff, 0xff, 0xff, 0xff, 0xff, 0xff, 0xff,
    0xff, 0xff, 0xff, 0xff, 0xff, 0xff, 0xff, 0xff,
    0xff, 0xff, 0xff, 0xff, 0xff, 0xff, 0xff, 0xff,
    0xff, 0xff, 0xff, 0xff, 0xff, 0xff, 0xff, 0xff,
    0xff, 0xff, 0xff, 0xff, 0xff, 0xff, 0xff, 0xff,
    0xff, 0xff, 0xff, 0xff, 0xff, 0xff, 0xff, 0xff,
    0xff, 0xff, 0xff, 0xff, 0xff, 0xff, 0xff, 0xff,
    0xdf, 0xff, 0xff, 0xff, 0xff, 0xff, 0xff, 0xff,
    0xff, 0xff, 0xff, 0xfd, 0x3d, 0xff, 0xff, 0xff,
    0xff, 0xff, 0xff, 0xff, 0xff, 0xff, 0xff, 0xd3,

    /* U+F080 "" */
    0xdf, 0xd0, 0x0, 0x0, 0x0, 0x0, 0x0, 0x0,
    0x0, 0x9, 0xff, 0x30, 0xff, 0xf0, 0x0, 0x0,
    0x0, 0x38, 0x70, 0x0, 0x0, 0xb, 0xff, 0x40,
    0xff, 0xf0, 0x0, 0x0, 0x0, 0xbf, 0xf4, 0x0,
    0x0, 0xb, 0xff, 0x40, 0xff, 0xf0, 0x0, 0x0,
    0x0, 0xbf, 0xf4, 0x0, 0x0, 0xb, 0xff, 0x40,
    0xff, 0xf0, 0x0, 0x0, 0x0, 0xbf, 0xf4, 0x6,
    0x86, 0xb, 0xff, 0x40, 0xff, 0xf0, 0x0, 0x0,
    0x0, 0xbf, 0xf4, 0xf, 0xff, 0xb, 0xff, 0x40,
    0xff, 0xf0, 0x0, 0x0, 0x0, 0xbf, 0xf4, 0xf,
    0xff, 0xb, 0xff, 0x40, 0xff, 0xf0, 0x0, 0x68,
    0x60, 0xbf, 0xf4, 0xf, 0xff, 0xb, 0xff, 0x40,
    0xff, 0xf0, 0x0, 0xff, 0xf0, 0xbf, 0xf4, 0xf,
    0xff, 0xb, 0xff, 0x40, 0xff, 0xf0, 0x0, 0xff,
    0xf0, 0xbf, 0xf4, 0xf, 0xff, 0xb, 0xff, 0x40,
    0xff, 0xf0, 0x0, 0xff, 0xf0, 0xbf, 0xf4, 0xf,
    0xff, 0xb, 0xff, 0x40, 0xff, 0xf0, 0x0, 0xef,
    0xe0, 0x9f, 0xf3, 0xe, 0xfe, 0x9, 0xff, 0x30,
    0xff, 0xf0, 0x0, 0x0, 0x0, 0x0, 0x0, 0x0,
    0x0, 0x0, 0x0, 0x0, 0xff, 0xf0, 0x0, 0x0,
    0x0, 0x0, 0x0, 0x0, 0x0, 0x0, 0x0, 0x0,
    0xff, 0xf0, 0x0, 0x0, 0x0, 0x0, 0x0, 0x0,
    0x0, 0x0, 0x0, 0x0, 0xff, 0xff, 0xff, 0xff,
    0xff, 0xff, 0xff, 0xff, 0xff, 0xff, 0xff, 0xf9,
    0xff, 0xff, 0xff, 0xff, 0xff, 0xff, 0xff, 0xff,
    0xff, 0xff, 0xff, 0xfc, 0x8f, 0xff, 0xff, 0xff,
    0xff, 0xff, 0xff, 0xff, 0xff, 0xff, 0xff, 0xf9,

    /* U+F093 "" */
    0x0, 0x0, 0x0, 0x0, 0x0, 0xa, 0xa0, 0x0,
    0x0, 0x0, 0x0, 0x0, 0x0, 0x0, 0x0, 0x0,
    0x0, 0xbf, 0xfb, 0x0, 0x0, 0x0, 0x0, 0x0,
    0x0, 0x0, 0x0, 0x0, 0xb, 0xff, 0xff, 0xb0,
    0x0, 0x0, 0x0, 0x0, 0x0, 0x0, 0x0, 0x0,
    0xbf, 0xff, 0xff, 0xfb, 0x0, 0x0, 0x0, 0x0,
    0x0, 0x0, 0x0, 0xb, 0xff, 0xff, 0xff, 0xff,
    0xb0, 0x0, 0x0, 0x0, 0x0, 0x0, 0x0, 0xbf,
    0xff, 0xff, 0xff, 0xff, 0xfb, 0x0, 0x0, 0x0,
    0x0, 0x0, 0xb, 0xff, 0xff, 0xff, 0xff, 0xff,
    0xff, 0xb0, 0x0, 0x0, 0x0, 0x0, 0xbf, 0xff,
    0xff, 0xff, 0xff, 0xff, 0xff, 0xfa, 0x0, 0x0,
    0x0, 0x0, 0xef, 0xff, 0xff, 0xff, 0xff, 0xff,
    0xff, 0xfe, 0x0, 0x0, 0x0, 0x0, 0x2, 0x22,
    0x2f, 0xff, 0xff, 0xf2, 0x22, 0x20, 0x0, 0x0,
    0x0, 0x0, 0x0, 0x0, 0xf, 0xff, 0xff, 0xf0,
    0x0, 0x0, 0x0, 0x0, 0x0, 0x0, 0x0, 0x0,
    0xf, 0xff, 0xff, 0xf0, 0x0, 0x0, 0x0, 0x0,
    0x0, 0x0, 0x0, 0x0, 0xf, 0xff, 0xff, 0xf0,
    0x0, 0x0, 0x0, 0x0, 0x0, 0x0, 0x0, 0x0,
    0xf, 0xff, 0xff, 0xf0, 0x0, 0x0, 0x0, 0x0,
    0x0, 0x0, 0x0, 0x0, 0xf, 0xff, 0xff, 0xf0,
    0x0, 0x0, 0x0, 0x0, 0x0, 0x0, 0x0, 0x0,
    0xf, 0xff, 0xff, 0xf0, 0x0, 0x0, 0x0, 0x0,
    0x25, 0x55, 0x55, 0x52, 0xf, 0xff, 0xff, 0xf0,
    0x25, 0x55, 0x55, 0x52, 0xef, 0xff, 0xff, 0xf9,
    0xc, 0xff, 0xff, 0xc0, 0x9f, 0xff, 0xff, 0xfe,
    0xff, 0xff, 0xff, 0xff, 0x20, 0x1, 0x10, 0x2,
    0xff, 0xff, 0xff, 0xff, 0xff, 0xff, 0xff, 0xff,
    0xf9, 0x88, 0x88, 0x9f, 0xff, 0xff, 0xff, 0xff,
    0xff, 0xff, 0xff, 0xff, 0xff, 0xff, 0xff, 0xff,
    0xff, 0xff, 0xff, 0xff, 0xff, 0xff, 0xff, 0xff,
    0xff, 0xff, 0xff, 0xff, 0x71, 0xe7, 0x1e, 0xff,
    0xff, 0xff, 0xff, 0xff, 0xff, 0xff, 0xff, 0xff,
    0xb6, 0xfb, 0x6f, 0xff, 0xbf, 0xff, 0xff, 0xff,
    0xff, 0xff, 0xff, 0xff, 0xff, 0xff, 0xff, 0xfb,

    /* U+F095 "" */
    0x0, 0x0, 0x0, 0x0, 0x0, 0x0, 0x0, 0x0,
    0x0, 0x0, 0x0, 0x0, 0x0, 0x0, 0x0, 0x0,
    0x0, 0x0, 0x0, 0x0, 0x0, 0xd, 0xea, 0x63,
    0x0, 0x0, 0x0, 0x0, 0x0, 0x0, 0x0, 0x0,
    0x0, 0x6, 0xff, 0xff, 0xff, 0x80, 0x0, 0x0,
    0x0, 0x0, 0x0, 0x0, 0x0, 0x0, 0xdf, 0xff,
    0xff, 0xff, 0x0, 0x0, 0x0, 0x0, 0x0, 0x0,
    0x0, 0x0, 0x4f, 0xff, 0xff, 0xff, 0xf0, 0x0,
    0x0, 0x0, 0x0, 0x0, 0x0, 0x0, 0xa, 0xff,
    0xff, 0xff, 0xfe, 0x0, 0x0, 0x0, 0x0, 0x0,
    0x0, 0x0, 0x1, 0xff, 0xff, 0xff, 0xff, 0xc0,
    0x0, 0x0, 0x0, 0x0, 0x0, 0x0, 0x0, 0x4f,
    0xff, 0xff, 0xff, 0xf9, 0x0, 0x0, 0x0, 0x0,
    0x0, 0x0, 0x0, 0x0, 0x9f, 0xff, 0xff, 0xff,
    0x60, 0x0, 0x0, 0x0, 0x0, 0x0, 0x0, 0x0,
    0x0, 0x6f, 0xff, 0xff, 0xf2, 0x0, 0x0, 0x0,
    0x0, 0x0, 0x0, 0x0, 0x0, 0x0, 0x6f, 0xff,
    0xfc, 0x0, 0x0, 0x0, 0x0, 0x0, 0x0, 0x0,
    0x0, 0x0, 0xa, 0xff, 0xff, 0x60, 0x0, 0x0,
    0x0, 0x0, 0x0, 0x0, 0x0, 0x0, 0x4, 0xff,
    0xff, 0xe0, 0x0, 0x0, 0x0, 0x0, 0x0, 0x0,
    0x0, 0x0, 0x1, 0xdf, 0xff, 0xf7, 0x0, 0x0,
    0x0, 0x0, 0x0, 0x0, 0x0, 0x0, 0x0, 0xbf,
    0xff, 0xfd, 0x0, 0x0, 0x0, 0x0, 0x1, 0x40,
    0x0, 0x0, 0x0, 0xaf, 0xff, 0xff, 0x30, 0x0,
    0x0, 0x0, 0x3a, 0xff, 0xa0, 0x0, 0x1, 0xbf,
    0xff, 0xff, 0x70, 0x0, 0x0, 0x5, 0xcf, 0xff,
    0xff, 0x70, 0x3, 0xdf, 0xff, 0xff, 0xa0, 0x0,
    0x0, 0xd, 0xff, 0xff, 0xff, 0xff, 0x6a, 0xff,
    0xff, 0xff, 0xb0, 0x0, 0x0, 0x0, 0xef, 0xff,
    0xff, 0xff, 0xff, 0xff, 0xff, 0xff, 0xa0, 0x0,
    0x0, 0x0, 0xa, 0xff, 0xff, 0xff, 0xff, 0xff,
    0xff, 0xff, 0x70, 0x0, 0x0, 0x0, 0x0, 0x6f,
    0xff, 0xff, 0xff, 0xff, 0xff, 0xfd, 0x30, 0x0,
    0x0, 0x0, 0x0, 0x3, 0xff, 0xff, 0xff, 0xff,
    0xff, 0xe7, 0x0, 0x0, 0x0, 0x0, 0x0, 0x0,
    0xf, 0xff, 0xff, 0xff, 0xfc, 0x60, 0x0, 0x0,
    0x0, 0x0, 0x0, 0x0, 0x0, 0x8f, 0xfe, 0xc9,
    0x62, 0x0, 0x0, 0x0, 0x0, 0x0, 0x0, 0x0,
    0x0,

    /* U+F0C9 "" */
    0x13, 0x33, 0x33, 0x33, 0x33, 0x33, 0x33, 0x33,
    0x33, 0x33, 0x1f, 0xff, 0xff, 0xff, 0xff, 0xff,
    0xff, 0xff, 0xff, 0xff, 0xfe, 0xff, 0xff, 0xff,
    0xff, 0xff, 0xff, 0xff, 0xff, 0xff, 0xff, 0xff,
    0xff, 0xff, 0xff, 0xff, 0xff, 0xff, 0xff, 0xff,
    0xff, 0xfe, 0x13, 0x33, 0x33, 0x33, 0x33, 0x33,
    0x33, 0x33, 0x33, 0x33, 0x10, 0x0, 0x0, 0x0,
    0x0, 0x0, 0x0, 0x0, 0x0, 0x0, 0x0, 0x0,
    0x0, 0x0, 0x0, 0x0, 0x0, 0x0, 0x0, 0x0,
    0x0, 0x0, 0x0, 0x0, 0x0, 0x0, 0x0, 0x0,
    0x0, 0x0, 0x0, 0x0, 0x57, 0x77, 0x77, 0x77,
    0x77, 0x77, 0x77, 0x77, 0x77, 0x77, 0x5f, 0xff,
    0xff, 0xff, 0xff, 0xff, 0xff, 0xff, 0xff, 0xff,
    0xff, 0xff, 0xff, 0xff, 0xff, 0xff, 0xff, 0xff,
    0xff, 0xff, 0xff, 0xfc, 0xee, 0xee, 0xee, 0xee,
    0xee, 0xee, 0xee, 0xee, 0xee, 0xeb, 0x0, 0x0,
    0x0, 0x0, 0x0, 0x0, 0x0, 0x0, 0x0, 0x0,
    0x0, 0x0, 0x0, 0x0, 0x0, 0x0, 0x0, 0x0,
    0x0, 0x0, 0x0, 0x0, 0x0, 0x0, 0x0, 0x0,
    0x0, 0x0, 0x0, 0x0, 0x0, 0x1, 0x33, 0x33,
    0x33, 0x33, 0x33, 0x33, 0x33, 0x33, 0x33, 0x31,
    0xff, 0xff, 0xff, 0xff, 0xff, 0xff, 0xff, 0xff,
    0xff, 0xff, 0xef, 0xff, 0xff, 0xff, 0xff, 0xff,
    0xff, 0xff, 0xff, 0xff, 0xff, 0xff, 0xff, 0xff,
    0xff, 0xff, 0xff, 0xff, 0xff, 0xff, 0xff, 0xe1,
    0x33, 0x33, 0x33, 0x33, 0x33, 0x33, 0x33, 0x33,
    0x33, 0x31,

    /* U+F0D7 "" */
    0x4f, 0xff, 0xff, 0xff, 0xff, 0xff, 0xff, 0x43,
    0xff, 0xff, 0xff, 0xff, 0xff, 0xff, 0xf3, 0x5,
    0xff, 0xff, 0xff, 0xff, 0xff, 0xf5, 0x0, 0x5,
    0xff, 0xff, 0xff, 0xff, 0xf5, 0x0, 0x0, 0x5,
    0xff, 0xff, 0xff, 0xf5, 0x0, 0x0, 0x0, 0x5,
    0xff, 0xff, 0xf5, 0x0, 0x0, 0x0, 0x0, 0x5,
    0xff, 0xf5, 0x0, 0x0, 0x0, 0x0, 0x0, 0x5,
    0xd5, 0x0, 0x0, 0x0,

    /* U+F0D8 "" */
    0x0, 0x0, 0x0, 0x2, 0x0, 0x0, 0x0, 0x0,
    0x0, 0x0, 0x9, 0xf9, 0x0, 0x0, 0x0, 0x0,
    0x0, 0x9, 0xff, 0xf9, 0x0, 0x0, 0x0, 0x0,
    0x9, 0xff, 0xff, 0xf9, 0x0, 0x0, 0x0, 0x9,
    0xff, 0xff, 0xff, 0xf9, 0x0, 0x0, 0x9, 0xff,
    0xff, 0xff, 0xff, 0xf9, 0x0, 0x9, 0xff, 0xff,
    0xff, 0xff, 0xff, 0xf9, 0x5, 0xff, 0xff, 0xff,
    0xff, 0xff, 0xff, 0xf5, 0x2b, 0xbb, 0xbb, 0xbb,
    0xbb, 0xbb, 0xbb, 0x20,

    /* U+F0E7 "" */
    0x0, 0x4f, 0xff, 0xff, 0xff, 0xf3, 0x0, 0x0,
    0x0, 0x9, 0xff, 0xff, 0xff, 0xff, 0x60, 0x0,
    0x0, 0x0, 0xbf, 0xff, 0xff, 0xff, 0xf1, 0x0,
    0x0, 0x0, 0xd, 0xff, 0xff, 0xff, 0xfc, 0x0,
    0x0, 0x0, 0x0, 0xff, 0xff, 0xff, 0xff, 0x70,
    0x0, 0x0, 0x0, 0x1f, 0xff, 0xff, 0xff, 0xf2,
    0x0, 0x0, 0x0, 0x3, 0xff, 0xff, 0xff, 0xfc,
    0x0, 0x0, 0x0, 0x0, 0x5f, 0xff, 0xff, 0xff,
    0xc8, 0x88, 0x87, 0x30, 0x8, 0xff, 0xff, 0xff,
    0xff, 0xff, 0xff, 0xff, 0x0, 0xaf, 0xff, 0xff,
    0xff, 0xff, 0xff, 0xff, 0xa0, 0xc, 0xff, 0xff,
    0xff, 0xff, 0xff, 0xff, 0xf2, 0x0, 0xef, 0xff,
    0xff, 0xff, 0xff, 0xff, 0xf8, 0x0, 0xf, 0xff,
    0xff, 0xff, 0xff, 0xff, 0xfe, 0x0, 0x0, 0x37,
    0x88, 0x88, 0xaf, 0xff, 0xff, 0x50, 0x0, 0x0,
    0x0, 0x0, 0x8, 0xff, 0xff, 0xc0, 0x0, 0x0,
    0x0, 0x0, 0x0, 0xcf, 0xff, 0xf3, 0x0, 0x0,
    0x0, 0x0, 0x0, 0xf, 0xff, 0xfa, 0x0, 0x0,
    0x0, 0x0, 0x0, 0x3, 0xff, 0xff, 0x10, 0x0,
    0x0, 0x0, 0x0, 0x0, 0x7f, 0xff, 0x70, 0x0,
    0x0, 0x0, 0x0, 0x0, 0xb, 0xff, 0xd0, 0x0,
    0x0, 0x0, 0x0, 0x0, 0x0, 0xff, 0xf4, 0x0,
    0x0, 0x0, 0x0, 0x0, 0x0, 0x3f, 0xfb, 0x0,
    0x0, 0x0, 0x0, 0x0, 0x0, 0x6, 0xff, 0x20,
    0x0, 0x0, 0x0, 0x0, 0x0, 0x0, 0x4f, 0x70,
    0x0, 0x0, 0x0, 0x0,

    /* U+F11B "" */
    0x0, 0x0, 0x0, 0x34, 0x44, 0x44, 0x44, 0x44,
    0x44, 0x44, 0x44, 0x43, 0x0, 0x0, 0x0, 0x0,
    0x2, 0xaf, 0xff, 0xff, 0xff, 0xff, 0xff, 0xff,
    0xff, 0xff, 0xff, 0xfa, 0x20, 0x0, 0x0, 0x5f,
    0xff, 0xff, 0xff, 0xff, 0xff, 0xff, 0xff, 0xff,
    0xff, 0xff, 0xff, 0xf5, 0x0, 0x5, 0xff, 0xff,
    0xcb, 0xcf, 0xff, 0xff, 0xff, 0xff, 0xff, 0xff,
    0xff, 0xff, 0xff, 0x50, 0x1f, 0xff, 0xff, 0x0,
    0xf, 0xff, 0xff, 0xff, 0xff, 0xff, 0xff, 0xe4,
    0x26, 0xff, 0xf1, 0x8f, 0xff, 0xff, 0x0, 0xf,
    0xff, 0xff, 0xff, 0xff, 0xff, 0xff, 0x50, 0x0,
    0x9f, 0xf8, 0xcf, 0xfc, 0xbb, 0x0, 0xb, 0xbc,
    0xff, 0xff, 0xff, 0xff, 0xff, 0x30, 0x0, 0x7f,
    0xfc, 0xff, 0xf0, 0x0, 0x0, 0x0, 0x0, 0xff,
    0xff, 0xff, 0xff, 0xef, 0x90, 0x0, 0xdf, 0xff,
    0xff, 0xf0, 0x0, 0x0, 0x0, 0x0, 0xff, 0xff,
    0xff, 0xe2, 0x1, 0xcd, 0xae, 0xff, 0xff, 0xdf,
    0xf9, 0x88, 0x0, 0x8, 0x89, 0xff, 0xff, 0xff,
    0x70, 0x0, 0x3f, 0xff, 0xff, 0xfd, 0x9f, 0xff,
    0xff, 0x0, 0xf, 0xff, 0xff, 0xff, 0xff, 0x70,
    0x0, 0x3f, 0xff, 0xff, 0xf9, 0x2f, 0xff, 0xff,
    0x0, 0xf, 0xff, 0xff, 0xff, 0xff, 0xe3, 0x1,
    0xcf, 0xff, 0xff, 0xf2, 0x7, 0xff, 0xff, 0x98,
    0x9f, 0xff, 0xff, 0xff, 0xff, 0xff, 0xef, 0xff,
    0xff, 0xff, 0x70, 0x0, 0x9f, 0xff, 0xff, 0xff,
    0xff, 0x84, 0x44, 0x48, 0xff, 0xff, 0xff, 0xff,
    0xf9, 0x0, 0x0, 0x5, 0xdf, 0xff, 0xff, 0xd5,
    0x0, 0x0, 0x0, 0x5d, 0xff, 0xff, 0xfd, 0x50,
    0x0, 0x0, 0x0, 0x3, 0x67, 0x63, 0x0, 0x0,
    0x0, 0x0, 0x0, 0x36, 0x76, 0x30, 0x0, 0x0,

    /* U+F124 "" */
    0x0, 0x0, 0x0, 0x0, 0x0, 0x0, 0x0, 0x0,
    0x0, 0x0, 0x0, 0x0, 0x0, 0x0, 0x0, 0x0,
    0x0, 0x0, 0x0, 0x0, 0x0, 0x0, 0x0, 0x3a,
    0xfc, 0x20, 0x0, 0x0, 0x0, 0x0, 0x0, 0x0,
    0x0, 0x0, 0x0, 0x4b, 0xff, 0xff, 0xc0, 0x0,
    0x0, 0x0, 0x0, 0x0, 0x0, 0x0, 0x0, 0x5c,
    0xff, 0xff, 0xff, 0xf0, 0x0, 0x0, 0x0, 0x0,
    0x0, 0x0, 0x0, 0x6e, 0xff, 0xff, 0xff, 0xff,
    0xa0, 0x0, 0x0, 0x0, 0x0, 0x0, 0x1, 0x8e,
    0xff, 0xff, 0xff, 0xff, 0xff, 0x30, 0x0, 0x0,
    0x0, 0x0, 0x2, 0x9f, 0xff, 0xff, 0xff, 0xff,
    0xff, 0xfb, 0x0, 0x0, 0x0, 0x0, 0x3, 0xaf,
    0xff, 0xff, 0xff, 0xff, 0xff, 0xff, 0xf4, 0x0,
    0x0, 0x0, 0x4, 0xcf, 0xff, 0xff, 0xff, 0xff,
    0xff, 0xff, 0xff, 0xc0, 0x0, 0x0, 0x6, 0xdf,
    0xff, 0xff, 0xff, 0xff, 0xff, 0xff, 0xff, 0xff,
    0x50, 0x0, 0x3, 0xef, 0xff, 0xff, 0xff, 0xff,
    0xff, 0xff, 0xff, 0xff, 0xfe, 0x0, 0x0, 0xd,
    0xff, 0xff, 0xff, 0xff, 0xff, 0xff, 0xff, 0xff,
    0xff, 0xf6, 0x0, 0x0, 0xf, 0xff, 0xff, 0xff,
    0xff, 0xff, 0xff, 0xff, 0xff, 0xff, 0xe0, 0x0,
    0x0, 0x9, 0xff, 0xff, 0xff, 0xff, 0xff, 0xff,
    0xff, 0xff, 0xff, 0x80, 0x0, 0x0, 0x0, 0x57,
    0x88, 0x88, 0x88, 0x8c, 0xff, 0xff, 0xff, 0xff,
    0x10, 0x0, 0x0, 0x0, 0x0, 0x0, 0x0, 0x0,
    0x8, 0xff, 0xff, 0xff, 0xf9, 0x0, 0x0, 0x0,
    0x0, 0x0, 0x0, 0x0, 0x0, 0x8, 0xff, 0xff,
    0xff, 0xf2, 0x0, 0x0, 0x0, 0x0, 0x0, 0x0,
    0x0, 0x0, 0x8, 0xff, 0xff, 0xff, 0xa0, 0x0,
    0x0, 0x0, 0x0, 0x0, 0x0, 0x0, 0x0, 0x8,
    0xff, 0xff, 0xff, 0x30, 0x0, 0x0, 0x0, 0x0,
    0x0, 0x0, 0x0, 0x0, 0x8, 0xff, 0xff, 0xfc,
    0x0, 0x0, 0x0, 0x0, 0x0, 0x0, 0x0, 0x0,
    0x0, 0x8, 0xff, 0xff, 0xf4, 0x0, 0x0, 0x0,
    0x0, 0x0, 0x0, 0x0, 0x0, 0x0, 0x8, 0xff,
    0xff, 0xd0, 0x0, 0x0, 0x0, 0x0, 0x0, 0x0,
    0x0, 0x0, 0x0, 0x7, 0xff, 0xff, 0x60, 0x0,
    0x0, 0x0, 0x0, 0x0, 0x0, 0x0, 0x0, 0x0,
    0x5, 0xff, 0xfe, 0x0, 0x0, 0x0, 0x0, 0x0,
    0x0, 0x0, 0x0, 0x0, 0x0, 0x0, 0x9f, 0xd3,
    0x0, 0x0, 0x0, 0x0, 0x0, 0x0, 0x0, 0x0,
    0x0, 0x0, 0x0, 0x0, 0x0, 0x0, 0x0, 0x0,
    0x0, 0x0,

    /* U+F13E "" */
    0x0, 0x0, 0x0, 0x5, 0xbe, 0xfe, 0xa4, 0x0,
    0x0, 0x0, 0x0, 0x0, 0x0, 0x1b, 0xff, 0xff,
    0xff, 0xfb, 0x10, 0x0, 0x0, 0x0, 0x0, 0xd,
    0xff, 0xff, 0xff, 0xff, 0xfc, 0x0, 0x0, 0x0,
    0x0, 0x9, 0xff, 0xff, 0xec, 0xff, 0xff, 0xf9,
    0x0, 0x0, 0x0, 0x1, 0xff, 0xff, 0x70, 0x0,
    0x7f, 0xff, 0xf1, 0x0, 0x0, 0x0, 0x6f, 0xff,
    0x90, 0x0, 0x0, 0x9f, 0xff, 0x60, 0x0, 0x0,
    0x9, 0xff, 0xf4, 0x0, 0x0, 0x3, 0xff, 0xf9,
    0x0, 0x0, 0x0, 0x9f, 0xff, 0x20, 0x0, 0x0,
    0x1f, 0xff, 0x90, 0x0, 0x0, 0xa, 0xff, 0xf2,
    0x0, 0x0, 0x0, 0xcf, 0xf5, 0x0, 0x0, 0x0,
    0xaf, 0xff, 0x20, 0x0, 0x0, 0x0, 0x0, 0x0,
    0x0, 0x0, 0xa, 0xff, 0xf2, 0x0, 0x0, 0x0,
    0x0, 0x0, 0x0, 0x0, 0x0, 0xaf, 0xff, 0x20,
    0x0, 0x0, 0x0, 0x0, 0x0, 0x0, 0x3d, 0xff,
    0xff, 0xff, 0xff, 0xff, 0xff, 0xff, 0xff, 0xfd,
    0x3d, 0xff, 0xff, 0xff, 0xff, 0xff, 0xff, 0xff,
    0xff, 0xff, 0xfd, 0xff, 0xff, 0xff, 0xff, 0xff,
    0xff, 0xff, 0xff, 0xff, 0xff, 0xff, 0xff, 0xff,
    0xff, 0xff, 0x50, 0x5f, 0xff, 0xff, 0xff, 0xff,
    0xff, 0xff, 0xff, 0xff, 0xb0, 0x0, 0xbf, 0xff,
    0xff, 0xff, 0xff, 0xff, 0xff, 0xff, 0xfa, 0x0,
    0xa, 0xff, 0xff, 0xff, 0xff, 0xff, 0xff, 0xff,
    0xff, 0xa0, 0x0, 0xaf, 0xff, 0xff, 0xff, 0xff,
    0xff, 0xff, 0xff, 0xfb, 0x0, 0xb, 0xff, 0xff,
    0xff, 0xff, 0xff, 0xff, 0xff, 0xff, 0xf5, 0x5,
    0xff, 0xff, 0xff, 0xff, 0xff, 0xff, 0xff, 0xff,
    0xff, 0xff, 0xff, 0xff, 0xff, 0xff, 0xff, 0xdf,
    0xff, 0xff, 0xff, 0xff, 0xff, 0xff, 0xff, 0xff,
    0xff, 0xd3, 0xdf, 0xff, 0xff, 0xff, 0xff, 0xff,
    0xff, 0xff, 0xff, 0xd3,

    /* U+F144 "" */
    0x0, 0x0, 0x0, 0x0, 0x2, 0x45, 0x53, 0x10,
    0x0, 0x0, 0x0, 0x0, 0x0, 0x0, 0x0, 0x29,
    0xef, 0xff, 0xff, 0xfc, 0x60, 0x0, 0x0, 0x0,
    0x0, 0x0, 0x8, 0xff, 0xff, 0xff, 0xff, 0xff,
    0xfd, 0x40, 0x0, 0x0, 0x0, 0x1, 0xcf, 0xff,
    0xff, 0xff, 0xff, 0xff, 0xff, 0xf6, 0x0, 0x0,
    0x0, 0xd, 0xff, 0xff, 0xff, 0xff, 0xff, 0xff,
    0xff, 0xff, 0x60, 0x0, 0x0, 0xbf, 0xff, 0xff,
    0xff, 0xff, 0xff, 0xff, 0xff, 0xff, 0xf4, 0x0,
    0x5, 0xff, 0xff, 0xf8, 0x7, 0xff, 0xff, 0xff,
    0xff, 0xff, 0xfd, 0x0, 0xd, 0xff, 0xff, 0xf4,
    0x0, 0x1a, 0xff, 0xff, 0xff, 0xff, 0xff, 0x60,
    0x3f, 0xff, 0xff, 0xf4, 0x0, 0x0, 0x4d, 0xff,
    0xff, 0xff, 0xff, 0xc0, 0x8f, 0xff, 0xff, 0xf4,
    0x0, 0x0, 0x0, 0x8f, 0xff, 0xff, 0xff, 0xf1,
    0xbf, 0xff, 0xff, 0xf4, 0x0, 0x0, 0x0, 0x2,
    0xbf, 0xff, 0xff, 0xf3, 0xcf, 0xff, 0xff, 0xf4,
    0x0, 0x0, 0x0, 0x0, 0x8, 0xff, 0xff, 0xf5,
    0xdf, 0xff, 0xff, 0xf4, 0x0, 0x0, 0x0, 0x0,
    0x5, 0xff, 0xff, 0xf5, 0xbf, 0xff, 0xff, 0xf4,
    0x0, 0x0, 0x0, 0x0, 0x7f, 0xff, 0xff, 0xf4,
    0x9f, 0xff, 0xff, 0xf4, 0x0, 0x0, 0x0, 0x5d,
    0xff, 0xff, 0xff, 0xf2, 0x5f, 0xff, 0xff, 0xf4,
    0x0, 0x0, 0x2b, 0xff, 0xff, 0xff, 0xff, 0xe0,
    0x1f, 0xff, 0xff, 0xf4, 0x0, 0x19, 0xff, 0xff,
    0xff, 0xff, 0xff, 0x90, 0x9, 0xff, 0xff, 0xf8,
    0x7, 0xef, 0xff, 0xff, 0xff, 0xff, 0xff, 0x20,
    0x1, 0xef, 0xff, 0xff, 0xff, 0xff, 0xff, 0xff,
    0xff, 0xff, 0xf8, 0x0, 0x0, 0x4f, 0xff, 0xff,
    0xff, 0xff, 0xff, 0xff, 0xff, 0xff, 0xc0, 0x0,
    0x0, 0x6, 0xff, 0xff, 0xff, 0xff, 0xff, 0xff,
    0xff, 0xfd, 0x10, 0x0, 0x0, 0x0, 0x4e, 0xff,
    0xff, 0xff, 0xff, 0xff, 0xff, 0xb0, 0x0, 0x0,
    0x0, 0x0, 0x1, 0x9f, 0xff, 0xff, 0xff, 0xff,
    0xd5, 0x0, 0x0, 0x0, 0x0, 0x0, 0x0, 0x1,
    0x59, 0xbd, 0xcb, 0x83, 0x0, 0x0, 0x0, 0x0,

    /* U+F155 "" */
    0x0, 0x0, 0x0, 0xcf, 0xe0, 0x0, 0x0, 0x0,
    0x0, 0x0, 0xe, 0xff, 0x10, 0x0, 0x0, 0x0,
    0x0, 0x0, 0xef, 0xf1, 0x0, 0x0, 0x0, 0x0,
    0x5c, 0xff, 0xff, 0xfd, 0x81, 0x0, 0x0, 0xaf,
    0xff, 0xff, 0xff, 0xff, 0xe2, 0x0, 0x6f, 0xff,
    0xff, 0xff, 0xff, 0xff, 0x30, 0xe, 0xff, 0xfd,
    0xcc, 0xcc, 0xff, 0x40, 0x2, 0xff, 0xfc, 0x0,
    0x0, 0x2, 0x20, 0x0, 0x2f, 0xff, 0xa0, 0x0,
    0x0, 0x0, 0x0, 0x0, 0xef, 0xff, 0x94, 0x0,
    0x0, 0x0, 0x0, 0x8, 0xff, 0xff, 0xff, 0xa6,
    0x10, 0x0, 0x0, 0xc, 0xff, 0xff, 0xff, 0xff,
    0xb2, 0x0, 0x0, 0x8, 0xff, 0xff, 0xff, 0xff,
    0xe1, 0x0, 0x0, 0x0, 0x5a, 0xef, 0xff, 0xff,
    0xb0, 0x0, 0x0, 0x0, 0x0, 0x38, 0xff, 0xff,
    0x20, 0x0, 0x0, 0x0, 0x0, 0x8, 0xff, 0xf5,
    0x0, 0x1, 0x30, 0x0, 0x0, 0xaf, 0xff, 0x40,
    0x2, 0xef, 0xdc, 0xcc, 0xdf, 0xff, 0xf1, 0x1,
    0xef, 0xff, 0xff, 0xff, 0xff, 0xf8, 0x0, 0x1d,
    0xff, 0xff, 0xff, 0xff, 0xfa, 0x0, 0x0, 0x7,
    0xcf, 0xff, 0xfe, 0xc5, 0x0, 0x0, 0x0, 0x0,
    0xe, 0xff, 0x10, 0x0, 0x0, 0x0, 0x0, 0x0,
    0xef, 0xf1, 0x0, 0x0, 0x0, 0x0, 0x0, 0xc,
    0xfe, 0x0, 0x0, 0x0,

    /* U+F15B "" */
    0xbf, 0xff, 0xff, 0xff, 0xff, 0x80, 0xe4, 0x0,
    0x0, 0xff, 0xff, 0xff, 0xff, 0xff, 0x80, 0xff,
    0x40, 0x0, 0xff, 0xff, 0xff, 0xff, 0xff, 0x80,
    0xff, 0xf4, 0x0, 0xff, 0xff, 0xff, 0xff, 0xff,
    0x80, 0xff, 0xff, 0x40, 0xff, 0xff, 0xff, 0xff,
    0xff, 0x80, 0xff, 0xff, 0xf4, 0xff, 0xff, 0xff,
    0xff, 0xff, 0x80, 0xff, 0xff, 0xfe, 0xff, 0xff,
    0xff, 0xff, 0xff, 0x80, 0x0, 0x0, 0x0, 0xff,
    0xff, 0xff, 0xff, 0xff, 0xf8, 0x88, 0x88, 0x88,
    0xff, 0xff, 0xff, 0xff, 0xff, 0xff, 0xff, 0xff,
    0xff, 0xff, 0xff, 0xff, 0xff, 0xff, 0xff, 0xff,
    0xff, 0xff, 0xff, 0xff, 0xff, 0xff, 0xff, 0xff,
    0xff, 0xff, 0xff, 0xff, 0xff, 0xff, 0xff, 0xff,
    0xff, 0xff, 0xff, 0xff, 0xff, 0xff, 0xff, 0xff,
    0xff, 0xff, 0xff, 0xff, 0xff, 0xff, 0xff, 0xff,
    0xff, 0xff, 0xff, 0xff, 0xff, 0xff, 0xff, 0xff,
    0xff, 0xff, 0xff, 0xff, 0xff, 0xff, 0xff, 0xff,
    0xff, 0xff, 0xff, 0xff, 0xff, 0xff, 0xff, 0xff,
    0xff, 0xff, 0xff, 0xff, 0xff, 0xff, 0xff, 0xff,
    0xff, 0xff, 0xff, 0xff, 0xff, 0xff, 0xff, 0xff,
    0xff, 0xff, 0xff, 0xff, 0xff, 0xff, 0xff, 0xff,
    0xff, 0xff, 0xff, 0xff, 0xff, 0xff, 0xff, 0xff,
    0xff, 0xff, 0xff, 0xff, 0xff, 0xff, 0xff, 0xff,
    0xff, 0xff, 0xff, 0xff, 0xff, 0xff, 0xff, 0xff,
    0xff, 0xff, 0xff, 0xff, 0xff, 0xff, 0xff, 0xff,
    0xff, 0xff, 0xff, 0xff, 0xff, 0xff, 0xff, 0xbf,
    0xff, 0xff, 0xff, 0xff, 0xff, 0xff, 0xff, 0xfb,

    /* U+F240 "" */
    0x1, 0x44, 0x44, 0x44, 0x44, 0x44, 0x44, 0x44,
    0x44, 0x44, 0x44, 0x44, 0x44, 0x30, 0x0, 0x6f,
    0xff, 0xff, 0xff, 0xff, 0xff, 0xff, 0xff, 0xff,
    0xff, 0xff, 0xff, 0xff, 0xfd, 0x0, 0xef, 0xff,
    0xff, 0xff, 0xff, 0xff, 0xff, 0xff, 0xff, 0xff,
    0xff, 0xff, 0xff, 0xff, 0x60, 0xff, 0xfb, 0xbb,
    0xbb, 0xbb, 0xbb, 0xbb, 0xbb, 0xbb, 0xbb, 0xbb,
    0xbb, 0xbd, 0xff, 0xa1, 0xff, 0xf0, 0x0, 0x0,
    0x0, 0x0, 0x0, 0x0, 0x0, 0x0, 0x0, 0x0,
    0x8, 0xff, 0xfe, 0xff, 0xf0, 0x8f, 0xff, 0xff,
    0xff, 0xff, 0xff, 0xff, 0xff, 0xff, 0xff, 0x8,
    0xff, 0xff, 0xff, 0xf0, 0x8f, 0xff, 0xff, 0xff,
    0xff, 0xff, 0xff, 0xff, 0xff, 0xff, 0x5, 0xbf,
    0xff, 0xff, 0xf0, 0x8f, 0xff, 0xff, 0xff, 0xff,
    0xff, 0xff, 0xff, 0xff, 0xff, 0x0, 0xf, 0xff,
    0xff, 0xf0, 0x8f, 0xff, 0xff, 0xff, 0xff, 0xff,
    0xff, 0xff, 0xff, 0xff, 0x0, 0xf, 0xff, 0xff,
    0xf0, 0x8f, 0xff, 0xff, 0xff, 0xff, 0xff, 0xff,
    0xff, 0xff, 0xff, 0x2, 0x4f, 0xff, 0xff, 0xf0,
    0x8f, 0xff, 0xff, 0xff, 0xff, 0xff, 0xff, 0xff,
    0xff, 0xff, 0x8, 0xff, 0xff, 0xff, 0xf0, 0x0,
    0x0, 0x0, 0x0, 0x0, 0x0, 0x0, 0x0, 0x0,
    0x0, 0x8, 0xff, 0xff, 0xff, 0xf4, 0x44, 0x44,
    0x44, 0x44, 0x44, 0x44, 0x44, 0x44, 0x44, 0x44,
    0x4a, 0xff, 0xd7, 0xff, 0xff, 0xff, 0xff, 0xff,
    0xff, 0xff, 0xff, 0xff, 0xff, 0xff, 0xff, 0xff,
    0xff, 0x70, 0xbf, 0xff, 0xff, 0xff, 0xff, 0xff,
    0xff, 0xff, 0xff, 0xff, 0xff, 0xff, 0xff, 0xff,
    0x30, 0x18, 0xbb, 0xbb, 0xbb, 0xbb, 0xbb, 0xbb,
    0xbb, 0xbb, 0xbb, 0xbb, 0xbb, 0xbb, 0xa4, 0x0,

    /* U+F241 "" */
    0x1, 0x44, 0x44, 0x44, 0x44, 0x44, 0x44, 0x44,
    0x44, 0x44, 0x44, 0x44, 0x44, 0x30, 0x0, 0x6f,
    0xff, 0xff, 0xff, 0xff, 0xff, 0xff, 0xff, 0xff,
    0xff, 0xff, 0xff, 0xff, 0xfd, 0x0, 0xef, 0xff,
    0xff, 0xff, 0xff, 0xff, 0xff, 0xff, 0xff, 0xff,
    0xff, 0xff, 0xff, 0xff, 0x60, 0xff, 0xfb, 0xbb,
    0xbb, 0xbb, 0xbb, 0xbb, 0xbb, 0xbb, 0xbb, 0xbb,
    0xbb, 0xbd, 0xff, 0xa1, 0xff, 0xf0, 0x0, 0x0,
    0x0, 0x0, 0x0, 0x0, 0x0, 0x0, 0x0, 0x0,
    0x8, 0xff, 0xfe, 0xff, 0xf0, 0xbf, 0xff, 0xff,
    0xff, 0xff, 0xff, 0xff, 0xf4, 0x0, 0x0, 0x8,
    0xff, 0xff, 0xff, 0xf0, 0xbf, 0xff, 0xff, 0xff,
    0xff, 0xff, 0xff, 0xf4, 0x0, 0x0, 0x5, 0xbf,
    0xff, 0xff, 0xf0, 0xbf, 0xff, 0xff, 0xff, 0xff,
    0xff, 0xff, 0xf4, 0x0, 0x0, 0x0, 0xf, 0xff,
    0xff, 0xf0, 0xbf, 0xff, 0xff, 0xff, 0xff, 0xff,
    0xff, 0xf4, 0x0, 0x0, 0x0, 0xf, 0xff, 0xff,
    0xf0, 0xbf, 0xff, 0xff, 0xff, 0xff, 0xff, 0xff,
    0xf4, 0x0, 0x0, 0x2, 0x4f, 0xff, 0xff, 0xf0,
    0xbf, 0xff, 0xff, 0xff, 0xff, 0xff, 0xff, 0xf4,
    0x0, 0x0, 0x8, 0xff, 0xff, 0xff, 0xf0, 0x0,
    0x0, 0x0, 0x0, 0x0, 0x0, 0x0, 0x0, 0x0,
    0x0, 0x8, 0xff, 0xff, 0xff, 0xf4, 0x44, 0x44,
    0x44, 0x44, 0x44, 0x44, 0x44, 0x44, 0x44, 0x44,
    0x4a, 0xff, 0xd7, 0xff, 0xff, 0xff, 0xff, 0xff,
    0xff, 0xff, 0xff, 0xff, 0xff, 0xff, 0xff, 0xff,
    0xff, 0x70, 0xbf, 0xff, 0xff, 0xff, 0xff, 0xff,
    0xff, 0xff, 0xff, 0xff, 0xff, 0xff, 0xff, 0xff,
    0x30, 0x18, 0xbb, 0xbb, 0xbb, 0xbb, 0xbb, 0xbb,
    0xbb, 0xbb, 0xbb, 0xbb, 0xbb, 0xbb, 0xa4, 0x0,

    /* U+F242 "" */
    0x1, 0x44, 0x44, 0x44, 0x44, 0x44, 0x44, 0x44,
    0x44, 0x44, 0x44, 0x44, 0x44, 0x30, 0x0, 0x6f,
    0xff, 0xff, 0xff, 0xff, 0xff, 0xff, 0xff, 0xff,
    0xff, 0xff, 0xff, 0xff, 0xfd, 0x0, 0xef, 0xff,
    0xff, 0xff, 0xff, 0xff, 0xff, 0xff, 0xff, 0xff,
    0xff, 0xff, 0xff, 0xff, 0x60, 0xff, 0xfb, 0xbb,
    0xbb, 0xbb, 0xbb, 0xbb, 0xbb, 0xbb, 0xbb, 0xbb,
    0xbb, 0xbd, 0xff, 0xa1, 0xff, 0xf0, 0x0, 0x0,
    0x0, 0x0, 0x0, 0x0, 0x0, 0x0, 0x0, 0x0,
    0x8, 0xff, 0xfe, 0xff, 0xf0, 0x8f, 0xff, 0xff,
    0xff, 0xff, 0xf0, 0x0, 0x0, 0x0, 0x0, 0x8,
    0xff, 0xff, 0xff, 0xf0, 0x8f, 0xff, 0xff, 0xff,
    0xff, 0xf0, 0x0, 0x0, 0x0, 0x0, 0x5, 0xbf,
    0xff, 0xff, 0xf0, 0x8f, 0xff, 0xff, 0xff, 0xff,
    0xf0, 0x0, 0x0, 0x0, 0x0, 0x0, 0xf, 0xff,
    0xff, 0xf0, 0x8f, 0xff, 0xff, 0xff, 0xff, 0xf0,
    0x0, 0x0, 0x0, 0x0, 0x0, 0xf, 0xff, 0xff,
    0xf0, 0x8f, 0xff, 0xff, 0xff, 0xff, 0xf0, 0x0,
    0x0, 0x0, 0x0, 0x2, 0x4f, 0xff, 0xff, 0xf0,
    0x8f, 0xff, 0xff, 0xff, 0xff, 0xf0, 0x0, 0x0,
    0x0, 0x0, 0x8, 0xff, 0xff, 0xff, 0xf0, 0x0,
    0x0, 0x0, 0x0, 0x0, 0x0, 0x0, 0x0, 0x0,
    0x0, 0x8, 0xff, 0xff, 0xff, 0xf4, 0x44, 0x44,
    0x44, 0x44, 0x44, 0x44, 0x44, 0x44, 0x44, 0x44,
    0x4a, 0xff, 0xd7, 0xff, 0xff, 0xff, 0xff, 0xff,
    0xff, 0xff, 0xff, 0xff, 0xff, 0xff, 0xff, 0xff,
    0xff, 0x70, 0xbf, 0xff, 0xff, 0xff, 0xff, 0xff,
    0xff, 0xff, 0xff, 0xff, 0xff, 0xff, 0xff, 0xff,
    0x30, 0x18, 0xbb, 0xbb, 0xbb, 0xbb, 0xbb, 0xbb,
    0xbb, 0xbb, 0xbb, 0xbb, 0xbb, 0xbb, 0xa4, 0x0,

    /* U+F243 "" */
    0x1, 0x44, 0x44, 0x44, 0x44, 0x44, 0x44, 0x44,
    0x44, 0x44, 0x44, 0x44, 0x44, 0x30, 0x0, 0x6f,
    0xff, 0xff, 0xff, 0xff, 0xff, 0xff, 0xff, 0xff,
    0xff, 0xff, 0xff, 0xff, 0xfd, 0x0, 0xef, 0xff,
    0xff, 0xff, 0xff, 0xff, 0xff, 0xff, 0xff, 0xff,
    0xff, 0xff, 0xff, 0xff, 0x60, 0xff, 0xfb, 0xbb,
    0xbb, 0xbb, 0xbb, 0xbb, 0xbb, 0xbb, 0xbb, 0xbb,
    0xbb, 0xbd, 0xff, 0xa1, 0xff, 0xf0, 0x0, 0x0,
    0x0, 0x0, 0x0, 0x0, 0x0, 0x0, 0x0, 0x0,
    0x8, 0xff, 0xfe, 0xff, 0xf0, 0xbf, 0xff, 0xff,
    0x40, 0x0, 0x0, 0x0, 0x0, 0x0, 0x0, 0x8,
    0xff, 0xff, 0xff, 0xf0, 0xbf, 0xff, 0xff, 0x40,
    0x0, 0x0, 0x0, 0x0, 0x0, 0x0, 0x5, 0xbf,
    0xff, 0xff, 0xf0, 0xbf, 0xff, 0xff, 0x40, 0x0,
    0x0, 0x0, 0x0, 0x0, 0x0, 0x0, 0xf, 0xff,
    0xff, 0xf0, 0xbf, 0xff, 0xff, 0x40, 0x0, 0x0,
    0x0, 0x0, 0x0, 0x0, 0x0, 0xf, 0xff, 0xff,
    0xf0, 0xbf, 0xff, 0xff, 0x40, 0x0, 0x0, 0x0,
    0x0, 0x0, 0x0, 0x2, 0x4f, 0xff, 0xff, 0xf0,
    0xbf, 0xff, 0xff, 0x40, 0x0, 0x0, 0x0, 0x0,
    0x0, 0x0, 0x8, 0xff, 0xff, 0xff, 0xf0, 0x0,
    0x0, 0x0, 0x0, 0x0, 0x0, 0x0, 0x0, 0x0,
    0x0, 0x8, 0xff, 0xff, 0xff, 0xf4, 0x44, 0x44,
    0x44, 0x44, 0x44, 0x44, 0x44, 0x44, 0x44, 0x44,
    0x4a, 0xff, 0xd7, 0xff, 0xff, 0xff, 0xff, 0xff,
    0xff, 0xff, 0xff, 0xff, 0xff, 0xff, 0xff, 0xff,
    0xff, 0x70, 0xbf, 0xff, 0xff, 0xff, 0xff, 0xff,
    0xff, 0xff, 0xff, 0xff, 0xff, 0xff, 0xff, 0xff,
    0x30, 0x18, 0xbb, 0xbb, 0xbb, 0xbb, 0xbb, 0xbb,
    0xbb, 0xbb, 0xbb, 0xbb, 0xbb, 0xbb, 0xa4, 0x0,

    /* U+F244 "" */
    0x1, 0x44, 0x44, 0x44, 0x44, 0x44, 0x44, 0x44,
    0x44, 0x44, 0x44, 0x44, 0x44, 0x30, 0x0, 0x6f,
    0xff, 0xff, 0xff, 0xff, 0xff, 0xff, 0xff, 0xff,
    0xff, 0xff, 0xff, 0xff, 0xfd, 0x0, 0xef, 0xff,
    0xff, 0xff, 0xff, 0xff, 0xff, 0xff, 0xff, 0xff,
    0xff, 0xff, 0xff, 0xff, 0x60, 0xff, 0xfb, 0xbb,
    0xbb, 0xbb, 0xbb, 0xbb, 0xbb, 0xbb, 0xbb, 0xbb,
    0xbb, 0xbd, 0xff, 0xa1, 0xff, 0xf0, 0x0, 0x0,
    0x0, 0x0, 0x0, 0x0, 0x0, 0x0, 0x0, 0x0,
    0x8, 0xff, 0xfe, 0xff, 0xf0, 0x0, 0x0, 0x0,
    0x0, 0x0, 0x0, 0x0, 0x0, 0x0, 0x0, 0x8,
    0xff, 0xff, 0xff, 0xf0, 0x0, 0x0, 0x0, 0x0,
    0x0, 0x0, 0x0, 0x0, 0x0, 0x0, 0x5, 0xbf,
    0xff, 0xff, 0xf0, 0x0, 0x0, 0x0, 0x0, 0x0,
    0x0, 0x0, 0x0, 0x0, 0x0, 0x0, 0xf, 0xff,
    0xff, 0xf0, 0x0, 0x0, 0x0, 0x0, 0x0, 0x0,
    0x0, 0x0, 0x0, 0x0, 0x0, 0xf, 0xff, 0xff,
    0xf0, 0x0, 0x0, 0x0, 0x0, 0x0, 0x0, 0x0,
    0x0, 0x0, 0x0, 0x2, 0x4f, 0xff, 0xff, 0xf0,
    0x0, 0x0, 0x0, 0x0, 0x0, 0x0, 0x0, 0x0,
    0x0, 0x0, 0x8, 0xff, 0xff, 0xff, 0xf0, 0x0,
    0x0, 0x0, 0x0, 0x0, 0x0, 0x0, 0x0, 0x0,
    0x0, 0x8, 0xff, 0xff, 0xff, 0xf4, 0x44, 0x44,
    0x44, 0x44, 0x44, 0x44, 0x44, 0x44, 0x44, 0x44,
    0x4a, 0xff, 0xd7, 0xff, 0xff, 0xff, 0xff, 0xff,
    0xff, 0xff, 0xff, 0xff, 0xff, 0xff, 0xff, 0xff,
    0xff, 0x70, 0xbf, 0xff, 0xff, 0xff, 0xff, 0xff,
    0xff, 0xff, 0xff, 0xff, 0xff, 0xff, 0xff, 0xff,
    0x30, 0x18, 0xbb, 0xbb, 0xbb, 0xbb, 0xbb, 0xbb,
    0xbb, 0xbb, 0xbb, 0xbb, 0xbb, 0xbb, 0xa4, 0x0,

    /* U+F287 "" */
    0x0, 0x0, 0x0, 0x0, 0x0, 0x0, 0x0, 0x0,
    0x1, 0x0, 0x0, 0x0, 0x0, 0x0, 0x0, 0x0,
    0x0, 0x0, 0x0, 0x0, 0x0, 0x0, 0x0, 0x2d,
    0xfe, 0x30, 0x0, 0x0, 0x0, 0x0, 0x0, 0x0,
    0x0, 0x0, 0x0, 0x0, 0x0, 0x27, 0x7d, 0xff,
    0xfd, 0x0, 0x0, 0x0, 0x0, 0x0, 0x0, 0x0,
    0x0, 0x0, 0x0, 0x0, 0x4f, 0xff, 0xff, 0xff,
    0xf0, 0x0, 0x0, 0x0, 0x0, 0x0, 0x0, 0x0,
    0x0, 0x0, 0x0, 0xe, 0xf5, 0x3a, 0xff, 0xfb,
    0x0, 0x0, 0x0, 0x0, 0x0, 0x0, 0x0, 0x0,
    0x0, 0x0, 0x7, 0xf6, 0x0, 0x9, 0xda, 0x0,
    0x0, 0x0, 0x0, 0x0, 0x0, 0x0, 0x2, 0x0,
    0x0, 0x0, 0xed, 0x0, 0x0, 0x0, 0x0, 0x0,
    0x0, 0x0, 0x0, 0x0, 0x0, 0x9f, 0xfe, 0x50,
    0x0, 0x6f, 0x60, 0x0, 0x0, 0x0, 0x0, 0x0,
    0x0, 0xa4, 0x0, 0x0, 0x8f, 0xff, 0xff, 0x30,
    0x1e, 0xe0, 0x0, 0x0, 0x0, 0x0, 0x0, 0x0,
    0xf, 0xfa, 0x10, 0xe, 0xff, 0xff, 0xfd, 0xbe,
    0xfe, 0xbb, 0xbb, 0xbb, 0xbb, 0xbb, 0xbb, 0xbb,
    0xff, 0xff, 0x60, 0xef, 0xff, 0xff, 0xff, 0xff,
    0xff, 0xff, 0xff, 0xff, 0xff, 0xff, 0xff, 0xff,
    0xff, 0xfb, 0xa, 0xff, 0xff, 0xf5, 0x0, 0x0,
    0x1c, 0xf3, 0x0, 0x0, 0x0, 0x0, 0x0, 0xff,
    0xd4, 0x0, 0x1c, 0xff, 0xf9, 0x0, 0x0, 0x0,
    0x2f, 0xa0, 0x0, 0x0, 0x0, 0x0, 0xe, 0x70,
    0x0, 0x0, 0x4, 0x63, 0x0, 0x0, 0x0, 0x0,
    0xbf, 0x20, 0x0, 0x0, 0x0, 0x0, 0x0, 0x0,
    0x0, 0x0, 0x0, 0x0, 0x0, 0x0, 0x0, 0x3,
    0xfb, 0x0, 0x8f, 0xff, 0xf5, 0x0, 0x0, 0x0,
    0x0, 0x0, 0x0, 0x0, 0x0, 0x0, 0x0, 0xa,
    0xf8, 0x4b, 0xff, 0xff, 0x60, 0x0, 0x0, 0x0,
    0x0, 0x0, 0x0, 0x0, 0x0, 0x0, 0x0, 0xb,
    0xff, 0xff, 0xff, 0xf6, 0x0, 0x0, 0x0, 0x0,
    0x0, 0x0, 0x0, 0x0, 0x0, 0x0, 0x0, 0x3,
    0x5c, 0xff, 0xff, 0x60, 0x0, 0x0, 0x0, 0x0,
    0x0, 0x0, 0x0, 0x0, 0x0, 0x0, 0x0, 0x0,
    0x9f, 0xff, 0xf5, 0x0, 0x0, 0x0, 0x0, 0x0,
    0x0, 0x0, 0x0, 0x0, 0x0, 0x0, 0x0, 0x0,
    0x11, 0x10, 0x0, 0x0, 0x0, 0x0,

    /* U+F293 "" */
    0x0, 0x0, 0x2, 0x8c, 0xef, 0xfe, 0xa6, 0x0,
    0x0, 0x0, 0x0, 0x9, 0xff, 0xff, 0xff, 0xff,
    0xfe, 0x30, 0x0, 0x0, 0xc, 0xff, 0xff, 0xf4,
    0xff, 0xff, 0xff, 0x40, 0x0, 0xa, 0xff, 0xff,
    0xff, 0x5, 0xff, 0xff, 0xfe, 0x10, 0x2, 0xff,
    0xff, 0xff, 0xf0, 0x5, 0xff, 0xff, 0xf8, 0x0,
    0x9f, 0xff, 0xff, 0xff, 0x0, 0x6, 0xff, 0xff,
    0xe0, 0xe, 0xff, 0xfc, 0xff, 0xf0, 0x16, 0x7,
    0xff, 0xff, 0x21, 0xff, 0xf8, 0x9, 0xff, 0x1,
    0xf6, 0x7, 0xff, 0xf5, 0x4f, 0xff, 0xd1, 0x9,
    0xf0, 0x1f, 0x70, 0x6f, 0xff, 0x86, 0xff, 0xff,
    0xd1, 0x7, 0x1, 0x70, 0x5f, 0xff, 0xf9, 0x7f,
    0xff, 0xff, 0xd1, 0x0, 0x0, 0x3f, 0xff, 0xff,
    0xa7, 0xff, 0xff, 0xff, 0xc1, 0x0, 0x2e, 0xff,
    0xff, 0xfb, 0x7f, 0xff, 0xff, 0xff, 0x30, 0x5,
    0xff, 0xff, 0xff, 0xb7, 0xff, 0xff, 0xff, 0x40,
    0x0, 0x6, 0xff, 0xff, 0xfa, 0x6f, 0xff, 0xff,
    0x40, 0x30, 0x3, 0x7, 0xff, 0xff, 0xa4, 0xff,
    0xff, 0x40, 0x4e, 0x1, 0xe2, 0x8, 0xff, 0xf8,
    0x2f, 0xff, 0x70, 0x4f, 0xf0, 0x1f, 0x90, 0x2f,
    0xff, 0x60, 0xef, 0xff, 0x7f, 0xff, 0x1, 0xb0,
    0x2e, 0xff, 0xf3, 0xa, 0xff, 0xff, 0xff, 0xf0,
    0x0, 0x2e, 0xff, 0xff, 0x0, 0x4f, 0xff, 0xff,
    0xff, 0x0, 0x2e, 0xff, 0xff, 0x90, 0x0, 0xbf,
    0xff, 0xff, 0xf0, 0x2e, 0xff, 0xff, 0xf2, 0x0,
    0x1, 0xdf, 0xff, 0xff, 0x3e, 0xff, 0xff, 0xf7,
    0x0, 0x0, 0x0, 0xaf, 0xff, 0xff, 0xff, 0xff,
    0xf7, 0x0, 0x0, 0x0, 0x0, 0x28, 0xce, 0xff,
    0xec, 0x82, 0x0, 0x0,

    /* U+F294 "" */
    0x0, 0x0, 0x2, 0x50, 0x0, 0x0, 0x0, 0x0,
    0x0, 0x2f, 0x40, 0x0, 0x0, 0x0, 0x0, 0x2,
    0xff, 0x30, 0x0, 0x0, 0x0, 0x0, 0x2f, 0xfe,
    0x20, 0x0, 0x0, 0x0, 0x2, 0xff, 0xfe, 0x20,
    0x0, 0x10, 0x0, 0x2f, 0xe9, 0xfd, 0x10, 0x2e,
    0xa0, 0x2, 0xfe, 0x9, 0xfd, 0x14, 0xff, 0xa0,
    0x2f, 0xe0, 0x1e, 0xf7, 0x4, 0xff, 0xa2, 0xfe,
    0x1c, 0xfa, 0x0, 0x4, 0xff, 0xcf, 0xfc, 0xfb,
    0x0, 0x0, 0x4, 0xff, 0xff, 0xfc, 0x0, 0x0,
    0x0, 0x4, 0xff, 0xfd, 0x10, 0x0, 0x0, 0x0,
    0x1d, 0xff, 0xa0, 0x0, 0x0, 0x0, 0x1c, 0xff,
    0xff, 0x90, 0x0, 0x0, 0x1c, 0xff, 0xff, 0xff,
    0x80, 0x0, 0x1c, 0xfe, 0x4f, 0xe4, 0xff, 0x70,
    0x1c, 0xfe, 0x21, 0xfe, 0x4, 0xff, 0x75, 0xfe,
    0x20, 0x1f, 0xe0, 0x4f, 0xf7, 0x6, 0x20, 0x1,
    0xfe, 0x4f, 0xf7, 0x0, 0x0, 0x0, 0x1f, 0xff,
    0xf7, 0x0, 0x0, 0x0, 0x0, 0xff, 0xf7, 0x0,
    0x0, 0x0, 0x0, 0xf, 0xf7, 0x0, 0x0, 0x0,
    0x0, 0x0, 0xf7, 0x0, 0x0, 0x0, 0x0, 0x0,
    0x7, 0x0, 0x0, 0x0,

    /* U+F556 "" */
    0x0, 0x0, 0x0, 0x0, 0x26, 0x89, 0x87, 0x40,
    0x0, 0x0, 0x0, 0x0, 0x0, 0x0, 0x0, 0x6e,
    0xff, 0xff, 0xff, 0xff, 0x81, 0x0, 0x0, 0x0,
    0x0, 0x0, 0x3d, 0xff, 0xff, 0xff, 0xff, 0xff,
    0xff, 0x50, 0x0, 0x0, 0x0, 0x5, 0xff, 0xff,
    0xff, 0xff, 0xff, 0xff, 0xff, 0xf8, 0x0, 0x0,
    0x0, 0x4f, 0xff, 0xff, 0xff, 0xff, 0xff, 0xff,
    0xff, 0xff, 0x70, 0x0, 0x1, 0xef, 0xff, 0xff,
    0xff, 0xff, 0xff, 0xff, 0xff, 0xff, 0xf4, 0x0,
    0x9, 0xff, 0xff, 0xff, 0xff, 0xff, 0xff, 0xff,
    0xff, 0xff, 0xfd, 0x0, 0x2f, 0xff, 0xff, 0xff,
    0xff, 0xff, 0xff, 0xff, 0xff, 0xff, 0xff, 0x50,
    0x7f, 0xff, 0xf5, 0x7c, 0xff, 0xff, 0xff, 0xfe,
    0x95, 0xdf, 0xff, 0xb0, 0xbf, 0xff, 0xf4, 0x0,
    0x16, 0xff, 0xf9, 0x20, 0x2, 0xdf, 0xff, 0xf0,
    0xdf, 0xff, 0xff, 0x90, 0x2, 0xff, 0xf6, 0x0,
    0x5f, 0xff, 0xff, 0xf1, 0xff, 0xff, 0xff, 0x70,
    0xb, 0xff, 0xff, 0x0, 0x3f, 0xff, 0xff, 0xf3,
    0xff, 0xff, 0xff, 0xf7, 0x9f, 0xff, 0xff, 0xb7,
    0xdf, 0xff, 0xff, 0xf3, 0xdf, 0xff, 0xff, 0xff,
    0xff, 0xff, 0xff, 0xff, 0xff, 0xff, 0xff, 0xf1,
    0xbf, 0xff, 0xff, 0xff, 0xff, 0xff, 0xff, 0xff,
    0xff, 0xff, 0xff, 0xe0, 0x6f, 0xff, 0xff, 0xff,
    0xff, 0xec, 0xdf, 0xff, 0xff, 0xff, 0xff, 0xa0,
    0x1f, 0xff, 0xff, 0xff, 0xc3, 0x0, 0x1, 0xaf,
    0xff, 0xff, 0xff, 0x40, 0x8, 0xff, 0xff, 0xfd,
    0x2, 0xad, 0xb5, 0xa, 0xff, 0xff, 0xfc, 0x0,
    0x1, 0xdf, 0xff, 0xfe, 0x7f, 0xff, 0xff, 0x8c,
    0xff, 0xff, 0xf3, 0x0, 0x0, 0x2f, 0xff, 0xff,
    0xff, 0xff, 0xff, 0xff, 0xff, 0xff, 0x50, 0x0,
    0x0, 0x3, 0xef, 0xff, 0xff, 0xff, 0xff, 0xff,
    0xff, 0xf6, 0x0, 0x0, 0x0, 0x0, 0x1b, 0xff,
    0xff, 0xff, 0xff, 0xff, 0xfd, 0x30, 0x0, 0x0,
    0x0, 0x0, 0x0, 0x4b, 0xff, 0xff, 0xff, 0xfc,
    0x60, 0x0, 0x0, 0x0, 0x0, 0x0, 0x0, 0x0,
    0x4, 0x57, 0x64, 0x10, 0x0, 0x0, 0x0, 0x0
};


/*---------------------
 *  GLYPH DESCRIPTION
 *--------------------*/

static const lv_font_fmt_txt_glyph_dsc_t glyph_dsc[] = {
    {.bitmap_index = 0, .adv_w = 0, .box_w = 0, .box_h = 0, .ofs_x = 0, .ofs_y = 0} /* id = 0 reserved */,
    {.bitmap_index = 0, .adv_w = 129, .box_w = 0, .box_h = 0, .ofs_x = 0, .ofs_y = 0},
    {.bitmap_index = 0, .adv_w = 102, .box_w = 5, .box_h = 18, .ofs_x = 1, .ofs_y = 0},
    {.bitmap_index = 45, .adv_w = 189, .box_w = 10, .box_h = 8, .ofs_x = 1, .ofs_y = 10},
    {.bitmap_index = 85, .adv_w = 328, .box_w = 19, .box_h = 17, .ofs_x = 1, .ofs_y = 0},
    {.bitmap_index = 247, .adv_w = 313, .box_w = 18, .box_h = 20, .ofs_x = 1, .ofs_y = -2},
    {.bitmap_index = 427, .adv_w = 438, .box_w = 25, .box_h = 17, .ofs_x = 1, .ofs_y = 0},
    {.bitmap_index = 640, .adv_w = 336, .box_w = 21, .box_h = 18, .ofs_x = 0, .ofs_y = 0},
    {.bitmap_index = 829, .adv_w = 104, .box_w = 5, .box_h = 8, .ofs_x = 1, .ofs_y = 10},
    {.bitmap_index = 849, .adv_w = 174, .box_w = 7, .box_h = 27, .ofs_x = 3, .ofs_y = -5},
    {.bitmap_index = 944, .adv_w = 174, .box_w = 8, .box_h = 27, .ofs_x = 0, .ofs_y = -5},
    {.bitmap_index = 1052, .adv_w = 223, .box_w = 14, .box_h = 13, .ofs_x = 0, .ofs_y = 5},
    {.bitmap_index = 1143, .adv_w = 235, .box_w = 13, .box_h = 13, .ofs_x = 1, .ofs_y = 2},
    {.bitmap_index = 1228, .adv_w = 103, .box_w = 4, .box_h = 8, .ofs_x = 1, .ofs_y = -4},
    {.bitmap_index = 1244, .adv_w = 147, .box_w = 9, .box_h = 3, .ofs_x = 0, .ofs_y = 7},
    {.bitmap_index = 1258, .adv_w = 103, .box_w = 4, .box_h = 4, .ofs_x = 1, .ofs_y = 0},
    {.bitmap_index = 1266, .adv_w = 159, .box_w = 10, .box_h = 23, .ofs_x = 0, .ofs_y = -3},
    {.bitmap_index = 1381, .adv_w = 348, .box_w = 20, .box_h = 17, .ofs_x = 1, .ofs_y = 0},
    {.bitmap_index = 1551, .adv_w = 130, .box_w = 7, .box_h = 17, .ofs_x = 0, .ofs_y = 0},
    {.bitmap_index = 1611, .adv_w = 331, .box_w = 19, .box_h = 17, .ofs_x = 1, .ofs_y = 0},
    {.bitmap_index = 1773, .adv_w = 324, .box_w = 18, .box_h = 17, .ofs_x = 1, .ofs_y = 0},
    {.bitmap_index = 1926, .adv_w = 348, .box_w = 22, .box_h = 17, .ofs_x = 0, .ofs_y = 0},
    {.bitmap_index = 2113, .adv_w = 331, .box_w = 19, .box_h = 17, .ofs_x = 1, .ofs_y = 0},
    {.bitmap_index = 2275, .adv_w = 333, .box_w = 19, .box_h = 17, .ofs_x = 1, .ofs_y = 0},
    {.bitmap_index = 2437, .adv_w = 318, .box_w = 20, .box_h = 17, .ofs_x = 0, .ofs_y = 0},
    {.bitmap_index = 2607, .adv_w = 347, .box_w = 20, .box_h = 17, .ofs_x = 1, .ofs_y = 0},
    {.bitmap_index = 2777, .adv_w = 333, .box_w = 19, .box_h = 17, .ofs_x = 1, .ofs_y = 0},
    {.bitmap_index = 2939, .adv_w = 103, .box_w = 4, .box_h = 11, .ofs_x = 1, .ofs_y = 2},
    {.bitmap_index = 2961, .adv_w = 103, .box_w = 4, .box_h = 15, .ofs_x = 1, .ofs_y = -2},
    {.bitmap_index = 2991, .adv_w = 235, .box_w = 13, .box_h = 13, .ofs_x = 1, .ofs_y = 2},
    {.bitmap_index = 3076, .adv_w = 235, .box_w = 13, .box_h = 8, .ofs_x = 1, .ofs_y = 4},
    {.bitmap_index = 3128, .adv_w = 235, .box_w = 14, .box_h = 13, .ofs_x = 0, .ofs_y = 2},
    {.bitmap_index = 3219, .adv_w = 242, .box_w = 15, .box_h = 18, .ofs_x = 0, .ofs_y = 0},
    {.bitmap_index = 3354, .adv_w = 336, .box_w = 19, .box_h = 20, .ofs_x = 1, .ofs_y = -5},
    {.bitmap_index = 3544, .adv_w = 374, .box_w = 24, .box_h = 17, .ofs_x = 0, .ofs_y = 0},
    {.bitmap_index = 3748, .adv_w = 353, .box_w = 20, .box_h = 17, .ofs_x = 1, .ofs_y = 0},
    {.bitmap_index = 3918, .adv_w = 327, .box_w = 19, .box_h = 17, .ofs_x = 1, .ofs_y = 0},
    {.bitmap_index = 4080, .adv_w = 357, .box_w = 20, .box_h = 17, .ofs_x = 1, .ofs_y = 0},
    {.bitmap_index = 4250, .adv_w = 326, .box_w = 19, .box_h = 17, .ofs_x = 1, .ofs_y = 0},
    {.bitmap_index = 4412, .adv_w = 320, .box_w = 19, .box_h = 17, .ofs_x = 1, .ofs_y = 0},
    {.bitmap_index = 4574, .adv_w = 356, .box_w = 20, .box_h = 17, .ofs_x = 1, .ofs_y = 0},
    {.bitmap_index = 4744, .adv_w = 348, .box_w = 20, .box_h = 17, .ofs_x = 1, .ofs_y = 0},
    {.bitmap_index = 4914, .adv_w = 110, .box_w = 5, .box_h = 17, .ofs_x = 1, .ofs_y = 0},
    {.bitmap_index = 4957, .adv_w = 300, .box_w = 18, .box_h = 17, .ofs_x = 0, .ofs_y = 0},
    {.bitmap_index = 5110, .adv_w = 328, .box_w = 20, .box_h = 17, .ofs_x = 1, .ofs_y = 0},
    {.bitmap_index = 5280, .adv_w = 308, .box_w = 18, .box_h = 17, .ofs_x = 1, .ofs_y = 0},
    {.bitmap_index = 5433, .adv_w = 458, .box_w = 27, .box_h = 17, .ofs_x = 1, .ofs_y = 0},
    {.bitmap_index = 5663, .adv_w = 376, .box_w = 21, .box_h = 17, .ofs_x = 1, .ofs_y = 0},
    {.bitmap_index = 5842, .adv_w = 378, .box_w = 22, .box_h = 17, .ofs_x = 1, .ofs_y = 0},
    {.bitmap_index = 6029, .adv_w = 338, .box_w = 20, .box_h = 17, .ofs_x = 1, .ofs_y = 0},
    {.bitmap_index = 6199, .adv_w = 378, .box_w = 22, .box_h = 21, .ofs_x = 1, .ofs_y = -4},
    {.bitmap_index = 6430, .adv_w = 348, .box_w = 20, .box_h = 17, .ofs_x = 1, .ofs_y = 0},
    {.bitmap_index = 6600, .adv_w = 329, .box_w = 19, .box_h = 17, .ofs_x = 1, .ofs_y = 0},
    {.bitmap_index = 6762, .adv_w = 335, .box_w = 21, .box_h = 17, .ofs_x = 0, .ofs_y = 0},
    {.bitmap_index = 6941, .adv_w = 375, .box_w = 21, .box_h = 17, .ofs_x = 1, .ofs_y = 0},
    {.bitmap_index = 7120, .adv_w = 374, .box_w = 24, .box_h = 17, .ofs_x = 0, .ofs_y = 0},
    {.bitmap_index = 7324, .adv_w = 500, .box_w = 31, .box_h = 17, .ofs_x = 0, .ofs_y = 0},
    {.bitmap_index = 7588, .adv_w = 342, .box_w = 22, .box_h = 17, .ofs_x = 0, .ofs_y = 0},
    {.bitmap_index = 7775, .adv_w = 344, .box_w = 22, .box_h = 17, .ofs_x = 0, .ofs_y = 0},
    {.bitmap_index = 7962, .adv_w = 328, .box_w = 19, .box_h = 17, .ofs_x = 1, .ofs_y = 0},
    {.bitmap_index = 8124, .adv_w = 174, .box_w = 7, .box_h = 27, .ofs_x = 3, .ofs_y = -5},
    {.bitmap_index = 8219, .adv_w = 159, .box_w = 11, .box_h = 23, .ofs_x = -1, .ofs_y = -3},
    {.bitmap_index = 8346, .adv_w = 174, .box_w = 8, .box_h = 27, .ofs_x = 0, .ofs_y = -5},
    {.bitmap_index = 8454, .adv_w = 235, .box_w = 13, .box_h = 13, .ofs_x = 1, .ofs_y = 4},
    {.bitmap_index = 8539, .adv_w = 247, .box_w = 16, .box_h = 3, .ofs_x = 0, .ofs_y = -4},
    {.bitmap_index = 8563, .adv_w = 151, .box_w = 7, .box_h = 6, .ofs_x = 1, .ofs_y = 14},
    {.bitmap_index = 8584, .adv_w = 303, .box_w = 18, .box_h = 13, .ofs_x = 0, .ofs_y = 0},
    {.bitmap_index = 8701, .adv_w = 334, .box_w = 19, .box_h = 18, .ofs_x = 1, .ofs_y = 0},
    {.bitmap_index = 8872, .adv_w = 280, .box_w = 17, .box_h = 13, .ofs_x = 0, .ofs_y = 0},
    {.bitmap_index = 8983, .adv_w = 334, .box_w = 19, .box_h = 18, .ofs_x = 1, .ofs_y = 0},
    {.bitmap_index = 9154, .adv_w = 303, .box_w = 18, .box_h = 13, .ofs_x = 0, .ofs_y = 0},
    {.bitmap_index = 9271, .adv_w = 188, .box_w = 12, .box_h = 18, .ofs_x = 0, .ofs_y = 0},
    {.bitmap_index = 9379, .adv_w = 334, .box_w = 19, .box_h = 18, .ofs_x = 1, .ofs_y = -5},
    {.bitmap_index = 9550, .adv_w = 338, .box_w = 19, .box_h = 18, .ofs_x = 1, .ofs_y = 0},
    {.bitmap_index = 9721, .adv_w = 104, .box_w = 4, .box_h = 18, .ofs_x = 1, .ofs_y = 0},
    {.bitmap_index = 9757, .adv_w = 108, .box_w = 9, .box_h = 23, .ofs_x = -3, .ofs_y = -5},
    {.bitmap_index = 9861, .adv_w = 305, .box_w = 18, .box_h = 18, .ofs_x = 1, .ofs_y = 0},
    {.bitmap_index = 10023, .adv_w = 104, .box_w = 4, .box_h = 18, .ofs_x = 1, .ofs_y = 0},
    {.bitmap_index = 10059, .adv_w = 425, .box_w = 25, .box_h = 13, .ofs_x = 1, .ofs_y = 0},
    {.bitmap_index = 10222, .adv_w = 339, .box_w = 19, .box_h = 13, .ofs_x = 1, .ofs_y = 0},
    {.bitmap_index = 10346, .adv_w = 333, .box_w = 19, .box_h = 13, .ofs_x = 1, .ofs_y = 0},
    {.bitmap_index = 10470, .adv_w = 334, .box_w = 19, .box_h = 18, .ofs_x = 1, .ofs_y = -5},
    {.bitmap_index = 10641, .adv_w = 334, .box_w = 19, .box_h = 18, .ofs_x = 1, .ofs_y = -5},
    {.bitmap_index = 10812, .adv_w = 235, .box_w = 14, .box_h = 13, .ofs_x = 1, .ofs_y = 0},
    {.bitmap_index = 10903, .adv_w = 301, .box_w = 17, .box_h = 13, .ofs_x = 1, .ofs_y = 0},
    {.bitmap_index = 11014, .adv_w = 188, .box_w = 12, .box_h = 17, .ofs_x = 0, .ofs_y = 0},
    {.bitmap_index = 11116, .adv_w = 336, .box_w = 19, .box_h = 13, .ofs_x = 1, .ofs_y = 0},
    {.bitmap_index = 11240, .adv_w = 319, .box_w = 20, .box_h = 13, .ofs_x = 0, .ofs_y = 0},
    {.bitmap_index = 11370, .adv_w = 447, .box_w = 28, .box_h = 13, .ofs_x = 0, .ofs_y = 0},
    {.bitmap_index = 11552, .adv_w = 304, .box_w = 19, .box_h = 13, .ofs_x = 0, .ofs_y = 0},
    {.bitmap_index = 11676, .adv_w = 310, .box_w = 20, .box_h = 18, .ofs_x = 0, .ofs_y = -5},
    {.bitmap_index = 11856, .adv_w = 281, .box_w = 16, .box_h = 13, .ofs_x = 1, .ofs_y = 0},
    {.bitmap_index = 11960, .adv_w = 174, .box_w = 9, .box_h = 27, .ofs_x = 1, .ofs_y = -5},
    {.bitmap_index = 12082, .adv_w = 162, .box_w = 4, .box_h = 23, .ofs_x = 3, .ofs_y = -3},
    {.bitmap_index = 12128, .adv_w = 174, .box_w = 10, .box_h = 27, .ofs_x = 0, .ofs_y = -5},
    {.bitmap_index = 12263, .adv_w = 235, .box_w = 13, .box_h = 4, .ofs_x = 1, .ofs_y = 7},
    {.bitmap_index = 12289, .adv_w = 384, .box_w = 24, .box_h = 25, .ofs_x = 0, .ofs_y = -3},
    {.bitmap_index = 12589, .adv_w = 384, .box_w = 24, .box_h = 18, .ofs_x = 0, .ofs_y = 0},
    {.bitmap_index = 12805, .adv_w = 384, .box_w = 24, .box_h = 18, .ofs_x = 0, .ofs_y = 0},
    {.bitmap_index = 13021, .adv_w = 264, .box_w = 17, .box_h = 18, .ofs_x = 0, .ofs_y = 0},
    {.bitmap_index = 13174, .adv_w = 384, .box_w = 24, .box_h = 24, .ofs_x = 0, .ofs_y = -3},
    {.bitmap_index = 13462, .adv_w = 384, .box_w = 24, .box_h = 24, .ofs_x = 0, .ofs_y = -3},
    {.bitmap_index = 13750, .adv_w = 432, .box_w = 27, .box_h = 22, .ofs_x = 0, .ofs_y = -2},
    {.bitmap_index = 14047, .adv_w = 384, .box_w = 24, .box_h = 24, .ofs_x = 0, .ofs_y = -3},
    {.bitmap_index = 14335, .adv_w = 432, .box_w = 27, .box_h = 18, .ofs_x = 0, .ofs_y = 0},
    {.bitmap_index = 14578, .adv_w = 384, .box_w = 24, .box_h = 26, .ofs_x = 0, .ofs_y = -4},
    {.bitmap_index = 14890, .adv_w = 192, .box_w = 12, .box_h = 19, .ofs_x = 0, .ofs_y = -1},
    {.bitmap_index = 15004, .adv_w = 288, .box_w = 18, .box_h = 19, .ofs_x = 0, .ofs_y = -1},
    {.bitmap_index = 15175, .adv_w = 432, .box_w = 27, .box_h = 24, .ofs_x = 0, .ofs_y = -3},
    {.bitmap_index = 15499, .adv_w = 384, .box_w = 24, .box_h = 18, .ofs_x = 0, .ofs_y = 0},
    {.bitmap_index = 15715, .adv_w = 264, .box_w = 17, .box_h = 24, .ofs_x = 0, .ofs_y = -3},
    {.bitmap_index = 15919, .adv_w = 336, .box_w = 15, .box_h = 22, .ofs_x = 3, .ofs_y = -2},
    {.bitmap_index = 16084, .adv_w = 336, .box_w = 21, .box_h = 26, .ofs_x = 0, .ofs_y = -4},
    {.bitmap_index = 16357, .adv_w = 336, .box_w = 21, .box_h = 22, .ofs_x = 0, .ofs_y = -2},
    {.bitmap_index = 16588, .adv_w = 336, .box_w = 21, .box_h = 22, .ofs_x = 0, .ofs_y = -2},
    {.bitmap_index = 16819, .adv_w = 336, .box_w = 15, .box_h = 22, .ofs_x = 3, .ofs_y = -2},
    {.bitmap_index = 16984, .adv_w = 336, .box_w = 23, .box_h = 22, .ofs_x = -1, .ofs_y = -2},
    {.bitmap_index = 17237, .adv_w = 240, .box_w = 13, .box_h = 22, .ofs_x = 1, .ofs_y = -2},
    {.bitmap_index = 17380, .adv_w = 240, .box_w = 13, .box_h = 22, .ofs_x = 1, .ofs_y = -2},
    {.bitmap_index = 17523, .adv_w = 336, .box_w = 21, .box_h = 22, .ofs_x = 0, .ofs_y = -2},
    {.bitmap_index = 17754, .adv_w = 336, .box_w = 21, .box_h = 6, .ofs_x = 0, .ofs_y = 6},
    {.bitmap_index = 17817, .adv_w = 432, .box_w = 27, .box_h = 18, .ofs_x = 0, .ofs_y = 0},
    {.bitmap_index = 18060, .adv_w = 480, .box_w = 31, .box_h = 24, .ofs_x = -1, .ofs_y = -3},
    {.bitmap_index = 18432, .adv_w = 432, .box_w = 29, .box_h = 24, .ofs_x = -1, .ofs_y = -3},
    {.bitmap_index = 18780, .adv_w = 384, .box_w = 24, .box_h = 22, .ofs_x = 0, .ofs_y = -2},
    {.bitmap_index = 19044, .adv_w = 336, .box_w = 21, .box_h = 14, .ofs_x = 0, .ofs_y = 2},
    {.bitmap_index = 19191, .adv_w = 336, .box_w = 21, .box_h = 14, .ofs_x = 0, .ofs_y = 2},
    {.bitmap_index = 19338, .adv_w = 480, .box_w = 31, .box_h = 19, .ofs_x = -1, .ofs_y = -1},
    {.bitmap_index = 19633, .adv_w = 384, .box_w = 24, .box_h = 18, .ofs_x = 0, .ofs_y = 0},
    {.bitmap_index = 19849, .adv_w = 384, .box_w = 24, .box_h = 18, .ofs_x = 0, .ofs_y = 0},
    {.bitmap_index = 20065, .adv_w = 384, .box_w = 24, .box_h = 24, .ofs_x = 0, .ofs_y = -3},
    {.bitmap_index = 20353, .adv_w = 384, .box_w = 25, .box_h = 25, .ofs_x = -1, .ofs_y = -3},
    {.bitmap_index = 20666, .adv_w = 336, .box_w = 21, .box_h = 20, .ofs_x = 0, .ofs_y = -1},
    {.bitmap_index = 20876, .adv_w = 240, .box_w = 15, .box_h = 8, .ofs_x = 0, .ofs_y = 4},
    {.bitmap_index = 20936, .adv_w = 240, .box_w = 15, .box_h = 9, .ofs_x = 0, .ofs_y = 4},
    {.bitmap_index = 21004, .adv_w = 240, .box_w = 17, .box_h = 24, .ofs_x = -1, .ofs_y = -3},
    {.bitmap_index = 21208, .adv_w = 480, .box_w = 30, .box_h = 16, .ofs_x = 0, .ofs_y = 1},
    {.bitmap_index = 21448, .adv_w = 384, .box_w = 26, .box_h = 26, .ofs_x = -1, .ofs_y = -4},
    {.bitmap_index = 21786, .adv_w = 336, .box_w = 21, .box_h = 24, .ofs_x = 0, .ofs_y = -3},
    {.bitmap_index = 22038, .adv_w = 384, .box_w = 24, .box_h = 24, .ofs_x = 0, .ofs_y = -3},
    {.bitmap_index = 22326, .adv_w = 216, .box_w = 15, .box_h = 24, .ofs_x = -1, .ofs_y = -3},
    {.bitmap_index = 22506, .adv_w = 288, .box_w = 18, .box_h = 24, .ofs_x = 0, .ofs_y = -3},
    {.bitmap_index = 22722, .adv_w = 480, .box_w = 30, .box_h = 16, .ofs_x = 0, .ofs_y = 1},
    {.bitmap_index = 22962, .adv_w = 480, .box_w = 30, .box_h = 16, .ofs_x = 0, .ofs_y = 1},
    {.bitmap_index = 23202, .adv_w = 480, .box_w = 30, .box_h = 16, .ofs_x = 0, .ofs_y = 1},
    {.bitmap_index = 23442, .adv_w = 480, .box_w = 30, .box_h = 16, .ofs_x = 0, .ofs_y = 1},
    {.bitmap_index = 23682, .adv_w = 480, .box_w = 30, .box_h = 16, .ofs_x = 0, .ofs_y = 1},
    {.bitmap_index = 23922, .adv_w = 480, .box_w = 31, .box_h = 20, .ofs_x = 0, .ofs_y = -1},
    {.bitmap_index = 24232, .adv_w = 336, .box_w = 19, .box_h = 24, .ofs_x = 1, .ofs_y = -3},
    {.bitmap_index = 24460, .adv_w = 240, .box_w = 13, .box_h = 24, .ofs_x = 1, .ofs_y = -3},
    {.bitmap_index = 24616, .adv_w = 372, .box_w = 24, .box_h = 24, .ofs_x = 0, .ofs_y = -3}
};

/*---------------------
 *  CHARACTER MAPPING
 *--------------------*/

static const uint16_t unicode_list_1[] = {
    0x0, 0x7, 0xb, 0xc, 0x10, 0x12, 0x14, 0x18,
    0x1b, 0x20, 0x25, 0x26, 0x27, 0x3d, 0x42, 0x47,
    0x4a, 0x4b, 0x4c, 0x50, 0x51, 0x52, 0x53, 0x66,
    0x67, 0x6d, 0x6f, 0x70, 0x73, 0x76, 0x77, 0x78,
    0x7a, 0x7f, 0x92, 0x94, 0xc8, 0xd6, 0xd7, 0xe6,
    0x11a, 0x123, 0x13d, 0x143, 0x154, 0x15a, 0x23f, 0x240,
    0x241, 0x242, 0x243, 0x286, 0x292, 0x293, 0x555
};

/*Collect the unicode lists and glyph_id offsets*/
static const lv_font_fmt_txt_cmap_t cmaps[] =
{
    {
        .range_start = 32, .range_length = 95, .glyph_id_start = 1,
        .unicode_list = NULL, .glyph_id_ofs_list = NULL, .list_length = 0, .type = LV_FONT_FMT_TXT_CMAP_FORMAT0_TINY
    },
    {
        .range_start = 61441, .range_length = 1366, .glyph_id_start = 96,
        .unicode_list = unicode_list_1, .glyph_id_ofs_list = NULL, .list_length = 55, .type = LV_FONT_FMT_TXT_CMAP_SPARSE_TINY
    }
};

/*-----------------
 *    KERNING
 *----------------*/


/*Pair left and right glyphs for kerning*/
static const uint8_t kern_pair_glyph_ids[] =
{
    3, 13,
    3, 15,
    3, 21,
    3, 23,
    3, 25,
    3, 34,
    3, 36,
    3, 38,
    3, 40,
    3, 43,
    3, 48,
    3, 50,
    3, 68,
    3, 69,
    3, 70,
    3, 72,
    3, 78,
    3, 79,
    3, 80,
    3, 81,
    3, 82,
    3, 83,
    3, 84,
    7, 53,
    7, 55,
    7, 56,
    7, 58,
    7, 68,
    7, 69,
    7, 70,
    7, 72,
    7, 80,
    7, 82,
    7, 86,
    7, 87,
    7, 90,
    8, 13,
    8, 15,
    8, 21,
    8, 23,
    8, 25,
    8, 34,
    8, 36,
    8, 38,
    8, 40,
    8, 43,
    8, 48,
    8, 50,
    8, 68,
    8, 69,
    8, 70,
    8, 72,
    8, 78,
    8, 79,
    8, 80,
    8, 81,
    8, 82,
    8, 83,
    8, 84,
    9, 75,
    13, 3,
    13, 8,
    13, 17,
    13, 18,
    13, 21,
    13, 24,
    13, 25,
    13, 36,
    13, 38,
    13, 40,
    13, 45,
    13, 48,
    13, 50,
    13, 53,
    13, 54,
    13, 55,
    13, 56,
    13, 58,
    13, 71,
    13, 75,
    13, 85,
    13, 86,
    13, 87,
    13, 90,
    14, 24,
    14, 34,
    14, 43,
    14, 53,
    14, 55,
    14, 56,
    14, 57,
    14, 58,
    14, 71,
    14, 87,
    14, 89,
    14, 90,
    15, 3,
    15, 8,
    15, 17,
    15, 18,
    15, 21,
    15, 24,
    15, 25,
    15, 36,
    15, 38,
    15, 40,
    15, 45,
    15, 48,
    15, 50,
    15, 53,
    15, 54,
    15, 55,
    15, 56,
    15, 58,
    15, 71,
    15, 75,
    15, 85,
    15, 86,
    15, 87,
    15, 90,
    16, 7,
    16, 34,
    16, 36,
    16, 38,
    16, 39,
    16, 40,
    16, 43,
    16, 46,
    16, 48,
    16, 50,
    16, 52,
    16, 66,
    16, 68,
    16, 69,
    16, 70,
    16, 72,
    16, 78,
    16, 79,
    16, 80,
    16, 81,
    16, 82,
    16, 83,
    16, 84,
    16, 86,
    16, 91,
    17, 13,
    17, 15,
    17, 18,
    17, 24,
    18, 3,
    18, 8,
    20, 34,
    20, 55,
    20, 56,
    20, 57,
    20, 58,
    20, 89,
    21, 3,
    21, 8,
    21, 18,
    21, 24,
    22, 13,
    22, 15,
    22, 18,
    22, 24,
    22, 26,
    23, 3,
    23, 8,
    23, 13,
    23, 15,
    23, 18,
    23, 24,
    24, 13,
    24, 15,
    24, 17,
    24, 21,
    24, 23,
    24, 25,
    24, 26,
    25, 3,
    25, 8,
    25, 13,
    25, 15,
    25, 24,
    26, 3,
    26, 8,
    26, 13,
    26, 15,
    26, 24,
    33, 75,
    34, 3,
    34, 7,
    34, 8,
    34, 14,
    34, 32,
    34, 36,
    34, 38,
    34, 40,
    34, 45,
    34, 48,
    34, 50,
    34, 53,
    34, 54,
    34, 55,
    34, 56,
    34, 58,
    34, 66,
    34, 68,
    34, 69,
    34, 70,
    34, 71,
    34, 72,
    34, 75,
    34, 80,
    34, 82,
    34, 85,
    34, 86,
    34, 87,
    34, 90,
    35, 34,
    35, 55,
    35, 56,
    35, 57,
    35, 58,
    35, 89,
    36, 14,
    37, 3,
    37, 8,
    37, 13,
    37, 15,
    37, 16,
    37, 34,
    37, 53,
    37, 55,
    37, 56,
    37, 57,
    37, 58,
    37, 89,
    39, 7,
    39, 14,
    39, 16,
    39, 34,
    39, 43,
    40, 16,
    40, 34,
    40, 57,
    43, 13,
    43, 15,
    43, 16,
    43, 34,
    43, 43,
    43, 89,
    44, 7,
    44, 14,
    44, 36,
    44, 38,
    44, 40,
    44, 48,
    44, 50,
    44, 66,
    44, 68,
    44, 69,
    44, 70,
    44, 71,
    44, 72,
    44, 80,
    44, 82,
    44, 85,
    44, 86,
    44, 87,
    44, 90,
    44, 91,
    45, 14,
    45, 32,
    45, 45,
    45, 53,
    45, 54,
    45, 55,
    45, 56,
    45, 58,
    45, 68,
    45, 69,
    45, 70,
    45, 72,
    45, 80,
    45, 82,
    45, 85,
    45, 86,
    45, 87,
    45, 88,
    45, 90,
    46, 32,
    46, 55,
    46, 56,
    46, 58,
    48, 3,
    48, 8,
    48, 13,
    48, 15,
    48, 16,
    48, 34,
    48, 53,
    48, 55,
    48, 56,
    48, 57,
    48, 58,
    48, 89,
    49, 7,
    49, 13,
    49, 14,
    49, 15,
    49, 16,
    49, 32,
    49, 34,
    49, 43,
    49, 56,
    49, 57,
    49, 58,
    49, 78,
    49, 79,
    49, 81,
    49, 83,
    50, 3,
    50, 8,
    50, 13,
    50, 15,
    50, 16,
    50, 34,
    50, 53,
    50, 55,
    50, 56,
    50, 57,
    50, 58,
    50, 89,
    51, 7,
    51, 32,
    51, 36,
    51, 38,
    51, 40,
    51, 45,
    51, 48,
    51, 50,
    51, 52,
    51, 53,
    51, 54,
    51, 55,
    51, 56,
    51, 58,
    51, 59,
    51, 66,
    51, 68,
    51, 69,
    51, 70,
    51, 72,
    51, 80,
    51, 82,
    51, 86,
    52, 16,
    52, 34,
    52, 55,
    52, 56,
    52, 57,
    52, 87,
    52, 89,
    52, 90,
    53, 7,
    53, 13,
    53, 14,
    53, 15,
    53, 16,
    53, 34,
    53, 36,
    53, 38,
    53, 39,
    53, 40,
    53, 43,
    53, 45,
    53, 48,
    53, 50,
    53, 54,
    53, 68,
    53, 69,
    53, 70,
    53, 72,
    53, 78,
    53, 79,
    53, 80,
    53, 81,
    53, 82,
    53, 83,
    53, 84,
    54, 13,
    54, 15,
    54, 16,
    54, 34,
    54, 43,
    54, 89,
    55, 7,
    55, 13,
    55, 14,
    55, 15,
    55, 16,
    55, 34,
    55, 36,
    55, 38,
    55, 39,
    55, 40,
    55, 43,
    55, 46,
    55, 48,
    55, 50,
    55, 52,
    55, 66,
    55, 68,
    55, 69,
    55, 70,
    55, 72,
    55, 78,
    55, 79,
    55, 80,
    55, 81,
    55, 82,
    55, 83,
    55, 84,
    55, 86,
    55, 89,
    56, 7,
    56, 13,
    56, 14,
    56, 15,
    56, 16,
    56, 34,
    56, 36,
    56, 38,
    56, 39,
    56, 40,
    56, 43,
    56, 46,
    56, 48,
    56, 50,
    56, 52,
    56, 66,
    56, 68,
    56, 69,
    56, 70,
    56, 72,
    56, 78,
    56, 79,
    56, 80,
    56, 81,
    56, 82,
    56, 83,
    56, 84,
    56, 86,
    56, 89,
    57, 7,
    57, 14,
    57, 36,
    57, 38,
    57, 40,
    57, 48,
    57, 50,
    57, 66,
    57, 68,
    57, 69,
    57, 70,
    57, 71,
    57, 72,
    57, 80,
    57, 82,
    57, 85,
    57, 86,
    57, 87,
    57, 90,
    57, 91,
    58, 7,
    58, 13,
    58, 14,
    58, 15,
    58, 16,
    58, 34,
    58, 36,
    58, 38,
    58, 39,
    58, 40,
    58, 43,
    58, 46,
    58, 48,
    58, 50,
    58, 52,
    58, 66,
    58, 68,
    58, 69,
    58, 70,
    58, 72,
    58, 78,
    58, 79,
    58, 80,
    58, 81,
    58, 82,
    58, 83,
    58, 84,
    58, 85,
    58, 86,
    58, 87,
    58, 89,
    58, 90,
    58, 91,
    59, 36,
    59, 38,
    59, 40,
    59, 48,
    59, 50,
    60, 75,
    66, 3,
    66, 8,
    66, 32,
    66, 87,
    66, 88,
    66, 90,
    67, 3,
    67, 8,
    67, 16,
    67, 32,
    67, 85,
    67, 87,
    67, 88,
    67, 89,
    67, 90,
    70, 3,
    70, 8,
    70, 32,
    70, 87,
    70, 90,
    71, 3,
    71, 7,
    71, 8,
    71, 13,
    71, 14,
    71, 15,
    71, 16,
    71, 32,
    71, 71,
    71, 85,
    72, 3,
    72, 8,
    72, 32,
    72, 75,
    72, 87,
    72, 90,
    73, 3,
    73, 8,
    73, 32,
    73, 75,
    73, 87,
    73, 90,
    75, 75,
    76, 7,
    76, 14,
    76, 66,
    76, 68,
    76, 69,
    76, 70,
    76, 72,
    76, 80,
    76, 82,
    78, 3,
    78, 8,
    78, 32,
    78, 75,
    78, 87,
    78, 90,
    79, 3,
    79, 8,
    79, 32,
    79, 75,
    79, 87,
    79, 90,
    80, 3,
    80, 8,
    80, 16,
    80, 32,
    80, 85,
    80, 87,
    80, 88,
    80, 89,
    80, 90,
    81, 3,
    81, 8,
    81, 16,
    81, 32,
    81, 85,
    81, 87,
    81, 88,
    81, 89,
    81, 90,
    83, 7,
    83, 71,
    83, 85,
    84, 3,
    84, 8,
    84, 13,
    84, 14,
    84, 15,
    84, 16,
    84, 32,
    84, 87,
    84, 90,
    85, 71,
    85, 85,
    86, 13,
    86, 15,
    87, 7,
    87, 13,
    87, 14,
    87, 15,
    87, 16,
    87, 66,
    87, 68,
    87, 69,
    87, 70,
    87, 72,
    87, 78,
    87, 79,
    87, 80,
    87, 81,
    87, 82,
    87, 83,
    88, 7,
    88, 16,
    88, 66,
    88, 68,
    88, 69,
    88, 70,
    88, 72,
    88, 78,
    88, 79,
    88, 80,
    88, 81,
    88, 82,
    88, 83,
    89, 7,
    89, 14,
    89, 66,
    89, 68,
    89, 69,
    89, 70,
    89, 72,
    89, 80,
    89, 82,
    90, 7,
    90, 13,
    90, 14,
    90, 15,
    90, 16,
    90, 66,
    90, 68,
    90, 69,
    90, 70,
    90, 72,
    90, 78,
    90, 79,
    90, 80,
    90, 81,
    90, 82,
    90, 83,
    91, 32,
    92, 75
};

/* Kerning between the respective left and right glyphs
 * 4.4 format which needs to scaled with `kern_scale`*/
static const int8_t kern_pair_values[] =
{
    -23, -23, -15, -8, -8, -46, -8, -8,
    -8, -38, -8, -8, -12, -12, -12, -12,
    -12, -12, -12, -12, -12, -12, -14, -12,
    -31, -19, -42, -8, -8, -8, -8, -8,
    -8, -14, -12, -12, -23, -23, -15, -8,
    -8, -46, -8, -8, -8, -38, -8, -8,
    -12, -12, -12, -12, -12, -12, -12, -12,
    -12, -12, -14, 42, -23, -23, -8, -12,
    -8, -23, -8, -8, -8, -8, -8, -8,
    -8, -38, -8, -38, -38, -46, -26, 19,
    -43, -8, -46, -46, -31, -31, -15, -38,
    -31, -15, -38, -38, 4, -12, -20, -12,
    -23, -23, -8, -12, -8, -23, -8, -8,
    -8, -8, -8, -8, -8, -38, -8, -38,
    -38, -46, -26, 19, -43, -8, -46, -46,
    -27, -58, -15, -15, -15, -15, -46, -8,
    -15, -15, -15, -15, -23, -23, -23, -23,
    -23, -23, -23, -23, -23, -23, -23, -15,
    -15, -8, -8, -4, -4, -8, -8, -13,
    -14, -11, -11, -12, -5, -28, -28, -10,
    -15, -8, -8, -7, -8, -11, -12, -12,
    -12, -12, -7, -8, -42, -42, -4, -19,
    -7, -4, -3, -8, -8, -8, -8, -4,
    -8, -8, -12, -12, -8, 42, -46, -5,
    -46, -31, -38, -15, -15, -15, -15, -15,
    -15, -50, -15, -73, -42, -65, -7, -12,
    -12, -12, -20, -12, 15, -12, -12, -36,
    -12, -46, -40, -13, -14, -11, -11, -12,
    -5, -15, -8, -8, -8, -8, -15, -15,
    -8, -15, -8, -12, -19, -7, -7, 8,
    -27, -25, -31, -12, -8, -7, -8, -8,
    -15, -15, -5, -7, -7, -38, -12, -12,
    -12, -12, -12, -7, -15, -15, -15, -15,
    -15, -15, -15, -19, -15, -24, -24, -3,
    -23, -31, -5, -73, -5, -69, -31, -81,
    -4, -4, -4, -4, -4, -4, -27, -4,
    -42, -16, -42, -4, -5, -11, -12, -8,
    -8, -8, -8, -15, -15, -8, -15, -8,
    -12, -19, -7, -7, -27, 4, -27, -34,
    -4, -38, -24, -7, -20, -11, -4, -4,
    -4, -4, -8, -8, -8, -8, -15, -15,
    -8, -15, -8, -12, -19, -7, -8, -4,
    -7, -7, -7, -3, -7, -7, -4, -5,
    -3, -20, -11, -22, -7, -6, -12, -12,
    -12, -12, -12, -12, -11, -15, -7, -3,
    -4, -10, -5, -7, -7, -23, -38, -38,
    -38, -54, -50, -8, -8, -8, -8, -69,
    4, -8, -8, 4, -8, -8, -8, -8,
    -8, -8, -8, -8, -8, -8, -8, -8,
    -8, -15, -15, -5, -7, -31, -38, -31,
    -38, -50, -73, -15, -15, -19, -15, -58,
    -5, -15, -15, -12, -13, -35, -35, -35,
    -35, -35, -35, -35, -35, -35, -35, -30,
    -19, -12, -27, -38, -15, -38, -35, -42,
    -8, -8, -20, -8, -39, -12, -8, -8,
    -13, -12, -24, -24, -24, -24, -24, -24,
    -24, -24, -24, -24, -22, -15, -8, -7,
    -38, -12, -12, -12, -12, -12, -7, -15,
    -15, -15, -15, -15, -15, -15, -19, -15,
    -24, -24, -3, -23, -46, -38, -46, -54,
    -65, -19, -19, -26, -19, -79, -8, -19,
    -19, -13, -27, -42, -42, -42, -42, -42,
    -42, -42, -42, -42, -42, -38, -12, -23,
    -8, -12, -8, -12, -7, -7, -7, -7,
    -7, 42, -8, -8, -15, -12, -7, -10,
    -12, -12, -15, -23, -6, -11, -7, -8,
    -11, -8, -8, -15, -6, -6, 12, -12,
    12, -46, 8, -46, -15, 12, 8, 8,
    -12, -12, -23, 29, -11, -11, -12, -12,
    -23, 29, -11, -11, 27, -5, -20, -1,
    -8, -8, -8, -8, -8, -8, -12, -12,
    -23, 29, -11, -11, -12, -12, -23, 29,
    -11, -11, -12, -12, -15, -23, -6, -11,
    -7, -8, -11, -12, -12, -15, -23, -6,
    -11, -7, -8, -11, -15, 8, 8, -8,
    -8, -8, -7, -8, -12, -8, -5, -5,
    8, 8, -8, -8, -27, -46, -12, -46,
    -35, -1, -21, -21, -21, -21, -17, -17,
    -21, -17, -21, -17, -19, -19, -4, -7,
    -7, -7, -7, -7, -7, -7, -7, -7,
    -7, -5, -20, -1, -8, -8, -8, -8,
    -8, -8, -27, -46, -12, -46, -35, -1,
    -21, -21, -21, -21, -17, -17, -21, -17,
    -21, -17, -8, 42
};

/*Collect the kern pair's data in one place*/
static const lv_font_fmt_txt_kern_pair_t kern_pairs =
{
    .glyph_ids = kern_pair_glyph_ids,
    .values = kern_pair_values,
    .pair_cnt = 668,
    .glyph_ids_size = 0
};

/*--------------------
 *  ALL CUSTOM DATA
 *--------------------*/

#if LVGL_VERSION_MAJOR == 8
/*Store all the custom data of the font*/
static  lv_font_fmt_txt_glyph_cache_t cache;
#endif

#if LVGL_VERSION_MAJOR >= 8
static const lv_font_fmt_txt_dsc_t font_dsc = {
#else
static lv_font_fmt_txt_dsc_t font_dsc = {
#endif
    .glyph_bitmap = glyph_bitmap,
    .glyph_dsc = glyph_dsc,
    .cmaps = cmaps,
    .kern_dsc = &kern_pairs,
    .kern_scale = 16,
    .cmap_num = 2,
    .bpp = 4,
    .kern_classes = 0,
    .bitmap_format = 0,
#if LVGL_VERSION_MAJOR == 8
    .cache = &cache
#endif

};

extern const lv_font_t lv_font_montserrat_24;


/*-----------------
 *  PUBLIC FONT
 *----------------*/

/*Initialize a public general font descriptor*/
#if LVGL_VERSION_MAJOR >= 8
const lv_font_t ui_font_lv_conthrax_24 = {
#else
lv_font_t ui_font_lv_conthrax_24 = {
#endif
    .get_glyph_dsc = lv_font_get_glyph_dsc_fmt_txt,    /*Function pointer to get glyph's data*/
    .get_glyph_bitmap = lv_font_get_bitmap_fmt_txt,    /*Function pointer to get glyph's bitmap*/
    .line_height = 27,          /*The maximum line height required by the font*/
    .base_line = 5,             /*Baseline measured from the bottom of the line*/
#if !(LVGL_VERSION_MAJOR == 6 && LVGL_VERSION_MINOR == 0)
    .subpx = LV_FONT_SUBPX_NONE,
#endif
#if LV_VERSION_CHECK(7, 4, 0) || LVGL_VERSION_MAJOR >= 8
    .underline_position = -2,
    .underline_thickness = 1,
#endif
    .static_bitmap = 0,
    .dsc = &font_dsc,          /*The custom font data. Will be accessed by `get_glyph_bitmap/dsc` */
#if LV_VERSION_CHECK(8, 2, 0) || LVGL_VERSION_MAJOR >= 9
    .fallback = &lv_font_montserrat_14,
#endif
    .user_data = NULL,
};



#endif /*#if UI_FONT_LV_CONTHRAX_24*/
