/*******************************************************************************
 * Size: 40 px
 * Bpp: 1
 * Opts: --bpp 1 --size 40 --no-compress --stride 1 --align 1 --font conthrax-sb.ttf --range 32-255 --format lvgl -o ui_font_lv_conthrax_40.c
 ******************************************************************************/

#ifdef __has_include
    #if __has_include("lvgl.h")
        #ifndef LV_LVGL_H_INCLUDE_SIMPLE
            #define LV_LVGL_H_INCLUDE_SIMPLE
        #endif
    #endif
#endif

#ifdef LV_LVGL_H_INCLUDE_SIMPLE
    #include "lvgl.h"
#else
    #include "lvgl/lvgl.h"
#endif



#ifndef UI_FONT_LV_CONTHRAX_40
#define UI_FONT_LV_CONTHRAX_40 1
#endif

#if UI_FONT_LV_CONTHRAX_40

/*-----------------
 *    BITMAPS
 *----------------*/

/*Store the image of the glyphs*/
static LV_ATTRIBUTE_LARGE_CONST const uint8_t glyph_bitmap[] = {
    /* U+0020 " " */
    0x0,

    /* U+0021 "!" */
    0xff, 0xff, 0xff, 0xff, 0xf7, 0xdf, 0x7d, 0xf7,
    0xdf, 0x7d, 0xf7, 0xdf, 0x7d, 0xe7, 0x9e, 0x0,
    0x0, 0x0, 0x0, 0xf, 0xff, 0xff, 0xf0,

    /* U+0022 "\"" */
    0x7c, 0x7e, 0xf8, 0xfd, 0xf1, 0xfb, 0xe1, 0xf7,
    0xc3, 0xef, 0x87, 0xdf, 0xf, 0xbe, 0x1f, 0x7c,
    0x3c, 0xf8, 0x79, 0xe0, 0xf3, 0xc1, 0xe0,

    /* U+0023 "#" */
    0x3, 0xc0, 0x1e, 0x0, 0x1e, 0x0, 0xf0, 0x0,
    0xf0, 0x7, 0x80, 0x7, 0x80, 0x3c, 0x0, 0x3c,
    0x1, 0xe0, 0x1, 0xe0, 0xf, 0x3, 0xff, 0xff,
    0xff, 0xff, 0xff, 0xff, 0xff, 0xff, 0xff, 0xff,
    0xff, 0xff, 0xff, 0xff, 0xc0, 0xf0, 0x7, 0x80,
    0x7, 0x80, 0x3c, 0x0, 0x3c, 0x1, 0xe0, 0x1,
    0xe0, 0xf, 0x0, 0xf, 0x0, 0x78, 0x0, 0x78,
    0x3, 0xc0, 0x3, 0xc0, 0x1e, 0x0, 0x1e, 0x0,
    0xf0, 0x3f, 0xff, 0xff, 0xff, 0xff, 0xff, 0xff,
    0xff, 0xff, 0xff, 0xff, 0xff, 0xff, 0xff, 0xfc,
    0xf, 0x0, 0x78, 0x0, 0x78, 0x3, 0xc0, 0x3,
    0xc0, 0x1e, 0x0, 0x1e, 0x0, 0xf0, 0x0, 0xf0,
    0x7, 0x80, 0x7, 0x80, 0x3c, 0x0,

    /* U+0024 "$" */
    0x0, 0x7, 0x0, 0x0, 0x0, 0x70, 0x0, 0x0,
    0x7, 0x0, 0x0, 0x0, 0x70, 0x0, 0x1f, 0xff,
    0xff, 0xe3, 0xff, 0xff, 0xfe, 0x7f, 0xff, 0xff,
    0xef, 0xff, 0xff, 0xfe, 0xfe, 0x7, 0x0, 0xf,
    0xc0, 0x70, 0x0, 0xfc, 0x7, 0x0, 0xf, 0xc0,
    0x70, 0x0, 0xfc, 0x7, 0x0, 0xf, 0xe0, 0x70,
    0x0, 0xff, 0xff, 0xff, 0x87, 0xff, 0xff, 0xfe,
    0x3f, 0xff, 0xff, 0xe1, 0xff, 0xff, 0xff, 0x0,
    0x7, 0x7, 0xf0, 0x0, 0x70, 0x3f, 0x0, 0x7,
    0x3, 0xf0, 0x0, 0x70, 0x3f, 0x0, 0x7, 0x3,
    0xf0, 0x0, 0x70, 0x3f, 0x0, 0x7, 0x7, 0xff,
    0xff, 0xff, 0xff, 0xff, 0xff, 0xff, 0xef, 0xff,
    0xff, 0xfc, 0xff, 0xff, 0xff, 0x80, 0x0, 0x70,
    0x0, 0x0, 0x7, 0x0, 0x0, 0x0, 0x70, 0x0,
    0x0, 0x7, 0x0, 0x0,

    /* U+0025 "%" */
    0x1f, 0xfe, 0x0, 0x7, 0x80, 0x3f, 0xff, 0xc0,
    0x7, 0x80, 0x1f, 0xff, 0xe0, 0x3, 0xc0, 0x1f,
    0x0, 0xf8, 0x3, 0xc0, 0xf, 0x0, 0x3c, 0x3,
    0xc0, 0x7, 0x80, 0x1e, 0x3, 0xc0, 0x3, 0xc0,
    0xf, 0x3, 0xc0, 0x1, 0xe0, 0x7, 0x81, 0xe0,
    0x0, 0xf0, 0x3, 0xc1, 0xe0, 0x0, 0x78, 0x1,
    0xe1, 0xe0, 0x0, 0x3c, 0x0, 0xf1, 0xe0, 0x0,
    0x1f, 0x0, 0xf9, 0xe0, 0x0, 0x7, 0xff, 0xf8,
    0xf0, 0x0, 0x3, 0xff, 0xfc, 0xf1, 0xff, 0xe0,
    0x7f, 0xf8, 0xf3, 0xff, 0xfc, 0x0, 0x0, 0xf1,
    0xff, 0xfe, 0x0, 0x0, 0x79, 0xf0, 0xf, 0x80,
    0x0, 0x78, 0xf0, 0x3, 0xc0, 0x0, 0x78, 0x78,
    0x1, 0xe0, 0x0, 0x78, 0x3c, 0x0, 0xf0, 0x0,
    0x78, 0x1e, 0x0, 0x78, 0x0, 0x3c, 0xf, 0x0,
    0x3c, 0x0, 0x3c, 0x7, 0x80, 0x1e, 0x0, 0x3c,
    0x3, 0xc0, 0xf, 0x0, 0x3c, 0x1, 0xf0, 0xf,
    0x80, 0x3e, 0x0, 0x7f, 0xff, 0x80, 0x1e, 0x0,
    0x3f, 0xff, 0xc0, 0x1e, 0x0, 0x7, 0xff, 0x80,

    /* U+0026 "&" */
    0x3, 0xff, 0xf0, 0x0, 0x3, 0xff, 0xfc, 0x0,
    0x3, 0xff, 0xff, 0x0, 0x1, 0xff, 0xff, 0x80,
    0x0, 0xfc, 0x7, 0xc0, 0x0, 0x7e, 0x3, 0xe0,
    0x0, 0x3f, 0x1, 0xf0, 0x0, 0x1f, 0x80, 0xf8,
    0x0, 0xf, 0xc0, 0x7c, 0x0, 0x7, 0xf0, 0x7e,
    0x0, 0x1, 0xfc, 0xfe, 0x0, 0x0, 0x7f, 0xff,
    0x0, 0x0, 0x1f, 0xfe, 0x3, 0xf0, 0x3, 0xfe,
    0x3, 0xf0, 0x7, 0xfc, 0x3, 0xf0, 0xf, 0xff,
    0x3, 0xf8, 0x1f, 0xff, 0xc1, 0xf8, 0x1f, 0xf3,
    0xf1, 0xf8, 0x1f, 0xe0, 0xfd, 0xf8, 0x1f, 0xc0,
    0x3f, 0xf8, 0xf, 0xc0, 0xf, 0xfc, 0x7, 0xe0,
    0x3, 0xfc, 0x3, 0xf0, 0x0, 0xfe, 0x1, 0xf8,
    0x0, 0xff, 0x80, 0xfc, 0x0, 0xff, 0xe0, 0x7f,
    0x0, 0xff, 0xf8, 0x3f, 0xff, 0xfe, 0xff, 0xf,
    0xff, 0xfe, 0x3f, 0xc7, 0xff, 0xfe, 0xf, 0xf0,
    0xff, 0xfc, 0x1, 0xfc,

    /* U+0027 "'" */
    0x7d, 0xf7, 0xdf, 0x7d, 0xf7, 0xdf, 0x7d, 0xf7,
    0x9e,

    /* U+0028 "(" */
    0x3, 0xe1, 0xfc, 0x7f, 0x9f, 0xf3, 0xe0, 0xf8,
    0x1e, 0x3, 0xc0, 0x78, 0x1e, 0x3, 0xc0, 0x78,
    0xf, 0x1, 0xe0, 0x3c, 0x7, 0x80, 0xf0, 0x1e,
    0x3, 0xc0, 0x78, 0xf, 0x1, 0xe0, 0x3c, 0x7,
    0x80, 0xf0, 0x1e, 0x3, 0xc0, 0x78, 0xf, 0x1,
    0xe0, 0x3c, 0x7, 0x80, 0xf0, 0x1e, 0x3, 0xc0,
    0x7c, 0x7, 0x80, 0xf0, 0x1e, 0x3, 0xe0, 0x3e,
    0x7, 0xfc, 0x7f, 0x87, 0xf0, 0x3e,

    /* U+0029 ")" */
    0x7c, 0xf, 0xf0, 0xff, 0x87, 0xf8, 0xf, 0xc0,
    0x3e, 0x3, 0xe0, 0x1e, 0x1, 0xe0, 0x1f, 0x0,
    0xf0, 0xf, 0x0, 0xf0, 0xf, 0x0, 0xf0, 0xf,
    0x0, 0xf0, 0xf, 0x0, 0xf0, 0xf, 0x0, 0xf0,
    0xf, 0x0, 0xf0, 0xf, 0x0, 0xf0, 0xf, 0x0,
    0xf0, 0xf, 0x0, 0xf0, 0xf, 0x0, 0xf0, 0xf,
    0x0, 0xf0, 0xf, 0x0, 0xf0, 0x1f, 0x1, 0xe0,
    0x1e, 0x3, 0xe0, 0x3e, 0xf, 0xc7, 0xfc, 0xff,
    0x8f, 0xf0, 0x78, 0x0,

    /* U+002A "*" */
    0x0, 0x70, 0x0, 0x1, 0xc0, 0x0, 0x7, 0x0,
    0x0, 0x1c, 0x0, 0x0, 0x70, 0x0, 0x1, 0xc0,
    0xc, 0x7, 0x1, 0xbe, 0x1c, 0x3e, 0xfe, 0x73,
    0xfb, 0xff, 0xff, 0xe1, 0xff, 0xf8, 0x0, 0x7f,
    0x0, 0x0, 0xf8, 0x0, 0x7, 0x70, 0x0, 0x3d,
    0xe0, 0x1, 0xe3, 0xc0, 0x7, 0x87, 0x0, 0x3c,
    0x1e, 0x1, 0xe0, 0x3c, 0x7, 0x80, 0xf0, 0x4,
    0x1, 0x0,

    /* U+002B "+" */
    0x0, 0x78, 0x0, 0x3, 0xc0, 0x0, 0x1e, 0x0,
    0x0, 0xf0, 0x0, 0x7, 0x80, 0x0, 0x3c, 0x0,
    0x1, 0xe0, 0x0, 0xf, 0x0, 0xff, 0xff, 0xff,
    0xff, 0xff, 0xff, 0xff, 0xff, 0xff, 0xff, 0xf0,
    0x7, 0x80, 0x0, 0x3c, 0x0, 0x1, 0xe0, 0x0,
    0xf, 0x0, 0x0, 0x78, 0x0, 0x3, 0xc0, 0x0,
    0x1e, 0x0, 0x0, 0xf0, 0x0, 0x7, 0x80, 0x0,

    /* U+002C "," */
    0xff, 0xff, 0xff, 0x3d, 0xf7, 0x9e, 0x79, 0xc7,
    0x0,

    /* U+002D "-" */
    0xff, 0xff, 0xff, 0xff, 0xff, 0xff, 0xf0,

    /* U+002E "." */
    0xff, 0xff, 0xff,

    /* U+002F "/" */
    0x0, 0x7, 0x0, 0x7, 0x80, 0x3, 0xc0, 0x3,
    0xe0, 0x1, 0xe0, 0x0, 0xf0, 0x0, 0xf8, 0x0,
    0x78, 0x0, 0x3c, 0x0, 0x1e, 0x0, 0x1e, 0x0,
    0xf, 0x0, 0x7, 0x80, 0x7, 0x80, 0x3, 0xc0,
    0x1, 0xe0, 0x1, 0xe0, 0x0, 0xf0, 0x0, 0x78,
    0x0, 0x78, 0x0, 0x3c, 0x0, 0x1e, 0x0, 0x1e,
    0x0, 0xf, 0x0, 0x7, 0x80, 0x7, 0x80, 0x3,
    0xc0, 0x1, 0xe0, 0x1, 0xe0, 0x0, 0xf0, 0x0,
    0x78, 0x0, 0x7c, 0x0, 0x3c, 0x0, 0x1e, 0x0,
    0x1f, 0x0, 0xf, 0x0, 0x7, 0x80, 0x7, 0xc0,
    0x3, 0xc0, 0x0,

    /* U+0030 "0" */
    0x1, 0xff, 0xff, 0xc0, 0xf, 0xff, 0xff, 0xf0,
    0x1f, 0xff, 0xff, 0xf8, 0x3f, 0xff, 0xff, 0xfc,
    0x7f, 0x0, 0x0, 0xfe, 0x7e, 0x0, 0x0, 0x7e,
    0xfc, 0x0, 0x0, 0x3f, 0xfc, 0x0, 0x0, 0x3f,
    0xfc, 0x0, 0x0, 0x3f, 0xfc, 0x0, 0x0, 0x3f,
    0xfc, 0x0, 0x0, 0x3f, 0xfc, 0x0, 0x0, 0x3f,
    0xfc, 0x0, 0x0, 0x3f, 0xfc, 0x0, 0x0, 0x3f,
    0xfc, 0x0, 0x0, 0x3f, 0xfc, 0x0, 0x0, 0x3f,
    0xfc, 0x0, 0x0, 0x3f, 0xfc, 0x0, 0x0, 0x3f,
    0xfc, 0x0, 0x0, 0x3f, 0xfc, 0x0, 0x0, 0x3f,
    0xfc, 0x0, 0x0, 0x3f, 0xfc, 0x0, 0x0, 0x3f,
    0x7e, 0x0, 0x0, 0x7e, 0x7f, 0x0, 0x0, 0xfe,
    0x3f, 0xff, 0xff, 0xfc, 0x3f, 0xff, 0xff, 0xfc,
    0xf, 0xff, 0xff, 0xf0, 0x3, 0xff, 0xff, 0xc0,

    /* U+0031 "1" */
    0xff, 0xbf, 0xff, 0xff, 0xff, 0xf, 0xc3, 0xf0,
    0xfc, 0x3f, 0xf, 0xc3, 0xf0, 0xfc, 0x3f, 0xf,
    0xc3, 0xf0, 0xfc, 0x3f, 0xf, 0xc3, 0xf0, 0xfc,
    0x3f, 0xf, 0xc3, 0xf0, 0xfc, 0x3f, 0xf, 0xc3,
    0xf0, 0xfc, 0x3f,

    /* U+0032 "2" */
    0x7f, 0xff, 0xff, 0xc1, 0xff, 0xff, 0xff, 0xc7,
    0xff, 0xff, 0xff, 0x9f, 0xff, 0xff, 0xfe, 0x0,
    0x0, 0x1, 0xfc, 0x0, 0x0, 0x3, 0xf0, 0x0,
    0x0, 0xf, 0xc0, 0x0, 0x0, 0x3f, 0x0, 0x0,
    0x0, 0xfc, 0x0, 0x0, 0x3, 0xf0, 0x0, 0x0,
    0xf, 0xc0, 0x0, 0x0, 0x7f, 0xf, 0xff, 0xff,
    0xf8, 0xff, 0xff, 0xff, 0xe7, 0xff, 0xff, 0xff,
    0x1f, 0xff, 0xff, 0xf0, 0xfe, 0x0, 0x0, 0x3,
    0xf0, 0x0, 0x0, 0xf, 0xc0, 0x0, 0x0, 0x3f,
    0x0, 0x0, 0x0, 0xfc, 0x0, 0x0, 0x3, 0xf0,
    0x0, 0x0, 0xf, 0xc0, 0x0, 0x0, 0x3f, 0x0,
    0x0, 0x0, 0xff, 0xff, 0xff, 0xff, 0xff, 0xff,
    0xff, 0xff, 0xff, 0xff, 0xff, 0xdf, 0xff, 0xff,
    0xff,

    /* U+0033 "3" */
    0x7f, 0xff, 0xff, 0xc3, 0xff, 0xff, 0xff, 0xcf,
    0xff, 0xff, 0xff, 0x9f, 0xff, 0xff, 0xfe, 0x0,
    0x0, 0x1, 0xfc, 0x0, 0x0, 0x3, 0xf0, 0x0,
    0x0, 0xf, 0xc0, 0x0, 0x0, 0x3f, 0x0, 0x0,
    0x0, 0xfc, 0x0, 0x0, 0x3, 0xf0, 0x0, 0x0,
    0xf, 0xc0, 0x0, 0x0, 0x7e, 0x7f, 0xff, 0xff,
    0xfb, 0xff, 0xff, 0xff, 0xcf, 0xff, 0xff, 0xff,
    0x1f, 0xff, 0xff, 0xfe, 0x0, 0x0, 0x1, 0xfc,
    0x0, 0x0, 0x3, 0xf0, 0x0, 0x0, 0xf, 0xc0,
    0x0, 0x0, 0x3f, 0x0, 0x0, 0x0, 0xfc, 0x0,
    0x0, 0x3, 0xf0, 0x0, 0x0, 0xf, 0xc0, 0x0,
    0x0, 0x7f, 0x7f, 0xff, 0xff, 0xfb, 0xff, 0xff,
    0xff, 0xef, 0xff, 0xff, 0xff, 0x1f, 0xff, 0xff,
    0xf0,

    /* U+0034 "4" */
    0x0, 0x0, 0x7, 0xf8, 0x0, 0x0, 0x3, 0xff,
    0x0, 0x0, 0x3, 0xff, 0xc0, 0x0, 0x1, 0xff,
    0xf0, 0x0, 0x1, 0xfc, 0xfc, 0x0, 0x0, 0xfe,
    0x3f, 0x0, 0x0, 0xff, 0xf, 0xc0, 0x0, 0x7f,
    0x83, 0xf0, 0x0, 0x7f, 0x80, 0xfc, 0x0, 0x3f,
    0xc0, 0x3f, 0x0, 0x3f, 0xe0, 0xf, 0xc0, 0x1f,
    0xf0, 0x3, 0xf0, 0x1f, 0xf0, 0x0, 0xfc, 0xf,
    0xf8, 0x0, 0x3f, 0x7, 0xfc, 0x0, 0xf, 0xc1,
    0xfe, 0x0, 0x3, 0xf0, 0xff, 0x0, 0x0, 0xfc,
    0x3f, 0x80, 0x0, 0x3f, 0xf, 0xff, 0xff, 0xff,
    0xff, 0xff, 0xff, 0xff, 0xff, 0x7f, 0xff, 0xff,
    0xff, 0xdf, 0xff, 0xff, 0xff, 0xf0, 0x0, 0x0,
    0xf, 0xc0, 0x0, 0x0, 0x3, 0xf0, 0x0, 0x0,
    0x0, 0xfc, 0x0, 0x0, 0x0, 0x3f, 0x0, 0x0,
    0x0, 0xf, 0xc0, 0x0, 0x0, 0x3, 0xf0,

    /* U+0035 "5" */
    0x7f, 0xff, 0xff, 0xfb, 0xff, 0xff, 0xff, 0xef,
    0xff, 0xff, 0xff, 0xbf, 0xff, 0xff, 0xfe, 0xfc,
    0x0, 0x0, 0x3, 0xf0, 0x0, 0x0, 0xf, 0xc0,
    0x0, 0x0, 0x3f, 0x0, 0x0, 0x0, 0xfc, 0x0,
    0x0, 0x3, 0xf0, 0x0, 0x0, 0xf, 0xc0, 0x0,
    0x0, 0x3f, 0x0, 0x0, 0x0, 0xff, 0xff, 0xff,
    0xc3, 0xff, 0xff, 0xff, 0xcf, 0xff, 0xff, 0xff,
    0x9f, 0xff, 0xff, 0xfe, 0x0, 0x0, 0x1, 0xfc,
    0x0, 0x0, 0x3, 0xf0, 0x0, 0x0, 0xf, 0xc0,
    0x0, 0x0, 0x3f, 0x0, 0x0, 0x0, 0xfc, 0x0,
    0x0, 0x3, 0xf0, 0x0, 0x0, 0xf, 0xc0, 0x0,
    0x0, 0x7f, 0xff, 0xff, 0xff, 0xfb, 0xff, 0xff,
    0xff, 0xef, 0xff, 0xff, 0xff, 0x3f, 0xff, 0xff,
    0xf0,

    /* U+0036 "6" */
    0x3, 0xff, 0xff, 0xf8, 0x3f, 0xff, 0xff, 0xe3,
    0xff, 0xff, 0xff, 0x8f, 0xff, 0xff, 0xfe, 0x7f,
    0x0, 0x0, 0x1, 0xf8, 0x0, 0x0, 0xf, 0xe0,
    0x0, 0x0, 0x3f, 0x0, 0x0, 0x0, 0xfc, 0x0,
    0x0, 0x3, 0xf0, 0x0, 0x0, 0xf, 0xc0, 0x0,
    0x0, 0x3f, 0x0, 0x0, 0x0, 0xff, 0xff, 0xff,
    0xc3, 0xff, 0xff, 0xff, 0xcf, 0xff, 0xff, 0xff,
    0xbf, 0xff, 0xff, 0xff, 0xfc, 0x0, 0x1, 0xff,
    0xf0, 0x0, 0x3, 0xff, 0xc0, 0x0, 0xf, 0xff,
    0x0, 0x0, 0x3f, 0xfc, 0x0, 0x0, 0xff, 0xf0,
    0x0, 0x3, 0xf7, 0xe0, 0x0, 0xf, 0xdf, 0xc0,
    0x0, 0x7f, 0x3f, 0xff, 0xff, 0xf8, 0xff, 0xff,
    0xff, 0xe0, 0xff, 0xff, 0xff, 0x0, 0xff, 0xff,
    0xf0,

    /* U+0037 "7" */
    0xff, 0xff, 0xff, 0xfd, 0xff, 0xff, 0xff, 0xff,
    0xff, 0xff, 0xff, 0xff, 0xff, 0xff, 0xff, 0xf0,
    0x0, 0x0, 0x7, 0xe0, 0x0, 0x0, 0x1f, 0xc0,
    0x0, 0x0, 0x7f, 0x80, 0x0, 0x1, 0xff, 0x0,
    0x0, 0x7, 0xfc, 0x0, 0x0, 0x1f, 0xf0, 0x0,
    0x0, 0x7f, 0xc0, 0x0, 0x0, 0xff, 0x0, 0x0,
    0x3, 0xfc, 0x0, 0x0, 0xf, 0xf0, 0x0, 0x0,
    0x3f, 0xc0, 0x0, 0x0, 0xff, 0x0, 0x0, 0x3,
    0xfc, 0x0, 0x0, 0xf, 0xf0, 0x0, 0x0, 0x3f,
    0xe0, 0x0, 0x0, 0xff, 0x80, 0x0, 0x3, 0xfe,
    0x0, 0x0, 0xf, 0xf8, 0x0, 0x0, 0x1f, 0xe0,
    0x0, 0x0, 0x7f, 0x80, 0x0, 0x1, 0xfe, 0x0,
    0x0, 0x7, 0xf8, 0x0, 0x0, 0x1f, 0xe0, 0x0,
    0x0, 0x7f, 0x80, 0x0, 0x0,

    /* U+0038 "8" */
    0xf, 0xff, 0xff, 0xe0, 0x7f, 0xff, 0xff, 0xf1,
    0xff, 0xff, 0xff, 0xf7, 0xff, 0xff, 0xff, 0xef,
    0xe0, 0x0, 0xf, 0xff, 0x80, 0x0, 0xf, 0xff,
    0x0, 0x0, 0x1f, 0xfe, 0x0, 0x0, 0x3f, 0xfc,
    0x0, 0x0, 0x7f, 0xf8, 0x0, 0x0, 0xff, 0xf0,
    0x0, 0x1, 0xfb, 0xf0, 0x0, 0x7, 0xe7, 0xff,
    0xff, 0xff, 0xc7, 0xff, 0xff, 0xff, 0xf, 0xff,
    0xff, 0xfe, 0x3f, 0xff, 0xff, 0xfe, 0xfe, 0x0,
    0x0, 0xff, 0xf8, 0x0, 0x0, 0xff, 0xf0, 0x0,
    0x1, 0xff, 0xe0, 0x0, 0x3, 0xff, 0xc0, 0x0,
    0x7, 0xff, 0x80, 0x0, 0xf, 0xff, 0x0, 0x0,
    0x1f, 0xff, 0x0, 0x0, 0x7f, 0x7f, 0xff, 0xff,
    0xfc, 0xff, 0xff, 0xff, 0xf8, 0xff, 0xff, 0xff,
    0xe0, 0x7f, 0xff, 0xff, 0x0,

    /* U+0039 "9" */
    0xf, 0xff, 0xff, 0x0, 0xff, 0xff, 0xff, 0x7,
    0xff, 0xff, 0xff, 0x1f, 0xff, 0xff, 0xfc, 0xfe,
    0x0, 0x3, 0xfb, 0xf0, 0x0, 0x7, 0xef, 0xc0,
    0x0, 0xf, 0xff, 0x0, 0x0, 0x3f, 0xfc, 0x0,
    0x0, 0xff, 0xf0, 0x0, 0x3, 0xff, 0xc0, 0x0,
    0xf, 0xff, 0x80, 0x0, 0x3f, 0xff, 0xff, 0xff,
    0xfd, 0xff, 0xff, 0xff, 0xf3, 0xff, 0xff, 0xff,
    0xc3, 0xff, 0xff, 0xff, 0x0, 0x0, 0x0, 0xfc,
    0x0, 0x0, 0x3, 0xf0, 0x0, 0x0, 0xf, 0xc0,
    0x0, 0x0, 0x3f, 0x0, 0x0, 0x0, 0xfc, 0x0,
    0x0, 0x7, 0xf0, 0x0, 0x0, 0x1f, 0x80, 0x0,
    0x0, 0xfe, 0x7f, 0xff, 0xff, 0xf1, 0xff, 0xff,
    0xff, 0xc7, 0xff, 0xff, 0xfc, 0x1f, 0xff, 0xff,
    0xc0,

    /* U+003A ":" */
    0xff, 0xff, 0xff, 0x0, 0x0, 0x0, 0x0, 0x0,
    0x0, 0xff, 0xff, 0xff,

    /* U+003B ";" */
    0xff, 0xff, 0xff, 0x0, 0x0, 0x0, 0x0, 0x0,
    0x0, 0xff, 0xff, 0xff, 0x3d, 0xf7, 0x9e, 0x79,
    0xc7, 0x0,

    /* U+003C "<" */
    0x0, 0x0, 0x0, 0x0, 0x1, 0xc0, 0x0, 0x7e,
    0x0, 0x1f, 0xf0, 0x3, 0xff, 0x80, 0xff, 0xe0,
    0x3f, 0xf8, 0x7, 0xff, 0x0, 0xff, 0xc0, 0x7,
    0xf0, 0x0, 0x3e, 0x0, 0x1, 0xf0, 0x0, 0xf,
    0xf0, 0x0, 0x7f, 0xe0, 0x0, 0xff, 0xe0, 0x0,
    0xff, 0xe0, 0x1, 0xff, 0xc0, 0x1, 0xff, 0xc0,
    0x1, 0xfe, 0x0, 0x3, 0xf0, 0x0, 0x3, 0x80,

    /* U+003D "=" */
    0xff, 0xff, 0xff, 0xff, 0xff, 0xff, 0xff, 0xff,
    0xff, 0xff, 0xf0, 0x0, 0x0, 0x0, 0x0, 0x0,
    0x0, 0x0, 0x0, 0x0, 0x0, 0x0, 0x0, 0x0,
    0x0, 0x0, 0x3f, 0xff, 0xff, 0xff, 0xff, 0xff,
    0xff, 0xff, 0xff, 0xff, 0xfc,

    /* U+003E ">" */
    0xe0, 0x0, 0x7, 0xe0, 0x0, 0x3f, 0xe0, 0x1,
    0xff, 0xc0, 0x1, 0xff, 0xc0, 0x1, 0xff, 0xc0,
    0x1, 0xff, 0x80, 0x3, 0xff, 0x0, 0x3, 0xf8,
    0x0, 0x7, 0xc0, 0x0, 0x3e, 0x0, 0x7, 0xf0,
    0x1, 0xff, 0x80, 0x7f, 0xf0, 0x1f, 0xfc, 0x3,
    0xff, 0x80, 0xff, 0xe0, 0x7, 0xf8, 0x0, 0x3f,
    0x0, 0x1, 0xc0, 0x0, 0x0,

    /* U+003F "?" */
    0x7f, 0xff, 0xf1, 0xff, 0xff, 0xfb, 0xff, 0xff,
    0xf3, 0xff, 0xff, 0xf0, 0x0, 0x7, 0xe0, 0x0,
    0xf, 0xc0, 0x0, 0x1f, 0x80, 0x0, 0x3f, 0x0,
    0x0, 0x7e, 0x0, 0x1, 0xfc, 0x0, 0xf, 0xf8,
    0x0, 0x7f, 0xe0, 0x1, 0xff, 0x80, 0xf, 0xfc,
    0x0, 0x3f, 0xe0, 0x0, 0x7f, 0x0, 0x0, 0xf8,
    0x0, 0x1, 0xe0, 0x0, 0x3, 0xc0, 0x0, 0x7,
    0x80, 0x0, 0x6, 0x0, 0x0, 0x0, 0x0, 0x0,
    0x0, 0x0, 0x0, 0x0, 0x0, 0x0, 0x0, 0x0,
    0x3, 0xf0, 0x0, 0x7, 0xe0, 0x0, 0xf, 0xc0,
    0x0, 0x1f, 0x80, 0x0,

    /* U+0040 "@" */
    0xf, 0xff, 0xff, 0xc0, 0xff, 0xff, 0xff, 0x87,
    0xff, 0xff, 0xff, 0x1f, 0xff, 0xff, 0xfe, 0xfc,
    0x0, 0x0, 0xff, 0xf0, 0x0, 0x1, 0xff, 0x80,
    0x0, 0x3, 0xfe, 0x0, 0x0, 0xf, 0xf8, 0x0,
    0x0, 0x3f, 0xe0, 0xf, 0xff, 0xff, 0x80, 0xff,
    0xff, 0xfe, 0x3, 0xff, 0xff, 0xf8, 0x1f, 0x0,
    0x3f, 0xe0, 0x78, 0x0, 0xff, 0x81, 0xe0, 0x3,
    0xfe, 0x7, 0x80, 0xf, 0xf8, 0x1e, 0x0, 0x3f,
    0xe0, 0x78, 0x0, 0xff, 0x81, 0xe0, 0x3, 0xfe,
    0x7, 0x80, 0x1f, 0xf8, 0x1f, 0x0, 0x7f, 0xe0,
    0x3f, 0xff, 0xef, 0x80, 0xff, 0xff, 0x3e, 0x0,
    0xff, 0xf8, 0xf8, 0x0, 0x0, 0x3, 0xe0, 0x0,
    0x0, 0xf, 0x80, 0x0, 0x0, 0x3f, 0x0, 0x0,
    0x0, 0x7c, 0x0, 0x0, 0x1, 0xfc, 0x0, 0x0,
    0x3, 0xff, 0xff, 0xff, 0xc7, 0xff, 0xff, 0xff,
    0xf, 0xff, 0xff, 0xfc, 0xf, 0xff, 0xff, 0xf0,

    /* U+0041 "A" */
    0x0, 0x1, 0xfc, 0x0, 0x0, 0x0, 0x1f, 0xf0,
    0x0, 0x0, 0x1, 0xff, 0xc0, 0x0, 0x0, 0xf,
    0xfe, 0x0, 0x0, 0x0, 0xfd, 0xf8, 0x0, 0x0,
    0xf, 0xc7, 0xc0, 0x0, 0x0, 0x7e, 0x3f, 0x0,
    0x0, 0x7, 0xe0, 0xf8, 0x0, 0x0, 0x3f, 0x7,
    0xe0, 0x0, 0x3, 0xf8, 0x3f, 0x80, 0x0, 0x1f,
    0x80, 0xfc, 0x0, 0x1, 0xfc, 0x7, 0xf0, 0x0,
    0xf, 0xc0, 0x1f, 0x80, 0x0, 0xfe, 0x0, 0xfe,
    0x0, 0x7, 0xe0, 0x3, 0xf0, 0x0, 0x7f, 0x0,
    0x1f, 0xc0, 0x7, 0xf0, 0x0, 0x7e, 0x0, 0x3f,
    0x80, 0x3, 0xf8, 0x3, 0xff, 0xff, 0xff, 0xe0,
    0x1f, 0xff, 0xff, 0xff, 0x1, 0xff, 0xff, 0xff,
    0xfc, 0xf, 0xff, 0xff, 0xff, 0xe0, 0xfe, 0x0,
    0x0, 0x3f, 0x87, 0xe0, 0x0, 0x0, 0xfc, 0x7f,
    0x0, 0x0, 0x7, 0xf3, 0xf0, 0x0, 0x0, 0x1f,
    0xbf, 0x80, 0x0, 0x0, 0xff, 0xf8, 0x0, 0x0,
    0x3, 0xf0,

    /* U+0042 "B" */
    0xff, 0xff, 0xff, 0xf0, 0xff, 0xff, 0xff, 0xfc,
    0xff, 0xff, 0xff, 0xfe, 0xff, 0xff, 0xff, 0xfe,
    0xfc, 0x0, 0x0, 0x7f, 0xfc, 0x0, 0x0, 0x3f,
    0xfc, 0x0, 0x0, 0x3f, 0xfc, 0x0, 0x0, 0x3f,
    0xfc, 0x0, 0x0, 0x3f, 0xfc, 0x0, 0x0, 0x3f,
    0xfc, 0x0, 0x0, 0x3f, 0xfc, 0x0, 0x0, 0x7e,
    0xff, 0xff, 0xff, 0xfe, 0xff, 0xff, 0xff, 0xfc,
    0xff, 0xff, 0xff, 0xfc, 0xff, 0xff, 0xff, 0xfe,
    0xfc, 0x0, 0x0, 0x7f, 0xfc, 0x0, 0x0, 0x3f,
    0xfc, 0x0, 0x0, 0x3f, 0xfc, 0x0, 0x0, 0x3f,
    0xfc, 0x0, 0x0, 0x3f, 0xfc, 0x0, 0x0, 0x3f,
    0xfc, 0x0, 0x0, 0x3f, 0xfc, 0x0, 0x0, 0x7f,
    0xff, 0xff, 0xff, 0xfe, 0xff, 0xff, 0xff, 0xfe,
    0xff, 0xff, 0xff, 0xfc, 0xff, 0xff, 0xff, 0xf0,

    /* U+0043 "C" */
    0x1, 0xff, 0xff, 0xfc, 0x3f, 0xff, 0xff, 0xf3,
    0xff, 0xff, 0xff, 0xcf, 0xff, 0xff, 0xff, 0x7f,
    0x0, 0x0, 0x1, 0xf8, 0x0, 0x0, 0xf, 0xc0,
    0x0, 0x0, 0x3f, 0x0, 0x0, 0x0, 0xfc, 0x0,
    0x0, 0x3, 0xf0, 0x0, 0x0, 0xf, 0xc0, 0x0,
    0x0, 0x3f, 0x0, 0x0, 0x0, 0xfc, 0x0, 0x0,
    0x3, 0xf0, 0x0, 0x0, 0xf, 0xc0, 0x0, 0x0,
    0x3f, 0x0, 0x0, 0x0, 0xfc, 0x0, 0x0, 0x3,
    0xf0, 0x0, 0x0, 0xf, 0xc0, 0x0, 0x0, 0x3f,
    0x0, 0x0, 0x0, 0xfc, 0x0, 0x0, 0x3, 0xf0,
    0x0, 0x0, 0x7, 0xe0, 0x0, 0x0, 0x1f, 0xc0,
    0x0, 0x0, 0x3f, 0xff, 0xff, 0xfc, 0xff, 0xff,
    0xff, 0xf0, 0xff, 0xff, 0xff, 0xc0, 0xff, 0xff,
    0xff,

    /* U+0044 "D" */
    0xff, 0xff, 0xff, 0x80, 0xff, 0xff, 0xff, 0xe0,
    0xff, 0xff, 0xff, 0xf8, 0xff, 0xff, 0xff, 0xfc,
    0xfc, 0x0, 0x1, 0xfe, 0xfc, 0x0, 0x0, 0xfe,
    0xfc, 0x0, 0x0, 0x7e, 0xfc, 0x0, 0x0, 0x3f,
    0xfc, 0x0, 0x0, 0x3f, 0xfc, 0x0, 0x0, 0x3f,
    0xfc, 0x0, 0x0, 0x3f, 0xfc, 0x0, 0x0, 0x3f,
    0xfc, 0x0, 0x0, 0x3f, 0xfc, 0x0, 0x0, 0x3f,
    0xfc, 0x0, 0x0, 0x3f, 0xfc, 0x0, 0x0, 0x3f,
    0xfc, 0x0, 0x0, 0x3f, 0xfc, 0x0, 0x0, 0x3f,
    0xfc, 0x0, 0x0, 0x3f, 0xfc, 0x0, 0x0, 0x3f,
    0xfc, 0x0, 0x0, 0x3f, 0xfc, 0x0, 0x0, 0x7e,
    0xfc, 0x0, 0x0, 0xfe, 0xfc, 0x0, 0x1, 0xfe,
    0xff, 0xff, 0xff, 0xfc, 0xff, 0xff, 0xff, 0xf8,
    0xff, 0xff, 0xff, 0xe0, 0xff, 0xff, 0xff, 0x80,

    /* U+0045 "E" */
    0x3, 0xff, 0xff, 0xf8, 0x3f, 0xff, 0xff, 0xf3,
    0xff, 0xff, 0xff, 0xcf, 0xff, 0xff, 0xfe, 0x7f,
    0x0, 0x0, 0x1, 0xf8, 0x0, 0x0, 0xf, 0xe0,
    0x0, 0x0, 0x3f, 0x0, 0x0, 0x0, 0xfc, 0x0,
    0x0, 0x3, 0xf0, 0x0, 0x0, 0xf, 0xc0, 0x0,
    0x0, 0x3f, 0x0, 0x0, 0x0, 0xff, 0xff, 0xff,
    0xfb, 0xff, 0xff, 0xff, 0xff, 0xff, 0xff, 0xff,
    0xff, 0xff, 0xff, 0xfe, 0xfc, 0x0, 0x0, 0x3,
    0xf0, 0x0, 0x0, 0xf, 0xc0, 0x0, 0x0, 0x3f,
    0x0, 0x0, 0x0, 0xfc, 0x0, 0x0, 0x3, 0xf8,
    0x0, 0x0, 0x7, 0xe0, 0x0, 0x0, 0x1f, 0xc0,
    0x0, 0x0, 0x3f, 0xff, 0xff, 0xf8, 0xff, 0xff,
    0xff, 0xf0, 0xff, 0xff, 0xff, 0xc0, 0xff, 0xff,
    0xfe,

    /* U+0046 "F" */
    0x3, 0xff, 0xff, 0xf8, 0x3f, 0xff, 0xff, 0xf3,
    0xff, 0xff, 0xff, 0xcf, 0xff, 0xff, 0xfe, 0x7f,
    0x0, 0x0, 0x1, 0xf8, 0x0, 0x0, 0xf, 0xe0,
    0x0, 0x0, 0x3f, 0x0, 0x0, 0x0, 0xfc, 0x0,
    0x0, 0x3, 0xf0, 0x0, 0x0, 0xf, 0xc0, 0x0,
    0x0, 0x3f, 0x0, 0x0, 0x0, 0xff, 0xff, 0xff,
    0xfb, 0xff, 0xff, 0xff, 0xff, 0xff, 0xff, 0xff,
    0xff, 0xff, 0xff, 0xfe, 0xfc, 0x0, 0x0, 0x3,
    0xf0, 0x0, 0x0, 0xf, 0xc0, 0x0, 0x0, 0x3f,
    0x0, 0x0, 0x0, 0xfc, 0x0, 0x0, 0x3, 0xf0,
    0x0, 0x0, 0xf, 0xc0, 0x0, 0x0, 0x3f, 0x0,
    0x0, 0x0, 0xfc, 0x0, 0x0, 0x3, 0xf0, 0x0,
    0x0, 0xf, 0xc0, 0x0, 0x0, 0x3f, 0x0, 0x0,
    0x0,

    /* U+0047 "G" */
    0x3, 0xff, 0xff, 0xff, 0xf, 0xff, 0xff, 0xff,
    0x3f, 0xff, 0xff, 0xff, 0x3f, 0xff, 0xff, 0xff,
    0x7f, 0x0, 0x0, 0x0, 0x7e, 0x0, 0x0, 0x0,
    0xfc, 0x0, 0x0, 0x0, 0xfc, 0x0, 0x0, 0x0,
    0xfc, 0x0, 0x0, 0x0, 0xfc, 0x0, 0x0, 0x0,
    0xfc, 0x0, 0x0, 0x0, 0xfc, 0x0, 0x0, 0x0,
    0xfc, 0x7, 0xff, 0xff, 0xfc, 0x7, 0xff, 0xff,
    0xfc, 0x7, 0xff, 0xff, 0xfc, 0x7, 0xff, 0xff,
    0xfc, 0x0, 0x0, 0x3f, 0xfc, 0x0, 0x0, 0x3f,
    0xfc, 0x0, 0x0, 0x3f, 0xfc, 0x0, 0x0, 0x3f,
    0xfc, 0x0, 0x0, 0x3f, 0xfc, 0x0, 0x0, 0x3f,
    0x7e, 0x0, 0x0, 0x3f, 0x7f, 0x0, 0x0, 0x7f,
    0x3f, 0xff, 0xff, 0xff, 0x3f, 0xff, 0xff, 0xfe,
    0xf, 0xff, 0xff, 0xfe, 0x3, 0xff, 0xff, 0xfc,

    /* U+0048 "H" */
    0xfc, 0x0, 0x0, 0x7f, 0xf8, 0x0, 0x0, 0xff,
    0xf0, 0x0, 0x1, 0xff, 0xe0, 0x0, 0x3, 0xff,
    0xc0, 0x0, 0x7, 0xff, 0x80, 0x0, 0xf, 0xff,
    0x0, 0x0, 0x1f, 0xfe, 0x0, 0x0, 0x3f, 0xfc,
    0x0, 0x0, 0x7f, 0xf8, 0x0, 0x0, 0xff, 0xf0,
    0x0, 0x1, 0xff, 0xe0, 0x0, 0x3, 0xff, 0xff,
    0xff, 0xff, 0xff, 0xff, 0xff, 0xff, 0xff, 0xff,
    0xff, 0xff, 0xff, 0xff, 0xff, 0xff, 0xfc, 0x0,
    0x0, 0x7f, 0xf8, 0x0, 0x0, 0xff, 0xf0, 0x0,
    0x1, 0xff, 0xe0, 0x0, 0x3, 0xff, 0xc0, 0x0,
    0x7, 0xff, 0x80, 0x0, 0xf, 0xff, 0x0, 0x0,
    0x1f, 0xfe, 0x0, 0x0, 0x3f, 0xfc, 0x0, 0x0,
    0x7f, 0xf8, 0x0, 0x0, 0xff, 0xf0, 0x0, 0x1,
    0xff, 0xe0, 0x0, 0x3, 0xf0,

    /* U+0049 "I" */
    0xff, 0xff, 0xff, 0xff, 0xff, 0xff, 0xff, 0xff,
    0xff, 0xff, 0xff, 0xff, 0xff, 0xff, 0xff, 0xff,
    0xff, 0xff, 0xff, 0xff, 0xff,

    /* U+004A "J" */
    0x0, 0x0, 0x3, 0xf0, 0x0, 0x0, 0x3f, 0x0,
    0x0, 0x3, 0xf0, 0x0, 0x0, 0x3f, 0x0, 0x0,
    0x3, 0xf0, 0x0, 0x0, 0x3f, 0x0, 0x0, 0x3,
    0xf0, 0x0, 0x0, 0x3f, 0x0, 0x0, 0x3, 0xf0,
    0x0, 0x0, 0x3f, 0x0, 0x0, 0x3, 0xf0, 0x0,
    0x0, 0x3f, 0x0, 0x0, 0x3, 0xf0, 0x0, 0x0,
    0x3f, 0x0, 0x0, 0x3, 0xf0, 0x0, 0x0, 0x3f,
    0x0, 0x0, 0x3, 0xf0, 0x0, 0x0, 0x3f, 0x0,
    0x0, 0x3, 0xf0, 0x0, 0x0, 0x3f, 0x0, 0x0,
    0x3, 0xf0, 0x0, 0x0, 0x3f, 0x0, 0x0, 0x7,
    0xe0, 0x0, 0x0, 0xfe, 0x7f, 0xff, 0xff, 0xcf,
    0xff, 0xff, 0xfc, 0xff, 0xff, 0xff, 0x7, 0xff,
    0xff, 0xc0,

    /* U+004B "K" */
    0xfc, 0x0, 0x1, 0xfd, 0xf8, 0x0, 0x7, 0xf3,
    0xf0, 0x0, 0xf, 0xc7, 0xe0, 0x0, 0x3f, 0x8f,
    0xc0, 0x0, 0xfe, 0x1f, 0x80, 0x3, 0xf8, 0x3f,
    0x0, 0x7, 0xe0, 0x7e, 0x0, 0x1f, 0xc0, 0xfc,
    0x0, 0x7f, 0x1, 0xf8, 0x0, 0xfc, 0x3, 0xf0,
    0x3, 0xf0, 0x7, 0xe0, 0xf, 0xe0, 0xf, 0xff,
    0xff, 0x80, 0x1f, 0xff, 0xfe, 0x0, 0x3f, 0xff,
    0xfc, 0x0, 0x7f, 0xff, 0xfc, 0x0, 0xfc, 0x1,
    0xfc, 0x1, 0xf8, 0x1, 0xfc, 0x3, 0xf0, 0x1,
    0xfc, 0x7, 0xe0, 0x1, 0xfc, 0xf, 0xc0, 0x1,
    0xfc, 0x1f, 0x80, 0x3, 0xf8, 0x3f, 0x0, 0x3,
    0xf8, 0x7e, 0x0, 0x3, 0xf8, 0xfc, 0x0, 0x3,
    0xf9, 0xf8, 0x0, 0x7, 0xfb, 0xf0, 0x0, 0x7,
    0xf7, 0xe0, 0x0, 0x7, 0xf0,

    /* U+004C "L" */
    0xfc, 0x0, 0x0, 0x7, 0xe0, 0x0, 0x0, 0x3f,
    0x0, 0x0, 0x1, 0xf8, 0x0, 0x0, 0xf, 0xc0,
    0x0, 0x0, 0x7e, 0x0, 0x0, 0x3, 0xf0, 0x0,
    0x0, 0x1f, 0x80, 0x0, 0x0, 0xfc, 0x0, 0x0,
    0x7, 0xe0, 0x0, 0x0, 0x3f, 0x0, 0x0, 0x1,
    0xf8, 0x0, 0x0, 0xf, 0xc0, 0x0, 0x0, 0x7e,
    0x0, 0x0, 0x3, 0xf0, 0x0, 0x0, 0x1f, 0x80,
    0x0, 0x0, 0xfc, 0x0, 0x0, 0x7, 0xe0, 0x0,
    0x0, 0x3f, 0x0, 0x0, 0x1, 0xf8, 0x0, 0x0,
    0xf, 0xc0, 0x0, 0x0, 0x7e, 0x0, 0x0, 0x1,
    0xf8, 0x0, 0x0, 0xf, 0xe0, 0x0, 0x0, 0x3f,
    0xff, 0xff, 0xf1, 0xff, 0xff, 0xff, 0xc3, 0xff,
    0xff, 0xfe, 0x7, 0xff, 0xff, 0xe0,

    /* U+004D "M" */
    0x7f, 0xe0, 0x0, 0x0, 0x7f, 0xdf, 0xfe, 0x0,
    0x0, 0x1f, 0xff, 0xff, 0xc0, 0x0, 0x7, 0xff,
    0xff, 0xf8, 0x0, 0x0, 0xff, 0xff, 0xff, 0x80,
    0x0, 0x3f, 0xff, 0xff, 0xf0, 0x0, 0x7, 0xff,
    0xff, 0x7f, 0x0, 0x1, 0xfd, 0xff, 0xe7, 0xe0,
    0x0, 0x3f, 0x3f, 0xfc, 0xfe, 0x0, 0x7, 0xe7,
    0xff, 0x8f, 0xc0, 0x1, 0xf8, 0xff, 0xf1, 0xf8,
    0x0, 0x3f, 0x1f, 0xfe, 0x1f, 0x80, 0xf, 0xc3,
    0xff, 0xc3, 0xf0, 0x1, 0xf8, 0x7f, 0xf8, 0x7f,
    0x0, 0x3f, 0xf, 0xff, 0x7, 0xe0, 0xf, 0xc1,
    0xff, 0xe0, 0xfc, 0x1, 0xf8, 0x3f, 0xfc, 0xf,
    0xc0, 0x7e, 0x7, 0xff, 0x81, 0xf8, 0xf, 0xc0,
    0xff, 0xf0, 0x1f, 0x83, 0xf0, 0x1f, 0xfe, 0x3,
    0xf0, 0x7e, 0x3, 0xff, 0xc0, 0x3e, 0xf, 0x80,
    0x7f, 0xf8, 0x7, 0xe3, 0xf0, 0xf, 0xff, 0x0,
    0x7c, 0x7c, 0x1, 0xff, 0xe0, 0xf, 0xdf, 0x80,
    0x3f, 0xfc, 0x0, 0xff, 0xe0, 0x7, 0xff, 0x80,
    0x1f, 0xfc, 0x0, 0xff, 0xf0, 0x1, 0xff, 0x0,
    0x1f, 0xfe, 0x0, 0x1f, 0xc0, 0x3, 0xf0,

    /* U+004E "N" */
    0x7f, 0xc0, 0x0, 0xf, 0xff, 0xf8, 0x0, 0x3,
    0xff, 0xff, 0x0, 0x0, 0xff, 0xff, 0xe0, 0x0,
    0x3f, 0xff, 0xf8, 0x0, 0xf, 0xff, 0xff, 0x0,
    0x3, 0xff, 0xdf, 0xe0, 0x0, 0xff, 0xf3, 0xfc,
    0x0, 0x3f, 0xfc, 0x7f, 0x80, 0xf, 0xff, 0xf,
    0xe0, 0x3, 0xff, 0xc3, 0xfc, 0x0, 0xff, 0xf0,
    0x7f, 0x80, 0x3f, 0xfc, 0xf, 0xf0, 0xf, 0xff,
    0x1, 0xfc, 0x3, 0xff, 0xc0, 0x3f, 0x80, 0xff,
    0xf0, 0xf, 0xf0, 0x3f, 0xfc, 0x1, 0xfe, 0xf,
    0xff, 0x0, 0x3f, 0xc3, 0xff, 0xc0, 0x7, 0xf0,
    0xff, 0xf0, 0x1, 0xfe, 0x3f, 0xfc, 0x0, 0x3f,
    0xcf, 0xff, 0x0, 0x7, 0xfb, 0xff, 0xc0, 0x0,
    0xff, 0xff, 0xf0, 0x0, 0x1f, 0xff, 0xfc, 0x0,
    0x7, 0xff, 0xff, 0x0, 0x0, 0xff, 0xff, 0xc0,
    0x0, 0x1f, 0xff, 0xf0, 0x0, 0x3, 0xfe,

    /* U+004F "O" */
    0x3, 0xff, 0xff, 0xf0, 0x1, 0xff, 0xff, 0xff,
    0xc0, 0x7f, 0xff, 0xff, 0xfe, 0x1f, 0xff, 0xff,
    0xff, 0xc7, 0xf0, 0x0, 0x1, 0xfc, 0xfc, 0x0,
    0x0, 0x1f, 0xbf, 0x80, 0x0, 0x3, 0xff, 0xe0,
    0x0, 0x0, 0x3f, 0xfc, 0x0, 0x0, 0x7, 0xff,
    0x80, 0x0, 0x0, 0xff, 0xf0, 0x0, 0x0, 0x1f,
    0xfe, 0x0, 0x0, 0x3, 0xff, 0xc0, 0x0, 0x0,
    0x7f, 0xf8, 0x0, 0x0, 0xf, 0xff, 0x0, 0x0,
    0x1, 0xff, 0xe0, 0x0, 0x0, 0x3f, 0xfc, 0x0,
    0x0, 0x7, 0xff, 0x80, 0x0, 0x0, 0xff, 0xf0,
    0x0, 0x0, 0x1f, 0xfe, 0x0, 0x0, 0x3, 0xff,
    0xc0, 0x0, 0x0, 0x7f, 0xf8, 0x0, 0x0, 0x1f,
    0xdf, 0x80, 0x0, 0x3, 0xf3, 0xf8, 0x0, 0x0,
    0xfe, 0x3f, 0xff, 0xff, 0xff, 0x87, 0xff, 0xff,
    0xff, 0xf0, 0x3f, 0xff, 0xff, 0xf8, 0x1, 0xff,
    0xff, 0xfc, 0x0,

    /* U+0050 "P" */
    0xff, 0xff, 0xff, 0xc1, 0xff, 0xff, 0xff, 0xe3,
    0xff, 0xff, 0xff, 0xe7, 0xff, 0xff, 0xff, 0xef,
    0xc0, 0x0, 0x1f, 0xdf, 0x80, 0x0, 0x1f, 0xff,
    0x0, 0x0, 0x1f, 0xfe, 0x0, 0x0, 0x3f, 0xfc,
    0x0, 0x0, 0x7f, 0xf8, 0x0, 0x0, 0xff, 0xf0,
    0x0, 0x1, 0xff, 0xe0, 0x0, 0x3, 0xff, 0xc0,
    0x0, 0x7, 0xff, 0x80, 0x0, 0x1f, 0xff, 0x0,
    0x0, 0x7f, 0x7f, 0xff, 0xff, 0xfe, 0xff, 0xff,
    0xff, 0xf9, 0xff, 0xff, 0xff, 0xe3, 0xff, 0xff,
    0xff, 0x7, 0xe0, 0x0, 0x0, 0xf, 0xc0, 0x0,
    0x0, 0x1f, 0x80, 0x0, 0x0, 0x3f, 0x0, 0x0,
    0x0, 0x7e, 0x0, 0x0, 0x0, 0xfc, 0x0, 0x0,
    0x1, 0xf8, 0x0, 0x0, 0x3, 0xf0, 0x0, 0x0,
    0x7, 0xe0, 0x0, 0x0, 0x0,

    /* U+0051 "Q" */
    0x3, 0xff, 0xff, 0xf8, 0x1, 0xff, 0xff, 0xff,
    0xc0, 0xff, 0xff, 0xff, 0xfe, 0x1f, 0xff, 0xff,
    0xff, 0xc7, 0xf0, 0x0, 0x1, 0xfc, 0xfc, 0x0,
    0x0, 0x1f, 0xbf, 0x0, 0x0, 0x1, 0xff, 0xe0,
    0x0, 0x0, 0x3f, 0xfc, 0x0, 0x0, 0x7, 0xff,
    0x80, 0x0, 0x0, 0xff, 0xf0, 0x0, 0x0, 0x1f,
    0xfe, 0x0, 0x0, 0x3, 0xff, 0xc0, 0x0, 0x0,
    0x7f, 0xf8, 0x0, 0x0, 0xf, 0xff, 0x0, 0x0,
    0x1, 0xff, 0xe0, 0x0, 0x0, 0x3f, 0xfc, 0x0,
    0x0, 0x7, 0xff, 0x80, 0x0, 0x0, 0xff, 0xf0,
    0x0, 0x0, 0x1f, 0xfe, 0x0, 0x0, 0x3, 0xf7,
    0xe0, 0x0, 0x0, 0xfc, 0xfe, 0x0, 0x0, 0x3f,
    0x8f, 0xff, 0xff, 0xff, 0xf1, 0xff, 0xff, 0xff,
    0xfc, 0xf, 0xff, 0xff, 0xff, 0x0, 0x7f, 0xff,
    0xff, 0x0, 0x0, 0x0, 0x1f, 0xc0, 0x0, 0x0,
    0x3, 0xf8, 0x0, 0x0, 0x0, 0x3f, 0x80, 0x0,
    0x0, 0x3, 0xf8, 0x0, 0x0, 0x0, 0x3f, 0x80,
    0x0, 0x0, 0x7, 0xf0, 0x0, 0x0, 0x0, 0x7f,
    0x0,

    /* U+0052 "R" */
    0xff, 0xff, 0xff, 0xc0, 0xff, 0xff, 0xff, 0xf0,
    0xff, 0xff, 0xff, 0xf8, 0xff, 0xff, 0xff, 0xfc,
    0xfc, 0x0, 0x1, 0xfc, 0xfc, 0x0, 0x0, 0xfe,
    0xfc, 0x0, 0x0, 0x7e, 0xfc, 0x0, 0x0, 0x7e,
    0xfc, 0x0, 0x0, 0x7e, 0xfc, 0x0, 0x0, 0x7e,
    0xfc, 0x0, 0x0, 0x7e, 0xfc, 0x0, 0x0, 0x7e,
    0xfc, 0x0, 0x0, 0x7e, 0xfc, 0x0, 0x0, 0xfe,
    0xfc, 0x0, 0x1, 0xfc, 0xff, 0xff, 0xff, 0xfc,
    0xff, 0xff, 0xff, 0xf8, 0xff, 0xff, 0xff, 0xf0,
    0xff, 0xff, 0xff, 0x80, 0xfc, 0x0, 0x1f, 0xc0,
    0xfc, 0x0, 0xf, 0xe0, 0xfc, 0x0, 0x7, 0xf0,
    0xfc, 0x0, 0x3, 0xf0, 0xfc, 0x0, 0x3, 0xf8,
    0xfc, 0x0, 0x1, 0xfc, 0xfc, 0x0, 0x0, 0xfe,
    0xfc, 0x0, 0x0, 0xff, 0xfc, 0x0, 0x0, 0x7f,

    /* U+0053 "S" */
    0xf, 0xff, 0xff, 0xf8, 0xff, 0xff, 0xff, 0xe7,
    0xff, 0xff, 0xff, 0x9f, 0xff, 0xff, 0xfe, 0xfe,
    0x0, 0x0, 0x3, 0xf0, 0x0, 0x0, 0xf, 0xc0,
    0x0, 0x0, 0x3f, 0x0, 0x0, 0x0, 0xfc, 0x0,
    0x0, 0x3, 0xf0, 0x0, 0x0, 0xf, 0xc0, 0x0,
    0x0, 0x3f, 0x80, 0x0, 0x0, 0x7f, 0xff, 0xff,
    0xc1, 0xff, 0xff, 0xff, 0xc3, 0xff, 0xff, 0xff,
    0x83, 0xff, 0xff, 0xfe, 0x0, 0x0, 0x1, 0xfc,
    0x0, 0x0, 0x3, 0xf0, 0x0, 0x0, 0xf, 0xc0,
    0x0, 0x0, 0x3f, 0x0, 0x0, 0x0, 0xfc, 0x0,
    0x0, 0x3, 0xf0, 0x0, 0x0, 0xf, 0xc0, 0x0,
    0x0, 0x7f, 0xff, 0xff, 0xff, 0xfb, 0xff, 0xff,
    0xff, 0xef, 0xff, 0xff, 0xff, 0x3f, 0xff, 0xff,
    0xf0,

    /* U+0054 "T" */
    0xff, 0xff, 0xff, 0xff, 0xff, 0xff, 0xff, 0xff,
    0xff, 0xff, 0xff, 0xff, 0xff, 0xff, 0xff, 0xff,
    0xf0, 0x0, 0x3f, 0x0, 0x0, 0x0, 0x1f, 0x80,
    0x0, 0x0, 0xf, 0xc0, 0x0, 0x0, 0x7, 0xe0,
    0x0, 0x0, 0x3, 0xf0, 0x0, 0x0, 0x1, 0xf8,
    0x0, 0x0, 0x0, 0xfc, 0x0, 0x0, 0x0, 0x7e,
    0x0, 0x0, 0x0, 0x3f, 0x0, 0x0, 0x0, 0x1f,
    0x80, 0x0, 0x0, 0xf, 0xc0, 0x0, 0x0, 0x7,
    0xe0, 0x0, 0x0, 0x3, 0xf0, 0x0, 0x0, 0x1,
    0xf8, 0x0, 0x0, 0x0, 0xfc, 0x0, 0x0, 0x0,
    0x7e, 0x0, 0x0, 0x0, 0x3f, 0x0, 0x0, 0x0,
    0x1f, 0x80, 0x0, 0x0, 0xf, 0xc0, 0x0, 0x0,
    0x7, 0xe0, 0x0, 0x0, 0x3, 0xf0, 0x0, 0x0,
    0x1, 0xf8, 0x0, 0x0, 0x0, 0xfc, 0x0, 0x0,
    0x0, 0x7e, 0x0, 0x0,

    /* U+0055 "U" */
    0xfc, 0x0, 0x0, 0xf, 0xff, 0x0, 0x0, 0x3,
    0xff, 0xc0, 0x0, 0x0, 0xff, 0xf0, 0x0, 0x0,
    0x3f, 0xfc, 0x0, 0x0, 0xf, 0xff, 0x0, 0x0,
    0x3, 0xff, 0xc0, 0x0, 0x0, 0xff, 0xf0, 0x0,
    0x0, 0x3f, 0xfc, 0x0, 0x0, 0xf, 0xff, 0x0,
    0x0, 0x3, 0xff, 0xc0, 0x0, 0x0, 0xff, 0xf0,
    0x0, 0x0, 0x3f, 0xfc, 0x0, 0x0, 0xf, 0xff,
    0x0, 0x0, 0x3, 0xff, 0xc0, 0x0, 0x0, 0xff,
    0xf0, 0x0, 0x0, 0x3f, 0xfc, 0x0, 0x0, 0xf,
    0xff, 0x0, 0x0, 0x3, 0xff, 0xc0, 0x0, 0x0,
    0xff, 0xf0, 0x0, 0x0, 0x3f, 0xfc, 0x0, 0x0,
    0xf, 0xff, 0x0, 0x0, 0x3, 0xf7, 0xe0, 0x0,
    0x1, 0xf9, 0xfc, 0x0, 0x0, 0xfe, 0x3f, 0xff,
    0xff, 0xff, 0xf, 0xff, 0xff, 0xff, 0xc0, 0xff,
    0xff, 0xff, 0xc0, 0xf, 0xff, 0xff, 0xc0,

    /* U+0056 "V" */
    0xfc, 0x0, 0x0, 0x1, 0xff, 0xf0, 0x0, 0x0,
    0x1f, 0xdf, 0x80, 0x0, 0x0, 0xfc, 0xfe, 0x0,
    0x0, 0xf, 0xe3, 0xf0, 0x0, 0x0, 0x7e, 0x1f,
    0xc0, 0x0, 0x7, 0xf0, 0x7e, 0x0, 0x0, 0x3f,
    0x3, 0xf8, 0x0, 0x3, 0xf8, 0xf, 0xc0, 0x0,
    0x1f, 0x80, 0x7f, 0x0, 0x1, 0xfc, 0x1, 0xf8,
    0x0, 0xf, 0xc0, 0x7, 0xe0, 0x0, 0xfc, 0x0,
    0x3f, 0x0, 0x7, 0xe0, 0x0, 0xfc, 0x0, 0x7e,
    0x0, 0x7, 0xe0, 0x3, 0xf0, 0x0, 0x1f, 0x80,
    0x3f, 0x0, 0x0, 0xfc, 0x1, 0xf8, 0x0, 0x3,
    0xf0, 0x1f, 0x80, 0x0, 0x1f, 0x80, 0xfc, 0x0,
    0x0, 0x7e, 0xf, 0xc0, 0x0, 0x1, 0xf0, 0x7e,
    0x0, 0x0, 0xf, 0xc7, 0xe0, 0x0, 0x0, 0x3e,
    0x3e, 0x0, 0x0, 0x1, 0xfb, 0xf0, 0x0, 0x0,
    0x7, 0xff, 0x0, 0x0, 0x0, 0x3f, 0xf8, 0x0,
    0x0, 0x0, 0xff, 0x80, 0x0, 0x0, 0x3, 0xf8,
    0x0, 0x0,

    /* U+0057 "W" */
    0xfc, 0x0, 0x7, 0xf8, 0x0, 0xf, 0xff, 0x0,
    0x3, 0xff, 0x0, 0x3, 0xff, 0xe0, 0x0, 0xff,
    0xc0, 0x1, 0xfd, 0xf8, 0x0, 0x3f, 0xf0, 0x0,
    0x7e, 0x7e, 0x0, 0x1f, 0xfe, 0x0, 0x1f, 0x9f,
    0xc0, 0x7, 0xcf, 0x80, 0xf, 0xe3, 0xf0, 0x1,
    0xf3, 0xe0, 0x3, 0xf0, 0xfc, 0x0, 0xfc, 0xfc,
    0x0, 0xfc, 0x3f, 0x0, 0x3e, 0x1f, 0x0, 0x3f,
    0x7, 0xe0, 0xf, 0x87, 0xc0, 0x1f, 0x81, 0xf8,
    0x7, 0xe1, 0xf8, 0x7, 0xe0, 0x7e, 0x1, 0xf0,
    0x3e, 0x1, 0xf8, 0x1f, 0x80, 0x7c, 0xf, 0x80,
    0x7e, 0x3, 0xf0, 0x1f, 0x3, 0xe0, 0x3f, 0x0,
    0xfc, 0xf, 0x80, 0x7c, 0xf, 0xc0, 0x3f, 0x3,
    0xe0, 0x1f, 0x3, 0xf0, 0x7, 0xe0, 0xf8, 0x7,
    0xc1, 0xf8, 0x1, 0xf8, 0x7e, 0x1, 0xf8, 0x7e,
    0x0, 0x7e, 0x1f, 0x0, 0x3e, 0x1f, 0x80, 0xf,
    0x87, 0xc0, 0xf, 0x87, 0xc0, 0x3, 0xf3, 0xf0,
    0x3, 0xf3, 0xf0, 0x0, 0xfc, 0xf8, 0x0, 0x7c,
    0xfc, 0x0, 0x3f, 0x3e, 0x0, 0x1f, 0x3e, 0x0,
    0x7, 0xff, 0x80, 0x7, 0xef, 0x80, 0x1, 0xff,
    0xc0, 0x0, 0xff, 0xe0, 0x0, 0x7f, 0xf0, 0x0,
    0x3f, 0xf0, 0x0, 0xf, 0xfc, 0x0, 0xf, 0xfc,
    0x0, 0x1, 0xfe, 0x0, 0x1, 0xfe, 0x0,

    /* U+0058 "X" */
    0x7f, 0x0, 0x0, 0x3f, 0x8f, 0xe0, 0x0, 0x1f,
    0xe1, 0xfc, 0x0, 0xf, 0xf0, 0x3f, 0x80, 0x7,
    0xf8, 0x7, 0xf0, 0x3, 0xfc, 0x0, 0xfe, 0x1,
    0xfe, 0x0, 0x3f, 0xc0, 0xff, 0x0, 0x7, 0xf8,
    0x7f, 0x80, 0x0, 0xff, 0x3f, 0xc0, 0x0, 0x1f,
    0xff, 0xe0, 0x0, 0x3, 0xff, 0xf0, 0x0, 0x0,
    0x7f, 0xf8, 0x0, 0x0, 0xf, 0xfc, 0x0, 0x0,
    0x1, 0xfe, 0x0, 0x0, 0x0, 0xff, 0xc0, 0x0,
    0x0, 0x7f, 0xf8, 0x0, 0x0, 0x3f, 0xff, 0x0,
    0x0, 0x1f, 0xdf, 0xe0, 0x0, 0xf, 0xe3, 0xfc,
    0x0, 0x7, 0xf0, 0x7f, 0x80, 0x3, 0xf8, 0xf,
    0xf0, 0x1, 0xfc, 0x1, 0xfe, 0x0, 0xff, 0x0,
    0x3f, 0xc0, 0x7f, 0x80, 0x7, 0xf0, 0x3f, 0xc0,
    0x0, 0xfe, 0x1f, 0xe0, 0x0, 0x1f, 0xcf, 0xf0,
    0x0, 0x3, 0xfb, 0xf8, 0x0, 0x0, 0x7f,

    /* U+0059 "Y" */
    0xfe, 0x0, 0x0, 0xf, 0xdf, 0xc0, 0x0, 0x3,
    0xf9, 0xfc, 0x0, 0x0, 0xfe, 0x1f, 0xc0, 0x0,
    0x1f, 0x81, 0xf8, 0x0, 0x7, 0xf0, 0x3f, 0x80,
    0x1, 0xfc, 0x3, 0xf8, 0x0, 0x7f, 0x0, 0x3f,
    0x80, 0xf, 0xc0, 0x3, 0xf0, 0x3, 0xf0, 0x0,
    0x7f, 0x0, 0xfe, 0x0, 0x7, 0xf0, 0x3f, 0x80,
    0x0, 0x7f, 0x7, 0xe0, 0x0, 0x7, 0xe1, 0xf8,
    0x0, 0x0, 0xfe, 0x7f, 0x0, 0x0, 0xf, 0xff,
    0xc0, 0x0, 0x0, 0xff, 0xf0, 0x0, 0x0, 0xf,
    0xfc, 0x0, 0x0, 0x0, 0xff, 0x80, 0x0, 0x0,
    0x1f, 0xe0, 0x0, 0x0, 0x1, 0xf8, 0x0, 0x0,
    0x0, 0x3f, 0x0, 0x0, 0x0, 0x7, 0xe0, 0x0,
    0x0, 0x0, 0xfc, 0x0, 0x0, 0x0, 0x1f, 0x80,
    0x0, 0x0, 0x3, 0xf0, 0x0, 0x0, 0x0, 0x7e,
    0x0, 0x0, 0x0, 0xf, 0xc0, 0x0, 0x0, 0x1,
    0xf8, 0x0, 0x0,

    /* U+005A "Z" */
    0xff, 0xff, 0xff, 0xfb, 0xff, 0xff, 0xff, 0xff,
    0xff, 0xff, 0xff, 0xff, 0xff, 0xff, 0xff, 0x0,
    0x0, 0x1, 0xfc, 0x0, 0x0, 0xf, 0xf0, 0x0,
    0x0, 0x7f, 0xc0, 0x0, 0x7, 0xff, 0x0, 0x0,
    0x7f, 0xfc, 0x0, 0x7, 0xff, 0xf0, 0x0, 0x3f,
    0xff, 0x0, 0x3, 0xff, 0xf8, 0x0, 0x3f, 0xff,
    0x80, 0x3, 0xff, 0xf8, 0x0, 0x1f, 0xff, 0x80,
    0x1, 0xff, 0xf8, 0x0, 0x1f, 0xff, 0xc0, 0x0,
    0xff, 0xfc, 0x0, 0xf, 0xff, 0xc0, 0x0, 0x3f,
    0xfc, 0x0, 0x0, 0xff, 0xc0, 0x0, 0x3, 0xfe,
    0x0, 0x0, 0xf, 0xe0, 0x0, 0x0, 0x3f, 0x0,
    0x0, 0x0, 0xff, 0xff, 0xff, 0xff, 0xff, 0xff,
    0xff, 0xff, 0xff, 0xff, 0xff, 0xdf, 0xff, 0xff,
    0xff,

    /* U+005B "[" */
    0x7f, 0xff, 0xff, 0xff, 0xff, 0xff, 0x1, 0xe0,
    0x3c, 0x7, 0x80, 0xf0, 0x1e, 0x3, 0xc0, 0x78,
    0xf, 0x1, 0xe0, 0x3c, 0x7, 0x80, 0xf0, 0x1e,
    0x3, 0xc0, 0x78, 0xf, 0x1, 0xe0, 0x3c, 0x7,
    0x80, 0xf0, 0x1e, 0x3, 0xc0, 0x78, 0xf, 0x1,
    0xe0, 0x3c, 0x7, 0x80, 0xf0, 0x1e, 0x3, 0xc0,
    0x78, 0xf, 0x1, 0xe0, 0x3c, 0x7, 0x80, 0xf0,
    0x1f, 0xff, 0xff, 0xff, 0xf7, 0xfe,

    /* U+005C "\\" */
    0x70, 0x0, 0x78, 0x0, 0x1e, 0x0, 0xf, 0x0,
    0x7, 0x80, 0x1, 0xe0, 0x0, 0xf0, 0x0, 0x78,
    0x0, 0x1e, 0x0, 0xf, 0x0, 0x7, 0x80, 0x1,
    0xe0, 0x0, 0xf0, 0x0, 0x78, 0x0, 0x1e, 0x0,
    0xf, 0x0, 0x7, 0x80, 0x3, 0xe0, 0x0, 0xf0,
    0x0, 0x78, 0x0, 0x3e, 0x0, 0xf, 0x0, 0x7,
    0x80, 0x3, 0xc0, 0x0, 0xf0, 0x0, 0x78, 0x0,
    0x3c, 0x0, 0xf, 0x0, 0x7, 0x80, 0x3, 0xc0,
    0x0, 0xf0, 0x0, 0x78, 0x0, 0x3c, 0x0, 0xf,
    0x0, 0x7, 0x80, 0x3, 0xc0, 0x0, 0xf0, 0x0,
    0x78, 0x0, 0x3c,

    /* U+005D "]" */
    0xff, 0xdf, 0xff, 0xff, 0xff, 0xf0, 0x1e, 0x3,
    0xc0, 0x78, 0xf, 0x1, 0xe0, 0x3c, 0x7, 0x80,
    0xf0, 0x1e, 0x3, 0xc0, 0x78, 0xf, 0x1, 0xe0,
    0x3c, 0x7, 0x80, 0xf0, 0x1e, 0x3, 0xc0, 0x78,
    0xf, 0x1, 0xe0, 0x3c, 0x7, 0x80, 0xf0, 0x1e,
    0x3, 0xc0, 0x78, 0xf, 0x1, 0xe0, 0x3c, 0x7,
    0x80, 0xf0, 0x1e, 0x3, 0xc0, 0x78, 0xf, 0x1,
    0xff, 0xff, 0xff, 0xff, 0xff, 0xfc,

    /* U+005E "^" */
    0x1, 0xf8, 0x0, 0xf, 0xe0, 0x0, 0xff, 0x0,
    0x7, 0xf8, 0x0, 0x3d, 0xe0, 0x3, 0xcf, 0x0,
    0x1e, 0x38, 0x0, 0xf1, 0xe0, 0xf, 0xf, 0x0,
    0x78, 0x3c, 0x7, 0x81, 0xe0, 0x3c, 0xf, 0x1,
    0xe0, 0x3c, 0x1e, 0x1, 0xe0, 0xf0, 0xf, 0x7,
    0x80, 0x3c, 0x78, 0x1, 0xe3, 0xc0, 0x7, 0xbe,
    0x0, 0x3d, 0xe0, 0x1, 0xef, 0x0, 0x7, 0x80,

    /* U+005F "_" */
    0xff, 0xff, 0xff, 0xff, 0xff, 0xff, 0xff, 0xff,
    0xff, 0xff, 0xff, 0xff, 0xf0,

    /* U+0060 "`" */
    0x78, 0x3f, 0x7, 0xc0, 0xf8, 0x3e, 0x7, 0xc1,
    0xf0, 0x3e, 0xf, 0x81, 0xe0,

    /* U+0061 "a" */
    0x7f, 0xff, 0xfe, 0x7, 0xff, 0xff, 0xf8, 0x7f,
    0xff, 0xff, 0xe7, 0xff, 0xff, 0xfe, 0x0, 0x0,
    0xf, 0xf0, 0x0, 0x0, 0x3f, 0x0, 0x0, 0x3,
    0xf0, 0x0, 0x0, 0x3f, 0x0, 0x0, 0x3, 0xf1,
    0xff, 0xff, 0xff, 0x7f, 0xff, 0xff, 0xff, 0xff,
    0xff, 0xff, 0xfe, 0x0, 0x3, 0xff, 0xc0, 0x0,
    0x3f, 0xfc, 0x0, 0x3, 0xff, 0xc0, 0x0, 0x3f,
    0xfc, 0x0, 0x3, 0xff, 0xe0, 0x0, 0x3f, 0xff,
    0xff, 0xff, 0xf7, 0xff, 0xff, 0xff, 0x7f, 0xff,
    0xff, 0xf1, 0xff, 0xff, 0xfe,

    /* U+0062 "b" */
    0xfc, 0x0, 0x0, 0x3, 0xf0, 0x0, 0x0, 0xf,
    0xc0, 0x0, 0x0, 0x3f, 0x0, 0x0, 0x0, 0xfc,
    0x0, 0x0, 0x3, 0xf0, 0x0, 0x0, 0xf, 0xc0,
    0x0, 0x0, 0x3f, 0x0, 0x0, 0x0, 0xff, 0xff,
    0xff, 0x83, 0xff, 0xff, 0xff, 0x8f, 0xff, 0xff,
    0xff, 0xbf, 0xff, 0xff, 0xfe, 0xfc, 0x0, 0x3,
    0xff, 0xf0, 0x0, 0x7, 0xff, 0xc0, 0x0, 0xf,
    0xff, 0x0, 0x0, 0x3f, 0xfc, 0x0, 0x0, 0xff,
    0xf0, 0x0, 0x3, 0xff, 0xc0, 0x0, 0xf, 0xff,
    0x0, 0x0, 0x3f, 0xfc, 0x0, 0x0, 0xff, 0xf0,
    0x0, 0x3, 0xff, 0xc0, 0x0, 0xf, 0xff, 0x0,
    0x0, 0x3f, 0xfe, 0x0, 0x1, 0xff, 0xfc, 0x0,
    0xf, 0xf7, 0xff, 0xff, 0xff, 0x9f, 0xff, 0xff,
    0xfe, 0x3f, 0xff, 0xff, 0xe0, 0x1f, 0xff, 0xfe,
    0x0,

    /* U+0063 "c" */
    0x7, 0xff, 0xff, 0xc3, 0xff, 0xff, 0xfd, 0xff,
    0xff, 0xff, 0xbf, 0xff, 0xff, 0xef, 0xf0, 0x0,
    0x1, 0xfc, 0x0, 0x0, 0x3f, 0x0, 0x0, 0x7,
    0xe0, 0x0, 0x0, 0xfc, 0x0, 0x0, 0x1f, 0x80,
    0x0, 0x3, 0xf0, 0x0, 0x0, 0x7e, 0x0, 0x0,
    0xf, 0xc0, 0x0, 0x1, 0xf8, 0x0, 0x0, 0x3f,
    0x0, 0x0, 0x7, 0xe0, 0x0, 0x0, 0xfe, 0x0,
    0x0, 0x1f, 0xe0, 0x0, 0x1, 0xff, 0xff, 0xff,
    0x3f, 0xff, 0xff, 0xf3, 0xff, 0xff, 0xfe, 0xf,
    0xff, 0xff, 0x80,

    /* U+0064 "d" */
    0x0, 0x0, 0x0, 0xfc, 0x0, 0x0, 0x3, 0xf0,
    0x0, 0x0, 0xf, 0xc0, 0x0, 0x0, 0x3f, 0x0,
    0x0, 0x0, 0xfc, 0x0, 0x0, 0x3, 0xf0, 0x0,
    0x0, 0xf, 0xc0, 0x0, 0x0, 0x3f, 0x7, 0xff,
    0xff, 0xfc, 0x7f, 0xff, 0xff, 0xf7, 0xff, 0xff,
    0xff, 0xdf, 0xff, 0xff, 0xff, 0xff, 0x0, 0x0,
    0xff, 0xf8, 0x0, 0x3, 0xff, 0xc0, 0x0, 0xf,
    0xff, 0x0, 0x0, 0x3f, 0xfc, 0x0, 0x0, 0xff,
    0xf0, 0x0, 0x3, 0xff, 0xc0, 0x0, 0xf, 0xff,
    0x0, 0x0, 0x3f, 0xfc, 0x0, 0x0, 0xff, 0xf0,
    0x0, 0x3, 0xff, 0xc0, 0x0, 0xf, 0xff, 0x0,
    0x0, 0x3f, 0xfe, 0x0, 0x1, 0xff, 0xfc, 0x0,
    0xf, 0xf7, 0xff, 0xff, 0xff, 0x9f, 0xff, 0xff,
    0xfe, 0x3f, 0xff, 0xff, 0xe0, 0x1f, 0xff, 0xfe,
    0x0,

    /* U+0065 "e" */
    0x7, 0xff, 0xff, 0x81, 0xff, 0xff, 0xfe, 0x7f,
    0xff, 0xff, 0xe7, 0xff, 0xff, 0xff, 0xfe, 0x0,
    0x7, 0xff, 0xc0, 0x0, 0x3f, 0xfc, 0x0, 0x3,
    0xff, 0xc0, 0x0, 0x3f, 0xfc, 0x0, 0x3, 0xff,
    0xff, 0xff, 0xff, 0xff, 0xff, 0xff, 0xff, 0xff,
    0xff, 0xfe, 0xfc, 0x0, 0x0, 0xf, 0xc0, 0x0,
    0x0, 0xfc, 0x0, 0x0, 0xf, 0xc0, 0x0, 0x0,
    0xfe, 0x0, 0x0, 0xf, 0xf0, 0x0, 0x0, 0x7f,
    0xff, 0xff, 0xe7, 0xff, 0xff, 0xfe, 0x3f, 0xff,
    0xff, 0xe0, 0x7f, 0xff, 0xfe,

    /* U+0066 "f" */
    0x0, 0xff, 0xc0, 0xff, 0xf0, 0x7f, 0xfc, 0x3f,
    0xff, 0xf, 0xe0, 0x3, 0xf0, 0x0, 0xfc, 0x0,
    0x3f, 0x0, 0xff, 0xff, 0xff, 0xff, 0xff, 0xff,
    0xff, 0xff, 0xff, 0xf, 0xc0, 0x3, 0xf0, 0x0,
    0xfc, 0x0, 0x3f, 0x0, 0xf, 0xc0, 0x3, 0xf0,
    0x0, 0xfc, 0x0, 0x3f, 0x0, 0xf, 0xc0, 0x3,
    0xf0, 0x0, 0xfc, 0x0, 0x3f, 0x0, 0xf, 0xc0,
    0x3, 0xf0, 0x0, 0xfc, 0x0, 0x3f, 0x0, 0xf,
    0xc0, 0x3, 0xf0, 0x0,

    /* U+0067 "g" */
    0x7, 0xff, 0xff, 0x80, 0xff, 0xff, 0xff, 0x87,
    0xff, 0xff, 0xff, 0x9f, 0xff, 0xff, 0xfe, 0xfe,
    0x0, 0x1, 0xff, 0xf0, 0x0, 0x3, 0xff, 0xc0,
    0x0, 0xf, 0xff, 0x0, 0x0, 0x3f, 0xfc, 0x0,
    0x0, 0xff, 0xf0, 0x0, 0x3, 0xff, 0xc0, 0x0,
    0xf, 0xff, 0x0, 0x0, 0x3f, 0xfc, 0x0, 0x0,
    0xff, 0xf0, 0x0, 0x3, 0xff, 0xc0, 0x0, 0xf,
    0xff, 0x80, 0x0, 0x3f, 0x7f, 0xff, 0xff, 0xfd,
    0xff, 0xff, 0xff, 0xf3, 0xff, 0xff, 0xff, 0xc1,
    0xff, 0xff, 0xff, 0x0, 0x0, 0x0, 0xfc, 0x0,
    0x0, 0x3, 0xf0, 0x0, 0x0, 0xf, 0xc0, 0x0,
    0x0, 0x3f, 0x0, 0x0, 0x0, 0xfc, 0x0, 0x0,
    0x7, 0xf0, 0x0, 0x0, 0x3f, 0xdf, 0xff, 0xff,
    0xfe, 0x7f, 0xff, 0xff, 0xf9, 0xff, 0xff, 0xff,
    0x87, 0xff, 0xff, 0xf8, 0x0,

    /* U+0068 "h" */
    0xfc, 0x0, 0x0, 0x3, 0xf0, 0x0, 0x0, 0xf,
    0xc0, 0x0, 0x0, 0x3f, 0x0, 0x0, 0x0, 0xfc,
    0x0, 0x0, 0x3, 0xf0, 0x0, 0x0, 0xf, 0xc0,
    0x0, 0x0, 0x3f, 0x0, 0x0, 0x0, 0xff, 0xff,
    0xff, 0x83, 0xff, 0xff, 0xff, 0x8f, 0xff, 0xff,
    0xff, 0xbf, 0xff, 0xff, 0xfe, 0xfc, 0x0, 0x1,
    0xff, 0xf0, 0x0, 0x3, 0xff, 0xc0, 0x0, 0xf,
    0xff, 0x0, 0x0, 0x3f, 0xfc, 0x0, 0x0, 0xff,
    0xf0, 0x0, 0x3, 0xff, 0xc0, 0x0, 0xf, 0xff,
    0x0, 0x0, 0x3f, 0xfc, 0x0, 0x0, 0xff, 0xf0,
    0x0, 0x3, 0xff, 0xc0, 0x0, 0xf, 0xff, 0x0,
    0x0, 0x3f, 0xfc, 0x0, 0x0, 0xff, 0xf0, 0x0,
    0x3, 0xff, 0xc0, 0x0, 0xf, 0xff, 0x0, 0x0,
    0x3f, 0xfc, 0x0, 0x0, 0xff, 0xf0, 0x0, 0x3,
    0xf0,

    /* U+0069 "i" */
    0xff, 0xff, 0xff, 0x0, 0x0, 0x0, 0xff, 0xff,
    0xff, 0xff, 0xff, 0xff, 0xff, 0xff, 0xff, 0xff,
    0xff, 0xff, 0xff, 0xff, 0xff, 0xff, 0xf0,

    /* U+006A "j" */
    0x0, 0xfc, 0x3, 0xf0, 0xf, 0xc0, 0x3f, 0x0,
    0x0, 0x0, 0x0, 0x0, 0x0, 0x0, 0x0, 0xfc,
    0x3, 0xf0, 0xf, 0xc0, 0x3f, 0x0, 0xfc, 0x3,
    0xf0, 0xf, 0xc0, 0x3f, 0x0, 0xfc, 0x3, 0xf0,
    0xf, 0xc0, 0x3f, 0x0, 0xfc, 0x3, 0xf0, 0xf,
    0xc0, 0x3f, 0x0, 0xfc, 0x3, 0xf0, 0xf, 0xc0,
    0x3f, 0x0, 0xfc, 0x3, 0xf0, 0xf, 0xc0, 0x3f,
    0x0, 0xfc, 0x3, 0xf0, 0x1f, 0xdf, 0xfe, 0xff,
    0xfb, 0xff, 0xc7, 0xf8, 0x0,

    /* U+006B "k" */
    0xfc, 0x0, 0x0, 0x7, 0xe0, 0x0, 0x0, 0x3f,
    0x0, 0x0, 0x1, 0xf8, 0x0, 0x0, 0xf, 0xc0,
    0x0, 0x0, 0x7e, 0x0, 0x0, 0x3, 0xf0, 0x0,
    0x0, 0x1f, 0x80, 0x0, 0x0, 0xfc, 0x0, 0x3,
    0xf7, 0xe0, 0x0, 0x3f, 0xbf, 0x0, 0x1, 0xf9,
    0xf8, 0x0, 0x1f, 0x8f, 0xc0, 0x1, 0xf8, 0x7e,
    0x0, 0x1f, 0xc3, 0xf0, 0x0, 0xfc, 0x1f, 0x80,
    0xf, 0xc0, 0xfc, 0x0, 0xfe, 0x7, 0xff, 0xff,
    0xe0, 0x3f, 0xff, 0xfe, 0x1, 0xff, 0xff, 0xf0,
    0xf, 0xff, 0xff, 0xc0, 0x7e, 0x0, 0x7f, 0x3,
    0xf0, 0x0, 0xfc, 0x1f, 0x80, 0x7, 0xf0, 0xfc,
    0x0, 0x1f, 0x87, 0xe0, 0x0, 0x7e, 0x3f, 0x0,
    0x3, 0xf9, 0xf8, 0x0, 0xf, 0xef, 0xc0, 0x0,
    0x3f, 0x7e, 0x0, 0x0, 0xfc,

    /* U+006C "l" */
    0xff, 0xff, 0xff, 0xff, 0xff, 0xff, 0xff, 0xff,
    0xff, 0xff, 0xff, 0xff, 0xff, 0xff, 0xff, 0xff,
    0xff, 0xff, 0xff, 0xff, 0xff, 0xff, 0xf0,

    /* U+006D "m" */
    0x7, 0xff, 0xff, 0xff, 0xe0, 0x1f, 0xff, 0xff,
    0xff, 0xf8, 0x7f, 0xff, 0xff, 0xff, 0xfe, 0x7f,
    0xff, 0xff, 0xff, 0xfe, 0xff, 0x0, 0x7e, 0x0,
    0x7f, 0xfe, 0x0, 0x7e, 0x0, 0x3f, 0xfc, 0x0,
    0x7e, 0x0, 0x3f, 0xfc, 0x0, 0x7e, 0x0, 0x3f,
    0xfc, 0x0, 0x7e, 0x0, 0x3f, 0xfc, 0x0, 0x7e,
    0x0, 0x3f, 0xfc, 0x0, 0x7e, 0x0, 0x3f, 0xfc,
    0x0, 0x7e, 0x0, 0x3f, 0xfc, 0x0, 0x7e, 0x0,
    0x3f, 0xfc, 0x0, 0x7e, 0x0, 0x3f, 0xfc, 0x0,
    0x7e, 0x0, 0x3f, 0xfc, 0x0, 0x7e, 0x0, 0x3f,
    0xfc, 0x0, 0x7e, 0x0, 0x3f, 0xfc, 0x0, 0x7e,
    0x0, 0x3f, 0xfc, 0x0, 0x7e, 0x0, 0x3f, 0xfc,
    0x0, 0x7e, 0x0, 0x3f, 0xfc, 0x0, 0x7e, 0x0,
    0x3f, 0xfc, 0x0, 0x7e, 0x0, 0x3f,

    /* U+006E "n" */
    0x7, 0xff, 0xff, 0xc0, 0x3f, 0xff, 0xff, 0xe1,
    0xff, 0xff, 0xff, 0xe3, 0xff, 0xff, 0xff, 0xef,
    0xf0, 0x0, 0xf, 0xff, 0xc0, 0x0, 0xf, 0xff,
    0x0, 0x0, 0x1f, 0xfe, 0x0, 0x0, 0x3f, 0xfc,
    0x0, 0x0, 0x7f, 0xf8, 0x0, 0x0, 0xff, 0xf0,
    0x0, 0x1, 0xff, 0xe0, 0x0, 0x3, 0xff, 0xc0,
    0x0, 0x7, 0xff, 0x80, 0x0, 0xf, 0xff, 0x0,
    0x0, 0x1f, 0xfe, 0x0, 0x0, 0x3f, 0xfc, 0x0,
    0x0, 0x7f, 0xf8, 0x0, 0x0, 0xff, 0xf0, 0x0,
    0x1, 0xff, 0xe0, 0x0, 0x3, 0xff, 0xc0, 0x0,
    0x7, 0xff, 0x80, 0x0, 0xf, 0xc0,

    /* U+006F "o" */
    0x7, 0xff, 0xff, 0xc0, 0x3f, 0xff, 0xff, 0xe1,
    0xff, 0xff, 0xff, 0xe3, 0xff, 0xff, 0xff, 0xef,
    0xf0, 0x0, 0x1f, 0xff, 0xc0, 0x0, 0x1f, 0xff,
    0x0, 0x0, 0x1f, 0xfe, 0x0, 0x0, 0x3f, 0xfc,
    0x0, 0x0, 0x7f, 0xf8, 0x0, 0x0, 0xff, 0xf0,
    0x0, 0x1, 0xff, 0xe0, 0x0, 0x3, 0xff, 0xc0,
    0x0, 0x7, 0xff, 0x80, 0x0, 0xf, 0xff, 0x0,
    0x0, 0x1f, 0xfe, 0x0, 0x0, 0x3f, 0xfe, 0x0,
    0x0, 0xff, 0xfe, 0x0, 0x3, 0xfd, 0xff, 0xff,
    0xff, 0xf3, 0xff, 0xff, 0xff, 0xe1, 0xff, 0xff,
    0xff, 0x0, 0xff, 0xff, 0xf8, 0x0,

    /* U+0070 "p" */
    0x7, 0xff, 0xff, 0x80, 0x7f, 0xff, 0xff, 0x87,
    0xff, 0xff, 0xff, 0x9f, 0xff, 0xff, 0xfe, 0xff,
    0x0, 0x3, 0xff, 0xf8, 0x0, 0x7, 0xff, 0xc0,
    0x0, 0xf, 0xff, 0x0, 0x0, 0x3f, 0xfc, 0x0,
    0x0, 0xff, 0xf0, 0x0, 0x3, 0xff, 0xc0, 0x0,
    0xf, 0xff, 0x0, 0x0, 0x3f, 0xfc, 0x0, 0x0,
    0xff, 0xf0, 0x0, 0x3, 0xff, 0xc0, 0x0, 0xf,
    0xff, 0x0, 0x0, 0x3f, 0xfc, 0x0, 0x1, 0xff,
    0xf0, 0x0, 0xf, 0xff, 0xff, 0xff, 0xff, 0xbf,
    0xff, 0xff, 0xfe, 0xff, 0xff, 0xff, 0xf3, 0xff,
    0xff, 0xfe, 0xf, 0xc0, 0x0, 0x0, 0x3f, 0x0,
    0x0, 0x0, 0xfc, 0x0, 0x0, 0x3, 0xf0, 0x0,
    0x0, 0xf, 0xc0, 0x0, 0x0, 0x3f, 0x0, 0x0,
    0x0, 0xfc, 0x0, 0x0, 0x3, 0xf0, 0x0, 0x0,
    0xf, 0xc0, 0x0, 0x0, 0x0,

    /* U+0071 "q" */
    0x7, 0xff, 0xff, 0x80, 0x7f, 0xff, 0xff, 0x87,
    0xff, 0xff, 0xff, 0x9f, 0xff, 0xff, 0xfe, 0xff,
    0x0, 0x3, 0xff, 0xf8, 0x0, 0x7, 0xff, 0xc0,
    0x0, 0xf, 0xff, 0x0, 0x0, 0x3f, 0xfc, 0x0,
    0x0, 0xff, 0xf0, 0x0, 0x3, 0xff, 0xc0, 0x0,
    0xf, 0xff, 0x0, 0x0, 0x3f, 0xfc, 0x0, 0x0,
    0xff, 0xf0, 0x0, 0x3, 0xff, 0xc0, 0x0, 0xf,
    0xff, 0x0, 0x0, 0x3f, 0xfe, 0x0, 0x0, 0xff,
    0xfc, 0x0, 0x3, 0xf7, 0xff, 0xff, 0xff, 0xdf,
    0xff, 0xff, 0xff, 0x3f, 0xff, 0xff, 0xfc, 0x1f,
    0xff, 0xff, 0xf0, 0x0, 0x0, 0xf, 0xc0, 0x0,
    0x0, 0x3f, 0x0, 0x0, 0x0, 0xfc, 0x0, 0x0,
    0x3, 0xf0, 0x0, 0x0, 0xf, 0xc0, 0x0, 0x0,
    0x3f, 0x0, 0x0, 0x0, 0xfc, 0x0, 0x0, 0x3,
    0xf0, 0x0, 0x0, 0xf, 0xc0,

    /* U+0072 "r" */
    0x7, 0xff, 0xf8, 0x7f, 0xff, 0xf7, 0xff, 0xff,
    0xdf, 0xff, 0xfe, 0xff, 0x0, 0x3, 0xf8, 0x0,
    0xf, 0xc0, 0x0, 0x3f, 0x0, 0x0, 0xfc, 0x0,
    0x3, 0xf0, 0x0, 0xf, 0xc0, 0x0, 0x3f, 0x0,
    0x0, 0xfc, 0x0, 0x3, 0xf0, 0x0, 0xf, 0xc0,
    0x0, 0x3f, 0x0, 0x0, 0xfc, 0x0, 0x3, 0xf0,
    0x0, 0xf, 0xc0, 0x0, 0x3f, 0x0, 0x0, 0xfc,
    0x0, 0x3, 0xf0, 0x0, 0x0,

    /* U+0073 "s" */
    0x1f, 0xff, 0xff, 0xe7, 0xff, 0xff, 0xfe, 0x7f,
    0xff, 0xff, 0xef, 0xff, 0xff, 0xfe, 0xfe, 0x0,
    0x0, 0xf, 0xc0, 0x0, 0x0, 0xfc, 0x0, 0x0,
    0xf, 0xc0, 0x0, 0x0, 0xfe, 0x0, 0x0, 0xf,
    0xff, 0xff, 0xf8, 0x7f, 0xff, 0xff, 0xe7, 0xff,
    0xff, 0xfe, 0x1f, 0xff, 0xff, 0xf0, 0x0, 0x0,
    0x3f, 0x0, 0x0, 0x3, 0xf0, 0x0, 0x0, 0x3f,
    0x0, 0x0, 0x3, 0xf0, 0x0, 0x0, 0x3f, 0xff,
    0xff, 0xff, 0xff, 0xff, 0xff, 0xfe, 0xff, 0xff,
    0xff, 0xef, 0xff, 0xff, 0xf8,

    /* U+0074 "t" */
    0xf, 0xc0, 0x3, 0xf0, 0x0, 0xfc, 0x0, 0x3f,
    0x0, 0xf, 0xc0, 0x3, 0xf0, 0xf, 0xff, 0xff,
    0xff, 0xff, 0xff, 0xff, 0xff, 0xff, 0xf0, 0xfc,
    0x0, 0x3f, 0x0, 0xf, 0xc0, 0x3, 0xf0, 0x0,
    0xfc, 0x0, 0x3f, 0x0, 0xf, 0xc0, 0x3, 0xf0,
    0x0, 0xfc, 0x0, 0x3f, 0x0, 0xf, 0xc0, 0x3,
    0xf0, 0x0, 0xfc, 0x0, 0x3f, 0x80, 0x7, 0xff,
    0xc1, 0xff, 0xf0, 0x3f, 0xfc, 0x3, 0xff,

    /* U+0075 "u" */
    0xfc, 0x0, 0x0, 0xff, 0xf0, 0x0, 0x3, 0xff,
    0xc0, 0x0, 0xf, 0xff, 0x0, 0x0, 0x3f, 0xfc,
    0x0, 0x0, 0xff, 0xf0, 0x0, 0x3, 0xff, 0xc0,
    0x0, 0xf, 0xff, 0x0, 0x0, 0x3f, 0xfc, 0x0,
    0x0, 0xff, 0xf0, 0x0, 0x3, 0xff, 0xc0, 0x0,
    0xf, 0xff, 0x0, 0x0, 0x3f, 0xfc, 0x0, 0x0,
    0xff, 0xf0, 0x0, 0x3, 0xff, 0xc0, 0x0, 0xf,
    0xff, 0x0, 0x0, 0x3f, 0xfc, 0x0, 0x1, 0xff,
    0xf8, 0x0, 0xf, 0xf7, 0xff, 0xff, 0xff, 0x9f,
    0xff, 0xff, 0xfe, 0x3f, 0xff, 0xff, 0xe0, 0x1f,
    0xff, 0xfe, 0x0,

    /* U+0076 "v" */
    0x7e, 0x0, 0x0, 0x1f, 0xbf, 0x0, 0x0, 0x1f,
    0x8f, 0xc0, 0x0, 0xf, 0xc7, 0xe0, 0x0, 0xf,
    0xc1, 0xf8, 0x0, 0xf, 0xe0, 0xfc, 0x0, 0x7,
    0xe0, 0x3f, 0x0, 0x7, 0xe0, 0x1f, 0xc0, 0x3,
    0xf0, 0x7, 0xe0, 0x3, 0xf0, 0x1, 0xf8, 0x1,
    0xf8, 0x0, 0xfc, 0x1, 0xf8, 0x0, 0x3f, 0x0,
    0xfc, 0x0, 0x1f, 0x80, 0xfc, 0x0, 0x7, 0xe0,
    0x7c, 0x0, 0x3, 0xf0, 0x7e, 0x0, 0x0, 0xfc,
    0x7e, 0x0, 0x0, 0x3e, 0x3f, 0x0, 0x0, 0x1f,
    0xbf, 0x0, 0x0, 0x7, 0xff, 0x80, 0x0, 0x3,
    0xff, 0x80, 0x0, 0x0, 0xff, 0x80, 0x0, 0x0,
    0x3f, 0x80, 0x0,

    /* U+0077 "w" */
    0xfc, 0x0, 0x3f, 0xc0, 0x1, 0xff, 0xe0, 0x1,
    0xff, 0x0, 0x1f, 0xff, 0x0, 0x1f, 0xf8, 0x0,
    0xfc, 0xfc, 0x0, 0xff, 0xe0, 0x7, 0xe7, 0xe0,
    0xf, 0xdf, 0x0, 0x3f, 0x3f, 0x0, 0x7c, 0xf8,
    0x3, 0xf0, 0xfc, 0x3, 0xe7, 0xe0, 0x1f, 0x87,
    0xe0, 0x3f, 0x1f, 0x0, 0xfc, 0x3f, 0x1, 0xf0,
    0xf8, 0xf, 0xc1, 0xfc, 0xf, 0x83, 0xe0, 0x7e,
    0x7, 0xe0, 0xfc, 0x1f, 0x3, 0xf0, 0x3f, 0x7,
    0xc0, 0xf8, 0x3f, 0x1, 0xf8, 0x3e, 0x3, 0xe1,
    0xf8, 0x7, 0xe3, 0xf0, 0x1f, 0xf, 0xc0, 0x3f,
    0x1f, 0x0, 0xf8, 0x7c, 0x1, 0xf8, 0xf8, 0x3,
    0xe7, 0xe0, 0x7, 0xef, 0xc0, 0x1f, 0x3f, 0x0,
    0x3f, 0x7c, 0x0, 0xfd, 0xf0, 0x1, 0xff, 0xe0,
    0x3, 0xff, 0x80, 0x7, 0xfe, 0x0, 0x1f, 0xfc,
    0x0, 0x3f, 0xf0, 0x0, 0xff, 0xc0, 0x0, 0xff,
    0x0, 0x3, 0xfe, 0x0,

    /* U+0078 "x" */
    0x7e, 0x0, 0x1, 0xfd, 0xfe, 0x0, 0xf, 0xe3,
    0xfc, 0x0, 0x7f, 0x7, 0xf8, 0x3, 0xf8, 0x7,
    0xf0, 0x1f, 0xc0, 0xf, 0xe0, 0xfe, 0x0, 0x1f,
    0xc7, 0xf0, 0x0, 0x3f, 0xbf, 0x80, 0x0, 0x7f,
    0xf8, 0x0, 0x0, 0xff, 0xc0, 0x0, 0x1, 0xfe,
    0x0, 0x0, 0xf, 0xf8, 0x0, 0x0, 0x7f, 0xf8,
    0x0, 0x3, 0xff, 0xf0, 0x0, 0x1f, 0xdf, 0xe0,
    0x0, 0xfe, 0x1f, 0xc0, 0x7, 0xf0, 0x3f, 0x80,
    0x3f, 0x0, 0x7f, 0x1, 0xf8, 0x0, 0xfe, 0x1f,
    0xc0, 0x1, 0xfc, 0xfe, 0x0, 0x3, 0xfb, 0xf0,
    0x0, 0x7, 0xf0,

    /* U+0079 "y" */
    0xfc, 0x0, 0x0, 0x7f, 0xfc, 0x0, 0x0, 0xfd,
    0xf8, 0x0, 0x3, 0xf3, 0xf8, 0x0, 0x7, 0xe3,
    0xf0, 0x0, 0x1f, 0x87, 0xf0, 0x0, 0x7f, 0x7,
    0xe0, 0x0, 0xfc, 0x7, 0xe0, 0x3, 0xf8, 0xf,
    0xe0, 0x7, 0xe0, 0xf, 0xc0, 0x1f, 0x80, 0x1f,
    0xc0, 0x7f, 0x0, 0x1f, 0x80, 0xfc, 0x0, 0x3f,
    0x83, 0xf8, 0x0, 0x3f, 0x7, 0xe0, 0x0, 0x7f,
    0x1f, 0xc0, 0x0, 0x7f, 0x3f, 0x0, 0x0, 0x7e,
    0xfc, 0x0, 0x0, 0xff, 0xf8, 0x0, 0x0, 0xff,
    0xe0, 0x0, 0x1, 0xff, 0xc0, 0x0, 0x1, 0xff,
    0x0, 0x0, 0x1, 0xfe, 0x0, 0x0, 0x1, 0xf8,
    0x0, 0x0, 0x7, 0xf0, 0x0, 0x0, 0xf, 0xc0,
    0x0, 0x0, 0x3f, 0x0, 0x0, 0x0, 0x7e, 0x0,
    0x0, 0x1f, 0xf8, 0x0, 0x0, 0x3f, 0xf0, 0x0,
    0x0, 0x7f, 0xc0, 0x0, 0x0, 0xfe, 0x0, 0x0,
    0x0,

    /* U+007A "z" */
    0xff, 0xff, 0xff, 0xbf, 0xff, 0xff, 0xff, 0xff,
    0xff, 0xff, 0xff, 0xff, 0xff, 0x0, 0x0, 0xf,
    0xc0, 0x0, 0x7, 0xf0, 0x0, 0x7, 0xfc, 0x0,
    0x7, 0xff, 0x0, 0xf, 0xff, 0x80, 0xf, 0xff,
    0x0, 0xf, 0xff, 0x0, 0xf, 0xff, 0x0, 0xf,
    0xff, 0x0, 0x1f, 0xff, 0x0, 0xf, 0xfe, 0x0,
    0x3, 0xfe, 0x0, 0x0, 0xfe, 0x0, 0x0, 0x3f,
    0x0, 0x0, 0xf, 0xff, 0xff, 0xff, 0xff, 0xff,
    0xff, 0xff, 0xff, 0xff, 0xdf, 0xff, 0xff, 0xf0,

    /* U+007B "{" */
    0x0, 0x7e, 0x3, 0xfc, 0xf, 0xf8, 0x1f, 0xf0,
    0x7c, 0x0, 0xf0, 0x1, 0xe0, 0x3, 0xc0, 0x7,
    0x80, 0xf, 0x0, 0x1e, 0x0, 0x3c, 0x0, 0x78,
    0x0, 0xf0, 0x1, 0xe0, 0x3, 0xc0, 0x7, 0x80,
    0xf, 0x0, 0x1e, 0x0, 0x3c, 0x0, 0xf8, 0xf,
    0xe0, 0x3f, 0xc0, 0x7f, 0x80, 0x7f, 0x0, 0x1f,
    0x0, 0x1e, 0x0, 0x3c, 0x0, 0x78, 0x0, 0xf0,
    0x1, 0xe0, 0x3, 0xc0, 0x7, 0x80, 0xf, 0x0,
    0x1e, 0x0, 0x3c, 0x0, 0x78, 0x0, 0xf0, 0x1,
    0xe0, 0x3, 0xc0, 0x7, 0xc0, 0xf, 0xfc, 0xf,
    0xf8, 0xf, 0xf0, 0xf, 0xe0,

    /* U+007C "|" */
    0xff, 0xff, 0xff, 0xff, 0xff, 0xff, 0xff, 0xff,
    0xff, 0xff, 0xff, 0xff, 0xff, 0xff, 0xff, 0xff,
    0xff, 0xff, 0xff,

    /* U+007D "}" */
    0xfc, 0x1, 0xfe, 0x3, 0xfe, 0x7, 0xfc, 0x0,
    0x7c, 0x0, 0x78, 0x0, 0xf0, 0x1, 0xe0, 0x3,
    0xc0, 0x7, 0x80, 0xf, 0x0, 0x1e, 0x0, 0x3c,
    0x0, 0x78, 0x0, 0xf0, 0x1, 0xe0, 0x3, 0xc0,
    0x7, 0x80, 0xf, 0x0, 0x1e, 0x0, 0x3e, 0x0,
    0x3f, 0x80, 0x7f, 0x80, 0xff, 0x1, 0xfc, 0x7,
    0x80, 0xf, 0x0, 0x1e, 0x0, 0x3c, 0x0, 0x78,
    0x0, 0xf0, 0x1, 0xe0, 0x3, 0xc0, 0x7, 0x80,
    0xf, 0x0, 0x1e, 0x0, 0x3c, 0x0, 0x78, 0x0,
    0xf0, 0x1, 0xe0, 0x7, 0xc1, 0xff, 0x3, 0xfe,
    0x7, 0xf8, 0xf, 0xc0, 0x0,

    /* U+007E "~" */
    0x3f, 0x0, 0x7, 0xff, 0x0, 0xff, 0xfe, 0xf,
    0xc1, 0xff, 0xfc, 0x3, 0xff, 0x80, 0x3, 0xf0,

    /* U+00A0 " " */
    0x0,

    /* U+00A1 "¡" */
    0xff, 0xff, 0xff, 0x0, 0x0, 0x0, 0x1, 0xe7,
    0x9e, 0x7d, 0xf7, 0xdf, 0x7d, 0xf7, 0xdf, 0x7d,
    0xff, 0xff, 0xff, 0xff, 0xff, 0xfc,

    /* U+00A2 "¢" */
    0x0, 0x3, 0x80, 0x0, 0x0, 0x70, 0x0, 0x0,
    0xe, 0x0, 0x0, 0x1, 0xc0, 0x0, 0x0, 0x38,
    0x0, 0xf, 0xff, 0xff, 0xc7, 0xff, 0xff, 0xfb,
    0xff, 0xff, 0xff, 0x7f, 0xff, 0xff, 0xff, 0xe0,
    0x70, 0x3, 0xf8, 0xe, 0x0, 0x7e, 0x1, 0xc0,
    0xf, 0xc0, 0x38, 0x1, 0xf8, 0x7, 0x0, 0x3f,
    0x0, 0xe0, 0x7, 0xe0, 0x1c, 0x0, 0xfc, 0x3,
    0x80, 0x1f, 0x80, 0x70, 0x3, 0xf0, 0xe, 0x0,
    0x7e, 0x1, 0xc0, 0xf, 0xc0, 0x38, 0x1, 0xf8,
    0x7, 0x0, 0x3f, 0x80, 0xe0, 0x7, 0xf8, 0x1c,
    0x0, 0x7f, 0xff, 0xff, 0xef, 0xff, 0xff, 0xfc,
    0x7f, 0xff, 0xff, 0x83, 0xff, 0xff, 0xf0, 0x0,
    0x38, 0x0, 0x0, 0x7, 0x0, 0x0, 0x0, 0xe0,
    0x0, 0x0, 0x1c, 0x0, 0x0, 0x3, 0x80, 0x0,

    /* U+00A3 "£" */
    0x0, 0x7f, 0xff, 0x1, 0xff, 0xff, 0x3, 0xff,
    0xff, 0x3, 0xff, 0xff, 0x7, 0xf0, 0x0, 0x7,
    0xe0, 0x0, 0x7, 0xe0, 0x0, 0x7, 0xe0, 0x0,
    0x7, 0xe0, 0x0, 0x7, 0xe0, 0x0, 0x7, 0xe0,
    0x0, 0x7, 0xe0, 0x0, 0xff, 0xff, 0xf0, 0xff,
    0xff, 0xf0, 0xff, 0xff, 0xf0, 0x7, 0xe0, 0x0,
    0x7, 0xe0, 0x0, 0x7, 0xe0, 0x0, 0x7, 0xe0,
    0x0, 0x7, 0xe0, 0x0, 0x7, 0xe0, 0x0, 0x7,
    0xe0, 0x0, 0x7, 0xe0, 0x0, 0x7, 0xe0, 0x0,
    0xff, 0xff, 0xff, 0xff, 0xff, 0xff, 0xff, 0xff,
    0xff, 0xff, 0xff, 0xff,

    /* U+00A4 "¤" */
    0x0, 0x0, 0x0, 0xc, 0x0, 0x0, 0xc7, 0x80,
    0x0, 0x79, 0xff, 0xff, 0xfe, 0x3f, 0xff, 0xff,
    0x7, 0xff, 0xff, 0x81, 0xe0, 0x1, 0xe0, 0x78,
    0x0, 0x78, 0x1e, 0x0, 0x1e, 0x7, 0x80, 0x7,
    0x81, 0xe0, 0x1, 0xe0, 0x78, 0x0, 0x78, 0x1e,
    0x0, 0x1e, 0x7, 0x80, 0x7, 0x81, 0xe0, 0x1,
    0xe0, 0x78, 0x0, 0x78, 0x1e, 0x0, 0x1e, 0x7,
    0x80, 0x7, 0x81, 0xe0, 0x1, 0xe0, 0x7f, 0xff,
    0xf8, 0x3f, 0xff, 0xff, 0x1f, 0xff, 0xff, 0xe7,
    0x80, 0x0, 0x78, 0xc0, 0x0, 0xc, 0x0, 0x0,
    0x0, 0x0,

    /* U+00A5 "¥" */
    0xfc, 0x0, 0x7, 0xef, 0xc0, 0x0, 0xfd, 0xfc,
    0x0, 0x3f, 0x1f, 0xc0, 0xf, 0xc1, 0xf8, 0x1,
    0xf8, 0x1f, 0x80, 0x7e, 0x3, 0xf8, 0x1f, 0x80,
    0x3f, 0x3, 0xf0, 0x3, 0xf0, 0xfc, 0x0, 0x7f,
    0x3f, 0x0, 0x7, 0xf7, 0xe0, 0x0, 0x7f, 0xf8,
    0x0, 0x7, 0xfe, 0x0, 0x7f, 0xff, 0xff, 0xf,
    0xff, 0xff, 0xe1, 0xff, 0xff, 0xfc, 0x0, 0x1f,
    0x80, 0x0, 0x3, 0xf0, 0x0, 0x0, 0x7e, 0x0,
    0x0, 0xf, 0xc0, 0x3, 0xff, 0xff, 0xf8, 0x7f,
    0xff, 0xff, 0xf, 0xff, 0xff, 0xe0, 0x0, 0xfc,
    0x0, 0x0, 0x1f, 0x80, 0x0, 0x3, 0xf0, 0x0,
    0x0, 0x7e, 0x0, 0x0, 0xf, 0xc0, 0x0,

    /* U+00A6 "¦" */
    0xff, 0xff, 0xff, 0xff, 0xff, 0xff, 0xff, 0xff,
    0xf0, 0x0, 0x0, 0xff, 0xff, 0xff, 0xff, 0xff,
    0xff, 0xff, 0xff, 0xf0,

    /* U+00A7 "§" */
    0x7f, 0xff, 0xff, 0xff, 0xff, 0xff, 0xff, 0xff,
    0xff, 0xff, 0xff, 0xff, 0xff, 0xfc, 0x0, 0x0,
    0x3f, 0x80, 0x0, 0xf, 0xf8, 0x0, 0x3, 0xff,
    0x80, 0x0, 0x7f, 0xfc, 0x0, 0x7, 0xff, 0xc0,
    0x0, 0x3f, 0xfc, 0x0, 0x3, 0xff, 0xc0, 0x0,
    0x3f, 0xfc, 0x0, 0x3, 0xff, 0xe0, 0x0, 0x3f,
    0xfc, 0x0, 0x1, 0xff, 0x0, 0x0, 0x1f, 0xc0,
    0x0, 0x3, 0xf7, 0xff, 0xff, 0xff, 0xff, 0xff,
    0xff, 0xff, 0xff, 0xff, 0xff, 0xff, 0xff, 0xef,
    0xc0, 0x0, 0x3, 0xf8, 0x0, 0x0, 0xff, 0xc0,
    0x0, 0x3f, 0xfc, 0x0, 0x3, 0xff, 0xc0, 0x0,
    0x1f, 0xfe, 0x0, 0x1, 0xff, 0xe0, 0x0, 0x1f,
    0xfe, 0x0, 0x0, 0xff, 0xf0, 0x0, 0xf, 0xff,
    0x0, 0x0, 0xff, 0xc0, 0x0, 0x7, 0xf0, 0x0,
    0x0, 0xff, 0xff, 0xff, 0xff, 0xff, 0xff, 0xff,
    0xff, 0xff, 0xff, 0xff, 0xff, 0xff, 0xf8,

    /* U+00A8 "¨" */
    0xfc, 0x1f, 0xfe, 0xf, 0xff, 0x7, 0xff, 0x83,
    0xf0,

    /* U+00A9 "©" */
    0x3, 0xff, 0xff, 0xf0, 0x1, 0xff, 0xff, 0xff,
    0xc0, 0x7f, 0xff, 0xff, 0xfe, 0x1f, 0x0, 0x0,
    0x7, 0xc7, 0x80, 0x0, 0x0, 0x3c, 0xe0, 0x0,
    0x0, 0x3, 0xbc, 0x3, 0xff, 0xe0, 0x7f, 0x1,
    0xff, 0xfc, 0x7, 0xe0, 0x7f, 0xff, 0x80, 0xfc,
    0xf, 0x0, 0x0, 0x1f, 0x81, 0xc0, 0x0, 0x3,
    0xf0, 0x38, 0x0, 0x0, 0x7e, 0x7, 0x0, 0x0,
    0xf, 0xc0, 0xe0, 0x0, 0x1, 0xf8, 0x1c, 0x0,
    0x0, 0x3f, 0x3, 0x80, 0x0, 0x7, 0xe0, 0x70,
    0x0, 0x0, 0xfc, 0xf, 0x0, 0x0, 0x1f, 0x81,
    0xff, 0xfe, 0x3, 0xf0, 0x1f, 0xff, 0xc0, 0x7e,
    0x0, 0xff, 0xf8, 0xf, 0xe0, 0x0, 0x0, 0x3,
    0xdc, 0x0, 0x0, 0x0, 0x73, 0xc0, 0x0, 0x0,
    0x1e, 0x3e, 0x0, 0x0, 0xf, 0x87, 0xff, 0xff,
    0xff, 0xf0, 0x3f, 0xff, 0xff, 0xf8, 0x1, 0xff,
    0xff, 0xfc, 0x0,

    /* U+00AA "ª" */
    0xff, 0xfc, 0xff, 0xfe, 0xff, 0xff, 0x0, 0xf,
    0x0, 0xf, 0x0, 0xf, 0x7f, 0xff, 0xff, 0xff,
    0xff, 0xff, 0xf0, 0xf, 0xf0, 0xf, 0xf0, 0xf,
    0xff, 0xff, 0xff, 0xff, 0x7f, 0xff,

    /* U+00AB "«" */
    0xf, 0x83, 0xe1, 0xe0, 0x78, 0x7c, 0x1f, 0xf,
    0x3, 0xc3, 0xe0, 0xf8, 0x78, 0x1e, 0x1f, 0x7,
    0xc3, 0xc0, 0xf0, 0x78, 0x1e, 0x1e, 0x7, 0x83,
    0xc0, 0xf0, 0x78, 0x1e, 0xf, 0x3, 0xc0, 0xf0,
    0x3c, 0x1e, 0x7, 0x83, 0xe0, 0xf8, 0x3c, 0xf,
    0x7, 0xc1, 0xf0, 0x78, 0x1e, 0xf, 0x83, 0xe0,
    0xf0, 0x3c, 0x1f, 0x7, 0xc0,

    /* U+00AC "¬" */
    0x7f, 0xff, 0xff, 0xff, 0xff, 0xff, 0xff, 0xff,
    0xdf, 0xff, 0xff, 0x0, 0x0, 0x3c, 0x0, 0x0,
    0xf0, 0x0, 0x3, 0xc0, 0x0, 0xf, 0x0, 0x0,
    0x3c, 0x0, 0x0, 0xf0, 0x0, 0x3, 0xc0, 0x0,
    0xf, 0x0, 0x0, 0x3c, 0x0, 0x0, 0xf0, 0x0,
    0x3, 0xc0, 0x0, 0xf, 0x0, 0x0, 0x3c, 0x0,
    0x0, 0xf0, 0x0, 0x3, 0xc0, 0x0, 0xf, 0x0,
    0x0, 0x3c, 0x0, 0x0, 0xf0,

    /* U+00AD "­" */
    0xff, 0xff, 0xff, 0xff, 0xff, 0xff, 0xf0,

    /* U+00AE "®" */
    0x3, 0xff, 0xff, 0xf0, 0x1, 0xff, 0xff, 0xff,
    0xc0, 0x7f, 0xff, 0xff, 0xfe, 0x1f, 0x0, 0x0,
    0x7, 0xc7, 0x80, 0x0, 0x0, 0x3c, 0xe0, 0x0,
    0x0, 0x3, 0xbc, 0x1f, 0xff, 0x80, 0x7f, 0x3,
    0xff, 0xf8, 0x7, 0xe0, 0x7f, 0xff, 0x80, 0xfc,
    0xe, 0x0, 0x70, 0x1f, 0x81, 0xc0, 0xe, 0x3,
    0xf0, 0x38, 0x1, 0xc0, 0x7e, 0x7, 0x0, 0x38,
    0xf, 0xc0, 0xe0, 0x7, 0x1, 0xf8, 0x1f, 0xff,
    0xc0, 0x3f, 0x3, 0xff, 0xf0, 0x7, 0xe0, 0x70,
    0x1e, 0x0, 0xfc, 0xe, 0x1, 0xc0, 0x1f, 0x81,
    0xc0, 0x1c, 0x3, 0xf0, 0x38, 0x3, 0xc0, 0x7e,
    0x7, 0x0, 0x3c, 0xf, 0xe0, 0x0, 0x0, 0x3,
    0xdc, 0x0, 0x0, 0x0, 0x73, 0xc0, 0x0, 0x0,
    0x1e, 0x3e, 0x0, 0x0, 0xf, 0x87, 0xff, 0xff,
    0xff, 0xf0, 0x3f, 0xff, 0xff, 0xf8, 0x1, 0xff,
    0xff, 0xfc, 0x0,

    /* U+00AF "¯" */
    0xff, 0xff, 0xff, 0xff, 0xff, 0xff, 0xff, 0xff,
    0xff, 0xff, 0xf0,

    /* U+00B0 "°" */
    0x1f, 0xfc, 0x3f, 0xff, 0xbf, 0xff, 0xff, 0x1,
    0xff, 0x0, 0x7f, 0x80, 0x3f, 0xc0, 0x1f, 0xe0,
    0xf, 0xf0, 0x7, 0xf8, 0x3, 0xfe, 0x3, 0xff,
    0xff, 0xf7, 0xff, 0xf0, 0xff, 0xe0,

    /* U+00B1 "±" */
    0x0, 0x78, 0x0, 0x3, 0xc0, 0x0, 0x1e, 0x0,
    0x0, 0xf0, 0x0, 0x7, 0x80, 0x0, 0x3c, 0x0,
    0x1, 0xe0, 0x0, 0xf, 0x0, 0x0, 0x78, 0x7,
    0xff, 0xff, 0xff, 0xff, 0xff, 0xff, 0xff, 0xff,
    0xff, 0xff, 0x80, 0x3c, 0x0, 0x1, 0xe0, 0x0,
    0xf, 0x0, 0x0, 0x78, 0x0, 0x3, 0xc0, 0x0,
    0x1e, 0x0, 0x0, 0xf0, 0x0, 0x7, 0x80, 0x0,
    0x0, 0x0, 0x0, 0x0, 0x1f, 0xff, 0xff, 0xff,
    0xff, 0xff, 0xff, 0xff, 0xff, 0xff, 0xfe,

    /* U+00B2 "²" */
    0x7f, 0xfe, 0x3f, 0xff, 0x9f, 0xff, 0xe0, 0x0,
    0xf0, 0x0, 0x78, 0x0, 0x3c, 0xff, 0xfe, 0xff,
    0xfe, 0xff, 0xfe, 0x78, 0x0, 0x3c, 0x0, 0x1e,
    0x0, 0xf, 0xff, 0xff, 0xff, 0xff, 0xff, 0xfe,

    /* U+00B3 "³" */
    0xff, 0xff, 0x7f, 0xff, 0xff, 0xff, 0xe0, 0x0,
    0xf0, 0x0, 0x78, 0x0, 0x3f, 0xff, 0xfd, 0xff,
    0xfe, 0x7f, 0xff, 0x80, 0x3, 0xc0, 0x1, 0xe0,
    0x0, 0xff, 0xff, 0xff, 0xff, 0xff, 0xff, 0xfc,

    /* U+00B4 "´" */
    0x7, 0x83, 0xe1, 0xf8, 0x7c, 0x3f, 0xf, 0x87,
    0xe1, 0xf0, 0x78, 0x3e, 0x0,

    /* U+00B6 "¶" */
    0xf, 0xff, 0x83, 0xe7, 0xff, 0xf8, 0x7d, 0xff,
    0xff, 0xf, 0xff, 0xff, 0xe1, 0xff, 0xc0, 0x7c,
    0x3f, 0xf0, 0xf, 0x87, 0xfe, 0x1, 0xf0, 0xff,
    0xc0, 0x3e, 0x1f, 0xf8, 0x7, 0xc3, 0xff, 0x0,
    0xf8, 0x7f, 0xe0, 0x1f, 0xf, 0xfc, 0x3, 0xe1,
    0xff, 0x80, 0x7c, 0x3f, 0xf0, 0xf, 0x87, 0xff,
    0x1, 0xf0, 0xff, 0xff, 0xfe, 0x1f, 0x7f, 0xff,
    0xc3, 0xe7, 0xff, 0xf8, 0x7c, 0x3f, 0xff, 0xf,
    0x80, 0x3, 0xe1, 0xf0, 0x0, 0x7c, 0x3e, 0x0,
    0xf, 0x87, 0xc0, 0x1, 0xf0, 0xf8, 0x0, 0x3e,
    0x1f, 0x0, 0x7, 0xc3, 0xe0, 0x0, 0xf8, 0x7c,
    0x0, 0x1f, 0xf, 0x80, 0x3, 0xe1, 0xf0, 0x0,
    0x7c, 0x3e, 0x0, 0xf, 0x87, 0xc0, 0x1, 0xf0,
    0xf8, 0x0, 0x3e, 0x1f, 0x0, 0x7, 0xc3, 0xe0,
    0x0, 0xf8, 0x7c, 0x0, 0x1f, 0xf, 0x80, 0x3,
    0xe1, 0xf0, 0x0, 0x7c, 0x3e, 0x0, 0xf, 0x87,
    0xc0, 0x1, 0xf0, 0xf8,

    /* U+00B7 "·" */
    0xff, 0xff, 0xff,

    /* U+00B8 "¸" */
    0x7d, 0xf7, 0xfe, 0xfb, 0xef, 0xbc, 0xf0,

    /* U+00B9 "¹" */
    0xfd, 0xff, 0xf8, 0xf1, 0xe3, 0xc7, 0x8f, 0x1e,
    0x3c, 0x78, 0xf1, 0xe3, 0xc7, 0x80,

    /* U+00BA "º" */
    0x3f, 0xfe, 0x3f, 0xff, 0xbf, 0xff, 0xfe, 0x0,
    0xff, 0x0, 0x7f, 0x80, 0x3f, 0xc0, 0x1f, 0xe0,
    0xf, 0xf0, 0x7, 0xf8, 0x3, 0xfc, 0x1, 0xfe,
    0x0, 0xff, 0xff, 0xfb, 0xff, 0xf8, 0xff, 0xf8,

    /* U+00BB "»" */
    0xf8, 0x7c, 0xf, 0x87, 0xc1, 0xf0, 0xf8, 0x1f,
    0xf, 0x83, 0xe1, 0xf0, 0x3e, 0x1f, 0x7, 0xc3,
    0xe0, 0x7c, 0x3e, 0xf, 0x87, 0xc0, 0xf8, 0x7c,
    0x1f, 0xf, 0x83, 0xe1, 0xf0, 0x7c, 0x3e, 0x1f,
    0xf, 0x83, 0xe1, 0xf0, 0xf8, 0x7c, 0x1f, 0xf,
    0x87, 0xc3, 0xe0, 0xf8, 0x7c, 0x3e, 0x1f, 0x7,
    0xc3, 0xe1, 0xf0, 0xf8, 0x0,

    /* U+00BC "¼" */
    0xfc, 0x0, 0x7, 0x80, 0xfe, 0x0, 0xf, 0x0,
    0xfe, 0x0, 0xf, 0x0, 0x1e, 0x0, 0x1e, 0x0,
    0x1e, 0x0, 0x3c, 0x0, 0x1e, 0x0, 0x78, 0x0,
    0x1e, 0x0, 0xf0, 0x0, 0x1e, 0x0, 0xf0, 0x0,
    0x1e, 0x1, 0xe0, 0x0, 0x1e, 0x3, 0xc0, 0x0,
    0x1e, 0x7, 0x80, 0x0, 0x1e, 0xf, 0x0, 0x0,
    0x1e, 0xf, 0x0, 0xfc, 0x1e, 0x1e, 0x1, 0xfc,
    0x1e, 0x3c, 0x3, 0xfc, 0x0, 0x78, 0xf, 0xbc,
    0x0, 0xf0, 0x1e, 0x3c, 0x0, 0xf0, 0x7c, 0x3c,
    0x1, 0xe0, 0xf8, 0x3c, 0x3, 0xc1, 0xf0, 0x3c,
    0x7, 0x83, 0xc0, 0x3c, 0xf, 0x3, 0x80, 0x3c,
    0xf, 0x3, 0xff, 0xff, 0x1e, 0x3, 0xff, 0xff,
    0x3c, 0x3, 0xff, 0xff, 0x78, 0x0, 0x0, 0x3c,
    0xf8, 0x0, 0x0, 0x3c, 0xf0, 0x0, 0x0, 0x3c,

    /* U+00BD "½" */
    0xfc, 0x0, 0x7, 0x80, 0x3f, 0x80, 0x3, 0xc0,
    0xf, 0xe0, 0x1, 0xe0, 0x0, 0x78, 0x0, 0xf0,
    0x0, 0x1e, 0x0, 0x3c, 0x0, 0x7, 0x80, 0x1e,
    0x0, 0x1, 0xe0, 0xf, 0x0, 0x0, 0x78, 0x7,
    0x80, 0x0, 0x1e, 0x1, 0xe0, 0x0, 0x7, 0x80,
    0xf0, 0x0, 0x1, 0xe0, 0x78, 0x0, 0x0, 0x78,
    0x3c, 0x0, 0x0, 0x1e, 0x1e, 0x0, 0x0, 0x7,
    0x87, 0x8f, 0xff, 0xc1, 0xe3, 0xc3, 0xff, 0xf8,
    0x79, 0xe0, 0xff, 0xff, 0x0, 0xf0, 0x0, 0x3,
    0xc0, 0x78, 0x0, 0x0, 0xf0, 0x1e, 0x0, 0x0,
    0x3c, 0xf, 0x0, 0x7f, 0xff, 0x7, 0x80, 0x3f,
    0xff, 0x83, 0xc0, 0x1f, 0xff, 0xc0, 0xf0, 0x7,
    0x80, 0x0, 0x78, 0x1, 0xe0, 0x0, 0x3c, 0x0,
    0x78, 0x0, 0x1e, 0x0, 0x1f, 0xff, 0xff, 0x0,
    0x7, 0xff, 0xff, 0xc0, 0x1, 0xff, 0xff,

    /* U+00BE "¾" */
    0xff, 0xfe, 0x0, 0x1, 0xe0, 0x3f, 0xff, 0xc0,
    0x0, 0xf0, 0xf, 0xff, 0xf0, 0x0, 0x7c, 0x0,
    0x0, 0x1c, 0x0, 0x1e, 0x0, 0x0, 0x7, 0x0,
    0xf, 0x0, 0x0, 0x1, 0xc0, 0x7, 0x80, 0xf,
    0xff, 0xf0, 0x3, 0xc0, 0x3, 0xff, 0xf8, 0x1,
    0xe0, 0x0, 0xff, 0xff, 0x0, 0x78, 0x0, 0x0,
    0x1, 0xc0, 0x3c, 0x0, 0x0, 0x0, 0x70, 0x1e,
    0x0, 0x0, 0x0, 0x1c, 0xf, 0x0, 0x0, 0xff,
    0xff, 0x7, 0x80, 0x3e, 0x3f, 0xff, 0xc3, 0xe0,
    0x1f, 0xcf, 0xff, 0xe0, 0xf0, 0x1f, 0xf0, 0x0,
    0x0, 0x78, 0xf, 0xbc, 0x0, 0x0, 0x3c, 0xf,
    0x8f, 0x0, 0x0, 0x1e, 0x7, 0xc3, 0xc0, 0x0,
    0xf, 0x87, 0xe0, 0xf0, 0x0, 0x3, 0xc3, 0xe0,
    0x3c, 0x0, 0x1, 0xe1, 0xf0, 0xf, 0x0, 0x0,
    0xf0, 0x78, 0x3, 0xc0, 0x0, 0x78, 0x1f, 0xff,
    0xfc, 0x0, 0x3e, 0x7, 0xff, 0xff, 0x0, 0xf,
    0x1, 0xff, 0xff, 0xc0, 0x7, 0x80, 0x0, 0x3,
    0xc0, 0x3, 0xc0, 0x0, 0x0, 0xf0, 0x1, 0xe0,
    0x0, 0x0, 0x3c,

    /* U+00BF "¿" */
    0x0, 0x1f, 0x80, 0x0, 0x3f, 0x0, 0x0, 0x7e,
    0x0, 0x0, 0xfc, 0x0, 0x0, 0x0, 0x0, 0x0,
    0x0, 0x0, 0x0, 0x0, 0x0, 0x0, 0x0, 0x0,
    0x6, 0x0, 0x0, 0x1e, 0x0, 0x0, 0x3c, 0x0,
    0x0, 0xf8, 0x0, 0x3, 0xf0, 0x0, 0x1f, 0xe0,
    0x0, 0xff, 0xc0, 0x7, 0xfe, 0x0, 0x3f, 0xf8,
    0x0, 0xff, 0xc0, 0x3, 0xfe, 0x0, 0x7, 0xf0,
    0x0, 0xf, 0xc0, 0x0, 0x1f, 0x80, 0x0, 0x3f,
    0x0, 0x0, 0x7e, 0x0, 0x0, 0xfc, 0x0, 0x1,
    0xff, 0xff, 0xfd, 0xff, 0xff, 0xfb, 0xff, 0xff,
    0xf1, 0xff, 0xff, 0xe0,

    /* U+00C0 "À" */
    0x0, 0x7, 0x80, 0x0, 0x0, 0x0, 0x3e, 0x0,
    0x0, 0x0, 0x0, 0xf8, 0x0, 0x0, 0x0, 0x3,
    0xe0, 0x0, 0x0, 0x0, 0x1f, 0x0, 0x0, 0x0,
    0x0, 0x7c, 0x0, 0x0, 0x0, 0x1, 0xf0, 0x0,
    0x0, 0x0, 0x7, 0x0, 0x0, 0x0, 0x0, 0x0,
    0x0, 0x0, 0x0, 0xf, 0xe0, 0x0, 0x0, 0x0,
    0xff, 0x80, 0x0, 0x0, 0xf, 0xfe, 0x0, 0x0,
    0x0, 0x7f, 0xf0, 0x0, 0x0, 0x7, 0xef, 0xc0,
    0x0, 0x0, 0x7e, 0x3e, 0x0, 0x0, 0x3, 0xf1,
    0xf8, 0x0, 0x0, 0x3f, 0x7, 0xc0, 0x0, 0x1,
    0xf8, 0x3f, 0x0, 0x0, 0x1f, 0xc1, 0xfc, 0x0,
    0x0, 0xfc, 0x7, 0xe0, 0x0, 0xf, 0xe0, 0x3f,
    0x80, 0x0, 0x7e, 0x0, 0xfc, 0x0, 0x7, 0xf0,
    0x7, 0xf0, 0x0, 0x3f, 0x0, 0x1f, 0x80, 0x3,
    0xf8, 0x0, 0xfe, 0x0, 0x3f, 0x80, 0x3, 0xf0,
    0x1, 0xfc, 0x0, 0x1f, 0xc0, 0x1f, 0xff, 0xff,
    0xff, 0x0, 0xff, 0xff, 0xff, 0xf8, 0xf, 0xff,
    0xff, 0xff, 0xe0, 0x7f, 0xff, 0xff, 0xff, 0x7,
    0xf0, 0x0, 0x1, 0xfc, 0x3f, 0x0, 0x0, 0x7,
    0xe3, 0xf8, 0x0, 0x0, 0x3f, 0x9f, 0x80, 0x0,
    0x0, 0xfd, 0xfc, 0x0, 0x0, 0x7, 0xff, 0xc0,
    0x0, 0x0, 0x1f, 0x80,

    /* U+00C1 "Á" */
    0x0, 0x0, 0xf, 0x0, 0x0, 0x0, 0x0, 0xf8,
    0x0, 0x0, 0x0, 0xf, 0x80, 0x0, 0x0, 0x0,
    0xf8, 0x0, 0x0, 0x0, 0x7, 0xc0, 0x0, 0x0,
    0x0, 0x7c, 0x0, 0x0, 0x0, 0x7, 0xc0, 0x0,
    0x0, 0x0, 0x1c, 0x0, 0x0, 0x0, 0x0, 0x0,
    0x0, 0x0, 0x0, 0xf, 0xe0, 0x0, 0x0, 0x0,
    0xff, 0x80, 0x0, 0x0, 0xf, 0xfe, 0x0, 0x0,
    0x0, 0x7f, 0xf0, 0x0, 0x0, 0x7, 0xef, 0xc0,
    0x0, 0x0, 0x7e, 0x3e, 0x0, 0x0, 0x3, 0xf1,
    0xf8, 0x0, 0x0, 0x3f, 0x7, 0xc0, 0x0, 0x1,
    0xf8, 0x3f, 0x0, 0x0, 0x1f, 0xc1, 0xfc, 0x0,
    0x0, 0xfc, 0x7, 0xe0, 0x0, 0xf, 0xe0, 0x3f,
    0x80, 0x0, 0x7e, 0x0, 0xfc, 0x0, 0x7, 0xf0,
    0x7, 0xf0, 0x0, 0x3f, 0x0, 0x1f, 0x80, 0x3,
    0xf8, 0x0, 0xfe, 0x0, 0x3f, 0x80, 0x3, 0xf0,
    0x1, 0xfc, 0x0, 0x1f, 0xc0, 0x1f, 0xff, 0xff,
    0xff, 0x0, 0xff, 0xff, 0xff, 0xf8, 0xf, 0xff,
    0xff, 0xff, 0xe0, 0x7f, 0xff, 0xff, 0xff, 0x7,
    0xf0, 0x0, 0x1, 0xfc, 0x3f, 0x0, 0x0, 0x7,
    0xe3, 0xf8, 0x0, 0x0, 0x3f, 0x9f, 0x80, 0x0,
    0x0, 0xfd, 0xfc, 0x0, 0x0, 0x7, 0xff, 0xc0,
    0x0, 0x0, 0x1f, 0x80,

    /* U+00C2 "Â" */
    0x0, 0x1, 0xfc, 0x0, 0x0, 0x0, 0xf, 0xe0,
    0x0, 0x0, 0x0, 0xff, 0x80, 0x0, 0x0, 0xf,
    0xbe, 0x0, 0x0, 0x0, 0xf8, 0xf8, 0x0, 0x0,
    0x7, 0xc7, 0xc0, 0x0, 0x0, 0x7c, 0x1f, 0x0,
    0x0, 0x3, 0xc0, 0x78, 0x0, 0x0, 0x0, 0x0,
    0x0, 0x0, 0x0, 0xf, 0xe0, 0x0, 0x0, 0x0,
    0xff, 0x80, 0x0, 0x0, 0xf, 0xfe, 0x0, 0x0,
    0x0, 0x7f, 0xf0, 0x0, 0x0, 0x7, 0xef, 0xc0,
    0x0, 0x0, 0x7e, 0x3e, 0x0, 0x0, 0x3, 0xf1,
    0xf8, 0x0, 0x0, 0x3f, 0x7, 0xc0, 0x0, 0x1,
    0xf8, 0x3f, 0x0, 0x0, 0x1f, 0xc1, 0xfc, 0x0,
    0x0, 0xfc, 0x7, 0xe0, 0x0, 0xf, 0xe0, 0x3f,
    0x80, 0x0, 0x7e, 0x0, 0xfc, 0x0, 0x7, 0xf0,
    0x7, 0xf0, 0x0, 0x3f, 0x0, 0x1f, 0x80, 0x3,
    0xf8, 0x0, 0xfe, 0x0, 0x3f, 0x80, 0x3, 0xf0,
    0x1, 0xfc, 0x0, 0x1f, 0xc0, 0x1f, 0xff, 0xff,
    0xff, 0x0, 0xff, 0xff, 0xff, 0xf8, 0xf, 0xff,
    0xff, 0xff, 0xe0, 0x7f, 0xff, 0xff, 0xff, 0x7,
    0xf0, 0x0, 0x1, 0xfc, 0x3f, 0x0, 0x0, 0x7,
    0xe3, 0xf8, 0x0, 0x0, 0x3f, 0x9f, 0x80, 0x0,
    0x0, 0xfd, 0xfc, 0x0, 0x0, 0x7, 0xff, 0xc0,
    0x0, 0x0, 0x1f, 0x80,

    /* U+00C3 "Ã" */
    0x0, 0x1f, 0x80, 0x3c, 0x0, 0x0, 0x7f, 0xe0,
    0x78, 0x0, 0x1, 0xff, 0xe0, 0xf0, 0x0, 0x3,
    0xe3, 0xe3, 0xe0, 0x0, 0x7, 0x83, 0xff, 0xc0,
    0x0, 0xf, 0x3, 0xff, 0x0, 0x0, 0x1e, 0x1,
    0xfc, 0x0, 0x0, 0x0, 0x0, 0x0, 0x0, 0x0,
    0x0, 0x0, 0x0, 0x0, 0x0, 0x1, 0xfc, 0x0,
    0x0, 0x0, 0x7, 0xfc, 0x0, 0x0, 0x0, 0x1f,
    0xfc, 0x0, 0x0, 0x0, 0x7f, 0xf8, 0x0, 0x0,
    0x0, 0xfd, 0xf8, 0x0, 0x0, 0x3, 0xf1, 0xf8,
    0x0, 0x0, 0x7, 0xe3, 0xf0, 0x0, 0x0, 0x1f,
    0x83, 0xf0, 0x0, 0x0, 0x3f, 0x7, 0xe0, 0x0,
    0x0, 0xfc, 0x7, 0xe0, 0x0, 0x1, 0xf8, 0xf,
    0xc0, 0x0, 0x7, 0xf0, 0xf, 0xc0, 0x0, 0x1f,
    0xc0, 0x1f, 0x80, 0x0, 0x3f, 0x80, 0x1f, 0x80,
    0x0, 0xfe, 0x0, 0x3f, 0x80, 0x1, 0xfc, 0x0,
    0x3f, 0x0, 0x7, 0xf0, 0x0, 0x7f, 0x0, 0xf,
    0xe0, 0x0, 0xfe, 0x0, 0x3f, 0xff, 0xff, 0xfe,
    0x0, 0x7f, 0xff, 0xff, 0xfc, 0x1, 0xff, 0xff,
    0xff, 0xfc, 0x3, 0xff, 0xff, 0xff, 0xf8, 0xf,
    0xe0, 0x0, 0x3, 0xf8, 0x3f, 0x80, 0x0, 0x3,
    0xf8, 0x7f, 0x0, 0x0, 0x7, 0xf1, 0xfc, 0x0,
    0x0, 0x7, 0xf3, 0xf8, 0x0, 0x0, 0x7, 0xef,
    0xe0, 0x0, 0x0, 0xf, 0xe0,

    /* U+00C4 "Ä" */
    0x0, 0x1f, 0x83, 0xf0, 0x0, 0x0, 0x7e, 0xf,
    0xc0, 0x0, 0x1, 0xf8, 0x3f, 0x0, 0x0, 0x7,
    0xe0, 0xfc, 0x0, 0x0, 0x0, 0x0, 0x0, 0x0,
    0x0, 0x0, 0x0, 0x0, 0x0, 0x0, 0x0, 0x0,
    0x0, 0x0, 0x0, 0x3f, 0x80, 0x0, 0x0, 0x1,
    0xff, 0x0, 0x0, 0x0, 0xf, 0xfe, 0x0, 0x0,
    0x0, 0x3f, 0xf8, 0x0, 0x0, 0x1, 0xfb, 0xf0,
    0x0, 0x0, 0xf, 0xc7, 0xc0, 0x0, 0x0, 0x3f,
    0x1f, 0x80, 0x0, 0x1, 0xf8, 0x3e, 0x0, 0x0,
    0x7, 0xe0, 0xfc, 0x0, 0x0, 0x3f, 0x83, 0xf8,
    0x0, 0x0, 0xfc, 0x7, 0xe0, 0x0, 0x7, 0xf0,
    0x1f, 0xc0, 0x0, 0x1f, 0x80, 0x3f, 0x0, 0x0,
    0xfe, 0x0, 0xfe, 0x0, 0x3, 0xf0, 0x1, 0xf8,
    0x0, 0x1f, 0xc0, 0x7, 0xf0, 0x0, 0xfe, 0x0,
    0xf, 0xc0, 0x3, 0xf8, 0x0, 0x3f, 0x80, 0x1f,
    0xff, 0xff, 0xff, 0x0, 0x7f, 0xff, 0xff, 0xfc,
    0x3, 0xff, 0xff, 0xff, 0xf8, 0xf, 0xff, 0xff,
    0xff, 0xe0, 0x7f, 0x0, 0x0, 0x1f, 0xc1, 0xf8,
    0x0, 0x0, 0x3f, 0xf, 0xe0, 0x0, 0x0, 0xfe,
    0x7f, 0x0, 0x0, 0x1, 0xf9, 0xfc, 0x0, 0x0,
    0x7, 0xf7, 0xe0, 0x0, 0x0, 0xf, 0xc0,

    /* U+00C5 "Å" */
    0x0, 0x3, 0xff, 0x0, 0x0, 0x0, 0x1f, 0xfe,
    0x0, 0x0, 0x0, 0x70, 0x38, 0x0, 0x0, 0x1,
    0xc0, 0xe0, 0x0, 0x0, 0x7, 0x3, 0x80, 0x0,
    0x0, 0x1c, 0xe, 0x0, 0x0, 0x0, 0x7f, 0xf8,
    0x0, 0x0, 0x0, 0xff, 0xc0, 0x0, 0x0, 0x0,
    0x0, 0x0, 0x0, 0x0, 0x3, 0xf0, 0x0, 0x0,
    0x0, 0x3f, 0xe0, 0x0, 0x0, 0x0, 0xff, 0xc0,
    0x0, 0x0, 0x7, 0xff, 0x80, 0x0, 0x0, 0x1f,
    0x3e, 0x0, 0x0, 0x0, 0xfc, 0xfc, 0x0, 0x0,
    0x7, 0xe1, 0xf0, 0x0, 0x0, 0x1f, 0x87, 0xe0,
    0x0, 0x0, 0xfe, 0x1f, 0xc0, 0x0, 0x3, 0xf0,
    0x3f, 0x0, 0x0, 0x1f, 0xc0, 0xfe, 0x0, 0x0,
    0x7e, 0x1, 0xf8, 0x0, 0x3, 0xf8, 0x7, 0xf0,
    0x0, 0xf, 0xc0, 0xf, 0xc0, 0x0, 0x7f, 0x0,
    0x3f, 0x80, 0x1, 0xf8, 0x0, 0x7e, 0x0, 0xf,
    0xe0, 0x1, 0xfc, 0x0, 0x7f, 0x0, 0x3, 0xf0,
    0x1, 0xff, 0xff, 0xff, 0xe0, 0xf, 0xff, 0xff,
    0xff, 0xc0, 0x3f, 0xff, 0xff, 0xff, 0x1, 0xff,
    0xff, 0xff, 0xfe, 0x7, 0xe0, 0x0, 0x1, 0xf8,
    0x3f, 0x80, 0x0, 0x7, 0xf0, 0xfc, 0x0, 0x0,
    0xf, 0xc7, 0xf0, 0x0, 0x0, 0x3f, 0x9f, 0x80,
    0x0, 0x0, 0x7e, 0xfe, 0x0, 0x0, 0x1, 0xfc,

    /* U+00C6 "Æ" */
    0x0, 0x0, 0xff, 0xff, 0xff, 0xff, 0xf0, 0x0,
    0x1f, 0xff, 0xff, 0xff, 0xff, 0x0, 0x3, 0xff,
    0xff, 0xff, 0xff, 0xf0, 0x0, 0x7f, 0xff, 0xff,
    0xff, 0xff, 0x0, 0x7, 0xe0, 0xfc, 0x0, 0x0,
    0x0, 0x0, 0xfc, 0xf, 0xc0, 0x0, 0x0, 0x0,
    0xf, 0xc0, 0xfc, 0x0, 0x0, 0x0, 0x1, 0xf8,
    0xf, 0xc0, 0x0, 0x0, 0x0, 0x1f, 0x80, 0xfc,
    0x0, 0x0, 0x0, 0x3, 0xf0, 0xf, 0xc0, 0x0,
    0x0, 0x0, 0x3f, 0x0, 0xfc, 0x0, 0x0, 0x0,
    0x7, 0xe0, 0xf, 0xc0, 0x0, 0x0, 0x0, 0xfe,
    0x0, 0xff, 0xff, 0xff, 0xe0, 0xf, 0xc0, 0xf,
    0xff, 0xff, 0xff, 0x1, 0xfc, 0x0, 0xff, 0xff,
    0xff, 0xf0, 0x1f, 0xc0, 0xf, 0xff, 0xff, 0xfe,
    0x3, 0xf8, 0x0, 0xfc, 0x0, 0x0, 0x0, 0x3f,
    0x80, 0xf, 0xc0, 0x0, 0x0, 0x7, 0xff, 0xff,
    0xfc, 0x0, 0x0, 0x0, 0x7f, 0xff, 0xff, 0xc0,
    0x0, 0x0, 0xf, 0xff, 0xff, 0xfc, 0x0, 0x0,
    0x0, 0xff, 0xff, 0xff, 0xe0, 0x0, 0x0, 0x1f,
    0xc0, 0x0, 0x7e, 0x0, 0x0, 0x3, 0xf8, 0x0,
    0x7, 0xf0, 0x0, 0x0, 0x3f, 0x80, 0x0, 0x3f,
    0xff, 0xff, 0xf7, 0xf0, 0x0, 0x1, 0xff, 0xff,
    0xff, 0x7f, 0x0, 0x0, 0xf, 0xff, 0xff, 0xff,
    0xe0, 0x0, 0x0, 0x1f, 0xff, 0xff,

    /* U+00C7 "Ç" */
    0x1, 0xff, 0xff, 0xfc, 0x3f, 0xff, 0xff, 0xf3,
    0xff, 0xff, 0xff, 0xcf, 0xff, 0xff, 0xff, 0x7f,
    0x0, 0x0, 0x1, 0xf8, 0x0, 0x0, 0xf, 0xc0,
    0x0, 0x0, 0x3f, 0x0, 0x0, 0x0, 0xfc, 0x0,
    0x0, 0x3, 0xf0, 0x0, 0x0, 0xf, 0xc0, 0x0,
    0x0, 0x3f, 0x0, 0x0, 0x0, 0xfc, 0x0, 0x0,
    0x3, 0xf0, 0x0, 0x0, 0xf, 0xc0, 0x0, 0x0,
    0x3f, 0x0, 0x0, 0x0, 0xfc, 0x0, 0x0, 0x3,
    0xf0, 0x0, 0x0, 0xf, 0xc0, 0x0, 0x0, 0x3f,
    0x0, 0x0, 0x0, 0xfc, 0x0, 0x0, 0x3, 0xf0,
    0x0, 0x0, 0x7, 0xe0, 0x0, 0x0, 0x1f, 0xc0,
    0x0, 0x0, 0x3f, 0xff, 0xff, 0xfc, 0xff, 0xff,
    0xff, 0xf0, 0xff, 0xff, 0xff, 0xc0, 0xff, 0xff,
    0xff, 0x0, 0x0, 0x0, 0x0, 0x0, 0x0, 0x0,
    0x0, 0x0, 0x3e, 0x0, 0x0, 0x0, 0xf8, 0x0,
    0x0, 0x3, 0xe0, 0x0, 0x0, 0xf, 0x80, 0x0,
    0x0, 0x3c, 0x0, 0x0, 0x0, 0xf0, 0x0, 0x0,
    0x7, 0xc0, 0x0, 0x0, 0x1f, 0x0, 0x0, 0x0,
    0x78, 0x0, 0x0,

    /* U+00C8 "È" */
    0x0, 0xe, 0x0, 0x0, 0x0, 0x7e, 0x0, 0x0,
    0x0, 0xf8, 0x0, 0x0, 0x1, 0xf0, 0x0, 0x0,
    0x7, 0xc0, 0x0, 0x0, 0xf, 0x80, 0x0, 0x0,
    0x1f, 0x0, 0x0, 0x0, 0x38, 0x0, 0x0, 0x0,
    0x0, 0x0, 0xf, 0xff, 0xff, 0xe0, 0xff, 0xff,
    0xff, 0xcf, 0xff, 0xff, 0xff, 0x3f, 0xff, 0xff,
    0xf9, 0xfc, 0x0, 0x0, 0x7, 0xe0, 0x0, 0x0,
    0x3f, 0x80, 0x0, 0x0, 0xfc, 0x0, 0x0, 0x3,
    0xf0, 0x0, 0x0, 0xf, 0xc0, 0x0, 0x0, 0x3f,
    0x0, 0x0, 0x0, 0xfc, 0x0, 0x0, 0x3, 0xff,
    0xff, 0xff, 0xef, 0xff, 0xff, 0xff, 0xff, 0xff,
    0xff, 0xff, 0xff, 0xff, 0xff, 0xfb, 0xf0, 0x0,
    0x0, 0xf, 0xc0, 0x0, 0x0, 0x3f, 0x0, 0x0,
    0x0, 0xfc, 0x0, 0x0, 0x3, 0xf0, 0x0, 0x0,
    0xf, 0xe0, 0x0, 0x0, 0x1f, 0x80, 0x0, 0x0,
    0x7f, 0x0, 0x0, 0x0, 0xff, 0xff, 0xff, 0xe3,
    0xff, 0xff, 0xff, 0xc3, 0xff, 0xff, 0xff, 0x3,
    0xff, 0xff, 0xf8,

    /* U+00C9 "É" */
    0x0, 0x0, 0x3c, 0x0, 0x0, 0x1, 0xf0, 0x0,
    0x0, 0xf, 0x80, 0x0, 0x0, 0x7e, 0x0, 0x0,
    0x1, 0xf0, 0x0, 0x0, 0xf, 0x80, 0x0, 0x0,
    0x3c, 0x0, 0x0, 0x0, 0xe0, 0x0, 0x0, 0x0,
    0x0, 0x0, 0xf, 0xff, 0xff, 0xe0, 0xff, 0xff,
    0xff, 0xcf, 0xff, 0xff, 0xff, 0x3f, 0xff, 0xff,
    0xf9, 0xfc, 0x0, 0x0, 0x7, 0xe0, 0x0, 0x0,
    0x3f, 0x80, 0x0, 0x0, 0xfc, 0x0, 0x0, 0x3,
    0xf0, 0x0, 0x0, 0xf, 0xc0, 0x0, 0x0, 0x3f,
    0x0, 0x0, 0x0, 0xfc, 0x0, 0x0, 0x3, 0xff,
    0xff, 0xff, 0xef, 0xff, 0xff, 0xff, 0xff, 0xff,
    0xff, 0xff, 0xff, 0xff, 0xff, 0xfb, 0xf0, 0x0,
    0x0, 0xf, 0xc0, 0x0, 0x0, 0x3f, 0x0, 0x0,
    0x0, 0xfc, 0x0, 0x0, 0x3, 0xf0, 0x0, 0x0,
    0xf, 0xe0, 0x0, 0x0, 0x1f, 0x80, 0x0, 0x0,
    0x7f, 0x0, 0x0, 0x0, 0xff, 0xff, 0xff, 0xe3,
    0xff, 0xff, 0xff, 0xc3, 0xff, 0xff, 0xff, 0x3,
    0xff, 0xff, 0xf8,

    /* U+00CA "Ê" */
    0x0, 0x7, 0xf0, 0x0, 0x0, 0x1f, 0xe0, 0x0,
    0x0, 0xff, 0x80, 0x0, 0x7, 0xdf, 0x0, 0x0,
    0x1e, 0x3e, 0x0, 0x0, 0xf8, 0x78, 0x0, 0x7,
    0xc1, 0xf0, 0x0, 0x1e, 0x3, 0xc0, 0x0, 0x0,
    0x0, 0x0, 0xf, 0xff, 0xff, 0xe0, 0xff, 0xff,
    0xff, 0xcf, 0xff, 0xff, 0xff, 0x3f, 0xff, 0xff,
    0xf9, 0xfc, 0x0, 0x0, 0x7, 0xe0, 0x0, 0x0,
    0x3f, 0x80, 0x0, 0x0, 0xfc, 0x0, 0x0, 0x3,
    0xf0, 0x0, 0x0, 0xf, 0xc0, 0x0, 0x0, 0x3f,
    0x0, 0x0, 0x0, 0xfc, 0x0, 0x0, 0x3, 0xff,
    0xff, 0xff, 0xef, 0xff, 0xff, 0xff, 0xff, 0xff,
    0xff, 0xff, 0xff, 0xff, 0xff, 0xfb, 0xf0, 0x0,
    0x0, 0xf, 0xc0, 0x0, 0x0, 0x3f, 0x0, 0x0,
    0x0, 0xfc, 0x0, 0x0, 0x3, 0xf0, 0x0, 0x0,
    0xf, 0xe0, 0x0, 0x0, 0x1f, 0x80, 0x0, 0x0,
    0x7f, 0x0, 0x0, 0x0, 0xff, 0xff, 0xff, 0xe3,
    0xff, 0xff, 0xff, 0xc3, 0xff, 0xff, 0xff, 0x3,
    0xff, 0xff, 0xf8,

    /* U+00CB "Ë" */
    0x0, 0xfc, 0x1f, 0x80, 0x3, 0xf0, 0x7e, 0x0,
    0xf, 0xc1, 0xf8, 0x0, 0x3f, 0x7, 0xe0, 0x0,
    0x0, 0x0, 0x0, 0x0, 0x0, 0x0, 0x0, 0x0,
    0x0, 0x0, 0x0, 0xff, 0xff, 0xfe, 0xf, 0xff,
    0xff, 0xfc, 0xff, 0xff, 0xff, 0xf3, 0xff, 0xff,
    0xff, 0x9f, 0xc0, 0x0, 0x0, 0x7e, 0x0, 0x0,
    0x3, 0xf8, 0x0, 0x0, 0xf, 0xc0, 0x0, 0x0,
    0x3f, 0x0, 0x0, 0x0, 0xfc, 0x0, 0x0, 0x3,
    0xf0, 0x0, 0x0, 0xf, 0xc0, 0x0, 0x0, 0x3f,
    0xff, 0xff, 0xfe, 0xff, 0xff, 0xff, 0xff, 0xff,
    0xff, 0xff, 0xff, 0xff, 0xff, 0xff, 0xbf, 0x0,
    0x0, 0x0, 0xfc, 0x0, 0x0, 0x3, 0xf0, 0x0,
    0x0, 0xf, 0xc0, 0x0, 0x0, 0x3f, 0x0, 0x0,
    0x0, 0xfe, 0x0, 0x0, 0x1, 0xf8, 0x0, 0x0,
    0x7, 0xf0, 0x0, 0x0, 0xf, 0xff, 0xff, 0xfe,
    0x3f, 0xff, 0xff, 0xfc, 0x3f, 0xff, 0xff, 0xf0,
    0x3f, 0xff, 0xff, 0x80,

    /* U+00CC "Ì" */
    0x70, 0x7e, 0x1f, 0x7, 0xc1, 0xf0, 0xf8, 0x3e,
    0xe, 0x0, 0xf, 0xc7, 0xe3, 0xf1, 0xf8, 0xfc,
    0x7e, 0x3f, 0x1f, 0x8f, 0xc7, 0xe3, 0xf1, 0xf8,
    0xfc, 0x7e, 0x3f, 0x1f, 0x8f, 0xc7, 0xe3, 0xf1,
    0xf8, 0xfc, 0x7e, 0x3f, 0x1f, 0x8f, 0xc7, 0xe3,
    0xf1, 0xf8,

    /* U+00CD "Í" */
    0x7, 0x83, 0xe1, 0xf0, 0x7c, 0x3e, 0x1f, 0x7,
    0xc1, 0xc0, 0x0, 0x1f, 0x87, 0xe1, 0xf8, 0x7e,
    0x1f, 0x87, 0xe1, 0xf8, 0x7e, 0x1f, 0x87, 0xe1,
    0xf8, 0x7e, 0x1f, 0x87, 0xe1, 0xf8, 0x7e, 0x1f,
    0x87, 0xe1, 0xf8, 0x7e, 0x1f, 0x87, 0xe1, 0xf8,
    0x7e, 0x1f, 0x87, 0xe1, 0xf8, 0x7e, 0x0,

    /* U+00CE "Î" */
    0x7, 0xf0, 0xf, 0xf0, 0xf, 0xf8, 0x1f, 0x7c,
    0x3e, 0x3e, 0x3c, 0x3e, 0x7c, 0x1f, 0x78, 0xf,
    0x0, 0x0, 0x7, 0xe0, 0x7, 0xe0, 0x7, 0xe0,
    0x7, 0xe0, 0x7, 0xe0, 0x7, 0xe0, 0x7, 0xe0,
    0x7, 0xe0, 0x7, 0xe0, 0x7, 0xe0, 0x7, 0xe0,
    0x7, 0xe0, 0x7, 0xe0, 0x7, 0xe0, 0x7, 0xe0,
    0x7, 0xe0, 0x7, 0xe0, 0x7, 0xe0, 0x7, 0xe0,
    0x7, 0xe0, 0x7, 0xe0, 0x7, 0xe0, 0x7, 0xe0,
    0x7, 0xe0, 0x7, 0xe0, 0x7, 0xe0, 0x7, 0xe0,
    0x7, 0xe0,

    /* U+00CF "Ï" */
    0xfc, 0x7f, 0xf8, 0xff, 0xf1, 0xff, 0xe3, 0xf0,
    0x0, 0x0, 0x0, 0x0, 0x0, 0x3, 0xf0, 0x7,
    0xe0, 0xf, 0xc0, 0x1f, 0x80, 0x3f, 0x0, 0x7e,
    0x0, 0xfc, 0x1, 0xf8, 0x3, 0xf0, 0x7, 0xe0,
    0xf, 0xc0, 0x1f, 0x80, 0x3f, 0x0, 0x7e, 0x0,
    0xfc, 0x1, 0xf8, 0x3, 0xf0, 0x7, 0xe0, 0xf,
    0xc0, 0x1f, 0x80, 0x3f, 0x0, 0x7e, 0x0, 0xfc,
    0x1, 0xf8, 0x3, 0xf0, 0x7, 0xe0, 0xf, 0xc0,
    0x1f, 0x80,

    /* U+00D0 "Ð" */
    0xf, 0xff, 0xff, 0xf8, 0x0, 0xff, 0xff, 0xff,
    0xe0, 0xf, 0xff, 0xff, 0xff, 0x80, 0xff, 0xff,
    0xff, 0xfc, 0xf, 0xc0, 0x0, 0x1f, 0xe0, 0xfc,
    0x0, 0x0, 0xfe, 0xf, 0xc0, 0x0, 0x7, 0xe0,
    0xfc, 0x0, 0x0, 0x3f, 0xf, 0xc0, 0x0, 0x3,
    0xf0, 0xfc, 0x0, 0x0, 0x3f, 0xf, 0xc0, 0x0,
    0x3, 0xf0, 0xfc, 0x0, 0x0, 0x3f, 0xff, 0xff,
    0xff, 0x83, 0xff, 0xff, 0xff, 0xf8, 0x3f, 0xff,
    0xff, 0xff, 0x83, 0xff, 0xff, 0xff, 0xf8, 0x3f,
    0xf, 0xc0, 0x0, 0x3, 0xf0, 0xfc, 0x0, 0x0,
    0x3f, 0xf, 0xc0, 0x0, 0x3, 0xf0, 0xfc, 0x0,
    0x0, 0x3f, 0xf, 0xc0, 0x0, 0x3, 0xf0, 0xfc,
    0x0, 0x0, 0x7e, 0xf, 0xc0, 0x0, 0xf, 0xe0,
    0xfc, 0x0, 0x1, 0xfe, 0xf, 0xff, 0xff, 0xff,
    0xc0, 0xff, 0xff, 0xff, 0xf8, 0xf, 0xff, 0xff,
    0xfe, 0x0, 0xff, 0xff, 0xff, 0x80,

    /* U+00D1 "Ñ" */
    0x0, 0x7e, 0x1, 0xe0, 0x0, 0x3f, 0xe0, 0x78,
    0x0, 0x1f, 0xfc, 0x1e, 0x0, 0x7, 0x87, 0x87,
    0x80, 0x1, 0xe0, 0xff, 0xe0, 0x0, 0x78, 0x1f,
    0xf0, 0x0, 0x1e, 0x1, 0xf8, 0x0, 0x0, 0x0,
    0x0, 0x0, 0x0, 0x0, 0x0, 0x0, 0x1f, 0xf0,
    0x0, 0x3, 0xff, 0xfe, 0x0, 0x0, 0xff, 0xff,
    0xc0, 0x0, 0x3f, 0xff, 0xf8, 0x0, 0xf, 0xff,
    0xfe, 0x0, 0x3, 0xff, 0xff, 0xc0, 0x0, 0xff,
    0xf3, 0xf8, 0x0, 0x3f, 0xfc, 0xff, 0x0, 0xf,
    0xff, 0x1f, 0xc0, 0x3, 0xff, 0xc3, 0xf8, 0x0,
    0xff, 0xf0, 0x7f, 0x0, 0x3f, 0xfc, 0x1f, 0xe0,
    0xf, 0xff, 0x3, 0xfc, 0x3, 0xff, 0xc0, 0x7f,
    0x0, 0xff, 0xf0, 0xf, 0xe0, 0x3f, 0xfc, 0x3,
    0xfc, 0xf, 0xff, 0x0, 0x7f, 0x83, 0xff, 0xc0,
    0xf, 0xe0, 0xff, 0xf0, 0x1, 0xfc, 0x3f, 0xfc,
    0x0, 0x3f, 0x8f, 0xff, 0x0, 0xf, 0xf3, 0xff,
    0xc0, 0x1, 0xfc, 0xff, 0xf0, 0x0, 0x3f, 0xff,
    0xfc, 0x0, 0x7, 0xff, 0xff, 0x0, 0x1, 0xff,
    0xff, 0xc0, 0x0, 0x3f, 0xff, 0xf0, 0x0, 0x7,
    0xff, 0xfc, 0x0, 0x0, 0xff, 0x80,

    /* U+00D2 "Ò" */
    0x0, 0xf, 0x0, 0x0, 0x0, 0x1, 0xf0, 0x0,
    0x0, 0x0, 0x1f, 0x0, 0x0, 0x0, 0x1, 0xf0,
    0x0, 0x0, 0x0, 0x3e, 0x0, 0x0, 0x0, 0x3,
    0xe0, 0x0, 0x0, 0x0, 0x3e, 0x0, 0x0, 0x0,
    0x3, 0x80, 0x0, 0x0, 0x0, 0x0, 0x0, 0x0,
    0x7f, 0xff, 0xfe, 0x0, 0x3f, 0xff, 0xff, 0xf8,
    0xf, 0xff, 0xff, 0xff, 0xc3, 0xff, 0xff, 0xff,
    0xf8, 0xfe, 0x0, 0x0, 0x3f, 0x9f, 0x80, 0x0,
    0x3, 0xf7, 0xf0, 0x0, 0x0, 0x7f, 0xfc, 0x0,
    0x0, 0x7, 0xff, 0x80, 0x0, 0x0, 0xff, 0xf0,
    0x0, 0x0, 0x1f, 0xfe, 0x0, 0x0, 0x3, 0xff,
    0xc0, 0x0, 0x0, 0x7f, 0xf8, 0x0, 0x0, 0xf,
    0xff, 0x0, 0x0, 0x1, 0xff, 0xe0, 0x0, 0x0,
    0x3f, 0xfc, 0x0, 0x0, 0x7, 0xff, 0x80, 0x0,
    0x0, 0xff, 0xf0, 0x0, 0x0, 0x1f, 0xfe, 0x0,
    0x0, 0x3, 0xff, 0xc0, 0x0, 0x0, 0x7f, 0xf8,
    0x0, 0x0, 0xf, 0xff, 0x0, 0x0, 0x3, 0xfb,
    0xf0, 0x0, 0x0, 0x7e, 0x7f, 0x0, 0x0, 0x1f,
    0xc7, 0xff, 0xff, 0xff, 0xf0, 0xff, 0xff, 0xff,
    0xfe, 0x7, 0xff, 0xff, 0xff, 0x0, 0x3f, 0xff,
    0xff, 0x80,

    /* U+00D3 "Ó" */
    0x0, 0x0, 0x1e, 0x0, 0x0, 0x0, 0x7, 0xc0,
    0x0, 0x0, 0x1, 0xf0, 0x0, 0x0, 0x0, 0x7e,
    0x0, 0x0, 0x0, 0xf, 0x80, 0x0, 0x0, 0x3,
    0xe0, 0x0, 0x0, 0x0, 0x78, 0x0, 0x0, 0x0,
    0xe, 0x0, 0x0, 0x0, 0x0, 0x0, 0x0, 0x0,
    0x7f, 0xff, 0xfe, 0x0, 0x3f, 0xff, 0xff, 0xf8,
    0xf, 0xff, 0xff, 0xff, 0xc3, 0xff, 0xff, 0xff,
    0xf8, 0xfe, 0x0, 0x0, 0x3f, 0x9f, 0x80, 0x0,
    0x3, 0xf7, 0xf0, 0x0, 0x0, 0x7f, 0xfc, 0x0,
    0x0, 0x7, 0xff, 0x80, 0x0, 0x0, 0xff, 0xf0,
    0x0, 0x0, 0x1f, 0xfe, 0x0, 0x0, 0x3, 0xff,
    0xc0, 0x0, 0x0, 0x7f, 0xf8, 0x0, 0x0, 0xf,
    0xff, 0x0, 0x0, 0x1, 0xff, 0xe0, 0x0, 0x0,
    0x3f, 0xfc, 0x0, 0x0, 0x7, 0xff, 0x80, 0x0,
    0x0, 0xff, 0xf0, 0x0, 0x0, 0x1f, 0xfe, 0x0,
    0x0, 0x3, 0xff, 0xc0, 0x0, 0x0, 0x7f, 0xf8,
    0x0, 0x0, 0xf, 0xff, 0x0, 0x0, 0x3, 0xfb,
    0xf0, 0x0, 0x0, 0x7e, 0x7f, 0x0, 0x0, 0x1f,
    0xc7, 0xff, 0xff, 0xff, 0xf0, 0xff, 0xff, 0xff,
    0xfe, 0x7, 0xff, 0xff, 0xff, 0x0, 0x3f, 0xff,
    0xff, 0x80,

    /* U+00D4 "Ô" */
    0x0, 0x3, 0xf8, 0x0, 0x0, 0x0, 0x7f, 0x80,
    0x0, 0x0, 0x1f, 0xf0, 0x0, 0x0, 0x7, 0xdf,
    0x0, 0x0, 0x0, 0xf1, 0xf0, 0x0, 0x0, 0x3e,
    0x1e, 0x0, 0x0, 0xf, 0x83, 0xe0, 0x0, 0x1,
    0xe0, 0x3c, 0x0, 0x0, 0x0, 0x0, 0x0, 0x0,
    0x7f, 0xff, 0xfe, 0x0, 0x3f, 0xff, 0xff, 0xf8,
    0xf, 0xff, 0xff, 0xff, 0xc3, 0xff, 0xff, 0xff,
    0xf8, 0xfe, 0x0, 0x0, 0x3f, 0x9f, 0x80, 0x0,
    0x3, 0xf7, 0xf0, 0x0, 0x0, 0x7f, 0xfc, 0x0,
    0x0, 0x7, 0xff, 0x80, 0x0, 0x0, 0xff, 0xf0,
    0x0, 0x0, 0x1f, 0xfe, 0x0, 0x0, 0x3, 0xff,
    0xc0, 0x0, 0x0, 0x7f, 0xf8, 0x0, 0x0, 0xf,
    0xff, 0x0, 0x0, 0x1, 0xff, 0xe0, 0x0, 0x0,
    0x3f, 0xfc, 0x0, 0x0, 0x7, 0xff, 0x80, 0x0,
    0x0, 0xff, 0xf0, 0x0, 0x0, 0x1f, 0xfe, 0x0,
    0x0, 0x3, 0xff, 0xc0, 0x0, 0x0, 0x7f, 0xf8,
    0x0, 0x0, 0xf, 0xff, 0x0, 0x0, 0x3, 0xfb,
    0xf0, 0x0, 0x0, 0x7e, 0x7f, 0x0, 0x0, 0x1f,
    0xc7, 0xff, 0xff, 0xff, 0xf0, 0xff, 0xff, 0xff,
    0xfe, 0x7, 0xff, 0xff, 0xff, 0x0, 0x3f, 0xff,
    0xff, 0x80,

    /* U+00D5 "Õ" */
    0x0, 0x7f, 0x0, 0xf0, 0x0, 0x1f, 0xf8, 0x1e,
    0x0, 0x7, 0xff, 0x83, 0xc0, 0x0, 0xf8, 0xf8,
    0x78, 0x0, 0x1e, 0xf, 0xff, 0x0, 0x3, 0xc0,
    0xff, 0xc0, 0x0, 0x78, 0x7, 0xf0, 0x0, 0x0,
    0x0, 0x0, 0x0, 0x0, 0x0, 0x0, 0x0, 0x0,
    0x7f, 0xff, 0xfe, 0x0, 0x3f, 0xff, 0xff, 0xf8,
    0xf, 0xff, 0xff, 0xff, 0xc3, 0xff, 0xff, 0xff,
    0xf8, 0xfe, 0x0, 0x0, 0x3f, 0x9f, 0x80, 0x0,
    0x3, 0xf7, 0xf0, 0x0, 0x0, 0x7f, 0xfc, 0x0,
    0x0, 0x7, 0xff, 0x80, 0x0, 0x0, 0xff, 0xf0,
    0x0, 0x0, 0x1f, 0xfe, 0x0, 0x0, 0x3, 0xff,
    0xc0, 0x0, 0x0, 0x7f, 0xf8, 0x0, 0x0, 0xf,
    0xff, 0x0, 0x0, 0x1, 0xff, 0xe0, 0x0, 0x0,
    0x3f, 0xfc, 0x0, 0x0, 0x7, 0xff, 0x80, 0x0,
    0x0, 0xff, 0xf0, 0x0, 0x0, 0x1f, 0xfe, 0x0,
    0x0, 0x3, 0xff, 0xc0, 0x0, 0x0, 0x7f, 0xf8,
    0x0, 0x0, 0xf, 0xff, 0x0, 0x0, 0x3, 0xfb,
    0xf0, 0x0, 0x0, 0x7e, 0x7f, 0x0, 0x0, 0x1f,
    0xc7, 0xff, 0xff, 0xff, 0xf0, 0xff, 0xff, 0xff,
    0xfe, 0x7, 0xff, 0xff, 0xff, 0x0, 0x3f, 0xff,
    0xff, 0x80,

    /* U+00D6 "Ö" */
    0x0, 0x7e, 0xf, 0xc0, 0x0, 0xf, 0xc1, 0xf8,
    0x0, 0x1, 0xf8, 0x3f, 0x0, 0x0, 0x3f, 0x7,
    0xe0, 0x0, 0x0, 0x0, 0x0, 0x0, 0x0, 0x0,
    0x0, 0x0, 0x0, 0x0, 0x0, 0x0, 0x0, 0x1f,
    0xff, 0xff, 0x80, 0xf, 0xff, 0xff, 0xfe, 0x3,
    0xff, 0xff, 0xff, 0xf0, 0xff, 0xff, 0xff, 0xfe,
    0x3f, 0x80, 0x0, 0xf, 0xe7, 0xe0, 0x0, 0x0,
    0xfd, 0xfc, 0x0, 0x0, 0x1f, 0xff, 0x0, 0x0,
    0x1, 0xff, 0xe0, 0x0, 0x0, 0x3f, 0xfc, 0x0,
    0x0, 0x7, 0xff, 0x80, 0x0, 0x0, 0xff, 0xf0,
    0x0, 0x0, 0x1f, 0xfe, 0x0, 0x0, 0x3, 0xff,
    0xc0, 0x0, 0x0, 0x7f, 0xf8, 0x0, 0x0, 0xf,
    0xff, 0x0, 0x0, 0x1, 0xff, 0xe0, 0x0, 0x0,
    0x3f, 0xfc, 0x0, 0x0, 0x7, 0xff, 0x80, 0x0,
    0x0, 0xff, 0xf0, 0x0, 0x0, 0x1f, 0xfe, 0x0,
    0x0, 0x3, 0xff, 0xc0, 0x0, 0x0, 0xfe, 0xfc,
    0x0, 0x0, 0x1f, 0x9f, 0xc0, 0x0, 0x7, 0xf1,
    0xff, 0xff, 0xff, 0xfc, 0x3f, 0xff, 0xff, 0xff,
    0x81, 0xff, 0xff, 0xff, 0xc0, 0xf, 0xff, 0xff,
    0xe0, 0x0,

    /* U+00D7 "×" */
    0x30, 0x0, 0x63, 0xc0, 0x7, 0xbf, 0x0, 0x7c,
    0xfc, 0x7, 0xc3, 0xf0, 0x7c, 0xf, 0xc7, 0xc0,
    0x3f, 0x7c, 0x0, 0xff, 0xc0, 0x3, 0xfc, 0x0,
    0xf, 0xc0, 0x0, 0x7e, 0x0, 0x7, 0xf8, 0x0,
    0x7f, 0xe0, 0x7, 0xcf, 0x80, 0x7c, 0x3e, 0x7,
    0xc0, 0xf8, 0x7c, 0x3, 0xe7, 0xc0, 0xf, 0x9c,
    0x0, 0x3c, 0x40, 0x0, 0xc0,

    /* U+00D8 "Ø" */
    0x0, 0x0, 0x0, 0x7, 0x80, 0x0, 0x0, 0x1,
    0xe0, 0x0, 0x0, 0x0, 0x78, 0x0, 0x0, 0x0,
    0x1e, 0x0, 0x1f, 0xff, 0xff, 0xc0, 0x1f, 0xff,
    0xff, 0xfe, 0x7, 0xff, 0xff, 0xff, 0xe1, 0xff,
    0xff, 0xff, 0xfe, 0x7f, 0x0, 0x3, 0xdf, 0xcf,
    0xc0, 0x0, 0xf1, 0xfb, 0xf8, 0x0, 0x3c, 0x3f,
    0xfe, 0x0, 0x7, 0x83, 0xff, 0xc0, 0x1, 0xe0,
    0x7f, 0xf8, 0x0, 0x78, 0xf, 0xff, 0x0, 0xf,
    0x1, 0xff, 0xe0, 0x3, 0xc0, 0x3f, 0xfc, 0x0,
    0xf8, 0x7, 0xff, 0x80, 0x1e, 0x0, 0xff, 0xf0,
    0x7, 0x80, 0x1f, 0xfe, 0x1, 0xf0, 0x3, 0xff,
    0xc0, 0x3c, 0x0, 0x7f, 0xf8, 0xf, 0x0, 0xf,
    0xff, 0x3, 0xe0, 0x1, 0xff, 0xe0, 0x78, 0x0,
    0x3f, 0xfc, 0x1e, 0x0, 0x7, 0xff, 0x83, 0xc0,
    0x1, 0xfd, 0xf8, 0xf0, 0x0, 0x3f, 0x3f, 0xbc,
    0x0, 0xf, 0xe7, 0xff, 0xff, 0xff, 0xf8, 0x7f,
    0xff, 0xff, 0xff, 0x7, 0xff, 0xff, 0xff, 0x80,
    0x3f, 0xff, 0xff, 0xc0, 0xf, 0x0, 0x0, 0x0,
    0x1, 0xe0, 0x0, 0x0, 0x0, 0x78, 0x0, 0x0,
    0x0, 0x1e, 0x0, 0x0, 0x0, 0x0,

    /* U+00D9 "Ù" */
    0x0, 0x1e, 0x0, 0x0, 0x0, 0x7, 0xc0, 0x0,
    0x0, 0x0, 0xf8, 0x0, 0x0, 0x0, 0x1f, 0x0,
    0x0, 0x0, 0x7, 0xc0, 0x0, 0x0, 0x0, 0xf8,
    0x0, 0x0, 0x0, 0x1f, 0x0, 0x0, 0x0, 0x3,
    0x80, 0x0, 0x0, 0x0, 0x0, 0x0, 0x3f, 0x0,
    0x0, 0x3, 0xff, 0xc0, 0x0, 0x0, 0xff, 0xf0,
    0x0, 0x0, 0x3f, 0xfc, 0x0, 0x0, 0xf, 0xff,
    0x0, 0x0, 0x3, 0xff, 0xc0, 0x0, 0x0, 0xff,
    0xf0, 0x0, 0x0, 0x3f, 0xfc, 0x0, 0x0, 0xf,
    0xff, 0x0, 0x0, 0x3, 0xff, 0xc0, 0x0, 0x0,
    0xff, 0xf0, 0x0, 0x0, 0x3f, 0xfc, 0x0, 0x0,
    0xf, 0xff, 0x0, 0x0, 0x3, 0xff, 0xc0, 0x0,
    0x0, 0xff, 0xf0, 0x0, 0x0, 0x3f, 0xfc, 0x0,
    0x0, 0xf, 0xff, 0x0, 0x0, 0x3, 0xff, 0xc0,
    0x0, 0x0, 0xff, 0xf0, 0x0, 0x0, 0x3f, 0xfc,
    0x0, 0x0, 0xf, 0xff, 0x0, 0x0, 0x3, 0xff,
    0xc0, 0x0, 0x0, 0xfd, 0xf8, 0x0, 0x0, 0x7e,
    0x7f, 0x0, 0x0, 0x3f, 0x8f, 0xff, 0xff, 0xff,
    0xc3, 0xff, 0xff, 0xff, 0xf0, 0x3f, 0xff, 0xff,
    0xf0, 0x3, 0xff, 0xff, 0xf0, 0x0,

    /* U+00DA "Ú" */
    0x0, 0x0, 0x3c, 0x0, 0x0, 0x0, 0x1f, 0x0,
    0x0, 0x0, 0xf, 0x80, 0x0, 0x0, 0x7, 0xc0,
    0x0, 0x0, 0x1, 0xf0, 0x0, 0x0, 0x0, 0xf8,
    0x0, 0x0, 0x0, 0x7c, 0x0, 0x0, 0x0, 0xe,
    0x0, 0x0, 0x0, 0x0, 0x0, 0x0, 0x3f, 0x0,
    0x0, 0x3, 0xff, 0xc0, 0x0, 0x0, 0xff, 0xf0,
    0x0, 0x0, 0x3f, 0xfc, 0x0, 0x0, 0xf, 0xff,
    0x0, 0x0, 0x3, 0xff, 0xc0, 0x0, 0x0, 0xff,
    0xf0, 0x0, 0x0, 0x3f, 0xfc, 0x0, 0x0, 0xf,
    0xff, 0x0, 0x0, 0x3, 0xff, 0xc0, 0x0, 0x0,
    0xff, 0xf0, 0x0, 0x0, 0x3f, 0xfc, 0x0, 0x0,
    0xf, 0xff, 0x0, 0x0, 0x3, 0xff, 0xc0, 0x0,
    0x0, 0xff, 0xf0, 0x0, 0x0, 0x3f, 0xfc, 0x0,
    0x0, 0xf, 0xff, 0x0, 0x0, 0x3, 0xff, 0xc0,
    0x0, 0x0, 0xff, 0xf0, 0x0, 0x0, 0x3f, 0xfc,
    0x0, 0x0, 0xf, 0xff, 0x0, 0x0, 0x3, 0xff,
    0xc0, 0x0, 0x0, 0xfd, 0xf8, 0x0, 0x0, 0x7e,
    0x7f, 0x0, 0x0, 0x3f, 0x8f, 0xff, 0xff, 0xff,
    0xc3, 0xff, 0xff, 0xff, 0xf0, 0x3f, 0xff, 0xff,
    0xf0, 0x3, 0xff, 0xff, 0xf0, 0x0,

    /* U+00DB "Û" */
    0x0, 0x7, 0xf0, 0x0, 0x0, 0x1, 0xfc, 0x0,
    0x0, 0x0, 0xff, 0x80, 0x0, 0x0, 0x7d, 0xf0,
    0x0, 0x0, 0x3e, 0x3e, 0x0, 0x0, 0xf, 0x8f,
    0x80, 0x0, 0x7, 0xc1, 0xf0, 0x0, 0x1, 0xe0,
    0x3c, 0x0, 0x0, 0x0, 0x0, 0x0, 0x3f, 0x0,
    0x0, 0x3, 0xff, 0xc0, 0x0, 0x0, 0xff, 0xf0,
    0x0, 0x0, 0x3f, 0xfc, 0x0, 0x0, 0xf, 0xff,
    0x0, 0x0, 0x3, 0xff, 0xc0, 0x0, 0x0, 0xff,
    0xf0, 0x0, 0x0, 0x3f, 0xfc, 0x0, 0x0, 0xf,
    0xff, 0x0, 0x0, 0x3, 0xff, 0xc0, 0x0, 0x0,
    0xff, 0xf0, 0x0, 0x0, 0x3f, 0xfc, 0x0, 0x0,
    0xf, 0xff, 0x0, 0x0, 0x3, 0xff, 0xc0, 0x0,
    0x0, 0xff, 0xf0, 0x0, 0x0, 0x3f, 0xfc, 0x0,
    0x0, 0xf, 0xff, 0x0, 0x0, 0x3, 0xff, 0xc0,
    0x0, 0x0, 0xff, 0xf0, 0x0, 0x0, 0x3f, 0xfc,
    0x0, 0x0, 0xf, 0xff, 0x0, 0x0, 0x3, 0xff,
    0xc0, 0x0, 0x0, 0xfd, 0xf8, 0x0, 0x0, 0x7e,
    0x7f, 0x0, 0x0, 0x3f, 0x8f, 0xff, 0xff, 0xff,
    0xc3, 0xff, 0xff, 0xff, 0xf0, 0x3f, 0xff, 0xff,
    0xf0, 0x3, 0xff, 0xff, 0xf0, 0x0,

    /* U+00DC "Ü" */
    0x0, 0xfc, 0xf, 0xc0, 0x0, 0x3f, 0x3, 0xf0,
    0x0, 0xf, 0xc0, 0xfc, 0x0, 0x3, 0xf0, 0x3f,
    0x0, 0x0, 0x0, 0x0, 0x0, 0x0, 0x0, 0x0,
    0x0, 0x0, 0x0, 0x0, 0x0, 0x3, 0xf0, 0x0,
    0x0, 0x3f, 0xfc, 0x0, 0x0, 0xf, 0xff, 0x0,
    0x0, 0x3, 0xff, 0xc0, 0x0, 0x0, 0xff, 0xf0,
    0x0, 0x0, 0x3f, 0xfc, 0x0, 0x0, 0xf, 0xff,
    0x0, 0x0, 0x3, 0xff, 0xc0, 0x0, 0x0, 0xff,
    0xf0, 0x0, 0x0, 0x3f, 0xfc, 0x0, 0x0, 0xf,
    0xff, 0x0, 0x0, 0x3, 0xff, 0xc0, 0x0, 0x0,
    0xff, 0xf0, 0x0, 0x0, 0x3f, 0xfc, 0x0, 0x0,
    0xf, 0xff, 0x0, 0x0, 0x3, 0xff, 0xc0, 0x0,
    0x0, 0xff, 0xf0, 0x0, 0x0, 0x3f, 0xfc, 0x0,
    0x0, 0xf, 0xff, 0x0, 0x0, 0x3, 0xff, 0xc0,
    0x0, 0x0, 0xff, 0xf0, 0x0, 0x0, 0x3f, 0xfc,
    0x0, 0x0, 0xf, 0xdf, 0x80, 0x0, 0x7, 0xe7,
    0xf0, 0x0, 0x3, 0xf8, 0xff, 0xff, 0xff, 0xfc,
    0x3f, 0xff, 0xff, 0xff, 0x3, 0xff, 0xff, 0xff,
    0x0, 0x3f, 0xff, 0xff, 0x0,

    /* U+00DD "Ý" */
    0x0, 0x0, 0x3f, 0x0, 0x0, 0x0, 0x3, 0xe0,
    0x0, 0x0, 0x0, 0x7c, 0x0, 0x0, 0x0, 0xf,
    0x80, 0x0, 0x0, 0x0, 0xf8, 0x0, 0x0, 0x0,
    0x1f, 0x0, 0x0, 0x0, 0x1, 0xe0, 0x0, 0x0,
    0x0, 0x0, 0x0, 0x0, 0x7f, 0x0, 0x0, 0x7,
    0xe7, 0xf0, 0x0, 0x0, 0xfe, 0x3f, 0x80, 0x0,
    0x1f, 0xc1, 0xfc, 0x0, 0x1, 0xf8, 0xf, 0xc0,
    0x0, 0x3f, 0x80, 0xfe, 0x0, 0x7, 0xf0, 0x7,
    0xf0, 0x0, 0xfe, 0x0, 0x3f, 0x80, 0xf, 0xc0,
    0x1, 0xf8, 0x1, 0xf8, 0x0, 0x1f, 0xc0, 0x3f,
    0x80, 0x0, 0xfe, 0x7, 0xf0, 0x0, 0x7, 0xf0,
    0x7e, 0x0, 0x0, 0x3f, 0xf, 0xc0, 0x0, 0x3,
    0xf9, 0xfc, 0x0, 0x0, 0x1f, 0xff, 0x80, 0x0,
    0x0, 0xff, 0xf0, 0x0, 0x0, 0x7, 0xfe, 0x0,
    0x0, 0x0, 0x3f, 0xe0, 0x0, 0x0, 0x3, 0xfc,
    0x0, 0x0, 0x0, 0x1f, 0x80, 0x0, 0x0, 0x1,
    0xf8, 0x0, 0x0, 0x0, 0x1f, 0x80, 0x0, 0x0,
    0x1, 0xf8, 0x0, 0x0, 0x0, 0x1f, 0x80, 0x0,
    0x0, 0x1, 0xf8, 0x0, 0x0, 0x0, 0x1f, 0x80,
    0x0, 0x0, 0x1, 0xf8, 0x0, 0x0, 0x0, 0x1f,
    0x80, 0x0,

    /* U+00DE "Þ" */
    0xfc, 0x0, 0x0, 0x1, 0xf8, 0x0, 0x0, 0x3,
    0xf0, 0x0, 0x0, 0x7, 0xe0, 0x0, 0x0, 0xf,
    0xc0, 0x0, 0x0, 0x1f, 0x80, 0x0, 0x0, 0x3f,
    0xff, 0xff, 0xf8, 0x7f, 0xff, 0xff, 0xfc, 0xff,
    0xff, 0xff, 0xfd, 0xff, 0xff, 0xff, 0xfb, 0xf0,
    0x0, 0x3, 0xff, 0xe0, 0x0, 0x3, 0xff, 0xc0,
    0x0, 0x7, 0xff, 0x80, 0x0, 0xf, 0xff, 0x0,
    0x0, 0x1f, 0xfe, 0x0, 0x0, 0x3f, 0xfc, 0x0,
    0x0, 0x7f, 0xf8, 0x0, 0x0, 0xff, 0xf0, 0x0,
    0x3, 0xff, 0xff, 0xff, 0xff, 0xef, 0xff, 0xff,
    0xff, 0xdf, 0xff, 0xff, 0xff, 0x3f, 0xff, 0xff,
    0xf8, 0x7e, 0x0, 0x0, 0x0, 0xfc, 0x0, 0x0,
    0x1, 0xf8, 0x0, 0x0, 0x3, 0xf0, 0x0, 0x0,
    0x7, 0xe0, 0x0, 0x0, 0x0,

    /* U+00DF "ß" */
    0xf, 0xff, 0x0, 0x0, 0x3f, 0xff, 0xc0, 0x0,
    0x7f, 0xff, 0xe0, 0x0, 0x7f, 0xff, 0xe0, 0x0,
    0xfe, 0x7, 0xf0, 0x0, 0xfc, 0x3, 0xf0, 0x0,
    0xfc, 0x3, 0xf0, 0x0, 0xfc, 0x3, 0xf0, 0x0,
    0xfc, 0x3, 0xf0, 0x0, 0xfc, 0x3, 0xf0, 0x0,
    0xfc, 0x3, 0xf0, 0x0, 0xfc, 0x3, 0xf0, 0x0,
    0xfc, 0x3, 0xf0, 0x0, 0xfc, 0x3, 0xff, 0xf8,
    0xfc, 0x3, 0xff, 0xfe, 0xfc, 0x1, 0xff, 0xfe,
    0xfc, 0x0, 0x7f, 0xff, 0xfc, 0x0, 0x0, 0x7f,
    0xfc, 0x0, 0x0, 0x3f, 0xfc, 0x0, 0x0, 0x3f,
    0xfc, 0x0, 0x0, 0x3f, 0xfc, 0x0, 0x0, 0x3f,
    0xfc, 0x0, 0x0, 0x3f, 0xfc, 0x0, 0x0, 0x3f,
    0xfc, 0x0, 0x0, 0x3f, 0xfc, 0x0, 0x0, 0x7f,
    0xfc, 0x3f, 0xff, 0xff, 0xfc, 0x3f, 0xff, 0xfe,
    0xfc, 0x3f, 0xff, 0xfc, 0xfc, 0x3f, 0xff, 0xf8,

    /* U+00E0 "à" */
    0x0, 0x70, 0x0, 0x0, 0xf, 0xc0, 0x0, 0x0,
    0x7c, 0x0, 0x0, 0x7, 0xe0, 0x0, 0x0, 0x3e,
    0x0, 0x0, 0x1, 0xf0, 0x0, 0x0, 0x1f, 0x0,
    0x0, 0x0, 0xf8, 0x0, 0x0, 0xf, 0x80, 0x0,
    0x0, 0x78, 0x0, 0x0, 0x0, 0x0, 0x7, 0xff,
    0xff, 0xe0, 0x7f, 0xff, 0xff, 0x87, 0xff, 0xff,
    0xfe, 0x7f, 0xff, 0xff, 0xe0, 0x0, 0x0, 0xff,
    0x0, 0x0, 0x3, 0xf0, 0x0, 0x0, 0x3f, 0x0,
    0x0, 0x3, 0xf0, 0x0, 0x0, 0x3f, 0x1f, 0xff,
    0xff, 0xf7, 0xff, 0xff, 0xff, 0xff, 0xff, 0xff,
    0xff, 0xe0, 0x0, 0x3f, 0xfc, 0x0, 0x3, 0xff,
    0xc0, 0x0, 0x3f, 0xfc, 0x0, 0x3, 0xff, 0xc0,
    0x0, 0x3f, 0xfe, 0x0, 0x3, 0xff, 0xff, 0xff,
    0xff, 0x7f, 0xff, 0xff, 0xf7, 0xff, 0xff, 0xff,
    0x1f, 0xff, 0xff, 0xe0,

    /* U+00E1 "á" */
    0x0, 0x1, 0xe0, 0x0, 0x0, 0x3e, 0x0, 0x0,
    0x3, 0xe0, 0x0, 0x0, 0x7c, 0x0, 0x0, 0x7,
    0xc0, 0x0, 0x0, 0xf8, 0x0, 0x0, 0xf, 0x80,
    0x0, 0x1, 0xf0, 0x0, 0x0, 0x1e, 0x0, 0x0,
    0x1, 0xc0, 0x0, 0x0, 0x0, 0x0, 0x7, 0xff,
    0xff, 0xe0, 0x7f, 0xff, 0xff, 0x87, 0xff, 0xff,
    0xfe, 0x7f, 0xff, 0xff, 0xe0, 0x0, 0x0, 0xff,
    0x0, 0x0, 0x3, 0xf0, 0x0, 0x0, 0x3f, 0x0,
    0x0, 0x3, 0xf0, 0x0, 0x0, 0x3f, 0x1f, 0xff,
    0xff, 0xf7, 0xff, 0xff, 0xff, 0xff, 0xff, 0xff,
    0xff, 0xe0, 0x0, 0x3f, 0xfc, 0x0, 0x3, 0xff,
    0xc0, 0x0, 0x3f, 0xfc, 0x0, 0x3, 0xff, 0xc0,
    0x0, 0x3f, 0xfe, 0x0, 0x3, 0xff, 0xff, 0xff,
    0xff, 0x7f, 0xff, 0xff, 0xf7, 0xff, 0xff, 0xff,
    0x1f, 0xff, 0xff, 0xe0,

    /* U+00E2 "â" */
    0x0, 0x1f, 0x80, 0x0, 0x3, 0xfc, 0x0, 0x0,
    0x7f, 0xc0, 0x0, 0x7, 0xbe, 0x0, 0x0, 0xf9,
    0xf0, 0x0, 0x1f, 0x1f, 0x0, 0x1, 0xf0, 0xf8,
    0x0, 0x3e, 0x7, 0x80, 0x3, 0xc0, 0x38, 0x0,
    0x0, 0x0, 0x0, 0x7f, 0xff, 0xfe, 0x7, 0xff,
    0xff, 0xf8, 0x7f, 0xff, 0xff, 0xe7, 0xff, 0xff,
    0xfe, 0x0, 0x0, 0xf, 0xf0, 0x0, 0x0, 0x3f,
    0x0, 0x0, 0x3, 0xf0, 0x0, 0x0, 0x3f, 0x0,
    0x0, 0x3, 0xf1, 0xff, 0xff, 0xff, 0x7f, 0xff,
    0xff, 0xff, 0xff, 0xff, 0xff, 0xfe, 0x0, 0x3,
    0xff, 0xc0, 0x0, 0x3f, 0xfc, 0x0, 0x3, 0xff,
    0xc0, 0x0, 0x3f, 0xfc, 0x0, 0x3, 0xff, 0xe0,
    0x0, 0x3f, 0xff, 0xff, 0xff, 0xf7, 0xff, 0xff,
    0xff, 0x7f, 0xff, 0xff, 0xf1, 0xff, 0xff, 0xfe,

    /* U+00E3 "ã" */
    0x3, 0xf0, 0xf, 0x0, 0x7f, 0xe0, 0xf0, 0xf,
    0xff, 0xf, 0x0, 0xf0, 0xff, 0xf0, 0xf, 0x7,
    0xfe, 0x0, 0xf0, 0xf, 0xc0, 0x0, 0x0, 0x0,
    0x0, 0x0, 0x0, 0x0, 0x0, 0x0, 0x0, 0x7,
    0xff, 0xff, 0xe0, 0x7f, 0xff, 0xff, 0x87, 0xff,
    0xff, 0xfe, 0x7f, 0xff, 0xff, 0xe0, 0x0, 0x0,
    0xff, 0x0, 0x0, 0x3, 0xf0, 0x0, 0x0, 0x3f,
    0x0, 0x0, 0x3, 0xf0, 0x0, 0x0, 0x3f, 0x1f,
    0xff, 0xff, 0xf7, 0xff, 0xff, 0xff, 0xff, 0xff,
    0xff, 0xff, 0xe0, 0x0, 0x3f, 0xfc, 0x0, 0x3,
    0xff, 0xc0, 0x0, 0x3f, 0xfc, 0x0, 0x3, 0xff,
    0xc0, 0x0, 0x3f, 0xfe, 0x0, 0x3, 0xff, 0xff,
    0xff, 0xff, 0x7f, 0xff, 0xff, 0xf7, 0xff, 0xff,
    0xff, 0x1f, 0xff, 0xff, 0xe0,

    /* U+00E4 "ä" */
    0x3, 0xf0, 0x7e, 0x0, 0x3f, 0x7, 0xe0, 0x3,
    0xf0, 0x7e, 0x0, 0x3f, 0x7, 0xe0, 0x0, 0x0,
    0x0, 0x0, 0x0, 0x0, 0x0, 0x0, 0x0, 0x0,
    0x0, 0x0, 0x0, 0x0, 0x7f, 0xff, 0xfe, 0x7,
    0xff, 0xff, 0xf8, 0x7f, 0xff, 0xff, 0xe7, 0xff,
    0xff, 0xfe, 0x0, 0x0, 0xf, 0xf0, 0x0, 0x0,
    0x3f, 0x0, 0x0, 0x3, 0xf0, 0x0, 0x0, 0x3f,
    0x0, 0x0, 0x3, 0xf1, 0xff, 0xff, 0xff, 0x7f,
    0xff, 0xff, 0xff, 0xff, 0xff, 0xff, 0xfe, 0x0,
    0x3, 0xff, 0xc0, 0x0, 0x3f, 0xfc, 0x0, 0x3,
    0xff, 0xc0, 0x0, 0x3f, 0xfc, 0x0, 0x3, 0xff,
    0xe0, 0x0, 0x3f, 0xff, 0xff, 0xff, 0xf7, 0xff,
    0xff, 0xff, 0x7f, 0xff, 0xff, 0xf1, 0xff, 0xff,
    0xfe,

    /* U+00E5 "å" */
    0x0, 0x7f, 0xf0, 0x0, 0xf, 0xff, 0x80, 0x0,
    0xe0, 0x38, 0x0, 0xe, 0x3, 0x80, 0x0, 0xe0,
    0x38, 0x0, 0xe, 0x3, 0x80, 0x0, 0xe0, 0x38,
    0x0, 0xf, 0xff, 0x80, 0x0, 0x7f, 0xf0, 0x0,
    0x0, 0x0, 0x0, 0x7f, 0xff, 0xfe, 0x7, 0xff,
    0xff, 0xf8, 0x7f, 0xff, 0xff, 0xe7, 0xff, 0xff,
    0xfe, 0x0, 0x0, 0xf, 0xf0, 0x0, 0x0, 0x3f,
    0x0, 0x0, 0x3, 0xf0, 0x0, 0x0, 0x3f, 0x0,
    0x0, 0x3, 0xf1, 0xff, 0xff, 0xff, 0x7f, 0xff,
    0xff, 0xff, 0xff, 0xff, 0xff, 0xfe, 0x0, 0x3,
    0xff, 0xc0, 0x0, 0x3f, 0xfc, 0x0, 0x3, 0xff,
    0xc0, 0x0, 0x3f, 0xfc, 0x0, 0x3, 0xff, 0xe0,
    0x0, 0x3f, 0xff, 0xff, 0xff, 0xf7, 0xff, 0xff,
    0xff, 0x7f, 0xff, 0xff, 0xf1, 0xff, 0xff, 0xfe,

    /* U+00E6 "æ" */
    0x7f, 0xff, 0xfe, 0x1f, 0xff, 0xff, 0xf, 0xff,
    0xff, 0xff, 0xff, 0xff, 0xf9, 0xff, 0xff, 0xff,
    0xff, 0xff, 0xff, 0x3f, 0xff, 0xff, 0xff, 0xff,
    0xff, 0xf0, 0x0, 0x0, 0xff, 0xc0, 0x0, 0xfe,
    0x0, 0x0, 0x7, 0xe0, 0x0, 0xf, 0xc0, 0x0,
    0x0, 0xfc, 0x0, 0x1, 0xf8, 0x0, 0x0, 0x1f,
    0x80, 0x0, 0x3f, 0x0, 0x0, 0x3, 0xf0, 0x0,
    0x7, 0xe3, 0xff, 0xff, 0xff, 0xff, 0xff, 0xfd,
    0xff, 0xff, 0xff, 0xff, 0xff, 0xff, 0xff, 0xff,
    0xff, 0xff, 0xff, 0xff, 0xef, 0xe0, 0x0, 0x3f,
    0x0, 0x0, 0x1, 0xf8, 0x0, 0x7, 0xe0, 0x0,
    0x0, 0x3f, 0x0, 0x0, 0xfc, 0x0, 0x0, 0x7,
    0xe0, 0x0, 0x1f, 0x80, 0x0, 0x0, 0xfc, 0x0,
    0x3, 0xf8, 0x0, 0x0, 0x1f, 0xc0, 0x0, 0x7f,
    0x80, 0x0, 0x3, 0xff, 0xff, 0xff, 0xff, 0xff,
    0xff, 0x3f, 0xff, 0xff, 0xff, 0xff, 0xff, 0xe7,
    0xff, 0xff, 0xff, 0xff, 0xff, 0xfc, 0x3f, 0xff,
    0xff, 0xff, 0xff, 0xff, 0x80,

    /* U+00E7 "ç" */
    0x7, 0xff, 0xff, 0xc3, 0xff, 0xff, 0xfd, 0xff,
    0xff, 0xff, 0xbf, 0xff, 0xff, 0xef, 0xf0, 0x0,
    0x1, 0xfc, 0x0, 0x0, 0x3f, 0x0, 0x0, 0x7,
    0xe0, 0x0, 0x0, 0xfc, 0x0, 0x0, 0x1f, 0x80,
    0x0, 0x3, 0xf0, 0x0, 0x0, 0x7e, 0x0, 0x0,
    0xf, 0xc0, 0x0, 0x1, 0xf8, 0x0, 0x0, 0x3f,
    0x0, 0x0, 0x7, 0xe0, 0x0, 0x0, 0xfe, 0x0,
    0x0, 0x1f, 0xe0, 0x0, 0x1, 0xff, 0xff, 0xff,
    0x3f, 0xff, 0xff, 0xf3, 0xff, 0xff, 0xfe, 0xf,
    0xff, 0xff, 0x80, 0x0, 0x0, 0x0, 0x0, 0x0,
    0x0, 0x0, 0x1f, 0x0, 0x0, 0x3, 0xe0, 0x0,
    0x0, 0x7c, 0x0, 0x0, 0xf, 0x80, 0x0, 0x1,
    0xe0, 0x0, 0x0, 0x3c, 0x0, 0x0, 0xf, 0x80,
    0x0, 0x1, 0xf0, 0x0, 0x0, 0x3c, 0x0, 0x0,

    /* U+00E8 "è" */
    0x0, 0x70, 0x0, 0x0, 0xf, 0xc0, 0x0, 0x0,
    0x7c, 0x0, 0x0, 0x7, 0xe0, 0x0, 0x0, 0x3e,
    0x0, 0x0, 0x3, 0xf0, 0x0, 0x0, 0x1f, 0x0,
    0x0, 0x0, 0xf8, 0x0, 0x0, 0xf, 0x80, 0x0,
    0x0, 0x70, 0x0, 0x0, 0x0, 0x0, 0x0, 0x7f,
    0xff, 0xf8, 0x1f, 0xff, 0xff, 0xe7, 0xff, 0xff,
    0xfe, 0x7f, 0xff, 0xff, 0xff, 0xe0, 0x0, 0x7f,
    0xfc, 0x0, 0x3, 0xff, 0xc0, 0x0, 0x3f, 0xfc,
    0x0, 0x3, 0xff, 0xc0, 0x0, 0x3f, 0xff, 0xff,
    0xff, 0xff, 0xff, 0xff, 0xff, 0xff, 0xff, 0xff,
    0xef, 0xc0, 0x0, 0x0, 0xfc, 0x0, 0x0, 0xf,
    0xc0, 0x0, 0x0, 0xfc, 0x0, 0x0, 0xf, 0xe0,
    0x0, 0x0, 0xff, 0x0, 0x0, 0x7, 0xff, 0xff,
    0xfe, 0x7f, 0xff, 0xff, 0xe3, 0xff, 0xff, 0xfe,
    0x7, 0xff, 0xff, 0xe0,

    /* U+00E9 "é" */
    0x0, 0x1, 0xe0, 0x0, 0x0, 0x3e, 0x0, 0x0,
    0x3, 0xe0, 0x0, 0x0, 0x7c, 0x0, 0x0, 0x7,
    0xc0, 0x0, 0x0, 0xf8, 0x0, 0x0, 0x1f, 0x80,
    0x0, 0x1, 0xf0, 0x0, 0x0, 0x3e, 0x0, 0x0,
    0x1, 0xc0, 0x0, 0x0, 0x0, 0x0, 0x0, 0x7f,
    0xff, 0xf8, 0x1f, 0xff, 0xff, 0xe7, 0xff, 0xff,
    0xfe, 0x7f, 0xff, 0xff, 0xff, 0xe0, 0x0, 0x7f,
    0xfc, 0x0, 0x3, 0xff, 0xc0, 0x0, 0x3f, 0xfc,
    0x0, 0x3, 0xff, 0xc0, 0x0, 0x3f, 0xff, 0xff,
    0xff, 0xff, 0xff, 0xff, 0xff, 0xff, 0xff, 0xff,
    0xef, 0xc0, 0x0, 0x0, 0xfc, 0x0, 0x0, 0xf,
    0xc0, 0x0, 0x0, 0xfc, 0x0, 0x0, 0xf, 0xe0,
    0x0, 0x0, 0xff, 0x0, 0x0, 0x7, 0xff, 0xff,
    0xfe, 0x7f, 0xff, 0xff, 0xe3, 0xff, 0xff, 0xfe,
    0x7, 0xff, 0xff, 0xe0,

    /* U+00EA "ê" */
    0x0, 0x1f, 0x80, 0x0, 0x3, 0xfc, 0x0, 0x0,
    0x7f, 0xc0, 0x0, 0x7, 0xbe, 0x0, 0x0, 0xf9,
    0xf0, 0x0, 0x1f, 0x1f, 0x0, 0x1, 0xf0, 0xf8,
    0x0, 0x3e, 0x7, 0x80, 0x3, 0xc0, 0x38, 0x0,
    0x0, 0x0, 0x0, 0x7, 0xff, 0xff, 0x81, 0xff,
    0xff, 0xfe, 0x7f, 0xff, 0xff, 0xe7, 0xff, 0xff,
    0xff, 0xfe, 0x0, 0x7, 0xff, 0xc0, 0x0, 0x3f,
    0xfc, 0x0, 0x3, 0xff, 0xc0, 0x0, 0x3f, 0xfc,
    0x0, 0x3, 0xff, 0xff, 0xff, 0xff, 0xff, 0xff,
    0xff, 0xff, 0xff, 0xff, 0xfe, 0xfc, 0x0, 0x0,
    0xf, 0xc0, 0x0, 0x0, 0xfc, 0x0, 0x0, 0xf,
    0xc0, 0x0, 0x0, 0xfe, 0x0, 0x0, 0xf, 0xf0,
    0x0, 0x0, 0x7f, 0xff, 0xff, 0xe7, 0xff, 0xff,
    0xfe, 0x3f, 0xff, 0xff, 0xe0, 0x7f, 0xff, 0xfe,

    /* U+00EB "ë" */
    0x3, 0xf0, 0x7e, 0x0, 0x3f, 0x7, 0xe0, 0x3,
    0xf0, 0x7e, 0x0, 0x3f, 0x7, 0xe0, 0x0, 0x0,
    0x0, 0x0, 0x0, 0x0, 0x0, 0x0, 0x0, 0x0,
    0x0, 0x0, 0x0, 0x0, 0x7, 0xff, 0xff, 0x81,
    0xff, 0xff, 0xfe, 0x7f, 0xff, 0xff, 0xe7, 0xff,
    0xff, 0xff, 0xff, 0x0, 0x3, 0xff, 0xc0, 0x0,
    0x1f, 0xfc, 0x0, 0x1, 0xff, 0xc0, 0x0, 0x1f,
    0xfc, 0x0, 0x1, 0xff, 0xff, 0xff, 0xff, 0xff,
    0xff, 0xff, 0xff, 0xff, 0xff, 0xfe, 0xfc, 0x0,
    0x0, 0xf, 0xc0, 0x0, 0x0, 0xfc, 0x0, 0x0,
    0xf, 0xc0, 0x0, 0x0, 0xfe, 0x0, 0x0, 0xf,
    0xf0, 0x0, 0x0, 0x7f, 0xff, 0xff, 0xe7, 0xff,
    0xff, 0xfe, 0x3f, 0xff, 0xff, 0xe0, 0x7f, 0xff,
    0xfe,

    /* U+00EC "ì" */
    0x70, 0x7e, 0x1f, 0xf, 0xc3, 0xe1, 0xf8, 0x7c,
    0x1f, 0xf, 0x83, 0x80, 0x3, 0xf1, 0xf8, 0xfc,
    0x7e, 0x3f, 0x1f, 0x8f, 0xc7, 0xe3, 0xf1, 0xf8,
    0xfc, 0x7e, 0x3f, 0x1f, 0x8f, 0xc7, 0xe3, 0xf1,
    0xf8, 0xfc, 0x7e, 0x3f, 0x1f, 0x80,

    /* U+00ED "í" */
    0x7, 0x87, 0xc7, 0xc3, 0xe3, 0xe1, 0xf1, 0xf0,
    0xf8, 0xf8, 0x38, 0x0, 0xf, 0xc7, 0xe3, 0xf1,
    0xf8, 0xfc, 0x7e, 0x3f, 0x1f, 0x8f, 0xc7, 0xe3,
    0xf1, 0xf8, 0xfc, 0x7e, 0x3f, 0x1f, 0x8f, 0xc7,
    0xe3, 0xf1, 0xf8, 0xfc, 0x7e, 0x0,

    /* U+00EE "î" */
    0x7, 0xe0, 0xf, 0xf0, 0xf, 0xf8, 0x1f, 0x78,
    0x1e, 0x7c, 0x3e, 0x3e, 0x7c, 0x1e, 0x7c, 0x1f,
    0x70, 0xf, 0x0, 0x0, 0x7, 0xe0, 0x7, 0xe0,
    0x7, 0xe0, 0x7, 0xe0, 0x7, 0xe0, 0x7, 0xe0,
    0x7, 0xe0, 0x7, 0xe0, 0x7, 0xe0, 0x7, 0xe0,
    0x7, 0xe0, 0x7, 0xe0, 0x7, 0xe0, 0x7, 0xe0,
    0x7, 0xe0, 0x7, 0xe0, 0x7, 0xe0, 0x7, 0xe0,
    0x7, 0xe0, 0x7, 0xe0, 0x7, 0xe0, 0x7, 0xe0,

    /* U+00EF "ï" */
    0xfc, 0x7f, 0xf8, 0xff, 0xf1, 0xff, 0xe3, 0xf0,
    0x0, 0x0, 0x0, 0x0, 0x0, 0x0, 0x0, 0x7,
    0xe0, 0xf, 0xc0, 0x1f, 0x80, 0x3f, 0x0, 0x7e,
    0x0, 0xfc, 0x1, 0xf8, 0x3, 0xf0, 0x7, 0xe0,
    0xf, 0xc0, 0x1f, 0x80, 0x3f, 0x0, 0x7e, 0x0,
    0xfc, 0x1, 0xf8, 0x3, 0xf0, 0x7, 0xe0, 0xf,
    0xc0, 0x1f, 0x80, 0x3f, 0x0, 0x7e, 0x0, 0xfc,
    0x0,

    /* U+00F0 "ð" */
    0x0, 0x3, 0x80, 0x0, 0x0, 0x1e, 0x0, 0x0,
    0x0, 0x78, 0x0, 0x0, 0x3, 0xc0, 0x0, 0x3,
    0xff, 0xff, 0x80, 0xf, 0xff, 0xff, 0x80, 0x3f,
    0xff, 0xff, 0x80, 0xff, 0xff, 0xfe, 0x0, 0x3c,
    0x3, 0xfc, 0x1, 0xe0, 0x7, 0xf0, 0x7, 0x80,
    0xf, 0xc0, 0x1e, 0x0, 0x3f, 0x0, 0xf0, 0x0,
    0xfc, 0x0, 0x0, 0x3, 0xf0, 0x0, 0x0, 0xf,
    0xc0, 0x0, 0x0, 0x3f, 0x7, 0xff, 0xff, 0xfc,
    0xff, 0xff, 0xff, 0xf7, 0xff, 0xff, 0xff, 0xdf,
    0xff, 0xff, 0xff, 0xfe, 0x0, 0x0, 0xff, 0xf8,
    0x0, 0x3, 0xff, 0xc0, 0x0, 0xf, 0xff, 0x0,
    0x0, 0x3f, 0xfc, 0x0, 0x0, 0xff, 0xf0, 0x0,
    0x3, 0xff, 0xc0, 0x0, 0xf, 0xff, 0x0, 0x0,
    0x3f, 0xfc, 0x0, 0x0, 0xff, 0xf8, 0x0, 0x7,
    0xff, 0xf0, 0x0, 0x1f, 0xdf, 0xff, 0xff, 0xfe,
    0x7f, 0xff, 0xff, 0xf8, 0xff, 0xff, 0xff, 0x80,
    0x7f, 0xff, 0xf8, 0x0,

    /* U+00F1 "ñ" */
    0x1, 0xf8, 0x7, 0x80, 0x7, 0xfe, 0xf, 0x0,
    0x1f, 0xfe, 0x1e, 0x0, 0x3c, 0x3f, 0xfc, 0x0,
    0x78, 0x3f, 0xf0, 0x0, 0xf0, 0xf, 0xc0, 0x0,
    0x0, 0x0, 0x0, 0x0, 0x0, 0x0, 0x0, 0x0,
    0x0, 0x0, 0x0, 0xf, 0xff, 0xff, 0x80, 0x7f,
    0xff, 0xff, 0xc3, 0xff, 0xff, 0xff, 0xc7, 0xff,
    0xff, 0xff, 0xdf, 0xe0, 0x0, 0x1f, 0xff, 0x80,
    0x0, 0x1f, 0xfe, 0x0, 0x0, 0x3f, 0xfc, 0x0,
    0x0, 0x7f, 0xf8, 0x0, 0x0, 0xff, 0xf0, 0x0,
    0x1, 0xff, 0xe0, 0x0, 0x3, 0xff, 0xc0, 0x0,
    0x7, 0xff, 0x80, 0x0, 0xf, 0xff, 0x0, 0x0,
    0x1f, 0xfe, 0x0, 0x0, 0x3f, 0xfc, 0x0, 0x0,
    0x7f, 0xf8, 0x0, 0x0, 0xff, 0xf0, 0x0, 0x1,
    0xff, 0xe0, 0x0, 0x3, 0xff, 0xc0, 0x0, 0x7,
    0xff, 0x80, 0x0, 0xf, 0xff, 0x0, 0x0, 0x1f,
    0x80,

    /* U+00F2 "ò" */
    0x0, 0x3c, 0x0, 0x0, 0x0, 0x7c, 0x0, 0x0,
    0x0, 0xfc, 0x0, 0x0, 0x0, 0xf8, 0x0, 0x0,
    0x1, 0xf8, 0x0, 0x0, 0x1, 0xf0, 0x0, 0x0,
    0x1, 0xf0, 0x0, 0x0, 0x3, 0xe0, 0x0, 0x0,
    0x3, 0xe0, 0x0, 0x0, 0x3, 0x80, 0x0, 0x0,
    0x0, 0x0, 0x0, 0x3f, 0xff, 0xfe, 0x1, 0xff,
    0xff, 0xff, 0xf, 0xff, 0xff, 0xff, 0x1f, 0xff,
    0xff, 0xff, 0x7f, 0x80, 0x0, 0xff, 0xfe, 0x0,
    0x0, 0xff, 0xf8, 0x0, 0x0, 0xff, 0xf0, 0x0,
    0x1, 0xff, 0xe0, 0x0, 0x3, 0xff, 0xc0, 0x0,
    0x7, 0xff, 0x80, 0x0, 0xf, 0xff, 0x0, 0x0,
    0x1f, 0xfe, 0x0, 0x0, 0x3f, 0xfc, 0x0, 0x0,
    0x7f, 0xf8, 0x0, 0x0, 0xff, 0xf0, 0x0, 0x1,
    0xff, 0xf0, 0x0, 0x7, 0xff, 0xf0, 0x0, 0x1f,
    0xef, 0xff, 0xff, 0xff, 0x9f, 0xff, 0xff, 0xff,
    0xf, 0xff, 0xff, 0xf8, 0x7, 0xff, 0xff, 0xc0,

    /* U+00F3 "ó" */
    0x0, 0x0, 0x70, 0x0, 0x0, 0x3, 0xf0, 0x0,
    0x0, 0x7, 0xc0, 0x0, 0x0, 0x1f, 0x80, 0x0,
    0x0, 0x3e, 0x0, 0x0, 0x0, 0xfc, 0x0, 0x0,
    0x1, 0xf0, 0x0, 0x0, 0x7, 0xc0, 0x0, 0x0,
    0xf, 0x80, 0x0, 0x0, 0x1e, 0x0, 0x0, 0x0,
    0x0, 0x0, 0x0, 0x3f, 0xff, 0xfe, 0x1, 0xff,
    0xff, 0xff, 0xf, 0xff, 0xff, 0xff, 0x1f, 0xff,
    0xff, 0xff, 0x7f, 0x80, 0x0, 0xff, 0xfe, 0x0,
    0x0, 0xff, 0xf8, 0x0, 0x0, 0xff, 0xf0, 0x0,
    0x1, 0xff, 0xe0, 0x0, 0x3, 0xff, 0xc0, 0x0,
    0x7, 0xff, 0x80, 0x0, 0xf, 0xff, 0x0, 0x0,
    0x1f, 0xfe, 0x0, 0x0, 0x3f, 0xfc, 0x0, 0x0,
    0x7f, 0xf8, 0x0, 0x0, 0xff, 0xf0, 0x0, 0x1,
    0xff, 0xf0, 0x0, 0x7, 0xff, 0xf0, 0x0, 0x1f,
    0xef, 0xff, 0xff, 0xff, 0x9f, 0xff, 0xff, 0xff,
    0xf, 0xff, 0xff, 0xf8, 0x7, 0xff, 0xff, 0xc0,

    /* U+00F4 "ô" */
    0x0, 0xf, 0xc0, 0x0, 0x0, 0x3f, 0xc0, 0x0,
    0x0, 0x7f, 0xc0, 0x0, 0x1, 0xf7, 0x80, 0x0,
    0x3, 0xcf, 0x80, 0x0, 0xf, 0x8f, 0x80, 0x0,
    0x3e, 0xf, 0x0, 0x0, 0x7c, 0x1f, 0x0, 0x0,
    0xe0, 0x1e, 0x0, 0x0, 0x0, 0x0, 0x0, 0x1f,
    0xff, 0xff, 0x0, 0xff, 0xff, 0xff, 0x87, 0xff,
    0xff, 0xff, 0x8f, 0xff, 0xff, 0xff, 0xbf, 0xc0,
    0x0, 0x7f, 0xff, 0x0, 0x0, 0x7f, 0xfc, 0x0,
    0x0, 0x7f, 0xf8, 0x0, 0x0, 0xff, 0xf0, 0x0,
    0x1, 0xff, 0xe0, 0x0, 0x3, 0xff, 0xc0, 0x0,
    0x7, 0xff, 0x80, 0x0, 0xf, 0xff, 0x0, 0x0,
    0x1f, 0xfe, 0x0, 0x0, 0x3f, 0xfc, 0x0, 0x0,
    0x7f, 0xf8, 0x0, 0x0, 0xff, 0xf8, 0x0, 0x3,
    0xff, 0xf8, 0x0, 0xf, 0xf7, 0xff, 0xff, 0xff,
    0xcf, 0xff, 0xff, 0xff, 0x87, 0xff, 0xff, 0xfc,
    0x3, 0xff, 0xff, 0xe0,

    /* U+00F5 "õ" */
    0x1, 0xf8, 0x7, 0x80, 0x7, 0xfe, 0xf, 0x0,
    0x1f, 0xfe, 0x1e, 0x0, 0x3c, 0x3f, 0xfc, 0x0,
    0x78, 0x3f, 0xf0, 0x0, 0xf0, 0xf, 0xc0, 0x0,
    0x0, 0x0, 0x0, 0x0, 0x0, 0x0, 0x0, 0x0,
    0x0, 0x0, 0x0, 0xf, 0xff, 0xff, 0x80, 0x7f,
    0xff, 0xff, 0xc3, 0xff, 0xff, 0xff, 0xc7, 0xff,
    0xff, 0xff, 0xdf, 0xe0, 0x0, 0x3f, 0xff, 0x80,
    0x0, 0x3f, 0xfe, 0x0, 0x0, 0x3f, 0xfc, 0x0,
    0x0, 0x7f, 0xf8, 0x0, 0x0, 0xff, 0xf0, 0x0,
    0x1, 0xff, 0xe0, 0x0, 0x3, 0xff, 0xc0, 0x0,
    0x7, 0xff, 0x80, 0x0, 0xf, 0xff, 0x0, 0x0,
    0x1f, 0xfe, 0x0, 0x0, 0x3f, 0xfc, 0x0, 0x0,
    0x7f, 0xfc, 0x0, 0x1, 0xff, 0xfc, 0x0, 0x7,
    0xfb, 0xff, 0xff, 0xff, 0xe7, 0xff, 0xff, 0xff,
    0xc3, 0xff, 0xff, 0xfe, 0x1, 0xff, 0xff, 0xf0,
    0x0,

    /* U+00F6 "ö" */
    0x1, 0xf8, 0x3f, 0x0, 0x3, 0xf0, 0x7e, 0x0,
    0x7, 0xe0, 0xfc, 0x0, 0xf, 0xc1, 0xf8, 0x0,
    0x0, 0x0, 0x0, 0x0, 0x0, 0x0, 0x0, 0x0,
    0x0, 0x0, 0x0, 0x0, 0x0, 0x0, 0x0, 0x7,
    0xff, 0xff, 0xc0, 0x3f, 0xff, 0xff, 0xe1, 0xff,
    0xff, 0xff, 0xe3, 0xff, 0xff, 0xff, 0xef, 0xf0,
    0x0, 0x1f, 0xff, 0xc0, 0x0, 0x1f, 0xff, 0x0,
    0x0, 0x1f, 0xfe, 0x0, 0x0, 0x3f, 0xfc, 0x0,
    0x0, 0x7f, 0xf8, 0x0, 0x0, 0xff, 0xf0, 0x0,
    0x1, 0xff, 0xe0, 0x0, 0x3, 0xff, 0xc0, 0x0,
    0x7, 0xff, 0x80, 0x0, 0xf, 0xff, 0x0, 0x0,
    0x1f, 0xfe, 0x0, 0x0, 0x3f, 0xfe, 0x0, 0x0,
    0xff, 0xfe, 0x0, 0x3, 0xfd, 0xff, 0xff, 0xff,
    0xf3, 0xff, 0xff, 0xff, 0xe1, 0xff, 0xff, 0xff,
    0x0, 0xff, 0xff, 0xf8, 0x0,

    /* U+00F7 "÷" */
    0x0, 0xfc, 0x0, 0x7, 0xe0, 0x0, 0x3f, 0x0,
    0x1, 0xf8, 0x0, 0x0, 0x0, 0x0, 0x0, 0x0,
    0x0, 0x0, 0x0, 0x0, 0x0, 0x0, 0x0, 0x0,
    0x0, 0x0, 0x3f, 0xff, 0xff, 0xff, 0xff, 0xff,
    0xff, 0xff, 0xff, 0xff, 0xfc, 0x0, 0x0, 0x0,
    0x0, 0x0, 0x0, 0x0, 0x0, 0x0, 0x0, 0x0,
    0x0, 0x0, 0x0, 0x0, 0x0, 0xf, 0xc0, 0x0,
    0x7e, 0x0, 0x3, 0xf0, 0x0, 0x1f, 0x80,

    /* U+00F8 "ø" */
    0x0, 0x0, 0x0, 0x1e, 0x0, 0x0, 0x0, 0x78,
    0x0, 0x0, 0x1, 0xe0, 0x0, 0x0, 0x7, 0x80,
    0x7f, 0xff, 0xfe, 0x3, 0xff, 0xff, 0xfe, 0xf,
    0xff, 0xff, 0xff, 0x3f, 0xff, 0xff, 0xfe, 0xff,
    0x0, 0x1f, 0xff, 0xfc, 0x0, 0x79, 0xff, 0xf0,
    0x1, 0xe1, 0xff, 0xe0, 0x7, 0xc3, 0xff, 0xc0,
    0x1f, 0x7, 0xff, 0x80, 0x3c, 0xf, 0xff, 0x0,
    0xf0, 0x1f, 0xfe, 0x3, 0xc0, 0x3f, 0xfc, 0xf,
    0x0, 0x7f, 0xf8, 0x3e, 0x0, 0xff, 0xf0, 0x78,
    0x1, 0xff, 0xe1, 0xe0, 0x3, 0xff, 0xe7, 0x80,
    0xf, 0xff, 0xfe, 0x0, 0x3f, 0xdf, 0xff, 0xff,
    0xff, 0x3f, 0xff, 0xff, 0xfe, 0x3f, 0xff, 0xff,
    0xf0, 0x1f, 0xff, 0xff, 0x80, 0x78, 0x0, 0x0,
    0x1, 0xe0, 0x0, 0x0, 0x7, 0x80, 0x0, 0x0,
    0x1e, 0x0, 0x0, 0x0, 0x0,

    /* U+00F9 "ù" */
    0x0, 0x3c, 0x0, 0x0, 0x0, 0xf8, 0x0, 0x0,
    0x1, 0xf0, 0x0, 0x0, 0x7, 0xc0, 0x0, 0x0,
    0xf, 0x80, 0x0, 0x0, 0x3e, 0x0, 0x0, 0x0,
    0x7c, 0x0, 0x0, 0x1, 0xf0, 0x0, 0x0, 0x3,
    0xe0, 0x0, 0x0, 0x7, 0x0, 0x0, 0x0, 0x0,
    0x0, 0x3f, 0x0, 0x0, 0x3f, 0xfc, 0x0, 0x0,
    0xff, 0xf0, 0x0, 0x3, 0xff, 0xc0, 0x0, 0xf,
    0xff, 0x0, 0x0, 0x3f, 0xfc, 0x0, 0x0, 0xff,
    0xf0, 0x0, 0x3, 0xff, 0xc0, 0x0, 0xf, 0xff,
    0x0, 0x0, 0x3f, 0xfc, 0x0, 0x0, 0xff, 0xf0,
    0x0, 0x3, 0xff, 0xc0, 0x0, 0xf, 0xff, 0x0,
    0x0, 0x3f, 0xfc, 0x0, 0x0, 0xff, 0xf0, 0x0,
    0x3, 0xff, 0xc0, 0x0, 0xf, 0xff, 0x0, 0x0,
    0x7f, 0xfe, 0x0, 0x3, 0xfd, 0xff, 0xff, 0xff,
    0xe7, 0xff, 0xff, 0xff, 0x8f, 0xff, 0xff, 0xf8,
    0x7, 0xff, 0xff, 0x80,

    /* U+00FA "ú" */
    0x0, 0x0, 0x78, 0x0, 0x0, 0x3, 0xe0, 0x0,
    0x0, 0x1f, 0x80, 0x0, 0x0, 0x7c, 0x0, 0x0,
    0x3, 0xe0, 0x0, 0x0, 0xf, 0x80, 0x0, 0x0,
    0x7c, 0x0, 0x0, 0x1, 0xf0, 0x0, 0x0, 0xf,
    0x80, 0x0, 0x0, 0x1c, 0x0, 0x0, 0x0, 0x0,
    0x0, 0x3f, 0x0, 0x0, 0x3f, 0xfc, 0x0, 0x0,
    0xff, 0xf0, 0x0, 0x3, 0xff, 0xc0, 0x0, 0xf,
    0xff, 0x0, 0x0, 0x3f, 0xfc, 0x0, 0x0, 0xff,
    0xf0, 0x0, 0x3, 0xff, 0xc0, 0x0, 0xf, 0xff,
    0x0, 0x0, 0x3f, 0xfc, 0x0, 0x0, 0xff, 0xf0,
    0x0, 0x3, 0xff, 0xc0, 0x0, 0xf, 0xff, 0x0,
    0x0, 0x3f, 0xfc, 0x0, 0x0, 0xff, 0xf0, 0x0,
    0x3, 0xff, 0xc0, 0x0, 0xf, 0xff, 0x0, 0x0,
    0x7f, 0xfe, 0x0, 0x3, 0xfd, 0xff, 0xff, 0xff,
    0xe7, 0xff, 0xff, 0xff, 0x8f, 0xff, 0xff, 0xf8,
    0x7, 0xff, 0xff, 0x80,

    /* U+00FB "û" */
    0x0, 0xf, 0xe0, 0x0, 0x0, 0x3f, 0x80, 0x0,
    0x1, 0xff, 0x0, 0x0, 0xf, 0xbe, 0x0, 0x0,
    0x3c, 0x78, 0x0, 0x1, 0xf1, 0xf0, 0x0, 0xf,
    0x83, 0xc0, 0x0, 0x3e, 0xf, 0x80, 0x0, 0xf0,
    0x1e, 0x0, 0x0, 0x0, 0x0, 0xf, 0xc0, 0x0,
    0xf, 0xff, 0x0, 0x0, 0x3f, 0xfc, 0x0, 0x0,
    0xff, 0xf0, 0x0, 0x3, 0xff, 0xc0, 0x0, 0xf,
    0xff, 0x0, 0x0, 0x3f, 0xfc, 0x0, 0x0, 0xff,
    0xf0, 0x0, 0x3, 0xff, 0xc0, 0x0, 0xf, 0xff,
    0x0, 0x0, 0x3f, 0xfc, 0x0, 0x0, 0xff, 0xf0,
    0x0, 0x3, 0xff, 0xc0, 0x0, 0xf, 0xff, 0x0,
    0x0, 0x3f, 0xfc, 0x0, 0x0, 0xff, 0xf0, 0x0,
    0x3, 0xff, 0xc0, 0x0, 0x1f, 0xff, 0x80, 0x0,
    0xff, 0x7f, 0xff, 0xff, 0xf9, 0xff, 0xff, 0xff,
    0xe3, 0xff, 0xff, 0xfe, 0x1, 0xff, 0xff, 0xe0,

    /* U+00FC "ü" */
    0x1, 0xf8, 0x3f, 0x0, 0x7, 0xe0, 0xfc, 0x0,
    0x1f, 0x83, 0xf0, 0x0, 0x7e, 0xf, 0xc0, 0x0,
    0x0, 0x0, 0x0, 0x0, 0x0, 0x0, 0x0, 0x0,
    0x0, 0x0, 0x0, 0x0, 0x0, 0x0, 0xfc, 0x0,
    0x0, 0xff, 0xf0, 0x0, 0x3, 0xff, 0xc0, 0x0,
    0xf, 0xff, 0x0, 0x0, 0x3f, 0xfc, 0x0, 0x0,
    0xff, 0xf0, 0x0, 0x3, 0xff, 0xc0, 0x0, 0xf,
    0xff, 0x0, 0x0, 0x3f, 0xfc, 0x0, 0x0, 0xff,
    0xf0, 0x0, 0x3, 0xff, 0xc0, 0x0, 0xf, 0xff,
    0x0, 0x0, 0x3f, 0xfc, 0x0, 0x0, 0xff, 0xf0,
    0x0, 0x3, 0xff, 0xc0, 0x0, 0xf, 0xff, 0x0,
    0x0, 0x3f, 0xfc, 0x0, 0x1, 0xff, 0xf8, 0x0,
    0xf, 0xf7, 0xff, 0xff, 0xff, 0x9f, 0xff, 0xff,
    0xfe, 0x3f, 0xff, 0xff, 0xe0, 0x1f, 0xff, 0xfe,
    0x0,

    /* U+00FD "ý" */
    0x0, 0x0, 0x3c, 0x0, 0x0, 0x0, 0x7c, 0x0,
    0x0, 0x0, 0xfc, 0x0, 0x0, 0x0, 0xf8, 0x0,
    0x0, 0x1, 0xf8, 0x0, 0x0, 0x1, 0xf0, 0x0,
    0x0, 0x3, 0xe0, 0x0, 0x0, 0x3, 0xe0, 0x0,
    0x0, 0x7, 0xc0, 0x0, 0x0, 0x3, 0x80, 0x0,
    0x0, 0x0, 0x0, 0x0, 0x7e, 0x0, 0x0, 0x3f,
    0x7f, 0x0, 0x0, 0x3f, 0x3f, 0x0, 0x0, 0x7e,
    0x3f, 0x80, 0x0, 0x7e, 0x1f, 0x80, 0x0, 0xfc,
    0x1f, 0xc0, 0x1, 0xfc, 0xf, 0xc0, 0x1, 0xf8,
    0x7, 0xe0, 0x3, 0xf8, 0x7, 0xf0, 0x3, 0xf0,
    0x3, 0xf0, 0x7, 0xe0, 0x3, 0xf8, 0xf, 0xe0,
    0x1, 0xf8, 0xf, 0xc0, 0x1, 0xfc, 0x1f, 0xc0,
    0x0, 0xfc, 0x1f, 0x80, 0x0, 0xfe, 0x3f, 0x80,
    0x0, 0x7f, 0x3f, 0x0, 0x0, 0x3f, 0x7e, 0x0,
    0x0, 0x3f, 0xfe, 0x0, 0x0, 0x1f, 0xfc, 0x0,
    0x0, 0x1f, 0xfc, 0x0, 0x0, 0xf, 0xf8, 0x0,
    0x0, 0x7, 0xf8, 0x0, 0x0, 0x3, 0xf0, 0x0,
    0x0, 0x7, 0xf0, 0x0, 0x0, 0x7, 0xe0, 0x0,
    0x0, 0xf, 0xc0, 0x0, 0x0, 0xf, 0xc0, 0x0,
    0x1, 0xff, 0x80, 0x0, 0x1, 0xff, 0x80, 0x0,
    0x1, 0xff, 0x0, 0x0, 0x1, 0xfc, 0x0, 0x0,

    /* U+00FE "þ" */
    0xfc, 0x0, 0x0, 0x3, 0xf0, 0x0, 0x0, 0xf,
    0xc0, 0x0, 0x0, 0x3f, 0x0, 0x0, 0x0, 0xfc,
    0x0, 0x0, 0x3, 0xf0, 0x0, 0x0, 0xf, 0xc0,
    0x0, 0x0, 0x3f, 0x0, 0x0, 0x0, 0xff, 0xff,
    0xff, 0x83, 0xff, 0xff, 0xff, 0x8f, 0xff, 0xff,
    0xff, 0xbf, 0xff, 0xff, 0xfe, 0xfc, 0x0, 0x3,
    0xff, 0xf0, 0x0, 0x7, 0xff, 0xc0, 0x0, 0xf,
    0xff, 0x0, 0x0, 0x3f, 0xfc, 0x0, 0x0, 0xff,
    0xf0, 0x0, 0x3, 0xff, 0xc0, 0x0, 0xf, 0xff,
    0x0, 0x0, 0x3f, 0xfc, 0x0, 0x0, 0xff, 0xf0,
    0x0, 0x3, 0xff, 0xc0, 0x0, 0xf, 0xff, 0x0,
    0x0, 0x3f, 0xfc, 0x0, 0x1, 0xff, 0xf0, 0x0,
    0xf, 0xff, 0xff, 0xff, 0xff, 0xbf, 0xff, 0xff,
    0xfe, 0xff, 0xff, 0xff, 0xf3, 0xff, 0xff, 0xfe,
    0xf, 0xc0, 0x0, 0x0, 0x3f, 0x0, 0x0, 0x0,
    0xfc, 0x0, 0x0, 0x3, 0xf0, 0x0, 0x0, 0xf,
    0xc0, 0x0, 0x0, 0x3f, 0x0, 0x0, 0x0, 0xfc,
    0x0, 0x0, 0x3, 0xf0, 0x0, 0x0, 0xf, 0xc0,
    0x0, 0x0, 0x0,

    /* U+00FF "ÿ" */
    0x0, 0xfc, 0x1f, 0x80, 0x0, 0xfc, 0x1f, 0x80,
    0x0, 0xfc, 0x1f, 0x80, 0x0, 0xfc, 0x1f, 0x80,
    0x0, 0x0, 0x0, 0x0, 0x0, 0x0, 0x0, 0x0,
    0x0, 0x0, 0x0, 0x0, 0x0, 0x0, 0x0, 0x0,
    0xfc, 0x0, 0x0, 0x3f, 0x7e, 0x0, 0x0, 0x3f,
    0x7f, 0x0, 0x0, 0x7e, 0x3f, 0x0, 0x0, 0xfe,
    0x3f, 0x80, 0x0, 0xfc, 0x1f, 0x80, 0x1, 0xfc,
    0xf, 0xc0, 0x1, 0xf8, 0xf, 0xe0, 0x3, 0xf0,
    0x7, 0xe0, 0x3, 0xf0, 0x7, 0xf0, 0x7, 0xe0,
    0x3, 0xf0, 0xf, 0xe0, 0x3, 0xf8, 0xf, 0xc0,
    0x1, 0xfc, 0x1f, 0xc0, 0x0, 0xfc, 0x1f, 0x80,
    0x0, 0xfe, 0x3f, 0x0, 0x0, 0x7e, 0x7f, 0x0,
    0x0, 0x7f, 0x7e, 0x0, 0x0, 0x3f, 0xfe, 0x0,
    0x0, 0x3f, 0xfc, 0x0, 0x0, 0x1f, 0xfc, 0x0,
    0x0, 0xf, 0xf8, 0x0, 0x0, 0xf, 0xf8, 0x0,
    0x0, 0x3, 0xf0, 0x0, 0x0, 0x7, 0xe0, 0x0,
    0x0, 0x7, 0xe0, 0x0, 0x0, 0xf, 0xc0, 0x0,
    0x0, 0x1f, 0xc0, 0x0, 0x1, 0xff, 0x80, 0x0,
    0x3, 0xff, 0x80, 0x0, 0x3, 0xff, 0x0, 0x0,
    0x1, 0xfc, 0x0, 0x0
};


/*---------------------
 *  GLYPH DESCRIPTION
 *--------------------*/

static const lv_font_fmt_txt_glyph_dsc_t glyph_dsc[] = {
    {.bitmap_index = 0, .adv_w = 0, .box_w = 0, .box_h = 0, .ofs_x = 0, .ofs_y = 0} /* id = 0 reserved */,
    {.bitmap_index = 0, .adv_w = 214, .box_w = 1, .box_h = 1, .ofs_x = 0, .ofs_y = 0},
    {.bitmap_index = 1, .adv_w = 170, .box_w = 6, .box_h = 30, .ofs_x = 2, .ofs_y = 0},
    {.bitmap_index = 24, .adv_w = 314, .box_w = 15, .box_h = 12, .ofs_x = 2, .ofs_y = 18},
    {.bitmap_index = 47, .adv_w = 546, .box_w = 29, .box_h = 28, .ofs_x = 2, .ofs_y = 0},
    {.bitmap_index = 149, .adv_w = 522, .box_w = 28, .box_h = 33, .ofs_x = 2, .ofs_y = -3},
    {.bitmap_index = 265, .adv_w = 730, .box_w = 41, .box_h = 28, .ofs_x = 2, .ofs_y = 0},
    {.bitmap_index = 409, .adv_w = 559, .box_w = 33, .box_h = 30, .ofs_x = 2, .ofs_y = 0},
    {.bitmap_index = 533, .adv_w = 173, .box_w = 6, .box_h = 12, .ofs_x = 2, .ofs_y = 18},
    {.bitmap_index = 542, .adv_w = 290, .box_w = 11, .box_h = 45, .ofs_x = 5, .ofs_y = -9},
    {.bitmap_index = 604, .adv_w = 290, .box_w = 12, .box_h = 45, .ofs_x = 1, .ofs_y = -9},
    {.bitmap_index = 672, .adv_w = 372, .box_w = 22, .box_h = 21, .ofs_x = 1, .ofs_y = 9},
    {.bitmap_index = 730, .adv_w = 392, .box_w = 21, .box_h = 21, .ofs_x = 2, .ofs_y = 3},
    {.bitmap_index = 786, .adv_w = 171, .box_w = 6, .box_h = 11, .ofs_x = 2, .ofs_y = -7},
    {.bitmap_index = 795, .adv_w = 244, .box_w = 13, .box_h = 4, .ofs_x = 1, .ofs_y = 12},
    {.bitmap_index = 802, .adv_w = 171, .box_w = 6, .box_h = 4, .ofs_x = 2, .ofs_y = 0},
    {.bitmap_index = 805, .adv_w = 265, .box_w = 17, .box_h = 39, .ofs_x = 0, .ofs_y = -6},
    {.bitmap_index = 888, .adv_w = 580, .box_w = 32, .box_h = 28, .ofs_x = 2, .ofs_y = 0},
    {.bitmap_index = 1000, .adv_w = 216, .box_w = 10, .box_h = 28, .ofs_x = 1, .ofs_y = 0},
    {.bitmap_index = 1035, .adv_w = 552, .box_w = 30, .box_h = 28, .ofs_x = 2, .ofs_y = 0},
    {.bitmap_index = 1140, .adv_w = 540, .box_w = 30, .box_h = 28, .ofs_x = 1, .ofs_y = 0},
    {.bitmap_index = 1245, .adv_w = 579, .box_w = 34, .box_h = 28, .ofs_x = 1, .ofs_y = 0},
    {.bitmap_index = 1364, .adv_w = 552, .box_w = 30, .box_h = 28, .ofs_x = 2, .ofs_y = 0},
    {.bitmap_index = 1469, .adv_w = 556, .box_w = 30, .box_h = 28, .ofs_x = 2, .ofs_y = 0},
    {.bitmap_index = 1574, .adv_w = 531, .box_w = 31, .box_h = 28, .ofs_x = 1, .ofs_y = 0},
    {.bitmap_index = 1683, .adv_w = 579, .box_w = 31, .box_h = 28, .ofs_x = 2, .ofs_y = 0},
    {.bitmap_index = 1792, .adv_w = 556, .box_w = 30, .box_h = 28, .ofs_x = 2, .ofs_y = 0},
    {.bitmap_index = 1897, .adv_w = 171, .box_w = 6, .box_h = 16, .ofs_x = 2, .ofs_y = 3},
    {.bitmap_index = 1909, .adv_w = 171, .box_w = 6, .box_h = 23, .ofs_x = 2, .ofs_y = -4},
    {.bitmap_index = 1927, .adv_w = 392, .box_w = 21, .box_h = 21, .ofs_x = 2, .ofs_y = 4},
    {.bitmap_index = 1983, .adv_w = 392, .box_w = 21, .box_h = 14, .ofs_x = 2, .ofs_y = 7},
    {.bitmap_index = 2020, .adv_w = 392, .box_w = 21, .box_h = 20, .ofs_x = 2, .ofs_y = 4},
    {.bitmap_index = 2073, .adv_w = 404, .box_w = 23, .box_h = 29, .ofs_x = 1, .ofs_y = 0},
    {.bitmap_index = 2157, .adv_w = 560, .box_w = 30, .box_h = 34, .ofs_x = 2, .ofs_y = -9},
    {.bitmap_index = 2285, .adv_w = 624, .box_w = 37, .box_h = 28, .ofs_x = 1, .ofs_y = 0},
    {.bitmap_index = 2415, .adv_w = 588, .box_w = 32, .box_h = 28, .ofs_x = 3, .ofs_y = 0},
    {.bitmap_index = 2527, .adv_w = 545, .box_w = 30, .box_h = 28, .ofs_x = 2, .ofs_y = 0},
    {.bitmap_index = 2632, .adv_w = 595, .box_w = 32, .box_h = 28, .ofs_x = 3, .ofs_y = 0},
    {.bitmap_index = 2744, .adv_w = 544, .box_w = 30, .box_h = 28, .ofs_x = 2, .ofs_y = 0},
    {.bitmap_index = 2849, .adv_w = 534, .box_w = 30, .box_h = 28, .ofs_x = 2, .ofs_y = 0},
    {.bitmap_index = 2954, .adv_w = 593, .box_w = 32, .box_h = 28, .ofs_x = 2, .ofs_y = 0},
    {.bitmap_index = 3066, .adv_w = 580, .box_w = 31, .box_h = 28, .ofs_x = 3, .ofs_y = 0},
    {.bitmap_index = 3175, .adv_w = 183, .box_w = 6, .box_h = 28, .ofs_x = 3, .ofs_y = 0},
    {.bitmap_index = 3196, .adv_w = 500, .box_w = 28, .box_h = 28, .ofs_x = 0, .ofs_y = 0},
    {.bitmap_index = 3294, .adv_w = 547, .box_w = 31, .box_h = 28, .ofs_x = 3, .ofs_y = 0},
    {.bitmap_index = 3403, .adv_w = 513, .box_w = 29, .box_h = 28, .ofs_x = 3, .ofs_y = 0},
    {.bitmap_index = 3505, .adv_w = 764, .box_w = 43, .box_h = 28, .ofs_x = 3, .ofs_y = 0},
    {.bitmap_index = 3656, .adv_w = 626, .box_w = 34, .box_h = 28, .ofs_x = 3, .ofs_y = 0},
    {.bitmap_index = 3775, .adv_w = 630, .box_w = 35, .box_h = 28, .ofs_x = 2, .ofs_y = 0},
    {.bitmap_index = 3898, .adv_w = 564, .box_w = 31, .box_h = 28, .ofs_x = 3, .ofs_y = 0},
    {.bitmap_index = 4007, .adv_w = 630, .box_w = 35, .box_h = 33, .ofs_x = 2, .ofs_y = -5},
    {.bitmap_index = 4152, .adv_w = 579, .box_w = 32, .box_h = 28, .ofs_x = 3, .ofs_y = 0},
    {.bitmap_index = 4264, .adv_w = 548, .box_w = 30, .box_h = 28, .ofs_x = 2, .ofs_y = 0},
    {.bitmap_index = 4369, .adv_w = 559, .box_w = 33, .box_h = 28, .ofs_x = 1, .ofs_y = 0},
    {.bitmap_index = 4485, .adv_w = 625, .box_w = 34, .box_h = 28, .ofs_x = 3, .ofs_y = 0},
    {.bitmap_index = 4604, .adv_w = 624, .box_w = 37, .box_h = 28, .ofs_x = 1, .ofs_y = 0},
    {.bitmap_index = 4734, .adv_w = 834, .box_w = 50, .box_h = 28, .ofs_x = 1, .ofs_y = 0},
    {.bitmap_index = 4909, .adv_w = 570, .box_w = 34, .box_h = 28, .ofs_x = 1, .ofs_y = 0},
    {.bitmap_index = 5028, .adv_w = 573, .box_w = 35, .box_h = 28, .ofs_x = 1, .ofs_y = 0},
    {.bitmap_index = 5151, .adv_w = 547, .box_w = 30, .box_h = 28, .ofs_x = 2, .ofs_y = 0},
    {.bitmap_index = 5256, .adv_w = 290, .box_w = 11, .box_h = 45, .ofs_x = 6, .ofs_y = -9},
    {.bitmap_index = 5318, .adv_w = 265, .box_w = 17, .box_h = 39, .ofs_x = 0, .ofs_y = -6},
    {.bitmap_index = 5401, .adv_w = 290, .box_w = 11, .box_h = 45, .ofs_x = 2, .ofs_y = -9},
    {.bitmap_index = 5463, .adv_w = 392, .box_w = 21, .box_h = 21, .ofs_x = 2, .ofs_y = 7},
    {.bitmap_index = 5519, .adv_w = 411, .box_w = 25, .box_h = 4, .ofs_x = 1, .ofs_y = -7},
    {.bitmap_index = 5532, .adv_w = 252, .box_w = 10, .box_h = 10, .ofs_x = 3, .ofs_y = 23},
    {.bitmap_index = 5545, .adv_w = 505, .box_w = 28, .box_h = 22, .ofs_x = 2, .ofs_y = 0},
    {.bitmap_index = 5622, .adv_w = 557, .box_w = 30, .box_h = 30, .ofs_x = 2, .ofs_y = 0},
    {.bitmap_index = 5735, .adv_w = 467, .box_w = 27, .box_h = 22, .ofs_x = 2, .ofs_y = 0},
    {.bitmap_index = 5810, .adv_w = 557, .box_w = 30, .box_h = 30, .ofs_x = 2, .ofs_y = 0},
    {.bitmap_index = 5923, .adv_w = 505, .box_w = 28, .box_h = 22, .ofs_x = 2, .ofs_y = 0},
    {.bitmap_index = 6000, .adv_w = 314, .box_w = 18, .box_h = 30, .ofs_x = 1, .ofs_y = 0},
    {.bitmap_index = 6068, .adv_w = 557, .box_w = 30, .box_h = 31, .ofs_x = 2, .ofs_y = -9},
    {.bitmap_index = 6185, .adv_w = 563, .box_w = 30, .box_h = 30, .ofs_x = 3, .ofs_y = 0},
    {.bitmap_index = 6298, .adv_w = 173, .box_w = 6, .box_h = 30, .ofs_x = 3, .ofs_y = 0},
    {.bitmap_index = 6321, .adv_w = 180, .box_w = 14, .box_h = 39, .ofs_x = -5, .ofs_y = -9},
    {.bitmap_index = 6390, .adv_w = 508, .box_w = 29, .box_h = 30, .ofs_x = 2, .ofs_y = 0},
    {.bitmap_index = 6499, .adv_w = 173, .box_w = 6, .box_h = 30, .ofs_x = 3, .ofs_y = 0},
    {.bitmap_index = 6522, .adv_w = 708, .box_w = 40, .box_h = 22, .ofs_x = 2, .ofs_y = 0},
    {.bitmap_index = 6632, .adv_w = 566, .box_w = 31, .box_h = 22, .ofs_x = 2, .ofs_y = 0},
    {.bitmap_index = 6718, .adv_w = 556, .box_w = 31, .box_h = 22, .ofs_x = 2, .ofs_y = 0},
    {.bitmap_index = 6804, .adv_w = 557, .box_w = 30, .box_h = 31, .ofs_x = 2, .ofs_y = -9},
    {.bitmap_index = 6921, .adv_w = 557, .box_w = 30, .box_h = 31, .ofs_x = 2, .ofs_y = -9},
    {.bitmap_index = 7038, .adv_w = 392, .box_w = 22, .box_h = 22, .ofs_x = 2, .ofs_y = 0},
    {.bitmap_index = 7099, .adv_w = 501, .box_w = 28, .box_h = 22, .ofs_x = 2, .ofs_y = 0},
    {.bitmap_index = 7176, .adv_w = 314, .box_w = 18, .box_h = 28, .ofs_x = 1, .ofs_y = 0},
    {.bitmap_index = 7239, .adv_w = 561, .box_w = 30, .box_h = 22, .ofs_x = 2, .ofs_y = 0},
    {.bitmap_index = 7322, .adv_w = 531, .box_w = 33, .box_h = 22, .ofs_x = 0, .ofs_y = 0},
    {.bitmap_index = 7413, .adv_w = 746, .box_w = 45, .box_h = 22, .ofs_x = 1, .ofs_y = 0},
    {.bitmap_index = 7537, .adv_w = 506, .box_w = 30, .box_h = 22, .ofs_x = 1, .ofs_y = 0},
    {.bitmap_index = 7620, .adv_w = 517, .box_w = 31, .box_h = 31, .ofs_x = 1, .ofs_y = -9},
    {.bitmap_index = 7741, .adv_w = 469, .box_w = 26, .box_h = 22, .ofs_x = 2, .ofs_y = 0},
    {.bitmap_index = 7813, .adv_w = 290, .box_w = 15, .box_h = 45, .ofs_x = 2, .ofs_y = -9},
    {.bitmap_index = 7898, .adv_w = 271, .box_w = 4, .box_h = 38, .ofs_x = 7, .ofs_y = -6},
    {.bitmap_index = 7917, .adv_w = 290, .box_w = 15, .box_h = 45, .ofs_x = 2, .ofs_y = -9},
    {.bitmap_index = 8002, .adv_w = 392, .box_w = 21, .box_h = 6, .ofs_x = 2, .ofs_y = 11},
    {.bitmap_index = 8018, .adv_w = 214, .box_w = 1, .box_h = 1, .ofs_x = 0, .ofs_y = 0},
    {.bitmap_index = 8019, .adv_w = 170, .box_w = 6, .box_h = 29, .ofs_x = 2, .ofs_y = -9},
    {.bitmap_index = 8041, .adv_w = 522, .box_w = 27, .box_h = 33, .ofs_x = 2, .ofs_y = -3},
    {.bitmap_index = 8153, .adv_w = 425, .box_w = 24, .box_h = 28, .ofs_x = 1, .ofs_y = 0},
    {.bitmap_index = 8237, .adv_w = 476, .box_w = 26, .box_h = 25, .ofs_x = 2, .ofs_y = 1},
    {.bitmap_index = 8319, .adv_w = 493, .box_w = 27, .box_h = 28, .ofs_x = 2, .ofs_y = 0},
    {.bitmap_index = 8414, .adv_w = 271, .box_w = 4, .box_h = 39, .ofs_x = 7, .ofs_y = -6},
    {.bitmap_index = 8434, .adv_w = 469, .box_w = 26, .box_h = 39, .ofs_x = 2, .ofs_y = -9},
    {.bitmap_index = 8561, .adv_w = 350, .box_w = 17, .box_h = 4, .ofs_x = 2, .ofs_y = 25},
    {.bitmap_index = 8570, .adv_w = 630, .box_w = 35, .box_h = 28, .ofs_x = 2, .ofs_y = 0},
    {.bitmap_index = 8693, .adv_w = 300, .box_w = 16, .box_h = 15, .ofs_x = 2, .ofs_y = 13},
    {.bitmap_index = 8723, .adv_w = 342, .box_w = 19, .box_h = 22, .ofs_x = 1, .ofs_y = 0},
    {.bitmap_index = 8776, .adv_w = 392, .box_w = 22, .box_h = 22, .ofs_x = 1, .ofs_y = 0},
    {.bitmap_index = 8837, .adv_w = 244, .box_w = 13, .box_h = 4, .ofs_x = 1, .ofs_y = 12},
    {.bitmap_index = 8844, .adv_w = 630, .box_w = 35, .box_h = 28, .ofs_x = 2, .ofs_y = 0},
    {.bitmap_index = 8967, .adv_w = 409, .box_w = 21, .box_h = 4, .ofs_x = 2, .ofs_y = 25},
    {.bitmap_index = 8978, .adv_w = 332, .box_w = 17, .box_h = 14, .ofs_x = 2, .ofs_y = 13},
    {.bitmap_index = 9008, .adv_w = 392, .box_w = 21, .box_h = 27, .ofs_x = 2, .ofs_y = 0},
    {.bitmap_index = 9079, .adv_w = 326, .box_w = 17, .box_h = 15, .ofs_x = 2, .ofs_y = 13},
    {.bitmap_index = 9111, .adv_w = 319, .box_w = 17, .box_h = 15, .ofs_x = 1, .ofs_y = 13},
    {.bitmap_index = 9143, .adv_w = 252, .box_w = 10, .box_h = 10, .ofs_x = 3, .ofs_y = 23},
    {.bitmap_index = 9156, .adv_w = 514, .box_w = 27, .box_h = 39, .ofs_x = 2, .ofs_y = -9},
    {.bitmap_index = 9288, .adv_w = 171, .box_w = 6, .box_h = 4, .ofs_x = 2, .ofs_y = 11},
    {.bitmap_index = 9291, .adv_w = 202, .box_w = 6, .box_h = 9, .ofs_x = 4, .ofs_y = -11},
    {.bitmap_index = 9298, .adv_w = 156, .box_w = 7, .box_h = 15, .ofs_x = 1, .ofs_y = 13},
    {.bitmap_index = 9312, .adv_w = 328, .box_w = 17, .box_h = 15, .ofs_x = 2, .ofs_y = 13},
    {.bitmap_index = 9344, .adv_w = 342, .box_w = 19, .box_h = 22, .ofs_x = 1, .ofs_y = 0},
    {.bitmap_index = 9397, .adv_w = 602, .box_w = 32, .box_h = 28, .ofs_x = 3, .ofs_y = 0},
    {.bitmap_index = 9509, .adv_w = 640, .box_w = 34, .box_h = 28, .ofs_x = 3, .ofs_y = 0},
    {.bitmap_index = 9628, .adv_w = 734, .box_w = 42, .box_h = 28, .ofs_x = 2, .ofs_y = 0},
    {.bitmap_index = 9775, .adv_w = 404, .box_w = 23, .box_h = 29, .ofs_x = 1, .ofs_y = -9},
    {.bitmap_index = 9859, .adv_w = 624, .box_w = 37, .box_h = 37, .ofs_x = 1, .ofs_y = 0},
    {.bitmap_index = 10031, .adv_w = 624, .box_w = 37, .box_h = 37, .ofs_x = 1, .ofs_y = 0},
    {.bitmap_index = 10203, .adv_w = 624, .box_w = 37, .box_h = 37, .ofs_x = 1, .ofs_y = 0},
    {.bitmap_index = 10375, .adv_w = 624, .box_w = 39, .box_h = 37, .ofs_x = 0, .ofs_y = 0},
    {.bitmap_index = 10556, .adv_w = 624, .box_w = 38, .box_h = 35, .ofs_x = 0, .ofs_y = 0},
    {.bitmap_index = 10723, .adv_w = 624, .box_w = 38, .box_h = 37, .ofs_x = 0, .ofs_y = 0},
    {.bitmap_index = 10899, .adv_w = 864, .box_w = 52, .box_h = 28, .ofs_x = 0, .ofs_y = 0},
    {.bitmap_index = 11081, .adv_w = 545, .box_w = 30, .box_h = 39, .ofs_x = 2, .ofs_y = -11},
    {.bitmap_index = 11228, .adv_w = 544, .box_w = 30, .box_h = 37, .ofs_x = 2, .ofs_y = 0},
    {.bitmap_index = 11367, .adv_w = 544, .box_w = 30, .box_h = 37, .ofs_x = 2, .ofs_y = 0},
    {.bitmap_index = 11506, .adv_w = 544, .box_w = 30, .box_h = 37, .ofs_x = 2, .ofs_y = 0},
    {.bitmap_index = 11645, .adv_w = 544, .box_w = 30, .box_h = 35, .ofs_x = 2, .ofs_y = 0},
    {.bitmap_index = 11777, .adv_w = 185, .box_w = 9, .box_h = 37, .ofs_x = 0, .ofs_y = 0},
    {.bitmap_index = 11819, .adv_w = 185, .box_w = 10, .box_h = 37, .ofs_x = 2, .ofs_y = 0},
    {.bitmap_index = 11866, .adv_w = 238, .box_w = 16, .box_h = 37, .ofs_x = -1, .ofs_y = 0},
    {.bitmap_index = 11940, .adv_w = 244, .box_w = 15, .box_h = 35, .ofs_x = 1, .ofs_y = 0},
    {.bitmap_index = 12006, .adv_w = 629, .box_w = 36, .box_h = 28, .ofs_x = 1, .ofs_y = 0},
    {.bitmap_index = 12132, .adv_w = 626, .box_w = 34, .box_h = 37, .ofs_x = 3, .ofs_y = 0},
    {.bitmap_index = 12290, .adv_w = 630, .box_w = 35, .box_h = 37, .ofs_x = 2, .ofs_y = 0},
    {.bitmap_index = 12452, .adv_w = 630, .box_w = 35, .box_h = 37, .ofs_x = 2, .ofs_y = 0},
    {.bitmap_index = 12614, .adv_w = 630, .box_w = 35, .box_h = 37, .ofs_x = 2, .ofs_y = 0},
    {.bitmap_index = 12776, .adv_w = 630, .box_w = 35, .box_h = 37, .ofs_x = 2, .ofs_y = 0},
    {.bitmap_index = 12938, .adv_w = 630, .box_w = 35, .box_h = 35, .ofs_x = 2, .ofs_y = 0},
    {.bitmap_index = 13092, .adv_w = 392, .box_w = 21, .box_h = 20, .ofs_x = 2, .ofs_y = 4},
    {.bitmap_index = 13145, .adv_w = 630, .box_w = 35, .box_h = 36, .ofs_x = 2, .ofs_y = -4},
    {.bitmap_index = 13303, .adv_w = 625, .box_w = 34, .box_h = 37, .ofs_x = 3, .ofs_y = 0},
    {.bitmap_index = 13461, .adv_w = 625, .box_w = 34, .box_h = 37, .ofs_x = 3, .ofs_y = 0},
    {.bitmap_index = 13619, .adv_w = 625, .box_w = 34, .box_h = 37, .ofs_x = 3, .ofs_y = 0},
    {.bitmap_index = 13777, .adv_w = 625, .box_w = 34, .box_h = 35, .ofs_x = 3, .ofs_y = 0},
    {.bitmap_index = 13926, .adv_w = 573, .box_w = 36, .box_h = 36, .ofs_x = 0, .ofs_y = 0},
    {.bitmap_index = 14088, .adv_w = 568, .box_w = 31, .box_h = 28, .ofs_x = 3, .ofs_y = 0},
    {.bitmap_index = 14197, .adv_w = 586, .box_w = 32, .box_h = 30, .ofs_x = 3, .ofs_y = 0},
    {.bitmap_index = 14317, .adv_w = 505, .box_w = 28, .box_h = 33, .ofs_x = 2, .ofs_y = 0},
    {.bitmap_index = 14433, .adv_w = 505, .box_w = 28, .box_h = 33, .ofs_x = 2, .ofs_y = 0},
    {.bitmap_index = 14549, .adv_w = 505, .box_w = 28, .box_h = 32, .ofs_x = 2, .ofs_y = 0},
    {.bitmap_index = 14661, .adv_w = 505, .box_w = 28, .box_h = 31, .ofs_x = 2, .ofs_y = 0},
    {.bitmap_index = 14770, .adv_w = 505, .box_w = 28, .box_h = 30, .ofs_x = 2, .ofs_y = 0},
    {.bitmap_index = 14875, .adv_w = 505, .box_w = 28, .box_h = 32, .ofs_x = 2, .ofs_y = 0},
    {.bitmap_index = 14987, .adv_w = 867, .box_w = 51, .box_h = 22, .ofs_x = 2, .ofs_y = 0},
    {.bitmap_index = 15128, .adv_w = 467, .box_w = 27, .box_h = 33, .ofs_x = 2, .ofs_y = -11},
    {.bitmap_index = 15240, .adv_w = 505, .box_w = 28, .box_h = 33, .ofs_x = 2, .ofs_y = 0},
    {.bitmap_index = 15356, .adv_w = 505, .box_w = 28, .box_h = 33, .ofs_x = 2, .ofs_y = 0},
    {.bitmap_index = 15472, .adv_w = 505, .box_w = 28, .box_h = 32, .ofs_x = 2, .ofs_y = 0},
    {.bitmap_index = 15584, .adv_w = 505, .box_w = 28, .box_h = 30, .ofs_x = 2, .ofs_y = 0},
    {.bitmap_index = 15689, .adv_w = 179, .box_w = 9, .box_h = 33, .ofs_x = 0, .ofs_y = 0},
    {.bitmap_index = 15727, .adv_w = 180, .box_w = 9, .box_h = 33, .ofs_x = 2, .ofs_y = 0},
    {.bitmap_index = 15765, .adv_w = 234, .box_w = 16, .box_h = 32, .ofs_x = -1, .ofs_y = 0},
    {.bitmap_index = 15829, .adv_w = 246, .box_w = 15, .box_h = 30, .ofs_x = 1, .ofs_y = 0},
    {.bitmap_index = 15886, .adv_w = 557, .box_w = 30, .box_h = 35, .ofs_x = 2, .ofs_y = 0},
    {.bitmap_index = 16018, .adv_w = 566, .box_w = 31, .box_h = 31, .ofs_x = 2, .ofs_y = 0},
    {.bitmap_index = 16139, .adv_w = 556, .box_w = 31, .box_h = 33, .ofs_x = 2, .ofs_y = 0},
    {.bitmap_index = 16267, .adv_w = 556, .box_w = 31, .box_h = 33, .ofs_x = 2, .ofs_y = 0},
    {.bitmap_index = 16395, .adv_w = 556, .box_w = 31, .box_h = 32, .ofs_x = 2, .ofs_y = 0},
    {.bitmap_index = 16519, .adv_w = 556, .box_w = 31, .box_h = 31, .ofs_x = 2, .ofs_y = 0},
    {.bitmap_index = 16640, .adv_w = 556, .box_w = 31, .box_h = 30, .ofs_x = 2, .ofs_y = 0},
    {.bitmap_index = 16757, .adv_w = 392, .box_w = 21, .box_h = 24, .ofs_x = 2, .ofs_y = 2},
    {.bitmap_index = 16820, .adv_w = 556, .box_w = 31, .box_h = 30, .ofs_x = 2, .ofs_y = -4},
    {.bitmap_index = 16937, .adv_w = 561, .box_w = 30, .box_h = 33, .ofs_x = 2, .ofs_y = 0},
    {.bitmap_index = 17061, .adv_w = 561, .box_w = 30, .box_h = 33, .ofs_x = 2, .ofs_y = 0},
    {.bitmap_index = 17185, .adv_w = 561, .box_w = 30, .box_h = 32, .ofs_x = 2, .ofs_y = 0},
    {.bitmap_index = 17305, .adv_w = 561, .box_w = 30, .box_h = 30, .ofs_x = 2, .ofs_y = 0},
    {.bitmap_index = 17418, .adv_w = 531, .box_w = 32, .box_h = 42, .ofs_x = 0, .ofs_y = -9},
    {.bitmap_index = 17586, .adv_w = 557, .box_w = 30, .box_h = 39, .ofs_x = 2, .ofs_y = -9},
    {.bitmap_index = 17733, .adv_w = 531, .box_w = 32, .box_h = 39, .ofs_x = 0, .ofs_y = -9}
};

/*---------------------
 *  CHARACTER MAPPING
 *--------------------*/



/*Collect the unicode lists and glyph_id offsets*/
static const lv_font_fmt_txt_cmap_t cmaps[] =
{
    {
        .range_start = 32, .range_length = 95, .glyph_id_start = 1,
        .unicode_list = NULL, .glyph_id_ofs_list = NULL, .list_length = 0, .type = LV_FONT_FMT_TXT_CMAP_FORMAT0_TINY
    },
    {
        .range_start = 160, .range_length = 21, .glyph_id_start = 96,
        .unicode_list = NULL, .glyph_id_ofs_list = NULL, .list_length = 0, .type = LV_FONT_FMT_TXT_CMAP_FORMAT0_TINY
    },
    {
        .range_start = 182, .range_length = 74, .glyph_id_start = 117,
        .unicode_list = NULL, .glyph_id_ofs_list = NULL, .list_length = 0, .type = LV_FONT_FMT_TXT_CMAP_FORMAT0_TINY
    }
};

/*-----------------
 *    KERNING
 *----------------*/


/*Map glyph_ids to kern left classes*/
static const uint8_t kern_left_class_mapping[] =
{
    0, 0, 0, 1, 0, 0, 0, 2,
    1, 3, 0, 0, 0, 4, 5, 4,
    6, 7, 8, 0, 9, 10, 11, 12,
    13, 14, 15, 0, 0, 0, 0, 0,
    0, 3, 16, 9, 17, 18, 0, 19,
    20, 0, 0, 21, 22, 23, 24, 0,
    18, 25, 18, 26, 27, 28, 21, 29,
    30, 22, 31, 32, 3, 0, 0, 0,
    0, 0, 33, 34, 0, 0, 35, 36,
    37, 37, 0, 38, 39, 0, 37, 37,
    34, 34, 0, 40, 41, 42, 43, 44,
    45, 39, 44, 46, 3, 0, 0, 0,
    0, 0, 0, 0, 0, 0, 0, 0,
    0, 0, 0, 0, 0, 0, 0, 0,
    0, 0, 0, 0, 0, 0, 0, 0,
    0, 0, 0, 0, 0, 0, 0, 16,
    16, 16, 16, 16, 16, 0, 17, 0,
    0, 0, 0, 0, 0, 0, 0, 18,
    0, 18, 18, 18, 0, 18, 0, 18,
    21, 21, 21, 21, 31, 0, 0, 33,
    33, 33, 33, 33, 33, 35, 0, 35,
    35, 35, 35, 0, 0, 0, 0, 18,
    37, 34, 34, 34, 34, 34, 0, 34,
    43, 43, 43, 43, 44, 0, 44
};

/*Map glyph_ids to kern right classes*/
static const uint8_t kern_right_class_mapping[] =
{
    0, 0, 0, 1, 0, 0, 0, 2,
    1, 0, 0, 0, 0, 3, 4, 3,
    5, 6, 7, 0, 0, 8, 0, 9,
    10, 11, 12, 0, 0, 0, 0, 0,
    13, 0, 14, 0, 15, 0, 15, 16,
    15, 0, 0, 17, 0, 18, 19, 0,
    15, 0, 15, 0, 20, 21, 18, 22,
    23, 24, 25, 26, 0, 0, 0, 0,
    0, 0, 27, 0, 28, 28, 28, 29,
    28, 0, 0, 30, 0, 0, 31, 31,
    28, 31, 28, 31, 32, 33, 34, 35,
    36, 37, 38, 39, 0, 0, 0, 0,
    0, 0, 0, 0, 0, 0, 0, 0,
    0, 0, 0, 0, 0, 0, 0, 0,
    0, 0, 0, 0, 0, 0, 0, 0,
    0, 0, 0, 0, 0, 0, 0, 14,
    14, 14, 14, 14, 14, 14, 15, 15,
    15, 0, 15, 0, 0, 0, 0, 0,
    0, 15, 15, 15, 15, 15, 0, 15,
    18, 18, 18, 18, 25, 0, 0, 27,
    27, 27, 27, 27, 27, 27, 28, 28,
    28, 28, 28, 0, 0, 0, 0, 34,
    0, 28, 28, 28, 28, 28, 0, 28,
    34, 34, 34, 34, 38, 0, 38
};

/*Kern values between classes*/
static const int8_t kern_class_values[] =
{
    0, 0, -32, 0, 0, 0, 0, -22,
    -11, 0, -11, 0, 0, -65, -11, 0,
    -54, 0, 0, 0, 0, 0, 0, 0,
    0, 0, 0, -16, 0, 0, -16, -19,
    0, 0, 0, 0, 0, 0, 0, 0,
    0, 0, 0, 0, 0, 0, 0, 0,
    0, 0, 0, 0, 0, 0, 0, 0,
    0, 0, 0, -16, -43, -27, 0, -59,
    0, 0, -11, 0, 0, 0, 0, 0,
    -20, -16, 0, 0, -16, 0, 0, 0,
    0, 0, 0, 0, 0, 0, 0, 0,
    0, 0, 0, 0, 0, 0, 0, 0,
    0, 0, 0, 0, 0, 0, 0, 0,
    0, 0, 0, 59, 0, 0, 0, 0,
    0, 0, 0, 0, 0, -32, 0, 0,
    0, 0, -11, -17, -11, 0, -32, -11,
    0, 0, 0, -11, 0, 0, -11, 0,
    0, -54, -54, -54, 0, -65, 0, 0,
    0, -37, 27, 0, 0, -60, -11, -65,
    0, 0, -65, 0, 0, 0, 0, 0,
    0, 0, 0, 0, 0, -43, 0, 0,
    0, -43, 0, 0, -22, 0, 0, 0,
    -54, -43, -22, -54, -54, 0, 0, 0,
    5, 0, 0, 0, 0, 0, -16, 0,
    -29, -16, 0, 0, -38, 0, 0, 0,
    0, 0, 0, 0, 0, 0, 0, 0,
    -81, -22, -22, -65, 0, -11, -22, 0,
    0, 0, 0, 0, 0, -22, -32, 0,
    0, -32, -32, 0, -22, 0, 0, 0,
    0, -22, 0, 0, -11, 0, 0, 0,
    -5, 0, 0, -5, 0, 0, 0, 0,
    0, 0, 0, 0, 0, 0, 0, 0,
    0, 0, 0, 0, 0, 0, 0, 0,
    0, 0, 0, 0, 0, 0, 0, 0,
    0, -11, 0, 0, 0, 0, 0, 0,
    0, 0, 0, 0, 0, 0, 0, 0,
    0, 0, 0, 0, 0, 0, 0, 0,
    0, 0, 0, 0, 0, 0, 0, 0,
    0, 0, 0, 0, 0, 0, 0, 0,
    0, 0, 0, 0, 0, 0, 0, 0,
    0, 0, 0, 0, 0, -18, 0, 0,
    0, 0, 0, 0, 0, -20, -16, -15,
    -17, 0, 0, 0, 0, 0, 0, 0,
    0, 0, 0, 0, -7, 0, 0, -39,
    0, 0, 0, 0, 0, -15, 0, 0,
    -22, 0, 0, 0, 0, 0, 0, 0,
    0, 0, 0, 0, 0, 0, 0, 0,
    0, 0, 0, 0, 0, 0, 0, 0,
    0, 0, 0, 0, 0, 0, 0, 0,
    -12, 0, 0, 0, -10, 0, 0, -11,
    0, -16, 0, 0, 0, 0, 0, 0,
    0, 0, 0, 0, 0, 0, 0, 0,
    0, 0, 0, 0, 0, 0, 0, 0,
    0, 0, 0, 0, 0, -16, 0, -16,
    0, 0, 0, -10, 0, 0, -11, 0,
    0, 0, 0, 0, 0, 0, 0, 0,
    0, 0, 0, 0, 0, 0, 0, 0,
    0, 0, 0, 0, 0, 0, 0, 0,
    0, 0, 0, 0, 0, 0, -59, 0,
    0, -5, 0, -27, -9, 0, -5, -4,
    0, 0, 0, 0, 0, 0, 0, 0,
    0, 0, 0, 0, 0, 0, 0, 0,
    0, 0, 0, 0, 0, 0, 0, 0,
    0, 0, 0, -11, 0, -11, 0, 0,
    0, 0, 0, 0, -5, 0, 0, 0,
    0, 0, 0, 0, 0, 0, 0, 0,
    0, 0, 0, 0, 0, 0, 0, 0,
    0, 0, 0, 0, 0, 0, 0, 0,
    0, 0, -11, 0, -17, 0, 0, 0,
    0, 0, 0, -11, 0, 0, 0, 0,
    0, 0, 0, 0, 0, 0, 0, 0,
    0, 0, 0, 0, 0, 0, 0, 0,
    0, 0, 0, 0, 0, 0, 0, 0,
    0, -65, -6, 0, -43, 0, 0, 0,
    0, 0, 0, 0, 0, -54, 0, -22,
    0, 0, -22, 0, 0, -70, -102, -59,
    0, -92, 0, -10, -17, -28, 22, 0,
    0, -51, -17, -64, 0, 0, -56, 0,
    0, 0, 0, -22, 0, 0, 0, 0,
    0, 0, 0, 0, 0, 0, 0, 0,
    0, 0, 0, 0, 0, 0, 0, 0,
    0, 0, 0, 0, 0, 0, 0, 0,
    0, 0, 0, 0, 0, 0, 0, -11,
    0, -11, 0, -22, 0, 0, 0, 0,
    0, 0, 0, 0, -22, 0, 0, 0,
    0, 0, 0, -11, -22, -11, -16, -27,
    0, 0, 0, 0, 0, 0, 0, 0,
    0, 0, 0, -10, 0, 0, 0, -10,
    0, 11, -38, 0, 0, 0, 0, 0,
    0, 0, 0, -36, 0, 0, -43, 0,
    0, 0, 0, 0, 0, 0, 0, 0,
    0, 0, 0, 0, 0, 0, 0, 0,
    0, 0, 0, 0, 0, 0, 0, 0,
    0, -16, 0, 0, 0, 0, 0, 0,
    0, 0, -11, 0, 0, 0, 0, 0,
    0, 0, 0, 0, -10, 0, 0, 0,
    0, 0, 0, 0, 0, 0, 0, 0,
    0, 0, 0, 0, 0, 0, -11, 0,
    -22, 0, 0, 0, 0, 0, 0, 0,
    0, -22, 0, 0, -8, 0, 0, 0,
    0, 0, 0, 0, 0, 0, 0, 0,
    0, 0, 0, 0, 0, 0, 0, 0,
    -10, 0, 0, 0, -10, 0, -54, 0,
    0, 0, 0, 0, 0, 0, 0, 0,
    0, -16, 0, 0, 0, 0, 0, 0,
    0, 0, 0, 0, 0, -10, -22, -21,
    0, 0, 0, -27, -22, -34, 0, 0,
    -34, -4, 0, 0, 0, -32, 0, 0,
    0, 0, 0, 0, 0, 0, -43, 0,
    0, 0, 0, -8, 0, 0, -102, -97,
    -44, 0, -114, 0, 0, -5, 0, 0,
    0, 0, -38, -5, -59, -23, 0, -59,
    0, 0, 0, 0, 0, 0, 0, 0,
    0, 0, 0, 0, 0, -5, 0, 0,
    0, 0, 0, 0, 0, 0, -7, -15,
    0, -16, 0, 0, 0, 0, 0, 0,
    0, 0, 0, 0, 0, 0, 0, 0,
    0, -10, -38, 6, -48, 0, 0, 0,
    0, 0, 0, 0, -5, -54, 0, 0,
    -33, 0, 0, 0, 0, 0, -10, -29,
    -15, 0, 0, 0, 0, 0, -5, 0,
    0, 0, 0, 0, 0, 0, 0, 0,
    -11, 0, 0, 0, 0, 0, 0, 0,
    0, 0, 0, -5, 0, -10, 0, 0,
    -4, 0, -6, -6, -28, -15, 0, -30,
    -10, -8, -17, 0, 0, 0, 0, 0,
    -15, 0, 0, 0, 0, 0, 0, 0,
    0, 0, -22, 0, 0, 0, 0, 0,
    0, 0, 0, -10, 0, 0, 0, 0,
    0, 0, 0, -5, -5, -15, 0, 0,
    0, 0, 0, 0, 0, 0, 0, 0,
    -6, 0, -10, -10, 0, 0, -32, -54,
    -54, -75, 0, 0, 0, 0, 0, 0,
    0, 0, -70, -11, -11, -97, 5, 0,
    0, 0, 0, 0, 0, 0, 0, 0,
    -11, 0, 0, -11, -11, 0, 0, 0,
    0, 0, 0, 0, 0, -43, -54, -43,
    -70, 0, 0, 0, 0, 0, 0, 0,
    0, -102, -22, -26, -81, 0, -7, -17,
    0, 0, 0, 0, 0, 0, -18, -50,
    0, 0, -50, -42, 0, -27, 0, 0,
    -16, 0, 0, 0, -38, -54, -22, -49,
    0, 0, 0, 0, 0, 0, 0, 0,
    -59, -11, -28, -55, 0, -17, -18, 0,
    0, 0, 0, 0, 0, -16, -33, 0,
    0, -33, -31, 0, -20, 0, 0, -11,
    0, 0, 0, -32, -65, -54, -75, 0,
    0, 0, 0, 0, 0, 0, 0, -92,
    -27, -37, -112, 0, -12, -18, 0, 0,
    0, 0, 0, 0, -38, -59, 0, 0,
    -59, -54, -16, -32, -11, 0, -16, -11,
    -16, 0, 0, 0, 0, 0, 0, 0,
    0, 0, 0, 0, 0, 0, 0, -10,
    0, 0, 0, 0, 0, 0, 0, 0,
    0, 0, 0, 0, 0, 0, 0, 0,
    0, 0, 0, 0, 0, 0, 0, 0,
    -11, 0, 0, 0, 0, 0, 0, 0,
    0, 0, 0, 0, -22, 0, 0, 0,
    0, 0, 0, 0, 0, 0, 0, 0,
    0, 0, 0, 0, 0, 0, 0, 0,
    0, 0, -16, -10, 0, -14, 0, -16,
    0, 0, 0, -22, 0, 0, 0, 0,
    0, 0, 0, -32, 0, 0, 0, 0,
    0, 0, 0, 0, 0, 0, 0, 0,
    0, 0, 0, 0, 0, 0, 0, -8,
    0, -15, -10, -11, -15, 0, -11, 0,
    0, 0, 0, 0, 0, 0, 0, 0,
    0, 0, -22, 0, 0, 0, 0, 0,
    0, 0, 0, 0, 0, 0, 0, 0,
    0, 0, 0, 0, 0, 0, 0, 0,
    -8, 0, 0, -8, 0, 16, -16, -65,
    11, -22, 0, 0, 0, 0, 0, 0,
    0, 16, 0, 0, 0, 0, 0, 0,
    0, 0, 0, 0, 0, 0, 0, 0,
    0, 11, 0, 0, 0, 11, 0, 0,
    0, 0, 0, 0, -16, 0, 0, 0,
    0, 0, 0, 0, 0, 0, 0, 0,
    -32, 0, 0, 0, 0, 0, 0, 0,
    0, 0, 0, 0, 0, 0, 0, 0,
    0, 41, 0, 0, 0, 0, -15, 0,
    0, -15, 0, 0, 0, 0, 0, 0,
    0, 0, 0, 0, 0, 0, 0, 0,
    0, 0, 0, 0, 0, 0, 0, 0,
    0, 0, 0, 0, 0, 0, 0, 0,
    38, 0, 0, 0, 0, 0, 0, 0,
    0, 0, 0, -6, 0, -29, 0, 0,
    0, 0, 0, 0, 0, 0, 0, 0,
    0, 0, 0, 0, 0, 0, 0, 0,
    0, 0, 0, 0, -1, -11, 0, 0,
    0, 0, 0, 0, 0, 0, 0, 0,
    0, 0, -22, 0, 0, 0, 0, 0,
    0, 0, 0, 0, 0, 0, 0, 0,
    0, 0, 0, 0, 0, 0, 0, 0,
    0, 0, 0, 0, 0, 11, 0, 0,
    0, 11, 0, 0, 0, 0, 0, 0,
    -12, 0, -11, -9, -16, 0, 0, 0,
    0, 0, 0, 0, -11, 0, 0, 0,
    0, 0, 0, 0, 0, 0, 0, 0,
    0, 0, 0, 0, 0, 0, 0, 0,
    0, 0, -6, 0, 0, -6, 0, 0,
    0, 0, 0, 0, 0, 0, 0, 0,
    0, 0, 0, 0, 0, 0, 0, 0,
    0, 0, 0, 0, 0, 0, 0, 0,
    0, 0, 0, 11, 0, 0, 0, 11,
    0, 0, 0, 0, 0, 0, 0, 0,
    -11, 0, 0, 0, 0, 0, 0, 0,
    0, 0, 0, 0, 0, 0, 0, 0,
    0, 0, 0, 0, 0, 0, 0, 0,
    0, 0, 0, 0, 0, 0, 0, 0,
    0, 0, 0, 0, 0, 0, -38, -65,
    -16, -49, 0, 0, 0, 0, 0, 0,
    0, 0, 0, 0, 0, 0, 0, 0,
    0, 0, 0, 0, 0, 0, 0, -1,
    -30, 0, 0, -24, 0, 0, 0, 0,
    0, 0, 0, 0, 0, -26, 0, 0,
    -27, 0, 0, 0, 0, 0, 0, 0,
    0, 0, 0, 0, 0, 0, 0, 0,
    0, 0, 0, 0, 0, 0, -5, -9,
    0, 0, -9, 0, 0, 0, 0, 0,
    0, 0, 0, 0, 0, 0, 0, 0,
    0, 0, 0, 0, 0, 0, 0, -11,
    0, 0, 0, 0, 0, 0, 0, 0,
    0, 0, 0, 0, 0, 0, 0, 0,
    0, 0, 0, 0, 0, 0, 0, 0,
    0, 0
};


/*Collect the kern class' data in one place*/
static const lv_font_fmt_txt_kern_classes_t kern_classes =
{
    .class_pair_values   = kern_class_values,
    .left_class_mapping  = kern_left_class_mapping,
    .right_class_mapping = kern_right_class_mapping,
    .left_class_cnt      = 46,
    .right_class_cnt     = 39,
};

/*--------------------
 *  ALL CUSTOM DATA
 *--------------------*/

#if LVGL_VERSION_MAJOR == 8
/*Store all the custom data of the font*/
static  lv_font_fmt_txt_glyph_cache_t cache;
#endif

#if LVGL_VERSION_MAJOR >= 8
static const lv_font_fmt_txt_dsc_t font_dsc = {
#else
static lv_font_fmt_txt_dsc_t font_dsc = {
#endif
    .glyph_bitmap = glyph_bitmap,
    .glyph_dsc = glyph_dsc,
    .cmaps = cmaps,
    .kern_dsc = &kern_classes,
    .kern_scale = 19,
    .cmap_num = 3,
    .bpp = 1,
    .kern_classes = 1,
    .bitmap_format = 0,
#if LVGL_VERSION_MAJOR == 8
    .cache = &cache
#endif

};



/*-----------------
 *  PUBLIC FONT
 *----------------*/

/*Initialize a public general font descriptor*/
#if LVGL_VERSION_MAJOR >= 8
const lv_font_t ui_font_lv_conthrax_40 = {
#else
lv_font_t ui_font_lv_conthrax_40 = {
#endif
    .get_glyph_dsc = lv_font_get_glyph_dsc_fmt_txt,    /*Function pointer to get glyph's data*/
    .get_glyph_bitmap = lv_font_get_bitmap_fmt_txt,    /*Function pointer to get glyph's bitmap*/
    .line_height = 48,          /*The maximum line height required by the font*/
    .base_line = 11,             /*Baseline measured from the bottom of the line*/
#if !(LVGL_VERSION_MAJOR == 6 && LVGL_VERSION_MINOR == 0)
    .subpx = LV_FONT_SUBPX_NONE,
#endif
#if LV_VERSION_CHECK(7, 4, 0) || LVGL_VERSION_MAJOR >= 8
    .underline_position = -3,
    .underline_thickness = 2,
#endif
    .static_bitmap = 0,
    .dsc = &font_dsc,          /*The custom font data. Will be accessed by `get_glyph_bitmap/dsc` */
#if LV_VERSION_CHECK(8, 2, 0) || LVGL_VERSION_MAJOR >= 9
    .fallback = NULL,
#endif
    .user_data = NULL,
};



#endif /*#if UI_FONT_LV_CONTHRAX_40*/
