/*******************************************************************************
 * Size: 72 px
 * Bpp: 1
 * Opts: --bpp 1 --size 72 --no-compress --stride 1 --align 1 --font conthrax-sb.ttf --range 32-255 --format lvgl -o ui_font_lv_conthrax_72.c
 ******************************************************************************/

#ifdef __has_include
    #if __has_include("lvgl.h")
        #ifndef LV_LVGL_H_INCLUDE_SIMPLE
            #define LV_LVGL_H_INCLUDE_SIMPLE
        #endif
    #endif
#endif

#ifdef LV_LVGL_H_INCLUDE_SIMPLE
    #include "lvgl.h"
#else
    #include "lvgl/lvgl.h"
#endif



#ifndef UI_FONT_LV_CONTHRAX_72
#define UI_FONT_LV_CONTHRAX_72 1
#endif

#if UI_FONT_LV_CONTHRAX_72

/*-----------------
 *    BITMAPS
 *----------------*/

/*Store the image of the glyphs*/
static LV_ATTRIBUTE_LARGE_CONST const uint8_t glyph_bitmap[] = {
    /* U+0020 " " */
    0x0,

    /* U+0021 "!" */
    0xff, 0xff, 0xff, 0xff, 0xff, 0xff, 0xff, 0xff,
    0xff, 0xff, 0xff, 0xff, 0xff, 0xff, 0xff, 0xff,
    0xf7, 0xfe, 0xff, 0xdf, 0xf3, 0xfe, 0x7f, 0xcf,
    0xf9, 0xff, 0x3f, 0xe7, 0xfc, 0xff, 0x9f, 0xf3,
    0xfe, 0x7f, 0xcf, 0xf9, 0xff, 0x3f, 0xe3, 0xfc,
    0x7f, 0x8f, 0xf1, 0xfc, 0x3f, 0x87, 0xf0, 0xfe,
    0x1f, 0xc0, 0x0, 0x0, 0x0, 0x0, 0x0, 0x0,
    0x0, 0x0, 0x0, 0x0, 0xf, 0xfd, 0xff, 0xbf,
    0xf7, 0xfe, 0xff, 0xdf, 0xfb, 0xff, 0x7f, 0xef,
    0xfd, 0xff, 0x80,

    /* U+0022 "\"" */
    0x7f, 0xe0, 0x7f, 0xef, 0xfc, 0x1f, 0xfd, 0xff,
    0x83, 0xff, 0xbf, 0xf0, 0x3f, 0xf7, 0xfe, 0x7,
    0xfe, 0xff, 0xc0, 0xff, 0xdf, 0xf8, 0x1f, 0xf3,
    0xfe, 0x3, 0xfe, 0x7f, 0xc0, 0x7f, 0xcf, 0xf8,
    0xf, 0xf9, 0xff, 0x1, 0xff, 0x3f, 0xe0, 0x3f,
    0xe7, 0xfc, 0x7, 0xfc, 0x7f, 0x80, 0xff, 0x8f,
    0xf0, 0x1f, 0xf1, 0xfe, 0x1, 0xfe, 0x3f, 0xc0,
    0x3f, 0xc7, 0xf8, 0x7, 0xf0, 0xff, 0x0, 0xfe,
    0x1f, 0xc0, 0x1f, 0xc3, 0xf8, 0x3, 0xf8, 0x3f,
    0x0, 0x7f, 0x0,

    /* U+0023 "#" */
    0x0, 0x1f, 0xc0, 0x0, 0x1f, 0xc0, 0x0, 0x0,
    0xfe, 0x0, 0x0, 0xfe, 0x0, 0x0, 0x7, 0xf0,
    0x0, 0x7, 0xf0, 0x0, 0x0, 0x3f, 0x80, 0x0,
    0x3f, 0x80, 0x0, 0x1, 0xfc, 0x0, 0x1, 0xfc,
    0x0, 0x0, 0xf, 0xe0, 0x0, 0xf, 0xe0, 0x0,
    0x0, 0x7f, 0x0, 0x0, 0x7f, 0x0, 0x0, 0x3,
    0xf8, 0x0, 0x3, 0xf8, 0x0, 0x0, 0x1f, 0xc0,
    0x0, 0x1f, 0xc0, 0x0, 0x0, 0xfe, 0x0, 0x0,
    0xfe, 0x0, 0x0, 0x7, 0xf0, 0x0, 0x7, 0xf0,
    0x0, 0x0, 0x3f, 0x80, 0x0, 0x3f, 0x80, 0xf,
    0xff, 0xff, 0xff, 0xff, 0xff, 0xff, 0xff, 0xff,
    0xff, 0xff, 0xff, 0xff, 0xff, 0xff, 0xff, 0xff,
    0xff, 0xff, 0xff, 0xff, 0xff, 0xff, 0xff, 0xff,
    0xff, 0xff, 0xff, 0xff, 0xff, 0xff, 0xff, 0xff,
    0xff, 0xff, 0xff, 0xff, 0xff, 0xff, 0xff, 0xff,
    0xff, 0xff, 0xff, 0xff, 0xff, 0xfe, 0x0, 0x3f,
    0x80, 0x0, 0x3f, 0x80, 0x0, 0x1, 0xfc, 0x0,
    0x1, 0xfc, 0x0, 0x0, 0xf, 0xe0, 0x0, 0xf,
    0xe0, 0x0, 0x0, 0x7f, 0x0, 0x0, 0x7f, 0x0,
    0x0, 0x3, 0xf8, 0x0, 0x3, 0xf8, 0x0, 0x0,
    0x1f, 0xc0, 0x0, 0x1f, 0xc0, 0x0, 0x0, 0xfe,
    0x0, 0x0, 0xfe, 0x0, 0x0, 0x7, 0xf0, 0x0,
    0x7, 0xf0, 0x0, 0x0, 0x3f, 0x80, 0x0, 0x3f,
    0x80, 0x0, 0x1, 0xfc, 0x0, 0x1, 0xfc, 0x0,
    0x0, 0xf, 0xe0, 0x0, 0xf, 0xe0, 0x0, 0x0,
    0x7f, 0x0, 0x0, 0x7f, 0x0, 0x0, 0x3, 0xf8,
    0x0, 0x3, 0xf8, 0x0, 0xff, 0xff, 0xff, 0xff,
    0xff, 0xff, 0xff, 0xff, 0xff, 0xff, 0xff, 0xff,
    0xff, 0xff, 0xff, 0xff, 0xff, 0xff, 0xff, 0xff,
    0xff, 0xff, 0xff, 0xff, 0xff, 0xff, 0xff, 0xff,
    0xff, 0xff, 0xff, 0xff, 0xff, 0xff, 0xff, 0xff,
    0xff, 0xff, 0xff, 0xff, 0xff, 0xff, 0xff, 0xff,
    0xff, 0xff, 0xe0, 0x3, 0xf8, 0x0, 0x3, 0xf8,
    0x0, 0x0, 0x1f, 0xc0, 0x0, 0x1f, 0xc0, 0x0,
    0x0, 0xfe, 0x0, 0x0, 0xfe, 0x0, 0x0, 0x7,
    0xf0, 0x0, 0x7, 0xf0, 0x0, 0x0, 0x3f, 0x80,
    0x0, 0x3f, 0x80, 0x0, 0x1, 0xfc, 0x0, 0x1,
    0xfc, 0x0, 0x0, 0xf, 0xe0, 0x0, 0xf, 0xe0,
    0x0, 0x0, 0x7f, 0x0, 0x0, 0x7f, 0x0, 0x0,
    0x3, 0xf8, 0x0, 0x3, 0xf8, 0x0, 0x0, 0x1f,
    0xc0, 0x0, 0x1f, 0xc0, 0x0, 0x0, 0xfe, 0x0,
    0x0, 0xfe, 0x0, 0x0, 0x7, 0xf0, 0x0, 0x7,
    0xf0, 0x0,

    /* U+0024 "$" */
    0x0, 0x0, 0x3, 0xf0, 0x0, 0x0, 0x0, 0x0,
    0x0, 0x7e, 0x0, 0x0, 0x0, 0x0, 0x0, 0xf,
    0xc0, 0x0, 0x0, 0x0, 0x0, 0x1, 0xf8, 0x0,
    0x0, 0x0, 0x0, 0x0, 0x3f, 0x0, 0x0, 0x0,
    0x0, 0x0, 0x7, 0xe0, 0x0, 0x0, 0x0, 0x0,
    0x0, 0xfc, 0x0, 0x0, 0x0, 0x0, 0x0, 0x1f,
    0x80, 0x0, 0x0, 0x1, 0xff, 0xff, 0xff, 0xff,
    0xff, 0x81, 0xff, 0xff, 0xff, 0xff, 0xff, 0xf0,
    0x7f, 0xff, 0xff, 0xff, 0xff, 0xfe, 0x1f, 0xff,
    0xff, 0xff, 0xff, 0xff, 0xc7, 0xff, 0xff, 0xff,
    0xff, 0xff, 0xf8, 0xff, 0xff, 0xff, 0xff, 0xff,
    0xff, 0x1f, 0xff, 0xff, 0xff, 0xff, 0xff, 0xe7,
    0xff, 0xff, 0xff, 0xff, 0xff, 0xfc, 0xff, 0xf0,
    0x3, 0xf0, 0x0, 0x0, 0x1f, 0xfc, 0x0, 0x7e,
    0x0, 0x0, 0x3, 0xff, 0x0, 0xf, 0xc0, 0x0,
    0x0, 0x7f, 0xe0, 0x1, 0xf8, 0x0, 0x0, 0xf,
    0xfc, 0x0, 0x3f, 0x0, 0x0, 0x1, 0xff, 0x80,
    0x7, 0xe0, 0x0, 0x0, 0x3f, 0xf0, 0x0, 0xfc,
    0x0, 0x0, 0x7, 0xfe, 0x0, 0x1f, 0x80, 0x0,
    0x0, 0xff, 0xe0, 0x3, 0xf0, 0x0, 0x0, 0x1f,
    0xfe, 0x0, 0x7e, 0x0, 0x0, 0x3, 0xff, 0xff,
    0xff, 0xff, 0xff, 0xc0, 0x3f, 0xff, 0xff, 0xff,
    0xff, 0xff, 0x7, 0xff, 0xff, 0xff, 0xff, 0xff,
    0xf0, 0x7f, 0xff, 0xff, 0xff, 0xff, 0xff, 0x7,
    0xff, 0xff, 0xff, 0xff, 0xff, 0xf0, 0x7f, 0xff,
    0xff, 0xff, 0xff, 0xfe, 0x1, 0xff, 0xff, 0xff,
    0xff, 0xff, 0xc0, 0x0, 0x0, 0x7e, 0x0, 0x3f,
    0xfc, 0x0, 0x0, 0xf, 0xc0, 0x3, 0xff, 0x80,
    0x0, 0x1, 0xf8, 0x0, 0x3f, 0xf0, 0x0, 0x0,
    0x3f, 0x0, 0x7, 0xfe, 0x0, 0x0, 0x7, 0xe0,
    0x0, 0xff, 0xc0, 0x0, 0x0, 0xfc, 0x0, 0x1f,
    0xf8, 0x0, 0x0, 0x1f, 0x80, 0x3, 0xff, 0x0,
    0x0, 0x3, 0xf0, 0x0, 0x7f, 0xe0, 0x0, 0x0,
    0x7e, 0x0, 0xf, 0xfc, 0x0, 0x0, 0xf, 0xc0,
    0x3, 0xff, 0x80, 0x0, 0x1, 0xf8, 0x0, 0xff,
    0xff, 0xff, 0xff, 0xff, 0xff, 0xff, 0xff, 0xff,
    0xff, 0xff, 0xff, 0xff, 0xff, 0xbf, 0xff, 0xff,
    0xff, 0xff, 0xff, 0xf7, 0xff, 0xff, 0xff, 0xff,
    0xff, 0xfe, 0xff, 0xff, 0xff, 0xff, 0xff, 0xff,
    0x9f, 0xff, 0xff, 0xff, 0xff, 0xff, 0xe3, 0xff,
    0xff, 0xff, 0xff, 0xff, 0xf0, 0x7f, 0xff, 0xff,
    0xff, 0xff, 0xf8, 0x0, 0x0, 0x0, 0x3f, 0x0,
    0x0, 0x0, 0x0, 0x0, 0x7, 0xe0, 0x0, 0x0,
    0x0, 0x0, 0x0, 0xfc, 0x0, 0x0, 0x0, 0x0,
    0x0, 0x1f, 0x80, 0x0, 0x0, 0x0, 0x0, 0x3,
    0xf0, 0x0, 0x0, 0x0, 0x0, 0x0, 0x7e, 0x0,
    0x0, 0x0, 0x0, 0x0, 0xf, 0xc0, 0x0, 0x0,
    0x0, 0x0, 0x1, 0xf8, 0x0, 0x0, 0x0,

    /* U+0025 "%" */
    0x3, 0xff, 0xff, 0x80, 0x0, 0x0, 0x7, 0xf0,
    0x0, 0x7, 0xff, 0xff, 0xf0, 0x0, 0x0, 0x7,
    0xf8, 0x0, 0xf, 0xff, 0xff, 0xfe, 0x0, 0x0,
    0x7, 0xf8, 0x0, 0x7, 0xff, 0xff, 0xff, 0x0,
    0x0, 0x3, 0xf8, 0x0, 0x7, 0xff, 0xff, 0xff,
    0xc0, 0x0, 0x3, 0xf8, 0x0, 0x3, 0xff, 0xff,
    0xff, 0xe0, 0x0, 0x3, 0xf8, 0x0, 0x3, 0xfc,
    0x0, 0x7, 0xf8, 0x0, 0x3, 0xfc, 0x0, 0x1,
    0xfc, 0x0, 0x1, 0xfc, 0x0, 0x3, 0xfc, 0x0,
    0x0, 0xfc, 0x0, 0x0, 0x7e, 0x0, 0x1, 0xfc,
    0x0, 0x0, 0x7e, 0x0, 0x0, 0x3f, 0x0, 0x1,
    0xfc, 0x0, 0x0, 0x3f, 0x0, 0x0, 0x1f, 0x80,
    0x1, 0xfc, 0x0, 0x0, 0x1f, 0x80, 0x0, 0xf,
    0xc0, 0x1, 0xfe, 0x0, 0x0, 0xf, 0xc0, 0x0,
    0x7, 0xe0, 0x1, 0xfe, 0x0, 0x0, 0x7, 0xe0,
    0x0, 0x3, 0xf0, 0x0, 0xfe, 0x0, 0x0, 0x3,
    0xf0, 0x0, 0x1, 0xf8, 0x0, 0xfe, 0x0, 0x0,
    0x1, 0xf8, 0x0, 0x0, 0xfc, 0x0, 0xfe, 0x0,
    0x0, 0x0, 0xfc, 0x0, 0x0, 0x7e, 0x0, 0xff,
    0x0, 0x0, 0x0, 0x7e, 0x0, 0x0, 0x3f, 0x0,
    0xff, 0x0, 0x0, 0x0, 0x3f, 0x0, 0x0, 0x1f,
    0x80, 0x7f, 0x0, 0x0, 0x0, 0x1f, 0x80, 0x0,
    0xf, 0xc0, 0x7f, 0x0, 0x0, 0x0, 0xf, 0xe0,
    0x0, 0xf, 0xe0, 0x7f, 0x0, 0x0, 0x0, 0x7,
    0xf8, 0x0, 0xf, 0xf0, 0x7f, 0x80, 0x0, 0x0,
    0x1, 0xff, 0xff, 0xff, 0xf0, 0x7f, 0x80, 0x0,
    0x0, 0x0, 0xff, 0xff, 0xff, 0xf8, 0x3f, 0x80,
    0xff, 0xff, 0xc0, 0x3f, 0xff, 0xff, 0xf8, 0x3f,
    0x81, 0xff, 0xff, 0xf8, 0x1f, 0xff, 0xff, 0xfc,
    0x3f, 0x83, 0xff, 0xff, 0xff, 0x3, 0xff, 0xff,
    0xf8, 0x3f, 0xc1, 0xff, 0xff, 0xff, 0x80, 0x7f,
    0xff, 0xf0, 0x3f, 0xc1, 0xff, 0xff, 0xff, 0xe0,
    0x0, 0x0, 0x0, 0x1f, 0xc0, 0xff, 0xff, 0xff,
    0xf0, 0x0, 0x0, 0x0, 0x1f, 0xc0, 0xff, 0x0,
    0x3, 0xfc, 0x0, 0x0, 0x0, 0x1f, 0xc0, 0x7f,
    0x0, 0x0, 0xfe, 0x0, 0x0, 0x0, 0x1f, 0xe0,
    0x3f, 0x0, 0x0, 0x3f, 0x0, 0x0, 0x0, 0x1f,
    0xe0, 0x1f, 0x80, 0x0, 0x1f, 0x80, 0x0, 0x0,
    0xf, 0xe0, 0xf, 0xc0, 0x0, 0xf, 0xc0, 0x0,
    0x0, 0xf, 0xe0, 0x7, 0xe0, 0x0, 0x7, 0xe0,
    0x0, 0x0, 0xf, 0xe0, 0x3, 0xf0, 0x0, 0x3,
    0xf0, 0x0, 0x0, 0xf, 0xf0, 0x1, 0xf8, 0x0,
    0x1, 0xf8, 0x0, 0x0, 0x7, 0xf0, 0x0, 0xfc,
    0x0, 0x0, 0xfc, 0x0, 0x0, 0x7, 0xf0, 0x0,
    0x7e, 0x0, 0x0, 0x7e, 0x0, 0x0, 0x7, 0xf0,
    0x0, 0x3f, 0x0, 0x0, 0x3f, 0x0, 0x0, 0x7,
    0xf8, 0x0, 0x1f, 0x80, 0x0, 0x1f, 0x80, 0x0,
    0x7, 0xf8, 0x0, 0xf, 0xc0, 0x0, 0xf, 0xc0,
    0x0, 0x3, 0xf8, 0x0, 0x7, 0xe0, 0x0, 0x7,
    0xe0, 0x0, 0x3, 0xf8, 0x0, 0x3, 0xf8, 0x0,
    0x7, 0xf0, 0x0, 0x3, 0xf8, 0x0, 0x1, 0xfe,
    0x0, 0x7, 0xf8, 0x0, 0x3, 0xfc, 0x0, 0x0,
    0x7f, 0xff, 0xff, 0xf8, 0x0, 0x3, 0xfc, 0x0,
    0x0, 0x3f, 0xff, 0xff, 0xfc, 0x0, 0x1, 0xfc,
    0x0, 0x0, 0xf, 0xff, 0xff, 0xfc, 0x0, 0x1,
    0xfc, 0x0, 0x0, 0x7, 0xff, 0xff, 0xfe, 0x0,
    0x1, 0xfc, 0x0, 0x0, 0x0, 0xff, 0xff, 0xfc,
    0x0, 0x0, 0xfc, 0x0, 0x0, 0x0, 0x1f, 0xff,
    0xf8, 0x0,

    /* U+0026 "&" */
    0x0, 0x1f, 0xff, 0xff, 0xf0, 0x0, 0x0, 0x0,
    0x7, 0xff, 0xff, 0xff, 0x80, 0x0, 0x0, 0x0,
    0x7f, 0xff, 0xff, 0xfc, 0x0, 0x0, 0x0, 0xf,
    0xff, 0xff, 0xff, 0xe0, 0x0, 0x0, 0x0, 0xff,
    0xff, 0xff, 0xfe, 0x0, 0x0, 0x0, 0x1f, 0xff,
    0xff, 0xff, 0xf0, 0x0, 0x0, 0x1, 0xff, 0xff,
    0xff, 0xff, 0x0, 0x0, 0x0, 0x1f, 0xff, 0xff,
    0xff, 0xf0, 0x0, 0x0, 0x1, 0xff, 0xc0, 0x7,
    0xff, 0x0, 0x0, 0x0, 0x1f, 0xf8, 0x0, 0x3f,
    0xf0, 0x0, 0x0, 0x1, 0xff, 0x80, 0x3, 0xff,
    0x0, 0x0, 0x0, 0x1f, 0xf8, 0x0, 0x3f, 0xf0,
    0x0, 0x0, 0x1, 0xff, 0x80, 0x3, 0xff, 0x0,
    0x0, 0x0, 0x1f, 0xf8, 0x0, 0x3f, 0xf0, 0x0,
    0x0, 0x1, 0xff, 0x80, 0x3, 0xff, 0x0, 0x0,
    0x0, 0x1f, 0xf8, 0x0, 0x3f, 0xf0, 0x0, 0x0,
    0x1, 0xff, 0xc0, 0x3, 0xff, 0x0, 0x0, 0x0,
    0xf, 0xfc, 0x0, 0x7f, 0xf0, 0x0, 0x0, 0x0,
    0xff, 0xe0, 0x1f, 0xfe, 0x0, 0x0, 0x0, 0x7,
    0xff, 0x7, 0xff, 0xe0, 0x0, 0x0, 0x0, 0x7f,
    0xf8, 0xff, 0xfe, 0x0, 0x0, 0x0, 0x3, 0xff,
    0xff, 0xff, 0xc0, 0x0, 0x0, 0x0, 0x1f, 0xff,
    0xff, 0xf8, 0x0, 0x0, 0x0, 0x0, 0xff, 0xff,
    0xfe, 0x0, 0x1f, 0xf8, 0x0, 0x7, 0xff, 0xff,
    0x80, 0x3, 0xff, 0x80, 0x0, 0x3f, 0xff, 0xe0,
    0x0, 0x7f, 0xf8, 0x0, 0x7, 0xff, 0xf8, 0x0,
    0x7, 0xff, 0x0, 0x1, 0xff, 0xff, 0x80, 0x0,
    0xff, 0xe0, 0x0, 0x3f, 0xff, 0xfc, 0x0, 0x1f,
    0xfc, 0x0, 0xf, 0xff, 0xff, 0xe0, 0x3, 0xff,
    0x80, 0x3, 0xff, 0xff, 0xff, 0x0, 0x7f, 0xf8,
    0x0, 0xff, 0xff, 0xff, 0xf8, 0xf, 0xff, 0x0,
    0x1f, 0xff, 0xe3, 0xff, 0xc0, 0xff, 0xe0, 0x3,
    0xff, 0xf8, 0x1f, 0xff, 0x1f, 0xfc, 0x0, 0x3f,
    0xfe, 0x0, 0xff, 0xfb, 0xff, 0x80, 0x7, 0xff,
    0x80, 0x7, 0xff, 0xff, 0xf8, 0x0, 0x7f, 0xf0,
    0x0, 0x3f, 0xff, 0xff, 0x0, 0xf, 0xfe, 0x0,
    0x1, 0xff, 0xff, 0xe0, 0x0, 0xff, 0xc0, 0x0,
    0xf, 0xff, 0xfc, 0x0, 0xf, 0xfc, 0x0, 0x0,
    0x7f, 0xff, 0x80, 0x0, 0xff, 0xc0, 0x0, 0x3,
    0xff, 0xf0, 0x0, 0xf, 0xfc, 0x0, 0x0, 0x1f,
    0xff, 0x80, 0x0, 0xff, 0xc0, 0x0, 0x1, 0xff,
    0xfc, 0x0, 0xf, 0xfc, 0x0, 0x0, 0x3f, 0xff,
    0xe0, 0x0, 0xff, 0xc0, 0x0, 0x7, 0xff, 0xff,
    0x0, 0xf, 0xfc, 0x0, 0x0, 0xff, 0xff, 0xf8,
    0x0, 0xff, 0xe0, 0x0, 0x1f, 0xff, 0xff, 0xc0,
    0xf, 0xff, 0x0, 0x3, 0xff, 0xff, 0xfe, 0x0,
    0xff, 0xff, 0xff, 0xff, 0xfd, 0xff, 0xf8, 0xf,
    0xff, 0xff, 0xff, 0xff, 0x8f, 0xff, 0xc0, 0x7f,
    0xff, 0xff, 0xff, 0xf0, 0x7f, 0xfe, 0x7, 0xff,
    0xff, 0xff, 0xfe, 0x1, 0xff, 0xf0, 0x3f, 0xff,
    0xff, 0xff, 0xc0, 0xf, 0xff, 0x83, 0xff, 0xff,
    0xff, 0xf8, 0x0, 0x7f, 0xfc, 0xf, 0xff, 0xff,
    0xff, 0x0, 0x3, 0xff, 0xe0, 0x3f, 0xff, 0xff,
    0x80, 0x0, 0x1f, 0xfe,

    /* U+0027 "'" */
    0x7f, 0xef, 0xfd, 0xff, 0xbf, 0xf7, 0xfe, 0xff,
    0xdf, 0xfb, 0xfe, 0x7f, 0xcf, 0xf9, 0xff, 0x3f,
    0xe7, 0xfc, 0x7f, 0x8f, 0xf1, 0xfe, 0x3f, 0xc7,
    0xf8, 0xff, 0x1f, 0xc3, 0xf8, 0x3f, 0x0,

    /* U+0028 "(" */
    0x0, 0x7, 0xf0, 0x3, 0xff, 0x0, 0xff, 0xf0,
    0x1f, 0xff, 0x3, 0xff, 0xf0, 0x7f, 0xff, 0xf,
    0xff, 0xf0, 0xff, 0xc0, 0x1f, 0xf0, 0x1, 0xfe,
    0x0, 0x3f, 0xc0, 0x3, 0xfc, 0x0, 0x3f, 0x80,
    0x7, 0xf8, 0x0, 0x7f, 0x80, 0x7, 0xf0, 0x0,
    0x7f, 0x0, 0x7, 0xf0, 0x0, 0xff, 0x0, 0xf,
    0xe0, 0x0, 0xfe, 0x0, 0xf, 0xe0, 0x0, 0xfe,
    0x0, 0xf, 0xe0, 0x0, 0xfe, 0x0, 0xf, 0xe0,
    0x0, 0xfe, 0x0, 0xf, 0xe0, 0x0, 0xfe, 0x0,
    0xf, 0xe0, 0x0, 0xfe, 0x0, 0xf, 0xe0, 0x0,
    0xfe, 0x0, 0xf, 0xe0, 0x0, 0xfe, 0x0, 0xf,
    0xe0, 0x0, 0xfe, 0x0, 0xf, 0xe0, 0x0, 0xfe,
    0x0, 0xf, 0xe0, 0x0, 0xfe, 0x0, 0xf, 0xe0,
    0x0, 0xfe, 0x0, 0xf, 0xe0, 0x0, 0xfe, 0x0,
    0xf, 0xe0, 0x0, 0xfe, 0x0, 0xf, 0xe0, 0x0,
    0xfe, 0x0, 0xf, 0xe0, 0x0, 0xfe, 0x0, 0xf,
    0xe0, 0x0, 0xfe, 0x0, 0xf, 0xe0, 0x0, 0xfe,
    0x0, 0xf, 0xe0, 0x0, 0xfe, 0x0, 0xf, 0xe0,
    0x0, 0xfe, 0x0, 0xf, 0xe0, 0x0, 0xfe, 0x0,
    0xf, 0xe0, 0x0, 0x7f, 0x0, 0x7, 0xf0, 0x0,
    0x7f, 0x0, 0x7, 0xf0, 0x0, 0x7f, 0x80, 0x7,
    0xf8, 0x0, 0x3f, 0x80, 0x3, 0xfc, 0x0, 0x3f,
    0xc0, 0x1, 0xfe, 0x0, 0x1f, 0xf0, 0x0, 0xff,
    0xc0, 0xf, 0xff, 0xf0, 0x7f, 0xff, 0x3, 0xff,
    0xf0, 0x1f, 0xff, 0x0, 0xff, 0xf0, 0x3, 0xff,
    0x0, 0x7, 0xf0,

    /* U+0029 ")" */
    0xfe, 0x0, 0xf, 0xfc, 0x0, 0xff, 0xf0, 0xf,
    0xff, 0x80, 0xff, 0xfc, 0xf, 0xff, 0xe0, 0xff,
    0xff, 0x0, 0x3f, 0xf0, 0x0, 0xff, 0x80, 0x7,
    0xf8, 0x0, 0x3f, 0xc0, 0x3, 0xfc, 0x0, 0x1f,
    0xc0, 0x1, 0xfe, 0x0, 0x1f, 0xe0, 0x0, 0xfe,
    0x0, 0xf, 0xe0, 0x0, 0xfe, 0x0, 0xf, 0xe0,
    0x0, 0xff, 0x0, 0x7, 0xf0, 0x0, 0x7f, 0x0,
    0x7, 0xf0, 0x0, 0x7f, 0x0, 0x7, 0xf0, 0x0,
    0x7f, 0x0, 0x7, 0xf0, 0x0, 0x7f, 0x0, 0x7,
    0xf0, 0x0, 0x7f, 0x0, 0x7, 0xf0, 0x0, 0x7f,
    0x0, 0x7, 0xf0, 0x0, 0x7f, 0x0, 0x7, 0xf0,
    0x0, 0x7f, 0x0, 0x7, 0xf0, 0x0, 0x7f, 0x0,
    0x7, 0xf0, 0x0, 0x7f, 0x0, 0x7, 0xf0, 0x0,
    0x7f, 0x0, 0x7, 0xf0, 0x0, 0x7f, 0x0, 0x7,
    0xf0, 0x0, 0x7f, 0x0, 0x7, 0xf0, 0x0, 0x7f,
    0x0, 0x7, 0xf0, 0x0, 0x7f, 0x0, 0x7, 0xf0,
    0x0, 0x7f, 0x0, 0x7, 0xf0, 0x0, 0x7f, 0x0,
    0x7, 0xf0, 0x0, 0x7f, 0x0, 0x7, 0xf0, 0x0,
    0x7f, 0x0, 0x7, 0xf0, 0x0, 0x7f, 0x0, 0x7,
    0xf0, 0x0, 0x7f, 0x0, 0xf, 0xe0, 0x0, 0xfe,
    0x0, 0xf, 0xe0, 0x0, 0xfe, 0x0, 0x1f, 0xe0,
    0x1, 0xfe, 0x0, 0x1f, 0xc0, 0x3, 0xfc, 0x0,
    0x3f, 0xc0, 0x7, 0xf8, 0x0, 0xff, 0x80, 0x3f,
    0xf0, 0xff, 0xff, 0xf, 0xff, 0xe0, 0xff, 0xfc,
    0xf, 0xff, 0x80, 0xff, 0xf0, 0xf, 0xfc, 0x0,
    0xfe, 0x0, 0x0,

    /* U+002A "*" */
    0x0, 0x0, 0x7e, 0x0, 0x0, 0x0, 0x0, 0x7e,
    0x0, 0x0, 0x0, 0x0, 0x7e, 0x0, 0x0, 0x0,
    0x0, 0x7e, 0x0, 0x0, 0x0, 0x0, 0x7e, 0x0,
    0x0, 0x0, 0x0, 0x7e, 0x0, 0x0, 0x0, 0x0,
    0x7e, 0x0, 0x0, 0x0, 0x0, 0x7e, 0x0, 0x0,
    0x0, 0x0, 0x7e, 0x0, 0x0, 0x0, 0x0, 0x7e,
    0x0, 0x0, 0x0, 0x0, 0x7e, 0x0, 0x0, 0x30,
    0x0, 0x7e, 0x0, 0xc, 0x7e, 0x0, 0x7e, 0x0,
    0x7e, 0x7f, 0x80, 0x7e, 0x1, 0xfe, 0x7f, 0xe0,
    0x7e, 0xf, 0xfe, 0xff, 0xfc, 0x7e, 0x3f, 0xff,
    0xff, 0xff, 0x7e, 0xff, 0xff, 0x7f, 0xff, 0xff,
    0xff, 0xfe, 0x7, 0xff, 0xff, 0xff, 0xe0, 0x0,
    0x7f, 0xff, 0xfe, 0x0, 0x0, 0xf, 0xff, 0xe0,
    0x0, 0x0, 0x0, 0xff, 0x0, 0x0, 0x0, 0x1,
    0xff, 0x80, 0x0, 0x0, 0x3, 0xff, 0xc0, 0x0,
    0x0, 0x7, 0xff, 0xe0, 0x0, 0x0, 0x7, 0xe7,
    0xe0, 0x0, 0x0, 0xf, 0xe3, 0xf0, 0x0, 0x0,
    0x1f, 0xc3, 0xf8, 0x0, 0x0, 0x3f, 0x81, 0xfc,
    0x0, 0x0, 0x7f, 0x81, 0xfe, 0x0, 0x0, 0x7f,
    0x0, 0xff, 0x0, 0x0, 0xfe, 0x0, 0x7f, 0x0,
    0x1, 0xfe, 0x0, 0x7f, 0x80, 0x3, 0xfc, 0x0,
    0x3f, 0xc0, 0x3, 0xf8, 0x0, 0x1f, 0xc0, 0x1,
    0xf8, 0x0, 0x1f, 0x80, 0x0, 0xf0, 0x0, 0xf,
    0x0, 0x0, 0x20, 0x0, 0x4, 0x0,

    /* U+002B "+" */
    0x0, 0x1, 0xfc, 0x0, 0x0, 0x0, 0x7, 0xf0,
    0x0, 0x0, 0x0, 0x1f, 0xc0, 0x0, 0x0, 0x0,
    0x7f, 0x0, 0x0, 0x0, 0x1, 0xfc, 0x0, 0x0,
    0x0, 0x7, 0xf0, 0x0, 0x0, 0x0, 0x1f, 0xc0,
    0x0, 0x0, 0x0, 0x7f, 0x0, 0x0, 0x0, 0x1,
    0xfc, 0x0, 0x0, 0x0, 0x7, 0xf0, 0x0, 0x0,
    0x0, 0x1f, 0xc0, 0x0, 0x0, 0x0, 0x7f, 0x0,
    0x0, 0x0, 0x1, 0xfc, 0x0, 0x0, 0x0, 0x7,
    0xf0, 0x0, 0x0, 0x0, 0x1f, 0xc0, 0x0, 0x3f,
    0xff, 0xff, 0xff, 0xff, 0xff, 0xff, 0xff, 0xff,
    0xff, 0xff, 0xff, 0xff, 0xff, 0xff, 0xff, 0xff,
    0xff, 0xff, 0xff, 0xff, 0xff, 0xff, 0xff, 0xff,
    0xff, 0xff, 0xff, 0xff, 0xff, 0xff, 0xff, 0xff,
    0xf0, 0x0, 0x1f, 0xc0, 0x0, 0x0, 0x0, 0x7f,
    0x0, 0x0, 0x0, 0x1, 0xfc, 0x0, 0x0, 0x0,
    0x7, 0xf0, 0x0, 0x0, 0x0, 0x1f, 0xc0, 0x0,
    0x0, 0x0, 0x7f, 0x0, 0x0, 0x0, 0x1, 0xfc,
    0x0, 0x0, 0x0, 0x7, 0xf0, 0x0, 0x0, 0x0,
    0x1f, 0xc0, 0x0, 0x0, 0x0, 0x7f, 0x0, 0x0,
    0x0, 0x1, 0xfc, 0x0, 0x0, 0x0, 0x7, 0xf0,
    0x0, 0x0, 0x0, 0x1f, 0xc0, 0x0, 0x0, 0x0,
    0x7f, 0x0, 0x0, 0x0, 0x1, 0xfc, 0x0, 0x0,
    0x0, 0x7, 0xf0, 0x0, 0x0,

    /* U+002C "," */
    0xff, 0xff, 0xff, 0xff, 0xff, 0xff, 0xff, 0xff,
    0xff, 0xff, 0xff, 0xff, 0xf1, 0xfc, 0x7e, 0x3f,
    0x8f, 0xe3, 0xf8, 0xfc, 0x3f, 0x1f, 0xc7, 0xf1,
    0xf8, 0x7e, 0x1f, 0x83, 0x80,

    /* U+002D "-" */
    0xff, 0xff, 0xff, 0xff, 0xff, 0xff, 0xff, 0xff,
    0xff, 0xff, 0xff, 0xff, 0xff, 0xff, 0xff, 0xff,
    0xff, 0xff, 0xff, 0xff, 0xff, 0xff, 0xff, 0xff,

    /* U+002E "." */
    0xff, 0xff, 0xff, 0xff, 0xff, 0xff, 0xff, 0xff,
    0xff, 0xff, 0xff, 0xff, 0xf0,

    /* U+002F "/" */
    0x0, 0x0, 0x3, 0xf8, 0x0, 0x0, 0xf, 0xe0,
    0x0, 0x0, 0x3f, 0x80, 0x0, 0x1, 0xfe, 0x0,
    0x0, 0x7, 0xf0, 0x0, 0x0, 0x1f, 0xc0, 0x0,
    0x0, 0xff, 0x0, 0x0, 0x3, 0xf8, 0x0, 0x0,
    0xf, 0xe0, 0x0, 0x0, 0x7f, 0x80, 0x0, 0x1,
    0xfc, 0x0, 0x0, 0x7, 0xf0, 0x0, 0x0, 0x3f,
    0xc0, 0x0, 0x0, 0xfe, 0x0, 0x0, 0x3, 0xf8,
    0x0, 0x0, 0x1f, 0xe0, 0x0, 0x0, 0x7f, 0x0,
    0x0, 0x1, 0xfc, 0x0, 0x0, 0xf, 0xf0, 0x0,
    0x0, 0x3f, 0x80, 0x0, 0x0, 0xfe, 0x0, 0x0,
    0x3, 0xf8, 0x0, 0x0, 0x1f, 0xe0, 0x0, 0x0,
    0x7f, 0x0, 0x0, 0x1, 0xfc, 0x0, 0x0, 0xf,
    0xf0, 0x0, 0x0, 0x3f, 0x80, 0x0, 0x0, 0xfe,
    0x0, 0x0, 0x7, 0xf8, 0x0, 0x0, 0x1f, 0xc0,
    0x0, 0x0, 0x7f, 0x0, 0x0, 0x3, 0xfc, 0x0,
    0x0, 0xf, 0xe0, 0x0, 0x0, 0x3f, 0x80, 0x0,
    0x1, 0xfe, 0x0, 0x0, 0x7, 0xf0, 0x0, 0x0,
    0x1f, 0xc0, 0x0, 0x0, 0xff, 0x0, 0x0, 0x3,
    0xf8, 0x0, 0x0, 0xf, 0xe0, 0x0, 0x0, 0x7f,
    0x80, 0x0, 0x1, 0xfc, 0x0, 0x0, 0x7, 0xf0,
    0x0, 0x0, 0x3f, 0xc0, 0x0, 0x0, 0xff, 0x0,
    0x0, 0x3, 0xf8, 0x0, 0x0, 0xf, 0xe0, 0x0,
    0x0, 0x7f, 0x80, 0x0, 0x1, 0xfc, 0x0, 0x0,
    0x7, 0xf0, 0x0, 0x0, 0x3f, 0xc0, 0x0, 0x0,
    0xfe, 0x0, 0x0, 0x3, 0xf8, 0x0, 0x0, 0x1f,
    0xe0, 0x0, 0x0, 0x7f, 0x0, 0x0, 0x1, 0xfc,
    0x0, 0x0, 0xf, 0xf0, 0x0, 0x0, 0x3f, 0x80,
    0x0, 0x0, 0xfe, 0x0, 0x0, 0x7, 0xf8, 0x0,
    0x0, 0x1f, 0xc0, 0x0, 0x0, 0x7f, 0x0, 0x0,
    0x3, 0xfc, 0x0, 0x0, 0xf, 0xe0, 0x0, 0x0,
    0x3f, 0x80, 0x0, 0x1, 0xfe, 0x0, 0x0, 0x7,
    0xf0, 0x0, 0x0, 0x1f, 0xc0, 0x0, 0x0, 0xff,
    0x0, 0x0, 0x3, 0xf8, 0x0, 0x0, 0x0,

    /* U+0030 "0" */
    0x0, 0x7, 0xff, 0xff, 0xff, 0xf0, 0x0, 0x0,
    0x1f, 0xff, 0xff, 0xff, 0xff, 0x80, 0x0, 0x7f,
    0xff, 0xff, 0xff, 0xff, 0xf0, 0x0, 0x7f, 0xff,
    0xff, 0xff, 0xff, 0xfc, 0x0, 0x7f, 0xff, 0xff,
    0xff, 0xff, 0xff, 0x0, 0x7f, 0xff, 0xff, 0xff,
    0xff, 0xff, 0xc0, 0x7f, 0xff, 0xff, 0xff, 0xff,
    0xff, 0xf0, 0x7f, 0xff, 0xff, 0xff, 0xff, 0xff,
    0xfc, 0x3f, 0xfe, 0x0, 0x0, 0x0, 0x3f, 0xfe,
    0x3f, 0xfc, 0x0, 0x0, 0x0, 0x7, 0xff, 0x9f,
    0xfc, 0x0, 0x0, 0x0, 0x1, 0xff, 0xcf, 0xfc,
    0x0, 0x0, 0x0, 0x0, 0x7f, 0xe7, 0xfe, 0x0,
    0x0, 0x0, 0x0, 0x3f, 0xf7, 0xff, 0x0, 0x0,
    0x0, 0x0, 0x1f, 0xff, 0xff, 0x0, 0x0, 0x0,
    0x0, 0x7, 0xff, 0xff, 0x80, 0x0, 0x0, 0x0,
    0x3, 0xff, 0xff, 0xc0, 0x0, 0x0, 0x0, 0x1,
    0xff, 0xff, 0xe0, 0x0, 0x0, 0x0, 0x0, 0xff,
    0xff, 0xf0, 0x0, 0x0, 0x0, 0x0, 0x7f, 0xff,
    0xf8, 0x0, 0x0, 0x0, 0x0, 0x3f, 0xff, 0xfc,
    0x0, 0x0, 0x0, 0x0, 0x1f, 0xff, 0xfe, 0x0,
    0x0, 0x0, 0x0, 0xf, 0xff, 0xff, 0x0, 0x0,
    0x0, 0x0, 0x7, 0xff, 0xff, 0x80, 0x0, 0x0,
    0x0, 0x3, 0xff, 0xff, 0xc0, 0x0, 0x0, 0x0,
    0x1, 0xff, 0xff, 0xe0, 0x0, 0x0, 0x0, 0x0,
    0xff, 0xff, 0xf0, 0x0, 0x0, 0x0, 0x0, 0x7f,
    0xff, 0xf8, 0x0, 0x0, 0x0, 0x0, 0x3f, 0xff,
    0xfc, 0x0, 0x0, 0x0, 0x0, 0x1f, 0xff, 0xfe,
    0x0, 0x0, 0x0, 0x0, 0xf, 0xff, 0xff, 0x0,
    0x0, 0x0, 0x0, 0x7, 0xff, 0xff, 0x80, 0x0,
    0x0, 0x0, 0x3, 0xff, 0xff, 0xc0, 0x0, 0x0,
    0x0, 0x1, 0xff, 0xff, 0xe0, 0x0, 0x0, 0x0,
    0x0, 0xff, 0xff, 0xf0, 0x0, 0x0, 0x0, 0x0,
    0x7f, 0xff, 0xf8, 0x0, 0x0, 0x0, 0x0, 0x3f,
    0xff, 0xfc, 0x0, 0x0, 0x0, 0x0, 0x1f, 0xff,
    0xfe, 0x0, 0x0, 0x0, 0x0, 0x1f, 0xfd, 0xff,
    0x80, 0x0, 0x0, 0x0, 0xf, 0xfc, 0xff, 0xc0,
    0x0, 0x0, 0x0, 0x7, 0xfe, 0x7f, 0xf0, 0x0,
    0x0, 0x0, 0x7, 0xff, 0x3f, 0xfc, 0x0, 0x0,
    0x0, 0x7, 0xff, 0x8f, 0xff, 0x80, 0x0, 0x0,
    0xf, 0xff, 0x87, 0xff, 0xff, 0xff, 0xff, 0xff,
    0xff, 0xc1, 0xff, 0xff, 0xff, 0xff, 0xff, 0xff,
    0xc0, 0x7f, 0xff, 0xff, 0xff, 0xff, 0xff, 0xc0,
    0x3f, 0xff, 0xff, 0xff, 0xff, 0xff, 0xe0, 0x7,
    0xff, 0xff, 0xff, 0xff, 0xff, 0xc0, 0x1, 0xff,
    0xff, 0xff, 0xff, 0xff, 0xc0, 0x0, 0x3f, 0xff,
    0xff, 0xff, 0xff, 0x80, 0x0, 0x1, 0xff, 0xff,
    0xff, 0xfc, 0x0, 0x0,

    /* U+0031 "1" */
    0x7f, 0xfe, 0x3f, 0xff, 0xef, 0xff, 0xfb, 0xff,
    0xff, 0xff, 0xff, 0xff, 0xff, 0xff, 0xff, 0xfd,
    0xff, 0xff, 0x0, 0xff, 0xc0, 0x3f, 0xf0, 0xf,
    0xfc, 0x3, 0xff, 0x0, 0xff, 0xc0, 0x3f, 0xf0,
    0xf, 0xfc, 0x3, 0xff, 0x0, 0xff, 0xc0, 0x3f,
    0xf0, 0xf, 0xfc, 0x3, 0xff, 0x0, 0xff, 0xc0,
    0x3f, 0xf0, 0xf, 0xfc, 0x3, 0xff, 0x0, 0xff,
    0xc0, 0x3f, 0xf0, 0xf, 0xfc, 0x3, 0xff, 0x0,
    0xff, 0xc0, 0x3f, 0xf0, 0xf, 0xfc, 0x3, 0xff,
    0x0, 0xff, 0xc0, 0x3f, 0xf0, 0xf, 0xfc, 0x3,
    0xff, 0x0, 0xff, 0xc0, 0x3f, 0xf0, 0xf, 0xfc,
    0x3, 0xff, 0x0, 0xff, 0xc0, 0x3f, 0xf0, 0xf,
    0xfc, 0x3, 0xff, 0x0, 0xff, 0xc0, 0x3f, 0xf0,
    0xf, 0xfc, 0x3, 0xff, 0x0, 0xff, 0xc0, 0x3f,
    0xf0, 0xf, 0xfc,

    /* U+0032 "2" */
    0x3f, 0xff, 0xff, 0xff, 0xff, 0xfc, 0x0, 0xff,
    0xff, 0xff, 0xff, 0xff, 0xfe, 0x3, 0xff, 0xff,
    0xff, 0xff, 0xff, 0xfc, 0xf, 0xff, 0xff, 0xff,
    0xff, 0xff, 0xf8, 0x3f, 0xff, 0xff, 0xff, 0xff,
    0xff, 0xf0, 0xff, 0xff, 0xff, 0xff, 0xff, 0xff,
    0xe3, 0xff, 0xff, 0xff, 0xff, 0xff, 0xff, 0x8f,
    0xff, 0xff, 0xff, 0xff, 0xff, 0xfe, 0x0, 0x0,
    0x0, 0x0, 0x0, 0x3f, 0xfc, 0x0, 0x0, 0x0,
    0x0, 0x0, 0x7f, 0xf0, 0x0, 0x0, 0x0, 0x0,
    0x0, 0xff, 0xc0, 0x0, 0x0, 0x0, 0x0, 0x3,
    0xff, 0x0, 0x0, 0x0, 0x0, 0x0, 0xf, 0xfc,
    0x0, 0x0, 0x0, 0x0, 0x0, 0x3f, 0xf0, 0x0,
    0x0, 0x0, 0x0, 0x0, 0xff, 0xc0, 0x0, 0x0,
    0x0, 0x0, 0x3, 0xff, 0x0, 0x0, 0x0, 0x0,
    0x0, 0xf, 0xfc, 0x0, 0x0, 0x0, 0x0, 0x0,
    0x3f, 0xf0, 0x0, 0x0, 0x0, 0x0, 0x0, 0xff,
    0xc0, 0x0, 0x0, 0x0, 0x0, 0x7, 0xff, 0x0,
    0x0, 0x0, 0x0, 0x0, 0x3f, 0xfc, 0x3, 0xff,
    0xff, 0xff, 0xff, 0xff, 0xe0, 0x3f, 0xff, 0xff,
    0xff, 0xff, 0xff, 0x83, 0xff, 0xff, 0xff, 0xff,
    0xff, 0xfe, 0x1f, 0xff, 0xff, 0xff, 0xff, 0xff,
    0xf0, 0xff, 0xff, 0xff, 0xff, 0xff, 0xff, 0x83,
    0xff, 0xff, 0xff, 0xff, 0xff, 0xfc, 0x1f, 0xff,
    0xff, 0xff, 0xff, 0xff, 0xc0, 0x7f, 0xff, 0xff,
    0xff, 0xff, 0xfc, 0x3, 0xff, 0xc0, 0x0, 0x0,
    0x0, 0x0, 0xf, 0xfe, 0x0, 0x0, 0x0, 0x0,
    0x0, 0x3f, 0xf0, 0x0, 0x0, 0x0, 0x0, 0x0,
    0xff, 0xc0, 0x0, 0x0, 0x0, 0x0, 0x3, 0xff,
    0x0, 0x0, 0x0, 0x0, 0x0, 0xf, 0xfc, 0x0,
    0x0, 0x0, 0x0, 0x0, 0x3f, 0xf0, 0x0, 0x0,
    0x0, 0x0, 0x0, 0xff, 0xc0, 0x0, 0x0, 0x0,
    0x0, 0x3, 0xff, 0x0, 0x0, 0x0, 0x0, 0x0,
    0xf, 0xfc, 0x0, 0x0, 0x0, 0x0, 0x0, 0x3f,
    0xf0, 0x0, 0x0, 0x0, 0x0, 0x0, 0xff, 0xc0,
    0x0, 0x0, 0x0, 0x0, 0x3, 0xff, 0x0, 0x0,
    0x0, 0x0, 0x0, 0xf, 0xfc, 0x0, 0x0, 0x0,
    0x0, 0x0, 0x3f, 0xff, 0xff, 0xff, 0xff, 0xff,
    0xff, 0xff, 0xff, 0xff, 0xff, 0xff, 0xff, 0xff,
    0xff, 0xff, 0xff, 0xff, 0xff, 0xff, 0xff, 0xff,
    0xff, 0xff, 0xff, 0xff, 0xff, 0xff, 0xff, 0xff,
    0xff, 0xff, 0xff, 0xff, 0x7f, 0xff, 0xff, 0xff,
    0xff, 0xff, 0xfd, 0xff, 0xff, 0xff, 0xff, 0xff,
    0xff, 0xf1, 0xff, 0xff, 0xff, 0xff, 0xff, 0xff,
    0xc0,

    /* U+0033 "3" */
    0x7f, 0xff, 0xff, 0xff, 0xff, 0xf8, 0x7, 0xff,
    0xff, 0xff, 0xff, 0xff, 0xf8, 0x3f, 0xff, 0xff,
    0xff, 0xff, 0xff, 0xe1, 0xff, 0xff, 0xff, 0xff,
    0xff, 0xff, 0x8f, 0xff, 0xff, 0xff, 0xff, 0xff,
    0xfe, 0x7f, 0xff, 0xff, 0xff, 0xff, 0xff, 0xfb,
    0xff, 0xff, 0xff, 0xff, 0xff, 0xff, 0xcf, 0xff,
    0xff, 0xff, 0xff, 0xff, 0xfe, 0x0, 0x0, 0x0,
    0x0, 0x0, 0x7f, 0xf8, 0x0, 0x0, 0x0, 0x0,
    0x1, 0xff, 0xc0, 0x0, 0x0, 0x0, 0x0, 0x7,
    0xfe, 0x0, 0x0, 0x0, 0x0, 0x0, 0x3f, 0xf0,
    0x0, 0x0, 0x0, 0x0, 0x1, 0xff, 0x80, 0x0,
    0x0, 0x0, 0x0, 0xf, 0xfc, 0x0, 0x0, 0x0,
    0x0, 0x0, 0x7f, 0xe0, 0x0, 0x0, 0x0, 0x0,
    0x3, 0xff, 0x0, 0x0, 0x0, 0x0, 0x0, 0x1f,
    0xf8, 0x0, 0x0, 0x0, 0x0, 0x0, 0xff, 0xc0,
    0x0, 0x0, 0x0, 0x0, 0xf, 0xfe, 0x0, 0x0,
    0x0, 0x0, 0x0, 0x7f, 0xe0, 0x0, 0x0, 0x0,
    0x0, 0xf, 0xff, 0x3f, 0xff, 0xff, 0xff, 0xff,
    0xff, 0xf9, 0xff, 0xff, 0xff, 0xff, 0xff, 0xff,
    0x8f, 0xff, 0xff, 0xff, 0xff, 0xff, 0xf8, 0x7f,
    0xff, 0xff, 0xff, 0xff, 0xff, 0x83, 0xff, 0xff,
    0xff, 0xff, 0xff, 0xfe, 0x1f, 0xff, 0xff, 0xff,
    0xff, 0xff, 0xf8, 0xff, 0xff, 0xff, 0xff, 0xff,
    0xff, 0xe7, 0xff, 0xff, 0xff, 0xff, 0xff, 0xff,
    0x0, 0x0, 0x0, 0x0, 0x0, 0x7f, 0xf8, 0x0,
    0x0, 0x0, 0x0, 0x0, 0xff, 0xe0, 0x0, 0x0,
    0x0, 0x0, 0x7, 0xff, 0x0, 0x0, 0x0, 0x0,
    0x0, 0x1f, 0xf8, 0x0, 0x0, 0x0, 0x0, 0x0,
    0xff, 0xc0, 0x0, 0x0, 0x0, 0x0, 0x7, 0xfe,
    0x0, 0x0, 0x0, 0x0, 0x0, 0x3f, 0xf0, 0x0,
    0x0, 0x0, 0x0, 0x1, 0xff, 0x80, 0x0, 0x0,
    0x0, 0x0, 0xf, 0xfc, 0x0, 0x0, 0x0, 0x0,
    0x0, 0x7f, 0xe0, 0x0, 0x0, 0x0, 0x0, 0x3,
    0xff, 0x0, 0x0, 0x0, 0x0, 0x0, 0x3f, 0xf8,
    0x0, 0x0, 0x0, 0x0, 0x1, 0xff, 0xc0, 0x0,
    0x0, 0x0, 0x0, 0x3f, 0xfe, 0xff, 0xff, 0xff,
    0xff, 0xff, 0xff, 0xef, 0xff, 0xff, 0xff, 0xff,
    0xff, 0xff, 0x7f, 0xff, 0xff, 0xff, 0xff, 0xff,
    0xfb, 0xff, 0xff, 0xff, 0xff, 0xff, 0xff, 0x9f,
    0xff, 0xff, 0xff, 0xff, 0xff, 0xf8, 0xff, 0xff,
    0xff, 0xff, 0xff, 0xff, 0x87, 0xff, 0xff, 0xff,
    0xff, 0xff, 0xf8, 0x1f, 0xff, 0xff, 0xff, 0xff,
    0xfe, 0x0,

    /* U+0034 "4" */
    0x0, 0x0, 0x0, 0x0, 0x3, 0xff, 0xc0, 0x0,
    0x0, 0x0, 0x0, 0x0, 0x7f, 0xff, 0x0, 0x0,
    0x0, 0x0, 0x0, 0x7, 0xff, 0xfc, 0x0, 0x0,
    0x0, 0x0, 0x0, 0xff, 0xff, 0xf0, 0x0, 0x0,
    0x0, 0x0, 0xf, 0xff, 0xff, 0x80, 0x0, 0x0,
    0x0, 0x1, 0xff, 0xff, 0xfc, 0x0, 0x0, 0x0,
    0x0, 0x1f, 0xff, 0xff, 0xe0, 0x0, 0x0, 0x0,
    0x3, 0xff, 0xff, 0xff, 0x0, 0x0, 0x0, 0x0,
    0x3f, 0xff, 0x9f, 0xf8, 0x0, 0x0, 0x0, 0x7,
    0xff, 0xf0, 0xff, 0xc0, 0x0, 0x0, 0x0, 0x7f,
    0xff, 0x7, 0xfe, 0x0, 0x0, 0x0, 0xf, 0xff,
    0xe0, 0x3f, 0xf0, 0x0, 0x0, 0x0, 0xff, 0xfe,
    0x1, 0xff, 0x80, 0x0, 0x0, 0x1f, 0xff, 0xe0,
    0xf, 0xfc, 0x0, 0x0, 0x1, 0xff, 0xfc, 0x0,
    0x7f, 0xe0, 0x0, 0x0, 0x3f, 0xff, 0xc0, 0x3,
    0xff, 0x0, 0x0, 0x3, 0xff, 0xfc, 0x0, 0x1f,
    0xf8, 0x0, 0x0, 0x7f, 0xff, 0x80, 0x0, 0xff,
    0xc0, 0x0, 0x7, 0xff, 0xf8, 0x0, 0x7, 0xfe,
    0x0, 0x0, 0xff, 0xff, 0x0, 0x0, 0x3f, 0xf0,
    0x0, 0xf, 0xff, 0xf0, 0x0, 0x1, 0xff, 0x80,
    0x1, 0xff, 0xff, 0x0, 0x0, 0xf, 0xfc, 0x0,
    0x1f, 0xff, 0xe0, 0x0, 0x0, 0x7f, 0xe0, 0x3,
    0xff, 0xfe, 0x0, 0x0, 0x3, 0xff, 0x0, 0x3f,
    0xff, 0xe0, 0x0, 0x0, 0x1f, 0xf8, 0x3, 0xff,
    0xfc, 0x0, 0x0, 0x0, 0xff, 0xc0, 0x3f, 0xff,
    0xc0, 0x0, 0x0, 0x7, 0xfe, 0x1, 0xff, 0xf8,
    0x0, 0x0, 0x0, 0x3f, 0xf0, 0xf, 0xff, 0x80,
    0x0, 0x0, 0x1, 0xff, 0x80, 0x7f, 0xf8, 0x0,
    0x0, 0x0, 0xf, 0xfc, 0x3, 0xff, 0xc0, 0x0,
    0x0, 0x0, 0x7f, 0xe0, 0x1f, 0xff, 0xff, 0xff,
    0xff, 0xff, 0xff, 0xfe, 0xff, 0xff, 0xff, 0xff,
    0xff, 0xff, 0xff, 0xff, 0xff, 0xff, 0xff, 0xff,
    0xff, 0xff, 0xff, 0xff, 0xff, 0xff, 0xff, 0xff,
    0xff, 0xff, 0xff, 0xff, 0xff, 0xff, 0xff, 0xff,
    0xff, 0xff, 0xff, 0xff, 0xff, 0xff, 0xff, 0xff,
    0xff, 0xff, 0xbf, 0xff, 0xff, 0xff, 0xff, 0xff,
    0xff, 0xfc, 0xff, 0xff, 0xff, 0xff, 0xff, 0xff,
    0xff, 0xc0, 0x0, 0x0, 0x0, 0x0, 0x3, 0xff,
    0x0, 0x0, 0x0, 0x0, 0x0, 0x0, 0x1f, 0xf8,
    0x0, 0x0, 0x0, 0x0, 0x0, 0x0, 0xff, 0xc0,
    0x0, 0x0, 0x0, 0x0, 0x0, 0x7, 0xfe, 0x0,
    0x0, 0x0, 0x0, 0x0, 0x0, 0x3f, 0xf0, 0x0,
    0x0, 0x0, 0x0, 0x0, 0x1, 0xff, 0x80, 0x0,
    0x0, 0x0, 0x0, 0x0, 0xf, 0xfc, 0x0, 0x0,
    0x0, 0x0, 0x0, 0x0, 0x7f, 0xe0, 0x0, 0x0,
    0x0, 0x0, 0x0, 0x3, 0xff, 0x0, 0x0, 0x0,
    0x0, 0x0, 0x0, 0x1f, 0xf8, 0x0, 0x0, 0x0,
    0x0, 0x0, 0x0, 0xff, 0xc0, 0x0, 0x0, 0x0,
    0x0, 0x0, 0x7, 0xfe, 0x0,

    /* U+0035 "5" */
    0x1f, 0xff, 0xff, 0xff, 0xff, 0xff, 0xf1, 0xff,
    0xff, 0xff, 0xff, 0xff, 0xff, 0xc7, 0xff, 0xff,
    0xff, 0xff, 0xff, 0xff, 0x3f, 0xff, 0xff, 0xff,
    0xff, 0xff, 0xfc, 0xff, 0xff, 0xff, 0xff, 0xff,
    0xff, 0xf3, 0xff, 0xff, 0xff, 0xff, 0xff, 0xff,
    0xcf, 0xff, 0xff, 0xff, 0xff, 0xff, 0xff, 0x3f,
    0xff, 0xff, 0xff, 0xff, 0xff, 0xfc, 0xff, 0xc0,
    0x0, 0x0, 0x0, 0x0, 0x3, 0xff, 0x0, 0x0,
    0x0, 0x0, 0x0, 0xf, 0xfc, 0x0, 0x0, 0x0,
    0x0, 0x0, 0x3f, 0xf0, 0x0, 0x0, 0x0, 0x0,
    0x0, 0xff, 0xc0, 0x0, 0x0, 0x0, 0x0, 0x3,
    0xff, 0x0, 0x0, 0x0, 0x0, 0x0, 0xf, 0xfc,
    0x0, 0x0, 0x0, 0x0, 0x0, 0x3f, 0xf0, 0x0,
    0x0, 0x0, 0x0, 0x0, 0xff, 0xc0, 0x0, 0x0,
    0x0, 0x0, 0x3, 0xff, 0x0, 0x0, 0x0, 0x0,
    0x0, 0xf, 0xfc, 0x0, 0x0, 0x0, 0x0, 0x0,
    0x3f, 0xf0, 0x0, 0x0, 0x0, 0x0, 0x0, 0xff,
    0xc0, 0x0, 0x0, 0x0, 0x0, 0x3, 0xff, 0xff,
    0xff, 0xff, 0xff, 0xf0, 0xf, 0xff, 0xff, 0xff,
    0xff, 0xff, 0xf0, 0x3f, 0xff, 0xff, 0xff, 0xff,
    0xff, 0xf0, 0xff, 0xff, 0xff, 0xff, 0xff, 0xff,
    0xe3, 0xff, 0xff, 0xff, 0xff, 0xff, 0xff, 0xc7,
    0xff, 0xff, 0xff, 0xff, 0xff, 0xff, 0x1f, 0xff,
    0xff, 0xff, 0xff, 0xff, 0xfe, 0x1f, 0xff, 0xff,
    0xff, 0xff, 0xff, 0xf8, 0x0, 0x0, 0x0, 0x0,
    0x0, 0xff, 0xf0, 0x0, 0x0, 0x0, 0x0, 0x1,
    0xff, 0xc0, 0x0, 0x0, 0x0, 0x0, 0x3, 0xff,
    0x0, 0x0, 0x0, 0x0, 0x0, 0xf, 0xfc, 0x0,
    0x0, 0x0, 0x0, 0x0, 0x3f, 0xf0, 0x0, 0x0,
    0x0, 0x0, 0x0, 0xff, 0xc0, 0x0, 0x0, 0x0,
    0x0, 0x3, 0xff, 0x0, 0x0, 0x0, 0x0, 0x0,
    0xf, 0xfc, 0x0, 0x0, 0x0, 0x0, 0x0, 0x3f,
    0xf0, 0x0, 0x0, 0x0, 0x0, 0x0, 0xff, 0xc0,
    0x0, 0x0, 0x0, 0x0, 0x3, 0xff, 0x0, 0x0,
    0x0, 0x0, 0x0, 0xf, 0xfc, 0x0, 0x0, 0x0,
    0x0, 0x0, 0x7f, 0xf0, 0x0, 0x0, 0x0, 0x0,
    0x3, 0xff, 0xff, 0xff, 0xff, 0xff, 0xff, 0xff,
    0xfe, 0xff, 0xff, 0xff, 0xff, 0xff, 0xff, 0xfb,
    0xff, 0xff, 0xff, 0xff, 0xff, 0xff, 0xcf, 0xff,
    0xff, 0xff, 0xff, 0xff, 0xff, 0x3f, 0xff, 0xff,
    0xff, 0xff, 0xff, 0xf8, 0xff, 0xff, 0xff, 0xff,
    0xff, 0xff, 0xc3, 0xff, 0xff, 0xff, 0xff, 0xff,
    0xfe, 0xf, 0xff, 0xff, 0xff, 0xff, 0xff, 0xc0,
    0x0,

    /* U+0036 "6" */
    0x0, 0x7, 0xff, 0xff, 0xff, 0xff, 0xf0, 0x1,
    0xff, 0xff, 0xff, 0xff, 0xff, 0xc0, 0x1f, 0xff,
    0xff, 0xff, 0xff, 0xff, 0x0, 0xff, 0xff, 0xff,
    0xff, 0xff, 0xfc, 0x7, 0xff, 0xff, 0xff, 0xff,
    0xff, 0xf0, 0x3f, 0xff, 0xff, 0xff, 0xff, 0xff,
    0xc1, 0xff, 0xff, 0xff, 0xff, 0xff, 0xff, 0xf,
    0xff, 0xff, 0xff, 0xff, 0xff, 0xfc, 0x3f, 0xfe,
    0x0, 0x0, 0x0, 0x0, 0x1, 0xff, 0xe0, 0x0,
    0x0, 0x0, 0x0, 0x7, 0xff, 0x0, 0x0, 0x0,
    0x0, 0x0, 0x1f, 0xf8, 0x0, 0x0, 0x0, 0x0,
    0x0, 0x7f, 0xe0, 0x0, 0x0, 0x0, 0x0, 0x3,
    0xff, 0x80, 0x0, 0x0, 0x0, 0x0, 0xf, 0xfc,
    0x0, 0x0, 0x0, 0x0, 0x0, 0x3f, 0xf0, 0x0,
    0x0, 0x0, 0x0, 0x0, 0xff, 0xc0, 0x0, 0x0,
    0x0, 0x0, 0x3, 0xff, 0x0, 0x0, 0x0, 0x0,
    0x0, 0xf, 0xfc, 0x0, 0x0, 0x0, 0x0, 0x0,
    0x3f, 0xf0, 0x0, 0x0, 0x0, 0x0, 0x0, 0xff,
    0xc0, 0x0, 0x0, 0x0, 0x0, 0x3, 0xff, 0xff,
    0xff, 0xff, 0xff, 0xf0, 0xf, 0xff, 0xff, 0xff,
    0xff, 0xff, 0xf8, 0x3f, 0xff, 0xff, 0xff, 0xff,
    0xff, 0xf0, 0xff, 0xff, 0xff, 0xff, 0xff, 0xff,
    0xe3, 0xff, 0xff, 0xff, 0xff, 0xff, 0xff, 0xcf,
    0xff, 0xff, 0xff, 0xff, 0xff, 0xff, 0xbf, 0xff,
    0xff, 0xff, 0xff, 0xff, 0xfe, 0xff, 0xff, 0xff,
    0xff, 0xff, 0xff, 0xfb, 0xff, 0x0, 0x0, 0x0,
    0x0, 0xff, 0xff, 0xfc, 0x0, 0x0, 0x0, 0x1,
    0xff, 0xff, 0xf0, 0x0, 0x0, 0x0, 0x3, 0xff,
    0xff, 0xc0, 0x0, 0x0, 0x0, 0xf, 0xff, 0xff,
    0x0, 0x0, 0x0, 0x0, 0x3f, 0xff, 0xfc, 0x0,
    0x0, 0x0, 0x0, 0xff, 0xff, 0xf0, 0x0, 0x0,
    0x0, 0x3, 0xff, 0xff, 0xc0, 0x0, 0x0, 0x0,
    0xf, 0xff, 0xff, 0x80, 0x0, 0x0, 0x0, 0x3f,
    0xf7, 0xfe, 0x0, 0x0, 0x0, 0x0, 0xff, 0xdf,
    0xf8, 0x0, 0x0, 0x0, 0x3, 0xff, 0x7f, 0xf0,
    0x0, 0x0, 0x0, 0xf, 0xfd, 0xff, 0xe0, 0x0,
    0x0, 0x0, 0x7f, 0xf3, 0xff, 0xe0, 0x0, 0x0,
    0x3, 0xff, 0xcf, 0xff, 0xff, 0xff, 0xff, 0xff,
    0xfe, 0x1f, 0xff, 0xff, 0xff, 0xff, 0xff, 0xf8,
    0x3f, 0xff, 0xff, 0xff, 0xff, 0xff, 0xe0, 0xff,
    0xff, 0xff, 0xff, 0xff, 0xff, 0x0, 0xff, 0xff,
    0xff, 0xff, 0xff, 0xf8, 0x1, 0xff, 0xff, 0xff,
    0xff, 0xff, 0xc0, 0x1, 0xff, 0xff, 0xff, 0xff,
    0xfe, 0x0, 0x0, 0x7f, 0xff, 0xff, 0xff, 0xc0,
    0x0,

    /* U+0037 "7" */
    0xff, 0xff, 0xff, 0xff, 0xff, 0xff, 0xf9, 0xff,
    0xff, 0xff, 0xff, 0xff, 0xff, 0xfb, 0xff, 0xff,
    0xff, 0xff, 0xff, 0xff, 0xff, 0xff, 0xff, 0xff,
    0xff, 0xff, 0xff, 0xff, 0xff, 0xff, 0xff, 0xff,
    0xff, 0xff, 0xff, 0xff, 0xff, 0xff, 0xff, 0xff,
    0xff, 0xff, 0xff, 0xff, 0xff, 0xff, 0xff, 0xff,
    0xff, 0xff, 0xff, 0xff, 0xff, 0xff, 0xff, 0x0,
    0x0, 0x0, 0x0, 0x0, 0xf, 0xfe, 0x0, 0x0,
    0x0, 0x0, 0x0, 0x1f, 0xfc, 0x0, 0x0, 0x0,
    0x0, 0x0, 0x7f, 0xf8, 0x0, 0x0, 0x0, 0x0,
    0x1, 0xff, 0xf0, 0x0, 0x0, 0x0, 0x0, 0x7,
    0xff, 0xe0, 0x0, 0x0, 0x0, 0x0, 0x1f, 0xff,
    0x80, 0x0, 0x0, 0x0, 0x0, 0x7f, 0xff, 0x0,
    0x0, 0x0, 0x0, 0x0, 0xff, 0xfc, 0x0, 0x0,
    0x0, 0x0, 0x3, 0xff, 0xf0, 0x0, 0x0, 0x0,
    0x0, 0xf, 0xff, 0xc0, 0x0, 0x0, 0x0, 0x0,
    0x3f, 0xff, 0x0, 0x0, 0x0, 0x0, 0x0, 0xff,
    0xfc, 0x0, 0x0, 0x0, 0x0, 0x3, 0xff, 0xf0,
    0x0, 0x0, 0x0, 0x0, 0xf, 0xff, 0xe0, 0x0,
    0x0, 0x0, 0x0, 0x3f, 0xff, 0x80, 0x0, 0x0,
    0x0, 0x0, 0xff, 0xfe, 0x0, 0x0, 0x0, 0x0,
    0x3, 0xff, 0xf8, 0x0, 0x0, 0x0, 0x0, 0xf,
    0xff, 0xe0, 0x0, 0x0, 0x0, 0x0, 0x1f, 0xff,
    0x80, 0x0, 0x0, 0x0, 0x0, 0x7f, 0xfe, 0x0,
    0x0, 0x0, 0x0, 0x1, 0xff, 0xf8, 0x0, 0x0,
    0x0, 0x0, 0x7, 0xff, 0xe0, 0x0, 0x0, 0x0,
    0x0, 0x1f, 0xff, 0x80, 0x0, 0x0, 0x0, 0x0,
    0x7f, 0xfe, 0x0, 0x0, 0x0, 0x0, 0x1, 0xff,
    0xfc, 0x0, 0x0, 0x0, 0x0, 0x7, 0xff, 0xf0,
    0x0, 0x0, 0x0, 0x0, 0x1f, 0xff, 0xc0, 0x0,
    0x0, 0x0, 0x0, 0x7f, 0xff, 0x0, 0x0, 0x0,
    0x0, 0x1, 0xff, 0xfc, 0x0, 0x0, 0x0, 0x0,
    0x7, 0xff, 0xf0, 0x0, 0x0, 0x0, 0x0, 0xf,
    0xff, 0xc0, 0x0, 0x0, 0x0, 0x0, 0x3f, 0xff,
    0x0, 0x0, 0x0, 0x0, 0x0, 0xff, 0xfc, 0x0,
    0x0, 0x0, 0x0, 0x3, 0xff, 0xf0, 0x0, 0x0,
    0x0, 0x0, 0xf, 0xff, 0xc0, 0x0, 0x0, 0x0,
    0x0, 0x3f, 0xff, 0x80, 0x0, 0x0, 0x0, 0x0,
    0xff, 0xfe, 0x0, 0x0, 0x0, 0x0, 0x3, 0xff,
    0xf8, 0x0, 0x0, 0x0, 0x0, 0xf, 0xff, 0xe0,
    0x0, 0x0, 0x0, 0x0, 0x3f, 0xff, 0x80, 0x0,
    0x0, 0x0, 0x0, 0xff, 0xfe, 0x0, 0x0, 0x0,
    0x0, 0x1, 0xff, 0xf8, 0x0, 0x0, 0x0, 0x0,
    0x3, 0xff, 0xe0, 0x0, 0x0, 0x0, 0x0,

    /* U+0038 "8" */
    0x0, 0x7f, 0xff, 0xff, 0xff, 0xff, 0x0, 0x3,
    0xff, 0xff, 0xff, 0xff, 0xff, 0xe0, 0x7, 0xff,
    0xff, 0xff, 0xff, 0xff, 0xf0, 0x1f, 0xff, 0xff,
    0xff, 0xff, 0xff, 0xf8, 0x1f, 0xff, 0xff, 0xff,
    0xff, 0xff, 0xfc, 0x3f, 0xff, 0xff, 0xff, 0xff,
    0xff, 0xfe, 0x3f, 0xff, 0xff, 0xff, 0xff, 0xff,
    0xfe, 0x7f, 0xff, 0xff, 0xff, 0xff, 0xff, 0xfe,
    0x7f, 0xf8, 0x0, 0x0, 0x0, 0x1f, 0xff, 0x7f,
    0xf0, 0x0, 0x0, 0x0, 0x7, 0xff, 0x7f, 0xe0,
    0x0, 0x0, 0x0, 0x3, 0xff, 0x7f, 0xe0, 0x0,
    0x0, 0x0, 0x3, 0xff, 0x7f, 0xe0, 0x0, 0x0,
    0x0, 0x3, 0xff, 0x7f, 0xe0, 0x0, 0x0, 0x0,
    0x3, 0xff, 0x7f, 0xe0, 0x0, 0x0, 0x0, 0x3,
    0xff, 0x7f, 0xe0, 0x0, 0x0, 0x0, 0x3, 0xff,
    0x7f, 0xe0, 0x0, 0x0, 0x0, 0x3, 0xff, 0x7f,
    0xe0, 0x0, 0x0, 0x0, 0x3, 0xff, 0x7f, 0xe0,
    0x0, 0x0, 0x0, 0x3, 0xff, 0x3f, 0xf0, 0x0,
    0x0, 0x0, 0x7, 0xfe, 0x3f, 0xfc, 0x0, 0x0,
    0x0, 0x1f, 0xfe, 0x3f, 0xff, 0xff, 0xff, 0xff,
    0xff, 0xfe, 0x1f, 0xff, 0xff, 0xff, 0xff, 0xff,
    0xfc, 0xf, 0xff, 0xff, 0xff, 0xff, 0xff, 0xf8,
    0x7, 0xff, 0xff, 0xff, 0xff, 0xff, 0xf0, 0xf,
    0xff, 0xff, 0xff, 0xff, 0xff, 0xf8, 0x1f, 0xff,
    0xff, 0xff, 0xff, 0xff, 0xfc, 0x3f, 0xff, 0xff,
    0xff, 0xff, 0xff, 0xfc, 0x7f, 0xff, 0xff, 0xff,
    0xff, 0xff, 0xfe, 0x7f, 0xfc, 0x0, 0x0, 0x0,
    0x1f, 0xfe, 0xff, 0xf0, 0x0, 0x0, 0x0, 0x7,
    0xff, 0xff, 0xe0, 0x0, 0x0, 0x0, 0x7, 0xff,
    0xff, 0xe0, 0x0, 0x0, 0x0, 0x3, 0xff, 0xff,
    0xe0, 0x0, 0x0, 0x0, 0x3, 0xff, 0xff, 0xe0,
    0x0, 0x0, 0x0, 0x3, 0xff, 0xff, 0xe0, 0x0,
    0x0, 0x0, 0x3, 0xff, 0xff, 0xe0, 0x0, 0x0,
    0x0, 0x3, 0xff, 0xff, 0xe0, 0x0, 0x0, 0x0,
    0x3, 0xff, 0xff, 0xe0, 0x0, 0x0, 0x0, 0x3,
    0xff, 0xff, 0xe0, 0x0, 0x0, 0x0, 0x3, 0xff,
    0xff, 0xe0, 0x0, 0x0, 0x0, 0x3, 0xff, 0xff,
    0xf0, 0x0, 0x0, 0x0, 0x7, 0xff, 0xff, 0xf8,
    0x0, 0x0, 0x0, 0xf, 0xff, 0x7f, 0xff, 0xff,
    0xff, 0xff, 0xff, 0xfe, 0x7f, 0xff, 0xff, 0xff,
    0xff, 0xff, 0xfe, 0x7f, 0xff, 0xff, 0xff, 0xff,
    0xff, 0xfe, 0x3f, 0xff, 0xff, 0xff, 0xff, 0xff,
    0xfc, 0x1f, 0xff, 0xff, 0xff, 0xff, 0xff, 0xf8,
    0xf, 0xff, 0xff, 0xff, 0xff, 0xff, 0xf0, 0x7,
    0xff, 0xff, 0xff, 0xff, 0xff, 0xe0, 0x0, 0xff,
    0xff, 0xff, 0xff, 0xff, 0x0,

    /* U+0039 "9" */
    0x0, 0x7f, 0xff, 0xff, 0xff, 0x80, 0x0, 0xf,
    0xff, 0xff, 0xff, 0xff, 0xe0, 0x0, 0xff, 0xff,
    0xff, 0xff, 0xff, 0xe0, 0x7, 0xff, 0xff, 0xff,
    0xff, 0xff, 0xc0, 0x3f, 0xff, 0xff, 0xff, 0xff,
    0xff, 0x80, 0xff, 0xff, 0xff, 0xff, 0xff, 0xff,
    0x7, 0xff, 0xff, 0xff, 0xff, 0xff, 0xfe, 0x1f,
    0xff, 0xff, 0xff, 0xff, 0xff, 0xfc, 0xff, 0xf0,
    0x0, 0x0, 0x1, 0xff, 0xf3, 0xff, 0x80, 0x0,
    0x0, 0x1, 0xff, 0xef, 0xfc, 0x0, 0x0, 0x0,
    0x3, 0xff, 0xbf, 0xf0, 0x0, 0x0, 0x0, 0x7,
    0xfe, 0xff, 0xc0, 0x0, 0x0, 0x0, 0x1f, 0xfb,
    0xff, 0x0, 0x0, 0x0, 0x0, 0x7f, 0xff, 0xfc,
    0x0, 0x0, 0x0, 0x0, 0xff, 0xff, 0xf0, 0x0,
    0x0, 0x0, 0x3, 0xff, 0xff, 0xc0, 0x0, 0x0,
    0x0, 0xf, 0xff, 0xff, 0x0, 0x0, 0x0, 0x0,
    0x3f, 0xff, 0xfc, 0x0, 0x0, 0x0, 0x0, 0xff,
    0xff, 0xf0, 0x0, 0x0, 0x0, 0x3, 0xff, 0xff,
    0xe0, 0x0, 0x0, 0x0, 0xf, 0xff, 0xff, 0xc0,
    0x0, 0x0, 0x0, 0x3f, 0xf7, 0xff, 0xff, 0xff,
    0xff, 0xff, 0xff, 0xdf, 0xff, 0xff, 0xff, 0xff,
    0xff, 0xff, 0x7f, 0xff, 0xff, 0xff, 0xff, 0xff,
    0xfc, 0xff, 0xff, 0xff, 0xff, 0xff, 0xff, 0xf1,
    0xff, 0xff, 0xff, 0xff, 0xff, 0xff, 0xc3, 0xff,
    0xff, 0xff, 0xff, 0xff, 0xff, 0x7, 0xff, 0xff,
    0xff, 0xff, 0xff, 0xfc, 0x3, 0xff, 0xff, 0xff,
    0xff, 0xff, 0xf0, 0x0, 0x0, 0x0, 0x0, 0x0,
    0xff, 0xc0, 0x0, 0x0, 0x0, 0x0, 0x3, 0xff,
    0x0, 0x0, 0x0, 0x0, 0x0, 0xf, 0xfc, 0x0,
    0x0, 0x0, 0x0, 0x0, 0x3f, 0xf0, 0x0, 0x0,
    0x0, 0x0, 0x0, 0xff, 0xc0, 0x0, 0x0, 0x0,
    0x0, 0x3, 0xff, 0x0, 0x0, 0x0, 0x0, 0x0,
    0xf, 0xfc, 0x0, 0x0, 0x0, 0x0, 0x0, 0x7f,
    0xf0, 0x0, 0x0, 0x0, 0x0, 0x1, 0xff, 0x80,
    0x0, 0x0, 0x0, 0x0, 0x7, 0xfe, 0x0, 0x0,
    0x0, 0x0, 0x0, 0x3f, 0xf8, 0x0, 0x0, 0x0,
    0x0, 0x1, 0xff, 0xe0, 0x0, 0x0, 0x0, 0x0,
    0x1f, 0xff, 0xf, 0xff, 0xff, 0xff, 0xff, 0xff,
    0xfc, 0x3f, 0xff, 0xff, 0xff, 0xff, 0xff, 0xe0,
    0xff, 0xff, 0xff, 0xff, 0xff, 0xff, 0x3, 0xff,
    0xff, 0xff, 0xff, 0xff, 0xfc, 0xf, 0xff, 0xff,
    0xff, 0xff, 0xff, 0xc0, 0x3f, 0xff, 0xff, 0xff,
    0xff, 0xfe, 0x0, 0xff, 0xff, 0xff, 0xff, 0xff,
    0xe0, 0x3, 0xff, 0xff, 0xff, 0xff, 0xf8, 0x0,
    0x0,

    /* U+003A ":" */
    0xff, 0xff, 0xff, 0xff, 0xff, 0xff, 0xff, 0xff,
    0xff, 0xff, 0xff, 0xff, 0xf0, 0x0, 0x0, 0x0,
    0x0, 0x0, 0x0, 0x0, 0x0, 0x0, 0x0, 0x0,
    0x0, 0x0, 0x0, 0xf, 0xff, 0xff, 0xff, 0xff,
    0xff, 0xff, 0xff, 0xff, 0xff, 0xff, 0xff, 0xff,

    /* U+003B ";" */
    0xff, 0xff, 0xff, 0xff, 0xff, 0xff, 0xff, 0xff,
    0xff, 0xff, 0xff, 0xff, 0xf0, 0x0, 0x0, 0x0,
    0x0, 0x0, 0x0, 0x0, 0x0, 0x0, 0x0, 0x0,
    0x0, 0x0, 0x0, 0xf, 0xff, 0xff, 0xff, 0xff,
    0xff, 0xff, 0xff, 0xff, 0xff, 0xff, 0xff, 0xff,
    0x1f, 0xc7, 0xe3, 0xf8, 0xfe, 0x3f, 0x8f, 0xc3,
    0xf1, 0xfc, 0x7f, 0x1f, 0x87, 0xe1, 0xf8, 0x38,
    0x0,

    /* U+003C "<" */
    0x0, 0x0, 0x0, 0x0, 0x0, 0x0, 0x0, 0x0,
    0x0, 0xf0, 0x0, 0x0, 0x0, 0x1f, 0xc0, 0x0,
    0x0, 0x1, 0xff, 0x0, 0x0, 0x0, 0x3f, 0xfc,
    0x0, 0x0, 0x7, 0xff, 0xf0, 0x0, 0x0, 0x7f,
    0xff, 0xc0, 0x0, 0xf, 0xff, 0xff, 0x0, 0x1,
    0xff, 0xff, 0xe0, 0x0, 0x1f, 0xff, 0xfe, 0x0,
    0x3, 0xff, 0xff, 0xc0, 0x0, 0x7f, 0xff, 0xf8,
    0x0, 0x7, 0xff, 0xff, 0x0, 0x0, 0xff, 0xff,
    0xf0, 0x0, 0x7, 0xff, 0xfe, 0x0, 0x0, 0x3f,
    0xff, 0xc0, 0x0, 0x0, 0xff, 0xfc, 0x0, 0x0,
    0x3, 0xff, 0x80, 0x0, 0x0, 0xf, 0xf0, 0x0,
    0x0, 0x0, 0x3f, 0xc0, 0x0, 0x0, 0x0, 0xff,
    0x80, 0x0, 0x0, 0x3, 0xff, 0x80, 0x0, 0x0,
    0xf, 0xff, 0xc0, 0x0, 0x0, 0x3f, 0xff, 0xe0,
    0x0, 0x0, 0x7f, 0xff, 0xf0, 0x0, 0x0, 0xff,
    0xff, 0xf0, 0x0, 0x0, 0x7f, 0xff, 0xf8, 0x0,
    0x0, 0x3f, 0xff, 0xfc, 0x0, 0x0, 0x3f, 0xff,
    0xfc, 0x0, 0x0, 0x1f, 0xff, 0xfe, 0x0, 0x0,
    0xf, 0xff, 0xff, 0x0, 0x0, 0xf, 0xff, 0xff,
    0x0, 0x0, 0x7, 0xff, 0xfc, 0x0, 0x0, 0x3,
    0xff, 0xf0, 0x0, 0x0, 0x3, 0xff, 0xc0, 0x0,
    0x0, 0x1, 0xff, 0x0, 0x0, 0x0, 0x0, 0xfc,
    0x0, 0x0, 0x0, 0x0, 0xf0,

    /* U+003D "=" */
    0xff, 0xff, 0xff, 0xff, 0xff, 0xff, 0xff, 0xff,
    0xff, 0xff, 0xff, 0xff, 0xff, 0xff, 0xff, 0xff,
    0xff, 0xff, 0xff, 0xff, 0xff, 0xff, 0xff, 0xff,
    0xff, 0xff, 0xff, 0xff, 0xff, 0xff, 0xff, 0xff,
    0xff, 0xc0, 0x0, 0x0, 0x0, 0x0, 0x0, 0x0,
    0x0, 0x0, 0x0, 0x0, 0x0, 0x0, 0x0, 0x0,
    0x0, 0x0, 0x0, 0x0, 0x0, 0x0, 0x0, 0x0,
    0x0, 0x0, 0x0, 0x0, 0x0, 0x0, 0x0, 0x0,
    0x0, 0x0, 0x0, 0x0, 0x0, 0x0, 0x0, 0x0,
    0x0, 0x0, 0x0, 0x0, 0x0, 0x0, 0x0, 0x0,
    0x3, 0xff, 0xff, 0xff, 0xff, 0xff, 0xff, 0xff,
    0xff, 0xff, 0xff, 0xff, 0xff, 0xff, 0xff, 0xff,
    0xff, 0xff, 0xff, 0xff, 0xff, 0xff, 0xff, 0xff,
    0xff, 0xff, 0xff, 0xff, 0xff, 0xff, 0xff, 0xff,
    0xff, 0xff,

    /* U+003E ">" */
    0x0, 0x0, 0x0, 0x0, 0x3, 0xc0, 0x0, 0x0,
    0x0, 0xf, 0xe0, 0x0, 0x0, 0x0, 0x3f, 0xe0,
    0x0, 0x0, 0x0, 0xff, 0xf0, 0x0, 0x0, 0x3,
    0xff, 0xf8, 0x0, 0x0, 0xf, 0xff, 0xf8, 0x0,
    0x0, 0x3f, 0xff, 0xfc, 0x0, 0x0, 0x1f, 0xff,
    0xfe, 0x0, 0x0, 0x1f, 0xff, 0xfe, 0x0, 0x0,
    0xf, 0xff, 0xff, 0x0, 0x0, 0x7, 0xff, 0xff,
    0x80, 0x0, 0x7, 0xff, 0xff, 0x80, 0x0, 0x3,
    0xff, 0xff, 0xc0, 0x0, 0x1, 0xff, 0xff, 0x80,
    0x0, 0x0, 0xff, 0xff, 0x0, 0x0, 0x0, 0xff,
    0xfc, 0x0, 0x0, 0x0, 0x7f, 0xf0, 0x0, 0x0,
    0x0, 0x3f, 0xc0, 0x0, 0x0, 0x0, 0xff, 0x0,
    0x0, 0x0, 0x7, 0xfc, 0x0, 0x0, 0x0, 0x7f,
    0xf0, 0x0, 0x0, 0xf, 0xff, 0xc0, 0x0, 0x1,
    0xff, 0xff, 0x0, 0x0, 0x1f, 0xff, 0xf8, 0x0,
    0x3, 0xff, 0xff, 0x80, 0x0, 0x7f, 0xff, 0xf8,
    0x0, 0xf, 0xff, 0xff, 0x0, 0x0, 0xff, 0xff,
    0xf0, 0x0, 0x1f, 0xff, 0xfe, 0x0, 0x3, 0xff,
    0xff, 0xc0, 0x0, 0x3f, 0xff, 0xfc, 0x0, 0x0,
    0xff, 0xff, 0x80, 0x0, 0x3, 0xff, 0xf0, 0x0,
    0x0, 0xf, 0xff, 0x0, 0x0, 0x0, 0x3f, 0xe0,
    0x0, 0x0, 0x0, 0xfc, 0x0, 0x0, 0x0, 0x3,
    0xc0, 0x0, 0x0, 0x0, 0x0,

    /* U+003F "?" */
    0x7f, 0xff, 0xff, 0xff, 0xe0, 0x7f, 0xff, 0xff,
    0xff, 0xfe, 0x3f, 0xff, 0xff, 0xff, 0xff, 0x9f,
    0xff, 0xff, 0xff, 0xff, 0xef, 0xff, 0xff, 0xff,
    0xff, 0xf7, 0xff, 0xff, 0xff, 0xff, 0xfb, 0xff,
    0xff, 0xff, 0xff, 0xfe, 0xff, 0xff, 0xff, 0xff,
    0xff, 0x0, 0x0, 0x0, 0x3, 0xff, 0x80, 0x0,
    0x0, 0x0, 0xff, 0xc0, 0x0, 0x0, 0x0, 0x7f,
    0xe0, 0x0, 0x0, 0x0, 0x3f, 0xf0, 0x0, 0x0,
    0x0, 0x1f, 0xf8, 0x0, 0x0, 0x0, 0xf, 0xfc,
    0x0, 0x0, 0x0, 0x7, 0xfe, 0x0, 0x0, 0x0,
    0x7, 0xff, 0x0, 0x0, 0x0, 0x7, 0xff, 0x80,
    0x0, 0x0, 0xf, 0xff, 0x80, 0x0, 0x0, 0x1f,
    0xff, 0xc0, 0x0, 0x0, 0x1f, 0xff, 0xc0, 0x0,
    0x0, 0x3f, 0xff, 0xc0, 0x0, 0x0, 0x7f, 0xff,
    0xc0, 0x0, 0x0, 0xff, 0xff, 0x80, 0x0, 0x1,
    0xff, 0xff, 0x0, 0x0, 0x1, 0xff, 0xfe, 0x0,
    0x0, 0x1, 0xff, 0xfc, 0x0, 0x0, 0x0, 0xff,
    0xf8, 0x0, 0x0, 0x0, 0x7f, 0xf0, 0x0, 0x0,
    0x0, 0x7f, 0xc0, 0x0, 0x0, 0x0, 0x3f, 0xc0,
    0x0, 0x0, 0x0, 0x1f, 0xe0, 0x0, 0x0, 0x0,
    0xf, 0xf0, 0x0, 0x0, 0x0, 0x7, 0xf8, 0x0,
    0x0, 0x0, 0x3, 0xfc, 0x0, 0x0, 0x0, 0x0,
    0xfc, 0x0, 0x0, 0x0, 0x0, 0x0, 0x0, 0x0,
    0x0, 0x0, 0x0, 0x0, 0x0, 0x0, 0x0, 0x0,
    0x0, 0x0, 0x0, 0x0, 0x0, 0x0, 0x0, 0x0,
    0x0, 0x0, 0x0, 0x0, 0x0, 0x0, 0x0, 0x0,
    0x0, 0x0, 0x0, 0x0, 0x0, 0x0, 0x0, 0x0,
    0x3, 0xff, 0x0, 0x0, 0x0, 0x1, 0xff, 0x80,
    0x0, 0x0, 0x0, 0xff, 0xc0, 0x0, 0x0, 0x0,
    0x7f, 0xe0, 0x0, 0x0, 0x0, 0x3f, 0xf0, 0x0,
    0x0, 0x0, 0x1f, 0xf8, 0x0, 0x0, 0x0, 0xf,
    0xfc, 0x0, 0x0, 0x0, 0x7, 0xfe, 0x0, 0x0,
    0x0, 0x3, 0xff, 0x0, 0x0, 0x0, 0x1, 0xff,
    0x80, 0x0, 0x0,

    /* U+0040 "@" */
    0x0, 0x7f, 0xff, 0xff, 0xff, 0xf8, 0x0, 0x7,
    0xff, 0xff, 0xff, 0xff, 0xfe, 0x0, 0x3f, 0xff,
    0xff, 0xff, 0xff, 0xff, 0x0, 0xff, 0xff, 0xff,
    0xff, 0xff, 0xff, 0x3, 0xff, 0xff, 0xff, 0xff,
    0xff, 0xff, 0x7, 0xff, 0xff, 0xff, 0xff, 0xff,
    0xff, 0x1f, 0xff, 0xff, 0xff, 0xff, 0xff, 0xfe,
    0x3f, 0xf8, 0x0, 0x0, 0x0, 0xf, 0xfe, 0x7f,
    0xe0, 0x0, 0x0, 0x0, 0x7, 0xfd, 0xff, 0x80,
    0x0, 0x0, 0x0, 0x7, 0xff, 0xff, 0x0, 0x0,
    0x0, 0x0, 0xf, 0xff, 0xfc, 0x0, 0x0, 0x0,
    0x0, 0xf, 0xff, 0xf8, 0x0, 0x0, 0x0, 0x0,
    0x1f, 0xff, 0xf0, 0x0, 0x0, 0x0, 0x0, 0x3f,
    0xff, 0xe0, 0x0, 0x0, 0x0, 0x0, 0x7f, 0xff,
    0xc0, 0x0, 0x0, 0x0, 0x0, 0xff, 0xff, 0x80,
    0x0, 0x3f, 0xff, 0xff, 0xff, 0xff, 0x0, 0x3,
    0xff, 0xff, 0xff, 0xff, 0xfe, 0x0, 0xf, 0xff,
    0xff, 0xff, 0xff, 0xfc, 0x0, 0x3f, 0xff, 0xff,
    0xff, 0xff, 0xf8, 0x0, 0xff, 0xff, 0xff, 0xff,
    0xff, 0xf0, 0x1, 0xff, 0xff, 0xff, 0xff, 0xff,
    0xe0, 0x7, 0xfe, 0x0, 0x0, 0x7f, 0xff, 0xc0,
    0xf, 0xf8, 0x0, 0x0, 0xff, 0xff, 0x80, 0x1f,
    0xe0, 0x0, 0x1, 0xff, 0xff, 0x0, 0x3f, 0xc0,
    0x0, 0x3, 0xff, 0xfe, 0x0, 0x7f, 0x80, 0x0,
    0x7, 0xff, 0xfc, 0x0, 0xff, 0x0, 0x0, 0xf,
    0xff, 0xf8, 0x1, 0xfe, 0x0, 0x0, 0x1f, 0xff,
    0xf0, 0x3, 0xfc, 0x0, 0x0, 0x3f, 0xff, 0xe0,
    0x7, 0xf8, 0x0, 0x0, 0x7f, 0xff, 0xc0, 0xf,
    0xf0, 0x0, 0x0, 0xff, 0xff, 0x80, 0x1f, 0xe0,
    0x0, 0x1, 0xff, 0xff, 0x0, 0x3f, 0xc0, 0x0,
    0x3, 0xff, 0xfe, 0x0, 0x7f, 0x80, 0x0, 0xf,
    0xff, 0xfc, 0x0, 0xff, 0x80, 0x0, 0x3f, 0xef,
    0xf8, 0x1, 0xff, 0x80, 0x0, 0xff, 0xdf, 0xf0,
    0x1, 0xff, 0xff, 0xff, 0xff, 0xbf, 0xe0, 0x3,
    0xff, 0xff, 0xff, 0xfe, 0x7f, 0xc0, 0x3, 0xff,
    0xff, 0xff, 0xfc, 0xff, 0x80, 0x3, 0xff, 0xff,
    0xff, 0xf1, 0xff, 0x0, 0x3, 0xff, 0xff, 0xff,
    0x83, 0xfe, 0x0, 0x0, 0xff, 0xff, 0xfc, 0x7,
    0xfc, 0x0, 0x0, 0x0, 0x0, 0x0, 0xf, 0xf8,
    0x0, 0x0, 0x0, 0x0, 0x0, 0x1f, 0xf0, 0x0,
    0x0, 0x0, 0x0, 0x0, 0x3f, 0xe0, 0x0, 0x0,
    0x0, 0x0, 0x0, 0x7f, 0xe0, 0x0, 0x0, 0x0,
    0x0, 0x0, 0x7f, 0xc0, 0x0, 0x0, 0x0, 0x0,
    0x0, 0xff, 0xc0, 0x0, 0x0, 0x0, 0x0, 0x1,
    0xff, 0xc0, 0x0, 0x0, 0x0, 0x0, 0x1, 0xff,
    0xc0, 0x0, 0x0, 0x0, 0x0, 0x3, 0xff, 0xe0,
    0x0, 0x0, 0x0, 0x0, 0x3, 0xff, 0xff, 0xff,
    0xff, 0xff, 0xff, 0xc7, 0xff, 0xff, 0xff, 0xff,
    0xff, 0xff, 0x87, 0xff, 0xff, 0xff, 0xff, 0xff,
    0xff, 0x7, 0xff, 0xff, 0xff, 0xff, 0xff, 0xfe,
    0x7, 0xff, 0xff, 0xff, 0xff, 0xff, 0xfc, 0x3,
    0xff, 0xff, 0xff, 0xff, 0xff, 0xf8, 0x1, 0xff,
    0xff, 0xff, 0xff, 0xff, 0xf0, 0x0, 0x7f, 0xff,
    0xff, 0xff, 0xff, 0xc0,

    /* U+0041 "A" */
    0x0, 0x0, 0x0, 0x7, 0xfe, 0x0, 0x0, 0x0,
    0x0, 0x0, 0x0, 0x1, 0xff, 0xf8, 0x0, 0x0,
    0x0, 0x0, 0x0, 0x0, 0x3f, 0xff, 0xc0, 0x0,
    0x0, 0x0, 0x0, 0x0, 0x7, 0xff, 0xfe, 0x0,
    0x0, 0x0, 0x0, 0x0, 0x0, 0xff, 0xff, 0xe0,
    0x0, 0x0, 0x0, 0x0, 0x0, 0xf, 0xff, 0xff,
    0x0, 0x0, 0x0, 0x0, 0x0, 0x1, 0xff, 0xff,
    0xf8, 0x0, 0x0, 0x0, 0x0, 0x0, 0x1f, 0xff,
    0xff, 0x80, 0x0, 0x0, 0x0, 0x0, 0x3, 0xff,
    0xff, 0xfc, 0x0, 0x0, 0x0, 0x0, 0x0, 0x3f,
    0xff, 0xff, 0xc0, 0x0, 0x0, 0x0, 0x0, 0x7,
    0xff, 0x9f, 0xfe, 0x0, 0x0, 0x0, 0x0, 0x0,
    0x7f, 0xf8, 0xff, 0xe0, 0x0, 0x0, 0x0, 0x0,
    0xf, 0xff, 0xf, 0xff, 0x0, 0x0, 0x0, 0x0,
    0x0, 0xff, 0xf0, 0x7f, 0xf0, 0x0, 0x0, 0x0,
    0x0, 0x1f, 0xfe, 0x7, 0xff, 0x80, 0x0, 0x0,
    0x0, 0x1, 0xff, 0xc0, 0x3f, 0xf8, 0x0, 0x0,
    0x0, 0x0, 0x3f, 0xfc, 0x3, 0xff, 0xc0, 0x0,
    0x0, 0x0, 0x7, 0xff, 0x80, 0x1f, 0xfe, 0x0,
    0x0, 0x0, 0x0, 0x7f, 0xf8, 0x1, 0xff, 0xe0,
    0x0, 0x0, 0x0, 0xf, 0xff, 0x0, 0xf, 0xff,
    0x0, 0x0, 0x0, 0x0, 0xff, 0xf0, 0x0, 0xff,
    0xf0, 0x0, 0x0, 0x0, 0x1f, 0xfe, 0x0, 0x7,
    0xff, 0x80, 0x0, 0x0, 0x1, 0xff, 0xe0, 0x0,
    0x7f, 0xf8, 0x0, 0x0, 0x0, 0x3f, 0xfc, 0x0,
    0x3, 0xff, 0xc0, 0x0, 0x0, 0x3, 0xff, 0xc0,
    0x0, 0x1f, 0xfc, 0x0, 0x0, 0x0, 0x7f, 0xf8,
    0x0, 0x1, 0xff, 0xe0, 0x0, 0x0, 0x7, 0xff,
    0x80, 0x0, 0xf, 0xfe, 0x0, 0x0, 0x0, 0xff,
    0xf0, 0x0, 0x0, 0xff, 0xf0, 0x0, 0x0, 0xf,
    0xff, 0x0, 0x0, 0x7, 0xff, 0x0, 0x0, 0x1,
    0xff, 0xe0, 0x0, 0x0, 0x7f, 0xf8, 0x0, 0x0,
    0x3f, 0xfe, 0x0, 0x0, 0x3, 0xff, 0xc0, 0x0,
    0x3, 0xff, 0xc0, 0x0, 0x0, 0x3f, 0xfc, 0x0,
    0x0, 0x7f, 0xff, 0xff, 0xff, 0xff, 0xff, 0xe0,
    0x0, 0x7, 0xff, 0xff, 0xff, 0xff, 0xff, 0xfe,
    0x0, 0x0, 0xff, 0xff, 0xff, 0xff, 0xff, 0xff,
    0xf0, 0x0, 0xf, 0xff, 0xff, 0xff, 0xff, 0xff,
    0xff, 0x0, 0x1, 0xff, 0xff, 0xff, 0xff, 0xff,
    0xff, 0xf8, 0x0, 0x1f, 0xff, 0xff, 0xff, 0xff,
    0xff, 0xff, 0x80, 0x3, 0xff, 0xff, 0xff, 0xff,
    0xff, 0xff, 0xfc, 0x0, 0x3f, 0xff, 0xff, 0xff,
    0xff, 0xff, 0xff, 0xc0, 0x7, 0xff, 0x80, 0x0,
    0x0, 0x0, 0x1f, 0xfe, 0x0, 0x7f, 0xf0, 0x0,
    0x0, 0x0, 0x0, 0xff, 0xf0, 0xf, 0xff, 0x0,
    0x0, 0x0, 0x0, 0xf, 0xff, 0x1, 0xff, 0xe0,
    0x0, 0x0, 0x0, 0x0, 0x7f, 0xf8, 0x1f, 0xfe,
    0x0, 0x0, 0x0, 0x0, 0x7, 0xff, 0x83, 0xff,
    0xc0, 0x0, 0x0, 0x0, 0x0, 0x3f, 0xfc, 0x3f,
    0xfc, 0x0, 0x0, 0x0, 0x0, 0x3, 0xff, 0xc7,
    0xff, 0xc0, 0x0, 0x0, 0x0, 0x0, 0x1f, 0xfe,
    0x7f, 0xf8, 0x0, 0x0, 0x0, 0x0, 0x1, 0xff,
    0xef, 0xff, 0x80, 0x0, 0x0, 0x0, 0x0, 0xf,
    0xff, 0xff, 0xf0, 0x0, 0x0, 0x0, 0x0, 0x0,
    0xff, 0xf0,

    /* U+0042 "B" */
    0x7f, 0xff, 0xff, 0xff, 0xff, 0xff, 0x80, 0x3f,
    0xff, 0xff, 0xff, 0xff, 0xff, 0xfc, 0xf, 0xff,
    0xff, 0xff, 0xff, 0xff, 0xff, 0x83, 0xff, 0xff,
    0xff, 0xff, 0xff, 0xff, 0xf0, 0xff, 0xff, 0xff,
    0xff, 0xff, 0xff, 0xfe, 0x3f, 0xff, 0xff, 0xff,
    0xff, 0xff, 0xff, 0xcf, 0xff, 0xff, 0xff, 0xff,
    0xff, 0xff, 0xf3, 0xff, 0xff, 0xff, 0xff, 0xff,
    0xff, 0xfc, 0xff, 0xff, 0xff, 0xff, 0xff, 0xff,
    0xff, 0xbf, 0xff, 0xff, 0xff, 0xff, 0xff, 0xff,
    0xef, 0xfe, 0x0, 0x0, 0x0, 0x0, 0x7f, 0xfb,
    0xff, 0x80, 0x0, 0x0, 0x0, 0xf, 0xfe, 0xff,
    0xe0, 0x0, 0x0, 0x0, 0x1, 0xff, 0xbf, 0xf8,
    0x0, 0x0, 0x0, 0x0, 0x7f, 0xef, 0xfe, 0x0,
    0x0, 0x0, 0x0, 0x1f, 0xfb, 0xff, 0x80, 0x0,
    0x0, 0x0, 0x7, 0xfe, 0xff, 0xe0, 0x0, 0x0,
    0x0, 0x1, 0xff, 0xbf, 0xf8, 0x0, 0x0, 0x0,
    0x0, 0x7f, 0xef, 0xfe, 0x0, 0x0, 0x0, 0x0,
    0x1f, 0xfb, 0xff, 0x80, 0x0, 0x0, 0x0, 0xf,
    0xfc, 0xff, 0xe0, 0x0, 0x0, 0x0, 0x7, 0xff,
    0x3f, 0xff, 0xff, 0xff, 0xff, 0xff, 0xff, 0x8f,
    0xff, 0xff, 0xff, 0xff, 0xff, 0xff, 0xe3, 0xff,
    0xff, 0xff, 0xff, 0xff, 0xff, 0xf0, 0xff, 0xff,
    0xff, 0xff, 0xff, 0xff, 0xf8, 0x3f, 0xff, 0xff,
    0xff, 0xff, 0xff, 0xff, 0xf, 0xff, 0xff, 0xff,
    0xff, 0xff, 0xff, 0xe3, 0xff, 0xff, 0xff, 0xff,
    0xff, 0xff, 0xfc, 0xff, 0xff, 0xff, 0xff, 0xff,
    0xff, 0xff, 0xbf, 0xf8, 0x0, 0x0, 0x0, 0x3,
    0xff, 0xef, 0xfe, 0x0, 0x0, 0x0, 0x0, 0x3f,
    0xff, 0xff, 0x80, 0x0, 0x0, 0x0, 0x7, 0xff,
    0xff, 0xe0, 0x0, 0x0, 0x0, 0x1, 0xff, 0xff,
    0xf8, 0x0, 0x0, 0x0, 0x0, 0x7f, 0xff, 0xfe,
    0x0, 0x0, 0x0, 0x0, 0x1f, 0xff, 0xff, 0x80,
    0x0, 0x0, 0x0, 0x7, 0xff, 0xff, 0xe0, 0x0,
    0x0, 0x0, 0x1, 0xff, 0xff, 0xf8, 0x0, 0x0,
    0x0, 0x0, 0x7f, 0xff, 0xfe, 0x0, 0x0, 0x0,
    0x0, 0x1f, 0xff, 0xff, 0x80, 0x0, 0x0, 0x0,
    0xf, 0xff, 0xff, 0xe0, 0x0, 0x0, 0x0, 0x7,
    0xff, 0xff, 0xff, 0xff, 0xff, 0xff, 0xff, 0xff,
    0xff, 0xff, 0xff, 0xff, 0xff, 0xff, 0xff, 0xff,
    0xff, 0xff, 0xff, 0xff, 0xff, 0xff, 0xfe, 0xff,
    0xff, 0xff, 0xff, 0xff, 0xff, 0xff, 0xbf, 0xff,
    0xff, 0xff, 0xff, 0xff, 0xff, 0xef, 0xff, 0xff,
    0xff, 0xff, 0xff, 0xff, 0xf3, 0xff, 0xff, 0xff,
    0xff, 0xff, 0xff, 0xf8, 0xff, 0xff, 0xff, 0xff,
    0xff, 0xff, 0xfc, 0x3f, 0xff, 0xff, 0xff, 0xff,
    0xff, 0xfe, 0x7, 0xff, 0xff, 0xff, 0xff, 0xff,
    0xfc, 0x0,

    /* U+0043 "C" */
    0x0, 0x7, 0xff, 0xff, 0xff, 0xff, 0xfc, 0x1,
    0xff, 0xff, 0xff, 0xff, 0xff, 0xf0, 0x1f, 0xff,
    0xff, 0xff, 0xff, 0xff, 0xc0, 0xff, 0xff, 0xff,
    0xff, 0xff, 0xff, 0x7, 0xff, 0xff, 0xff, 0xff,
    0xff, 0xfc, 0x3f, 0xff, 0xff, 0xff, 0xff, 0xff,
    0xf1, 0xff, 0xff, 0xff, 0xff, 0xff, 0xff, 0xcf,
    0xff, 0xff, 0xff, 0xff, 0xff, 0xff, 0x3f, 0xff,
    0xff, 0xff, 0xff, 0xff, 0xfd, 0xff, 0xff, 0xff,
    0xff, 0xff, 0xff, 0xf7, 0xff, 0xf0, 0x0, 0x0,
    0x0, 0x0, 0x1f, 0xff, 0x0, 0x0, 0x0, 0x0,
    0x0, 0x7f, 0xf8, 0x0, 0x0, 0x0, 0x0, 0x3,
    0xff, 0xc0, 0x0, 0x0, 0x0, 0x0, 0xf, 0xff,
    0x0, 0x0, 0x0, 0x0, 0x0, 0x3f, 0xf8, 0x0,
    0x0, 0x0, 0x0, 0x0, 0xff, 0xe0, 0x0, 0x0,
    0x0, 0x0, 0x3, 0xff, 0x80, 0x0, 0x0, 0x0,
    0x0, 0xf, 0xfe, 0x0, 0x0, 0x0, 0x0, 0x0,
    0x3f, 0xf8, 0x0, 0x0, 0x0, 0x0, 0x0, 0xff,
    0xe0, 0x0, 0x0, 0x0, 0x0, 0x3, 0xff, 0x80,
    0x0, 0x0, 0x0, 0x0, 0xf, 0xfe, 0x0, 0x0,
    0x0, 0x0, 0x0, 0x3f, 0xf8, 0x0, 0x0, 0x0,
    0x0, 0x0, 0xff, 0xe0, 0x0, 0x0, 0x0, 0x0,
    0x3, 0xff, 0x80, 0x0, 0x0, 0x0, 0x0, 0xf,
    0xfe, 0x0, 0x0, 0x0, 0x0, 0x0, 0x3f, 0xf8,
    0x0, 0x0, 0x0, 0x0, 0x0, 0xff, 0xe0, 0x0,
    0x0, 0x0, 0x0, 0x3, 0xff, 0x80, 0x0, 0x0,
    0x0, 0x0, 0xf, 0xfe, 0x0, 0x0, 0x0, 0x0,
    0x0, 0x3f, 0xf8, 0x0, 0x0, 0x0, 0x0, 0x0,
    0xff, 0xe0, 0x0, 0x0, 0x0, 0x0, 0x3, 0xff,
    0x80, 0x0, 0x0, 0x0, 0x0, 0xf, 0xfe, 0x0,
    0x0, 0x0, 0x0, 0x0, 0x3f, 0xf8, 0x0, 0x0,
    0x0, 0x0, 0x0, 0xff, 0xf0, 0x0, 0x0, 0x0,
    0x0, 0x3, 0xff, 0xc0, 0x0, 0x0, 0x0, 0x0,
    0x7, 0xff, 0x80, 0x0, 0x0, 0x0, 0x0, 0x1f,
    0xff, 0x0, 0x0, 0x0, 0x0, 0x0, 0x7f, 0xff,
    0x0, 0x0, 0x0, 0x0, 0x1, 0xff, 0xff, 0xff,
    0xff, 0xff, 0xff, 0xf3, 0xff, 0xff, 0xff, 0xff,
    0xff, 0xff, 0xcf, 0xff, 0xff, 0xff, 0xff, 0xff,
    0xff, 0x1f, 0xff, 0xff, 0xff, 0xff, 0xff, 0xfc,
    0x3f, 0xff, 0xff, 0xff, 0xff, 0xff, 0xf0, 0xff,
    0xff, 0xff, 0xff, 0xff, 0xff, 0xc0, 0xff, 0xff,
    0xff, 0xff, 0xff, 0xff, 0x1, 0xff, 0xff, 0xff,
    0xff, 0xff, 0xfc, 0x1, 0xff, 0xff, 0xff, 0xff,
    0xff, 0xf0, 0x0, 0x7f, 0xff, 0xff, 0xff, 0xff,
    0xc0,

    /* U+0044 "D" */
    0x7f, 0xff, 0xff, 0xff, 0xff, 0xe0, 0x0, 0x3f,
    0xff, 0xff, 0xff, 0xff, 0xff, 0x80, 0xf, 0xff,
    0xff, 0xff, 0xff, 0xff, 0xf8, 0x3, 0xff, 0xff,
    0xff, 0xff, 0xff, 0xff, 0x80, 0xff, 0xff, 0xff,
    0xff, 0xff, 0xff, 0xf0, 0x3f, 0xff, 0xff, 0xff,
    0xff, 0xff, 0xfe, 0xf, 0xff, 0xff, 0xff, 0xff,
    0xff, 0xff, 0xc3, 0xff, 0xff, 0xff, 0xff, 0xff,
    0xff, 0xf8, 0xff, 0xff, 0xff, 0xff, 0xff, 0xff,
    0xff, 0x3f, 0xff, 0xff, 0xff, 0xff, 0xff, 0xff,
    0xcf, 0xfe, 0x0, 0x0, 0x0, 0xf, 0xff, 0xf3,
    0xff, 0x80, 0x0, 0x0, 0x0, 0x7f, 0xfe, 0xff,
    0xe0, 0x0, 0x0, 0x0, 0xf, 0xff, 0xbf, 0xf8,
    0x0, 0x0, 0x0, 0x1, 0xff, 0xef, 0xfe, 0x0,
    0x0, 0x0, 0x0, 0x3f, 0xfb, 0xff, 0x80, 0x0,
    0x0, 0x0, 0xf, 0xff, 0xff, 0xe0, 0x0, 0x0,
    0x0, 0x1, 0xff, 0xff, 0xf8, 0x0, 0x0, 0x0,
    0x0, 0x7f, 0xff, 0xfe, 0x0, 0x0, 0x0, 0x0,
    0x1f, 0xff, 0xff, 0x80, 0x0, 0x0, 0x0, 0x7,
    0xff, 0xff, 0xe0, 0x0, 0x0, 0x0, 0x1, 0xff,
    0xff, 0xf8, 0x0, 0x0, 0x0, 0x0, 0x7f, 0xff,
    0xfe, 0x0, 0x0, 0x0, 0x0, 0x1f, 0xff, 0xff,
    0x80, 0x0, 0x0, 0x0, 0x7, 0xff, 0xff, 0xe0,
    0x0, 0x0, 0x0, 0x1, 0xff, 0xff, 0xf8, 0x0,
    0x0, 0x0, 0x0, 0x7f, 0xff, 0xfe, 0x0, 0x0,
    0x0, 0x0, 0x1f, 0xff, 0xff, 0x80, 0x0, 0x0,
    0x0, 0x7, 0xff, 0xff, 0xe0, 0x0, 0x0, 0x0,
    0x1, 0xff, 0xff, 0xf8, 0x0, 0x0, 0x0, 0x0,
    0x7f, 0xff, 0xfe, 0x0, 0x0, 0x0, 0x0, 0x1f,
    0xff, 0xff, 0x80, 0x0, 0x0, 0x0, 0x7, 0xff,
    0xff, 0xe0, 0x0, 0x0, 0x0, 0x1, 0xff, 0xff,
    0xf8, 0x0, 0x0, 0x0, 0x0, 0x7f, 0xff, 0xfe,
    0x0, 0x0, 0x0, 0x0, 0x1f, 0xff, 0xff, 0x80,
    0x0, 0x0, 0x0, 0xf, 0xff, 0xff, 0xe0, 0x0,
    0x0, 0x0, 0x3, 0xff, 0xff, 0xf8, 0x0, 0x0,
    0x0, 0x1, 0xff, 0xef, 0xfe, 0x0, 0x0, 0x0,
    0x0, 0xff, 0xfb, 0xff, 0x80, 0x0, 0x0, 0x0,
    0x7f, 0xfe, 0xff, 0xe0, 0x0, 0x0, 0x0, 0xff,
    0xff, 0x3f, 0xff, 0xff, 0xff, 0xff, 0xff, 0xff,
    0xcf, 0xff, 0xff, 0xff, 0xff, 0xff, 0xff, 0xf3,
    0xff, 0xff, 0xff, 0xff, 0xff, 0xff, 0xf8, 0xff,
    0xff, 0xff, 0xff, 0xff, 0xff, 0xfc, 0x3f, 0xff,
    0xff, 0xff, 0xff, 0xff, 0xfe, 0xf, 0xff, 0xff,
    0xff, 0xff, 0xff, 0xff, 0x3, 0xff, 0xff, 0xff,
    0xff, 0xff, 0xff, 0x80, 0xff, 0xff, 0xff, 0xff,
    0xff, 0xff, 0x80, 0x3f, 0xff, 0xff, 0xff, 0xff,
    0xff, 0x80, 0x7, 0xff, 0xff, 0xff, 0xff, 0xfe,
    0x0, 0x0,

    /* U+0045 "E" */
    0x0, 0x7, 0xff, 0xff, 0xff, 0xff, 0xf8, 0x0,
    0xff, 0xff, 0xff, 0xff, 0xff, 0xe0, 0x1f, 0xff,
    0xff, 0xff, 0xff, 0xff, 0xc0, 0xff, 0xff, 0xff,
    0xff, 0xff, 0xff, 0x7, 0xff, 0xff, 0xff, 0xff,
    0xff, 0xfc, 0x3f, 0xff, 0xff, 0xff, 0xff, 0xff,
    0xf1, 0xff, 0xff, 0xff, 0xff, 0xff, 0xff, 0xcf,
    0xff, 0xff, 0xff, 0xff, 0xff, 0xff, 0x3f, 0xff,
    0xff, 0xff, 0xff, 0xff, 0xfd, 0xff, 0xff, 0xff,
    0xff, 0xff, 0xff, 0xe7, 0xff, 0xf0, 0x0, 0x0,
    0x0, 0x0, 0x1f, 0xff, 0x0, 0x0, 0x0, 0x0,
    0x0, 0x7f, 0xf8, 0x0, 0x0, 0x0, 0x0, 0x3,
    0xff, 0xc0, 0x0, 0x0, 0x0, 0x0, 0xf, 0xff,
    0x0, 0x0, 0x0, 0x0, 0x0, 0x3f, 0xf8, 0x0,
    0x0, 0x0, 0x0, 0x0, 0xff, 0xe0, 0x0, 0x0,
    0x0, 0x0, 0x3, 0xff, 0x80, 0x0, 0x0, 0x0,
    0x0, 0xf, 0xfe, 0x0, 0x0, 0x0, 0x0, 0x0,
    0x3f, 0xf8, 0x0, 0x0, 0x0, 0x0, 0x0, 0xff,
    0xe0, 0x0, 0x0, 0x0, 0x0, 0x3, 0xff, 0xff,
    0xff, 0xff, 0xff, 0xff, 0xef, 0xff, 0xff, 0xff,
    0xff, 0xff, 0xff, 0xbf, 0xff, 0xff, 0xff, 0xff,
    0xff, 0xfe, 0xff, 0xff, 0xff, 0xff, 0xff, 0xff,
    0xfb, 0xff, 0xff, 0xff, 0xff, 0xff, 0xff, 0xef,
    0xff, 0xff, 0xff, 0xff, 0xff, 0xff, 0xbf, 0xff,
    0xff, 0xff, 0xff, 0xff, 0xfe, 0xff, 0xff, 0xff,
    0xff, 0xff, 0xff, 0xfb, 0xff, 0x80, 0x0, 0x0,
    0x0, 0x0, 0xf, 0xfe, 0x0, 0x0, 0x0, 0x0,
    0x0, 0x3f, 0xf8, 0x0, 0x0, 0x0, 0x0, 0x0,
    0xff, 0xe0, 0x0, 0x0, 0x0, 0x0, 0x3, 0xff,
    0x80, 0x0, 0x0, 0x0, 0x0, 0xf, 0xfe, 0x0,
    0x0, 0x0, 0x0, 0x0, 0x3f, 0xf8, 0x0, 0x0,
    0x0, 0x0, 0x0, 0xff, 0xf0, 0x0, 0x0, 0x0,
    0x0, 0x3, 0xff, 0xc0, 0x0, 0x0, 0x0, 0x0,
    0x7, 0xff, 0x80, 0x0, 0x0, 0x0, 0x0, 0x1f,
    0xff, 0x0, 0x0, 0x0, 0x0, 0x0, 0x7f, 0xff,
    0x0, 0x0, 0x0, 0x0, 0x1, 0xff, 0xff, 0xff,
    0xff, 0xff, 0xff, 0xe3, 0xff, 0xff, 0xff, 0xff,
    0xff, 0xff, 0x8f, 0xff, 0xff, 0xff, 0xff, 0xff,
    0xff, 0x1f, 0xff, 0xff, 0xff, 0xff, 0xff, 0xfc,
    0x3f, 0xff, 0xff, 0xff, 0xff, 0xff, 0xf0, 0xff,
    0xff, 0xff, 0xff, 0xff, 0xff, 0xc0, 0xff, 0xff,
    0xff, 0xff, 0xff, 0xff, 0x1, 0xff, 0xff, 0xff,
    0xff, 0xff, 0xfc, 0x1, 0xff, 0xff, 0xff, 0xff,
    0xff, 0xf0, 0x0, 0x7f, 0xff, 0xff, 0xff, 0xff,
    0x80,

    /* U+0046 "F" */
    0x0, 0x7, 0xff, 0xff, 0xff, 0xff, 0xf8, 0x0,
    0xff, 0xff, 0xff, 0xff, 0xff, 0xe0, 0x1f, 0xff,
    0xff, 0xff, 0xff, 0xff, 0xc0, 0xff, 0xff, 0xff,
    0xff, 0xff, 0xff, 0x7, 0xff, 0xff, 0xff, 0xff,
    0xff, 0xfc, 0x3f, 0xff, 0xff, 0xff, 0xff, 0xff,
    0xf1, 0xff, 0xff, 0xff, 0xff, 0xff, 0xff, 0xcf,
    0xff, 0xff, 0xff, 0xff, 0xff, 0xff, 0x3f, 0xff,
    0xff, 0xff, 0xff, 0xff, 0xfd, 0xff, 0xff, 0xff,
    0xff, 0xff, 0xff, 0xe7, 0xff, 0xf0, 0x0, 0x0,
    0x0, 0x0, 0x1f, 0xff, 0x0, 0x0, 0x0, 0x0,
    0x0, 0x7f, 0xf8, 0x0, 0x0, 0x0, 0x0, 0x3,
    0xff, 0xc0, 0x0, 0x0, 0x0, 0x0, 0xf, 0xff,
    0x0, 0x0, 0x0, 0x0, 0x0, 0x3f, 0xf8, 0x0,
    0x0, 0x0, 0x0, 0x0, 0xff, 0xe0, 0x0, 0x0,
    0x0, 0x0, 0x3, 0xff, 0x80, 0x0, 0x0, 0x0,
    0x0, 0xf, 0xfe, 0x0, 0x0, 0x0, 0x0, 0x0,
    0x3f, 0xf8, 0x0, 0x0, 0x0, 0x0, 0x0, 0xff,
    0xe0, 0x0, 0x0, 0x0, 0x0, 0x3, 0xff, 0x80,
    0x0, 0x0, 0x0, 0x0, 0xf, 0xff, 0xff, 0xff,
    0xff, 0xff, 0xff, 0xbf, 0xff, 0xff, 0xff, 0xff,
    0xff, 0xfe, 0xff, 0xff, 0xff, 0xff, 0xff, 0xff,
    0xfb, 0xff, 0xff, 0xff, 0xff, 0xff, 0xff, 0xef,
    0xff, 0xff, 0xff, 0xff, 0xff, 0xff, 0xbf, 0xff,
    0xff, 0xff, 0xff, 0xff, 0xfe, 0xff, 0xff, 0xff,
    0xff, 0xff, 0xff, 0xfb, 0xff, 0xff, 0xff, 0xff,
    0xff, 0xff, 0xef, 0xfe, 0x0, 0x0, 0x0, 0x0,
    0x0, 0x3f, 0xf8, 0x0, 0x0, 0x0, 0x0, 0x0,
    0xff, 0xe0, 0x0, 0x0, 0x0, 0x0, 0x3, 0xff,
    0x80, 0x0, 0x0, 0x0, 0x0, 0xf, 0xfe, 0x0,
    0x0, 0x0, 0x0, 0x0, 0x3f, 0xf8, 0x0, 0x0,
    0x0, 0x0, 0x0, 0xff, 0xe0, 0x0, 0x0, 0x0,
    0x0, 0x3, 0xff, 0x80, 0x0, 0x0, 0x0, 0x0,
    0xf, 0xfe, 0x0, 0x0, 0x0, 0x0, 0x0, 0x3f,
    0xf8, 0x0, 0x0, 0x0, 0x0, 0x0, 0xff, 0xe0,
    0x0, 0x0, 0x0, 0x0, 0x3, 0xff, 0x80, 0x0,
    0x0, 0x0, 0x0, 0xf, 0xfe, 0x0, 0x0, 0x0,
    0x0, 0x0, 0x3f, 0xf8, 0x0, 0x0, 0x0, 0x0,
    0x0, 0xff, 0xe0, 0x0, 0x0, 0x0, 0x0, 0x3,
    0xff, 0x80, 0x0, 0x0, 0x0, 0x0, 0xf, 0xfe,
    0x0, 0x0, 0x0, 0x0, 0x0, 0x3f, 0xf8, 0x0,
    0x0, 0x0, 0x0, 0x0, 0xff, 0xe0, 0x0, 0x0,
    0x0, 0x0, 0x3, 0xff, 0x80, 0x0, 0x0, 0x0,
    0x0, 0xf, 0xfe, 0x0, 0x0, 0x0, 0x0, 0x0,
    0x0,

    /* U+0047 "G" */
    0x0, 0x7, 0xff, 0xff, 0xff, 0xff, 0xff, 0xc0,
    0x1f, 0xff, 0xff, 0xff, 0xff, 0xff, 0xf0, 0x1f,
    0xff, 0xff, 0xff, 0xff, 0xff, 0xfc, 0xf, 0xff,
    0xff, 0xff, 0xff, 0xff, 0xff, 0x7, 0xff, 0xff,
    0xff, 0xff, 0xff, 0xff, 0xc3, 0xff, 0xff, 0xff,
    0xff, 0xff, 0xff, 0xf1, 0xff, 0xff, 0xff, 0xff,
    0xff, 0xff, 0xfc, 0xff, 0xff, 0xff, 0xff, 0xff,
    0xff, 0xff, 0x3f, 0xff, 0xff, 0xff, 0xff, 0xff,
    0xff, 0xdf, 0xff, 0xff, 0xff, 0xff, 0xff, 0xff,
    0xf7, 0xff, 0xf0, 0x0, 0x0, 0x0, 0x0, 0x1,
    0xff, 0xf0, 0x0, 0x0, 0x0, 0x0, 0x0, 0x7f,
    0xf8, 0x0, 0x0, 0x0, 0x0, 0x0, 0x3f, 0xfc,
    0x0, 0x0, 0x0, 0x0, 0x0, 0xf, 0xff, 0x0,
    0x0, 0x0, 0x0, 0x0, 0x3, 0xff, 0x80, 0x0,
    0x0, 0x0, 0x0, 0x0, 0xff, 0xe0, 0x0, 0x0,
    0x0, 0x0, 0x0, 0x3f, 0xf8, 0x0, 0x0, 0x0,
    0x0, 0x0, 0xf, 0xfe, 0x0, 0x0, 0x0, 0x0,
    0x0, 0x3, 0xff, 0x80, 0x0, 0x0, 0x0, 0x0,
    0x0, 0xff, 0xe0, 0x0, 0x0, 0x0, 0x0, 0x0,
    0x3f, 0xf8, 0x0, 0x1f, 0xff, 0xff, 0xff, 0xef,
    0xfe, 0x0, 0xf, 0xff, 0xff, 0xff, 0xff, 0xff,
    0x80, 0x3, 0xff, 0xff, 0xff, 0xff, 0xff, 0xe0,
    0x0, 0xff, 0xff, 0xff, 0xff, 0xff, 0xf8, 0x0,
    0x3f, 0xff, 0xff, 0xff, 0xff, 0xfe, 0x0, 0xf,
    0xff, 0xff, 0xff, 0xff, 0xff, 0x80, 0x3, 0xff,
    0xff, 0xff, 0xff, 0xff, 0xe0, 0x0, 0x7f, 0xff,
    0xff, 0xff, 0xff, 0xf8, 0x0, 0x0, 0x0, 0x0,
    0x3f, 0xff, 0xfe, 0x0, 0x0, 0x0, 0x0, 0xf,
    0xff, 0xff, 0x80, 0x0, 0x0, 0x0, 0x3, 0xff,
    0xff, 0xe0, 0x0, 0x0, 0x0, 0x0, 0xff, 0xff,
    0xf8, 0x0, 0x0, 0x0, 0x0, 0x3f, 0xff, 0xfe,
    0x0, 0x0, 0x0, 0x0, 0xf, 0xff, 0xff, 0x80,
    0x0, 0x0, 0x0, 0x3, 0xff, 0xff, 0xf0, 0x0,
    0x0, 0x0, 0x0, 0xff, 0xff, 0xfc, 0x0, 0x0,
    0x0, 0x0, 0x3f, 0xf7, 0xff, 0x80, 0x0, 0x0,
    0x0, 0xf, 0xfd, 0xff, 0xf0, 0x0, 0x0, 0x0,
    0x7, 0xff, 0x7f, 0xff, 0x0, 0x0, 0x0, 0x3,
    0xff, 0xdf, 0xff, 0xff, 0xff, 0xff, 0xff, 0xff,
    0xf3, 0xff, 0xff, 0xff, 0xff, 0xff, 0xff, 0xfc,
    0xff, 0xff, 0xff, 0xff, 0xff, 0xff, 0xff, 0x1f,
    0xff, 0xff, 0xff, 0xff, 0xff, 0xff, 0xc3, 0xff,
    0xff, 0xff, 0xff, 0xff, 0xff, 0xe0, 0xff, 0xff,
    0xff, 0xff, 0xff, 0xff, 0xf8, 0xf, 0xff, 0xff,
    0xff, 0xff, 0xff, 0xfc, 0x1, 0xff, 0xff, 0xff,
    0xff, 0xff, 0xff, 0x0, 0x1f, 0xff, 0xff, 0xff,
    0xff, 0xff, 0x80, 0x0, 0x7f, 0xff, 0xff, 0xff,
    0xff, 0x0,

    /* U+0048 "H" */
    0xff, 0xe0, 0x0, 0x0, 0x0, 0x7, 0xff, 0xff,
    0xe0, 0x0, 0x0, 0x0, 0x7, 0xff, 0xff, 0xe0,
    0x0, 0x0, 0x0, 0x7, 0xff, 0xff, 0xe0, 0x0,
    0x0, 0x0, 0x7, 0xff, 0xff, 0xe0, 0x0, 0x0,
    0x0, 0x7, 0xff, 0xff, 0xe0, 0x0, 0x0, 0x0,
    0x7, 0xff, 0xff, 0xe0, 0x0, 0x0, 0x0, 0x7,
    0xff, 0xff, 0xe0, 0x0, 0x0, 0x0, 0x7, 0xff,
    0xff, 0xe0, 0x0, 0x0, 0x0, 0x7, 0xff, 0xff,
    0xe0, 0x0, 0x0, 0x0, 0x7, 0xff, 0xff, 0xe0,
    0x0, 0x0, 0x0, 0x7, 0xff, 0xff, 0xe0, 0x0,
    0x0, 0x0, 0x7, 0xff, 0xff, 0xe0, 0x0, 0x0,
    0x0, 0x7, 0xff, 0xff, 0xe0, 0x0, 0x0, 0x0,
    0x7, 0xff, 0xff, 0xe0, 0x0, 0x0, 0x0, 0x7,
    0xff, 0xff, 0xe0, 0x0, 0x0, 0x0, 0x7, 0xff,
    0xff, 0xe0, 0x0, 0x0, 0x0, 0x7, 0xff, 0xff,
    0xe0, 0x0, 0x0, 0x0, 0x7, 0xff, 0xff, 0xe0,
    0x0, 0x0, 0x0, 0x7, 0xff, 0xff, 0xe0, 0x0,
    0x0, 0x0, 0x7, 0xff, 0xff, 0xe0, 0x0, 0x0,
    0x0, 0x7, 0xff, 0xff, 0xff, 0xff, 0xff, 0xff,
    0xff, 0xff, 0xff, 0xff, 0xff, 0xff, 0xff, 0xff,
    0xff, 0xff, 0xff, 0xff, 0xff, 0xff, 0xff, 0xff,
    0xff, 0xff, 0xff, 0xff, 0xff, 0xff, 0xff, 0xff,
    0xff, 0xff, 0xff, 0xff, 0xff, 0xff, 0xff, 0xff,
    0xff, 0xff, 0xff, 0xff, 0xff, 0xff, 0xff, 0xff,
    0xff, 0xff, 0xff, 0xff, 0xff, 0xff, 0xff, 0xff,
    0xff, 0xff, 0xff, 0xff, 0xe0, 0x0, 0x0, 0x0,
    0x7, 0xff, 0xff, 0xe0, 0x0, 0x0, 0x0, 0x7,
    0xff, 0xff, 0xe0, 0x0, 0x0, 0x0, 0x7, 0xff,
    0xff, 0xe0, 0x0, 0x0, 0x0, 0x7, 0xff, 0xff,
    0xe0, 0x0, 0x0, 0x0, 0x7, 0xff, 0xff, 0xe0,
    0x0, 0x0, 0x0, 0x7, 0xff, 0xff, 0xe0, 0x0,
    0x0, 0x0, 0x7, 0xff, 0xff, 0xe0, 0x0, 0x0,
    0x0, 0x7, 0xff, 0xff, 0xe0, 0x0, 0x0, 0x0,
    0x7, 0xff, 0xff, 0xe0, 0x0, 0x0, 0x0, 0x7,
    0xff, 0xff, 0xe0, 0x0, 0x0, 0x0, 0x7, 0xff,
    0xff, 0xe0, 0x0, 0x0, 0x0, 0x7, 0xff, 0xff,
    0xe0, 0x0, 0x0, 0x0, 0x7, 0xff, 0xff, 0xe0,
    0x0, 0x0, 0x0, 0x7, 0xff, 0xff, 0xe0, 0x0,
    0x0, 0x0, 0x7, 0xff, 0xff, 0xe0, 0x0, 0x0,
    0x0, 0x7, 0xff, 0xff, 0xe0, 0x0, 0x0, 0x0,
    0x7, 0xff, 0xff, 0xe0, 0x0, 0x0, 0x0, 0x7,
    0xff, 0xff, 0xe0, 0x0, 0x0, 0x0, 0x7, 0xff,
    0xff, 0xe0, 0x0, 0x0, 0x0, 0x7, 0xff, 0xff,
    0xe0, 0x0, 0x0, 0x0, 0x7, 0xff, 0xff, 0xe0,
    0x0, 0x0, 0x0, 0x7, 0xff,

    /* U+0049 "I" */
    0xff, 0xff, 0xff, 0xff, 0xff, 0xff, 0xff, 0xff,
    0xff, 0xff, 0xff, 0xff, 0xff, 0xff, 0xff, 0xff,
    0xff, 0xff, 0xff, 0xff, 0xff, 0xff, 0xff, 0xff,
    0xff, 0xff, 0xff, 0xff, 0xff, 0xff, 0xff, 0xff,
    0xff, 0xff, 0xff, 0xff, 0xff, 0xff, 0xff, 0xff,
    0xff, 0xff, 0xff, 0xff, 0xff, 0xff, 0xff, 0xff,
    0xff, 0xff, 0xff, 0xff, 0xff, 0xff, 0xff, 0xff,
    0xff, 0xff, 0xff, 0xff, 0xff, 0xff, 0xff, 0xff,
    0xff, 0xff, 0xff, 0xff, 0xff, 0xff, 0x80,

    /* U+004A "J" */
    0x0, 0x0, 0x0, 0x0, 0x1, 0xff, 0xc0, 0x0,
    0x0, 0x0, 0x0, 0x7f, 0xf0, 0x0, 0x0, 0x0,
    0x0, 0x1f, 0xfc, 0x0, 0x0, 0x0, 0x0, 0x7,
    0xff, 0x0, 0x0, 0x0, 0x0, 0x1, 0xff, 0xc0,
    0x0, 0x0, 0x0, 0x0, 0x7f, 0xf0, 0x0, 0x0,
    0x0, 0x0, 0x1f, 0xfc, 0x0, 0x0, 0x0, 0x0,
    0x7, 0xff, 0x0, 0x0, 0x0, 0x0, 0x1, 0xff,
    0xc0, 0x0, 0x0, 0x0, 0x0, 0x7f, 0xf0, 0x0,
    0x0, 0x0, 0x0, 0x1f, 0xfc, 0x0, 0x0, 0x0,
    0x0, 0x7, 0xff, 0x0, 0x0, 0x0, 0x0, 0x1,
    0xff, 0xc0, 0x0, 0x0, 0x0, 0x0, 0x7f, 0xf0,
    0x0, 0x0, 0x0, 0x0, 0x1f, 0xfc, 0x0, 0x0,
    0x0, 0x0, 0x7, 0xff, 0x0, 0x0, 0x0, 0x0,
    0x1, 0xff, 0xc0, 0x0, 0x0, 0x0, 0x0, 0x7f,
    0xf0, 0x0, 0x0, 0x0, 0x0, 0x1f, 0xfc, 0x0,
    0x0, 0x0, 0x0, 0x7, 0xff, 0x0, 0x0, 0x0,
    0x0, 0x1, 0xff, 0xc0, 0x0, 0x0, 0x0, 0x0,
    0x7f, 0xf0, 0x0, 0x0, 0x0, 0x0, 0x1f, 0xfc,
    0x0, 0x0, 0x0, 0x0, 0x7, 0xff, 0x0, 0x0,
    0x0, 0x0, 0x1, 0xff, 0xc0, 0x0, 0x0, 0x0,
    0x0, 0x7f, 0xf0, 0x0, 0x0, 0x0, 0x0, 0x1f,
    0xfc, 0x0, 0x0, 0x0, 0x0, 0x7, 0xff, 0x0,
    0x0, 0x0, 0x0, 0x1, 0xff, 0xc0, 0x0, 0x0,
    0x0, 0x0, 0x7f, 0xf0, 0x0, 0x0, 0x0, 0x0,
    0x1f, 0xfc, 0x0, 0x0, 0x0, 0x0, 0x7, 0xff,
    0x0, 0x0, 0x0, 0x0, 0x1, 0xff, 0xc0, 0x0,
    0x0, 0x0, 0x0, 0x7f, 0xf0, 0x0, 0x0, 0x0,
    0x0, 0x1f, 0xfc, 0x0, 0x0, 0x0, 0x0, 0x7,
    0xff, 0x0, 0x0, 0x0, 0x0, 0x3, 0xff, 0xc0,
    0x0, 0x0, 0x0, 0x0, 0xff, 0xf0, 0x0, 0x0,
    0x0, 0x0, 0x7f, 0xf8, 0x0, 0x0, 0x0, 0x0,
    0x3f, 0xfe, 0x0, 0x0, 0x0, 0x0, 0x3f, 0xff,
    0xbf, 0xff, 0xff, 0xff, 0xff, 0xff, 0xef, 0xff,
    0xff, 0xff, 0xff, 0xff, 0xf3, 0xff, 0xff, 0xff,
    0xff, 0xff, 0xfc, 0xff, 0xff, 0xff, 0xff, 0xff,
    0xfe, 0x3f, 0xff, 0xff, 0xff, 0xff, 0xff, 0xf,
    0xff, 0xff, 0xff, 0xff, 0xff, 0xc3, 0xff, 0xff,
    0xff, 0xff, 0xff, 0xc0, 0xff, 0xff, 0xff, 0xff,
    0xff, 0xe0, 0x3f, 0xff, 0xff, 0xff, 0xff, 0xe0,
    0xf, 0xff, 0xff, 0xff, 0xff, 0x80, 0x0,

    /* U+004B "K" */
    0xff, 0xe0, 0x0, 0x0, 0x0, 0x3f, 0xfc, 0xff,
    0xe0, 0x0, 0x0, 0x0, 0x7f, 0xfc, 0xff, 0xe0,
    0x0, 0x0, 0x0, 0xff, 0xf8, 0xff, 0xe0, 0x0,
    0x0, 0x0, 0xff, 0xf0, 0xff, 0xe0, 0x0, 0x0,
    0x1, 0xff, 0xe0, 0xff, 0xe0, 0x0, 0x0, 0x3,
    0xff, 0xe0, 0xff, 0xe0, 0x0, 0x0, 0x7, 0xff,
    0xc0, 0xff, 0xe0, 0x0, 0x0, 0x7, 0xff, 0x80,
    0xff, 0xe0, 0x0, 0x0, 0xf, 0xff, 0x0, 0xff,
    0xe0, 0x0, 0x0, 0x1f, 0xff, 0x0, 0xff, 0xe0,
    0x0, 0x0, 0x3f, 0xfe, 0x0, 0xff, 0xe0, 0x0,
    0x0, 0x3f, 0xfc, 0x0, 0xff, 0xe0, 0x0, 0x0,
    0x7f, 0xf8, 0x0, 0xff, 0xe0, 0x0, 0x0, 0xff,
    0xf0, 0x0, 0xff, 0xe0, 0x0, 0x1, 0xff, 0xf0,
    0x0, 0xff, 0xe0, 0x0, 0x1, 0xff, 0xe0, 0x0,
    0xff, 0xe0, 0x0, 0x3, 0xff, 0xc0, 0x0, 0xff,
    0xe0, 0x0, 0x7, 0xff, 0x80, 0x0, 0xff, 0xe0,
    0x0, 0xf, 0xff, 0x80, 0x0, 0xff, 0xe0, 0x0,
    0x1f, 0xff, 0x0, 0x0, 0xff, 0xe0, 0x0, 0x3f,
    0xfe, 0x0, 0x0, 0xff, 0xff, 0xff, 0xff, 0xfc,
    0x0, 0x0, 0xff, 0xff, 0xff, 0xff, 0xf8, 0x0,
    0x0, 0xff, 0xff, 0xff, 0xff, 0xf8, 0x0, 0x0,
    0xff, 0xff, 0xff, 0xff, 0xe0, 0x0, 0x0, 0xff,
    0xff, 0xff, 0xff, 0xf0, 0x0, 0x0, 0xff, 0xff,
    0xff, 0xff, 0xfc, 0x0, 0x0, 0xff, 0xff, 0xff,
    0xff, 0xfe, 0x0, 0x0, 0xff, 0xff, 0xff, 0xff,
    0xfe, 0x0, 0x0, 0xff, 0xe0, 0x0, 0x3f, 0xff,
    0x0, 0x0, 0xff, 0xe0, 0x0, 0xf, 0xff, 0x80,
    0x0, 0xff, 0xe0, 0x0, 0x7, 0xff, 0xc0, 0x0,
    0xff, 0xe0, 0x0, 0x3, 0xff, 0xe0, 0x0, 0xff,
    0xe0, 0x0, 0x1, 0xff, 0xe0, 0x0, 0xff, 0xe0,
    0x0, 0x0, 0xff, 0xf0, 0x0, 0xff, 0xe0, 0x0,
    0x0, 0xff, 0xf8, 0x0, 0xff, 0xe0, 0x0, 0x0,
    0x7f, 0xfc, 0x0, 0xff, 0xe0, 0x0, 0x0, 0x3f,
    0xfc, 0x0, 0xff, 0xe0, 0x0, 0x0, 0x1f, 0xfe,
    0x0, 0xff, 0xe0, 0x0, 0x0, 0x1f, 0xff, 0x0,
    0xff, 0xe0, 0x0, 0x0, 0xf, 0xff, 0x80, 0xff,
    0xe0, 0x0, 0x0, 0x7, 0xff, 0xc0, 0xff, 0xe0,
    0x0, 0x0, 0x3, 0xff, 0xc0, 0xff, 0xe0, 0x0,
    0x0, 0x3, 0xff, 0xe0, 0xff, 0xe0, 0x0, 0x0,
    0x1, 0xff, 0xf0, 0xff, 0xe0, 0x0, 0x0, 0x0,
    0xff, 0xf8, 0xff, 0xe0, 0x0, 0x0, 0x0, 0x7f,
    0xf8, 0xff, 0xe0, 0x0, 0x0, 0x0, 0x7f, 0xfc,
    0xff, 0xe0, 0x0, 0x0, 0x0, 0x3f, 0xfe, 0xff,
    0xe0, 0x0, 0x0, 0x0, 0x1f, 0xff, 0xff, 0xe0,
    0x0, 0x0, 0x0, 0xf, 0xff,

    /* U+004C "L" */
    0xff, 0xe0, 0x0, 0x0, 0x0, 0x0, 0xf, 0xfe,
    0x0, 0x0, 0x0, 0x0, 0x0, 0xff, 0xe0, 0x0,
    0x0, 0x0, 0x0, 0xf, 0xfe, 0x0, 0x0, 0x0,
    0x0, 0x0, 0xff, 0xe0, 0x0, 0x0, 0x0, 0x0,
    0xf, 0xfe, 0x0, 0x0, 0x0, 0x0, 0x0, 0xff,
    0xe0, 0x0, 0x0, 0x0, 0x0, 0xf, 0xfe, 0x0,
    0x0, 0x0, 0x0, 0x0, 0xff, 0xe0, 0x0, 0x0,
    0x0, 0x0, 0xf, 0xfe, 0x0, 0x0, 0x0, 0x0,
    0x0, 0xff, 0xe0, 0x0, 0x0, 0x0, 0x0, 0xf,
    0xfe, 0x0, 0x0, 0x0, 0x0, 0x0, 0xff, 0xe0,
    0x0, 0x0, 0x0, 0x0, 0xf, 0xfe, 0x0, 0x0,
    0x0, 0x0, 0x0, 0xff, 0xe0, 0x0, 0x0, 0x0,
    0x0, 0xf, 0xfe, 0x0, 0x0, 0x0, 0x0, 0x0,
    0xff, 0xe0, 0x0, 0x0, 0x0, 0x0, 0xf, 0xfe,
    0x0, 0x0, 0x0, 0x0, 0x0, 0xff, 0xe0, 0x0,
    0x0, 0x0, 0x0, 0xf, 0xfe, 0x0, 0x0, 0x0,
    0x0, 0x0, 0xff, 0xe0, 0x0, 0x0, 0x0, 0x0,
    0xf, 0xfe, 0x0, 0x0, 0x0, 0x0, 0x0, 0xff,
    0xe0, 0x0, 0x0, 0x0, 0x0, 0xf, 0xfe, 0x0,
    0x0, 0x0, 0x0, 0x0, 0xff, 0xe0, 0x0, 0x0,
    0x0, 0x0, 0xf, 0xfe, 0x0, 0x0, 0x0, 0x0,
    0x0, 0xff, 0xe0, 0x0, 0x0, 0x0, 0x0, 0xf,
    0xfe, 0x0, 0x0, 0x0, 0x0, 0x0, 0xff, 0xe0,
    0x0, 0x0, 0x0, 0x0, 0xf, 0xfe, 0x0, 0x0,
    0x0, 0x0, 0x0, 0xff, 0xe0, 0x0, 0x0, 0x0,
    0x0, 0xf, 0xfe, 0x0, 0x0, 0x0, 0x0, 0x0,
    0xff, 0xe0, 0x0, 0x0, 0x0, 0x0, 0xf, 0xfe,
    0x0, 0x0, 0x0, 0x0, 0x0, 0xff, 0xe0, 0x0,
    0x0, 0x0, 0x0, 0xf, 0xfe, 0x0, 0x0, 0x0,
    0x0, 0x0, 0xff, 0xf0, 0x0, 0x0, 0x0, 0x0,
    0xf, 0xff, 0x0, 0x0, 0x0, 0x0, 0x0, 0x7f,
    0xf8, 0x0, 0x0, 0x0, 0x0, 0x7, 0xff, 0xc0,
    0x0, 0x0, 0x0, 0x0, 0x7f, 0xff, 0x0, 0x0,
    0x0, 0x0, 0x7, 0xff, 0xff, 0xff, 0xff, 0xff,
    0xfe, 0x3f, 0xff, 0xff, 0xff, 0xff, 0xff, 0xe3,
    0xff, 0xff, 0xff, 0xff, 0xff, 0xff, 0x1f, 0xff,
    0xff, 0xff, 0xff, 0xff, 0xf0, 0xff, 0xff, 0xff,
    0xff, 0xff, 0xff, 0xf, 0xff, 0xff, 0xff, 0xff,
    0xff, 0xf0, 0x3f, 0xff, 0xff, 0xff, 0xff, 0xff,
    0x1, 0xff, 0xff, 0xff, 0xff, 0xff, 0xf0, 0x7,
    0xff, 0xff, 0xff, 0xff, 0xff, 0x0, 0x7, 0xff,
    0xff, 0xff, 0xff, 0xe0,

    /* U+004D "M" */
    0x1f, 0xff, 0xc0, 0x0, 0x0, 0x0, 0x0, 0x3f,
    0xff, 0x87, 0xff, 0xfe, 0x0, 0x0, 0x0, 0x0,
    0x7, 0xff, 0xfe, 0x7f, 0xff, 0xf0, 0x0, 0x0,
    0x0, 0x0, 0xff, 0xff, 0xef, 0xff, 0xff, 0x80,
    0x0, 0x0, 0x0, 0x1f, 0xff, 0xff, 0xff, 0xff,
    0xf8, 0x0, 0x0, 0x0, 0x1, 0xff, 0xff, 0xff,
    0xff, 0xff, 0xc0, 0x0, 0x0, 0x0, 0x3f, 0xff,
    0xff, 0xff, 0xff, 0xfc, 0x0, 0x0, 0x0, 0x3,
    0xff, 0xff, 0xff, 0xff, 0xff, 0xe0, 0x0, 0x0,
    0x0, 0x3f, 0xff, 0xff, 0xff, 0xff, 0xfe, 0x0,
    0x0, 0x0, 0x7, 0xff, 0xff, 0xff, 0xff, 0xff,
    0xf0, 0x0, 0x0, 0x0, 0x7f, 0xff, 0xff, 0xff,
    0xcf, 0xff, 0x0, 0x0, 0x0, 0xf, 0xff, 0x3f,
    0xff, 0xfc, 0x7f, 0xf0, 0x0, 0x0, 0x0, 0xff,
    0xe3, 0xff, 0xff, 0xc7, 0xff, 0x80, 0x0, 0x0,
    0x1f, 0xfe, 0x3f, 0xff, 0xfc, 0x7f, 0xf8, 0x0,
    0x0, 0x1, 0xff, 0xe3, 0xff, 0xff, 0xc3, 0xff,
    0xc0, 0x0, 0x0, 0x1f, 0xfc, 0x3f, 0xff, 0xfc,
    0x3f, 0xfc, 0x0, 0x0, 0x3, 0xff, 0xc3, 0xff,
    0xff, 0xc1, 0xff, 0xe0, 0x0, 0x0, 0x3f, 0xf8,
    0x3f, 0xff, 0xfc, 0x1f, 0xfe, 0x0, 0x0, 0x7,
    0xff, 0x83, 0xff, 0xff, 0xc0, 0xff, 0xe0, 0x0,
    0x0, 0x7f, 0xf0, 0x3f, 0xff, 0xfc, 0xf, 0xff,
    0x0, 0x0, 0xf, 0xff, 0x3, 0xff, 0xff, 0xc0,
    0x7f, 0xf0, 0x0, 0x0, 0xff, 0xe0, 0x3f, 0xff,
    0xfc, 0x7, 0xff, 0x80, 0x0, 0xf, 0xfe, 0x3,
    0xff, 0xff, 0xc0, 0x7f, 0xf8, 0x0, 0x1, 0xff,
    0xe0, 0x3f, 0xff, 0xfc, 0x3, 0xff, 0x80, 0x0,
    0x1f, 0xfc, 0x3, 0xff, 0xff, 0xc0, 0x3f, 0xfc,
    0x0, 0x3, 0xff, 0xc0, 0x3f, 0xff, 0xfc, 0x1,
    0xff, 0xc0, 0x0, 0x3f, 0xf8, 0x3, 0xff, 0xff,
    0xc0, 0x1f, 0xfe, 0x0, 0x7, 0xff, 0x80, 0x3f,
    0xff, 0xfc, 0x0, 0xff, 0xe0, 0x0, 0x7f, 0xf0,
    0x3, 0xff, 0xff, 0xc0, 0xf, 0xff, 0x0, 0x7,
    0xff, 0x0, 0x3f, 0xff, 0xfc, 0x0, 0x7f, 0xf0,
    0x0, 0xff, 0xe0, 0x3, 0xff, 0xff, 0xc0, 0x7,
    0xff, 0x80, 0xf, 0xfe, 0x0, 0x3f, 0xff, 0xfc,
    0x0, 0x7f, 0xf8, 0x1, 0xff, 0xe0, 0x3, 0xff,
    0xff, 0xc0, 0x3, 0xff, 0x80, 0x1f, 0xfc, 0x0,
    0x3f, 0xff, 0xfc, 0x0, 0x3f, 0xfc, 0x3, 0xff,
    0xc0, 0x3, 0xff, 0xff, 0xc0, 0x1, 0xff, 0xc0,
    0x3f, 0xf8, 0x0, 0x3f, 0xff, 0xfc, 0x0, 0x1f,
    0xfe, 0x3, 0xff, 0x80, 0x3, 0xff, 0xff, 0xc0,
    0x0, 0xff, 0xe0, 0x7f, 0xf0, 0x0, 0x3f, 0xff,
    0xfc, 0x0, 0xf, 0xfe, 0x7, 0xff, 0x0, 0x3,
    0xff, 0xff, 0xc0, 0x0, 0x7f, 0xf0, 0xff, 0xe0,
    0x0, 0x3f, 0xff, 0xfc, 0x0, 0x7, 0xff, 0xf,
    0xfe, 0x0, 0x3, 0xff, 0xff, 0xc0, 0x0, 0x7f,
    0xf9, 0xff, 0xe0, 0x0, 0x3f, 0xff, 0xfc, 0x0,
    0x3, 0xff, 0xff, 0xfc, 0x0, 0x3, 0xff, 0xff,
    0xc0, 0x0, 0x3f, 0xff, 0xff, 0xc0, 0x0, 0x3f,
    0xff, 0xfc, 0x0, 0x1, 0xff, 0xff, 0xf8, 0x0,
    0x3, 0xff, 0xff, 0xc0, 0x0, 0x1f, 0xff, 0xff,
    0x80, 0x0, 0x3f, 0xff, 0xfc, 0x0, 0x0, 0xff,
    0xff, 0xf0, 0x0, 0x3, 0xff, 0xff, 0xc0, 0x0,
    0xf, 0xff, 0xff, 0x0, 0x0, 0x3f, 0xff, 0xfc,
    0x0, 0x0, 0x7f, 0xff, 0xe0, 0x0, 0x3, 0xff,
    0xff, 0xc0, 0x0, 0x3, 0xff, 0xfc, 0x0, 0x0,
    0x3f, 0xff, 0xfc, 0x0, 0x0, 0x1f, 0xff, 0x80,
    0x0, 0x3, 0xff, 0xff, 0xc0, 0x0, 0x0, 0x7f,
    0xe0, 0x0, 0x0, 0x3f, 0xf0,

    /* U+004E "N" */
    0x1f, 0xff, 0x80, 0x0, 0x0, 0x0, 0x3f, 0xf3,
    0xff, 0xfe, 0x0, 0x0, 0x0, 0x3, 0xff, 0x7f,
    0xff, 0xf0, 0x0, 0x0, 0x0, 0x3f, 0xff, 0xff,
    0xff, 0x0, 0x0, 0x0, 0x3, 0xff, 0xff, 0xff,
    0xf8, 0x0, 0x0, 0x0, 0x3f, 0xff, 0xff, 0xff,
    0xc0, 0x0, 0x0, 0x3, 0xff, 0xff, 0xff, 0xfe,
    0x0, 0x0, 0x0, 0x3f, 0xff, 0xff, 0xff, 0xe0,
    0x0, 0x0, 0x3, 0xff, 0xff, 0xff, 0xff, 0x0,
    0x0, 0x0, 0x3f, 0xff, 0xff, 0xff, 0xf8, 0x0,
    0x0, 0x3, 0xff, 0xff, 0xe7, 0xff, 0xc0, 0x0,
    0x0, 0x3f, 0xff, 0xfe, 0x3f, 0xfc, 0x0, 0x0,
    0x3, 0xff, 0xff, 0xe1, 0xff, 0xe0, 0x0, 0x0,
    0x3f, 0xff, 0xfe, 0x1f, 0xff, 0x0, 0x0, 0x3,
    0xff, 0xff, 0xe0, 0xff, 0xf8, 0x0, 0x0, 0x3f,
    0xff, 0xfe, 0x7, 0xff, 0x80, 0x0, 0x3, 0xff,
    0xff, 0xe0, 0x7f, 0xfc, 0x0, 0x0, 0x3f, 0xff,
    0xfe, 0x3, 0xff, 0xe0, 0x0, 0x3, 0xff, 0xff,
    0xe0, 0x1f, 0xff, 0x0, 0x0, 0x3f, 0xff, 0xfe,
    0x0, 0xff, 0xf0, 0x0, 0x3, 0xff, 0xff, 0xe0,
    0xf, 0xff, 0x80, 0x0, 0x3f, 0xff, 0xfe, 0x0,
    0x7f, 0xfc, 0x0, 0x3, 0xff, 0xff, 0xe0, 0x3,
    0xff, 0xe0, 0x0, 0x3f, 0xff, 0xfe, 0x0, 0x1f,
    0xfe, 0x0, 0x3, 0xff, 0xff, 0xe0, 0x1, 0xff,
    0xf0, 0x0, 0x3f, 0xff, 0xfe, 0x0, 0xf, 0xff,
    0x80, 0x3, 0xff, 0xff, 0xe0, 0x0, 0x7f, 0xfc,
    0x0, 0x3f, 0xff, 0xfe, 0x0, 0x7, 0xff, 0xc0,
    0x3, 0xff, 0xff, 0xe0, 0x0, 0x3f, 0xfe, 0x0,
    0x3f, 0xff, 0xfe, 0x0, 0x1, 0xff, 0xf0, 0x3,
    0xff, 0xff, 0xe0, 0x0, 0xf, 0xff, 0x0, 0x3f,
    0xff, 0xfe, 0x0, 0x0, 0xff, 0xf8, 0x3, 0xff,
    0xff, 0xe0, 0x0, 0x7, 0xff, 0xc0, 0x3f, 0xff,
    0xfe, 0x0, 0x0, 0x3f, 0xfe, 0x3, 0xff, 0xff,
    0xe0, 0x0, 0x1, 0xff, 0xe0, 0x3f, 0xff, 0xfe,
    0x0, 0x0, 0x1f, 0xff, 0x3, 0xff, 0xff, 0xe0,
    0x0, 0x0, 0xff, 0xf8, 0x3f, 0xff, 0xfe, 0x0,
    0x0, 0x7, 0xff, 0xc3, 0xff, 0xff, 0xe0, 0x0,
    0x0, 0x7f, 0xfc, 0x3f, 0xff, 0xfe, 0x0, 0x0,
    0x3, 0xff, 0xe3, 0xff, 0xff, 0xe0, 0x0, 0x0,
    0x1f, 0xff, 0x3f, 0xff, 0xfe, 0x0, 0x0, 0x0,
    0xff, 0xff, 0xff, 0xff, 0xe0, 0x0, 0x0, 0xf,
    0xff, 0xff, 0xff, 0xfe, 0x0, 0x0, 0x0, 0x7f,
    0xff, 0xff, 0xff, 0xe0, 0x0, 0x0, 0x3, 0xff,
    0xff, 0xff, 0xfe, 0x0, 0x0, 0x0, 0x1f, 0xff,
    0xff, 0xff, 0xe0, 0x0, 0x0, 0x1, 0xff, 0xff,
    0xff, 0xfe, 0x0, 0x0, 0x0, 0xf, 0xff, 0xfe,
    0xff, 0xe0, 0x0, 0x0, 0x0, 0x7f, 0xff, 0xef,
    0xfe, 0x0, 0x0, 0x0, 0x3, 0xff, 0xfc, 0xff,
    0xe0, 0x0, 0x0, 0x0, 0xf, 0xff, 0x80,

    /* U+004F "O" */
    0x0, 0x3, 0xff, 0xff, 0xff, 0xff, 0x80, 0x0,
    0x0, 0x7f, 0xff, 0xff, 0xff, 0xff, 0xf8, 0x0,
    0x7, 0xff, 0xff, 0xff, 0xff, 0xff, 0xfc, 0x0,
    0x1f, 0xff, 0xff, 0xff, 0xff, 0xff, 0xfc, 0x0,
    0x7f, 0xff, 0xff, 0xff, 0xff, 0xff, 0xfc, 0x1,
    0xff, 0xff, 0xff, 0xff, 0xff, 0xff, 0xfc, 0x7,
    0xff, 0xff, 0xff, 0xff, 0xff, 0xff, 0xfc, 0x1f,
    0xff, 0xff, 0xff, 0xff, 0xff, 0xff, 0xfc, 0x3f,
    0xff, 0xff, 0xff, 0xff, 0xff, 0xff, 0xf8, 0xff,
    0xff, 0xff, 0xff, 0xff, 0xff, 0xff, 0xf9, 0xff,
    0xfc, 0x0, 0x0, 0x0, 0x7, 0xff, 0xf3, 0xff,
    0xe0, 0x0, 0x0, 0x0, 0x3, 0xff, 0xe7, 0xff,
    0x80, 0x0, 0x0, 0x0, 0x3, 0xff, 0xdf, 0xfe,
    0x0, 0x0, 0x0, 0x0, 0x3, 0xff, 0xff, 0xfc,
    0x0, 0x0, 0x0, 0x0, 0x7, 0xff, 0xff, 0xf0,
    0x0, 0x0, 0x0, 0x0, 0x7, 0xff, 0xff, 0xe0,
    0x0, 0x0, 0x0, 0x0, 0xf, 0xff, 0xff, 0xc0,
    0x0, 0x0, 0x0, 0x0, 0x1f, 0xff, 0xff, 0x80,
    0x0, 0x0, 0x0, 0x0, 0x3f, 0xff, 0xff, 0x0,
    0x0, 0x0, 0x0, 0x0, 0x7f, 0xff, 0xfe, 0x0,
    0x0, 0x0, 0x0, 0x0, 0xff, 0xff, 0xfc, 0x0,
    0x0, 0x0, 0x0, 0x1, 0xff, 0xff, 0xf8, 0x0,
    0x0, 0x0, 0x0, 0x3, 0xff, 0xff, 0xf0, 0x0,
    0x0, 0x0, 0x0, 0x7, 0xff, 0xff, 0xe0, 0x0,
    0x0, 0x0, 0x0, 0xf, 0xff, 0xff, 0xc0, 0x0,
    0x0, 0x0, 0x0, 0x1f, 0xff, 0xff, 0x80, 0x0,
    0x0, 0x0, 0x0, 0x3f, 0xff, 0xff, 0x0, 0x0,
    0x0, 0x0, 0x0, 0x7f, 0xff, 0xfe, 0x0, 0x0,
    0x0, 0x0, 0x0, 0xff, 0xff, 0xfc, 0x0, 0x0,
    0x0, 0x0, 0x1, 0xff, 0xff, 0xf8, 0x0, 0x0,
    0x0, 0x0, 0x3, 0xff, 0xff, 0xf0, 0x0, 0x0,
    0x0, 0x0, 0x7, 0xff, 0xff, 0xe0, 0x0, 0x0,
    0x0, 0x0, 0xf, 0xff, 0xff, 0xc0, 0x0, 0x0,
    0x0, 0x0, 0x1f, 0xff, 0xff, 0x80, 0x0, 0x0,
    0x0, 0x0, 0x3f, 0xff, 0xff, 0x0, 0x0, 0x0,
    0x0, 0x0, 0x7f, 0xff, 0xff, 0x0, 0x0, 0x0,
    0x0, 0x1, 0xff, 0xff, 0xfe, 0x0, 0x0, 0x0,
    0x0, 0x3, 0xff, 0xdf, 0xfe, 0x0, 0x0, 0x0,
    0x0, 0xf, 0xff, 0x3f, 0xfe, 0x0, 0x0, 0x0,
    0x0, 0x3f, 0xfe, 0x7f, 0xff, 0x0, 0x0, 0x0,
    0x1, 0xff, 0xfc, 0xff, 0xff, 0xff, 0xff, 0xff,
    0xff, 0xff, 0xf8, 0xff, 0xff, 0xff, 0xff, 0xff,
    0xff, 0xff, 0xe1, 0xff, 0xff, 0xff, 0xff, 0xff,
    0xff, 0xff, 0xc1, 0xff, 0xff, 0xff, 0xff, 0xff,
    0xff, 0xff, 0x1, 0xff, 0xff, 0xff, 0xff, 0xff,
    0xff, 0xfc, 0x3, 0xff, 0xff, 0xff, 0xff, 0xff,
    0xff, 0xf8, 0x1, 0xff, 0xff, 0xff, 0xff, 0xff,
    0xff, 0xc0, 0x1, 0xff, 0xff, 0xff, 0xff, 0xff,
    0xff, 0x0, 0x0, 0xff, 0xff, 0xff, 0xff, 0xff,
    0xf8, 0x0, 0x0, 0x1f, 0xff, 0xff, 0xff, 0xfe,
    0x0, 0x0,

    /* U+0050 "P" */
    0x7f, 0xff, 0xff, 0xff, 0xff, 0xfc, 0x0, 0xff,
    0xff, 0xff, 0xff, 0xff, 0xff, 0x80, 0xff, 0xff,
    0xff, 0xff, 0xff, 0xff, 0xe0, 0xff, 0xff, 0xff,
    0xff, 0xff, 0xff, 0xf0, 0xff, 0xff, 0xff, 0xff,
    0xff, 0xff, 0xf8, 0xff, 0xff, 0xff, 0xff, 0xff,
    0xff, 0xfc, 0xff, 0xff, 0xff, 0xff, 0xff, 0xff,
    0xfc, 0xff, 0xff, 0xff, 0xff, 0xff, 0xff, 0xfe,
    0xff, 0xff, 0xff, 0xff, 0xff, 0xff, 0xfe, 0xff,
    0xff, 0xff, 0xff, 0xff, 0xff, 0xfe, 0xff, 0xe0,
    0x0, 0x0, 0x0, 0x3f, 0xff, 0xff, 0xe0, 0x0,
    0x0, 0x0, 0x1f, 0xff, 0xff, 0xe0, 0x0, 0x0,
    0x0, 0xf, 0xff, 0xff, 0xe0, 0x0, 0x0, 0x0,
    0xf, 0xff, 0xff, 0xe0, 0x0, 0x0, 0x0, 0x7,
    0xff, 0xff, 0xe0, 0x0, 0x0, 0x0, 0x7, 0xff,
    0xff, 0xe0, 0x0, 0x0, 0x0, 0x7, 0xff, 0xff,
    0xe0, 0x0, 0x0, 0x0, 0x7, 0xff, 0xff, 0xe0,
    0x0, 0x0, 0x0, 0x7, 0xff, 0xff, 0xe0, 0x0,
    0x0, 0x0, 0x7, 0xff, 0xff, 0xe0, 0x0, 0x0,
    0x0, 0x7, 0xff, 0xff, 0xe0, 0x0, 0x0, 0x0,
    0x7, 0xff, 0xff, 0xe0, 0x0, 0x0, 0x0, 0x7,
    0xff, 0xff, 0xe0, 0x0, 0x0, 0x0, 0xf, 0xff,
    0xff, 0xe0, 0x0, 0x0, 0x0, 0xf, 0xff, 0xff,
    0xe0, 0x0, 0x0, 0x0, 0x1f, 0xfe, 0xff, 0xe0,
    0x0, 0x0, 0x0, 0x3f, 0xfe, 0xff, 0xff, 0xff,
    0xff, 0xff, 0xff, 0xfe, 0xff, 0xff, 0xff, 0xff,
    0xff, 0xff, 0xfc, 0xff, 0xff, 0xff, 0xff, 0xff,
    0xff, 0xfc, 0xff, 0xff, 0xff, 0xff, 0xff, 0xff,
    0xf8, 0xff, 0xff, 0xff, 0xff, 0xff, 0xff, 0xf0,
    0xff, 0xff, 0xff, 0xff, 0xff, 0xff, 0xe0, 0xff,
    0xff, 0xff, 0xff, 0xff, 0xff, 0x80, 0xff, 0xff,
    0xff, 0xff, 0xff, 0xfc, 0x0, 0xff, 0xe0, 0x0,
    0x0, 0x0, 0x0, 0x0, 0xff, 0xe0, 0x0, 0x0,
    0x0, 0x0, 0x0, 0xff, 0xe0, 0x0, 0x0, 0x0,
    0x0, 0x0, 0xff, 0xe0, 0x0, 0x0, 0x0, 0x0,
    0x0, 0xff, 0xe0, 0x0, 0x0, 0x0, 0x0, 0x0,
    0xff, 0xe0, 0x0, 0x0, 0x0, 0x0, 0x0, 0xff,
    0xe0, 0x0, 0x0, 0x0, 0x0, 0x0, 0xff, 0xe0,
    0x0, 0x0, 0x0, 0x0, 0x0, 0xff, 0xe0, 0x0,
    0x0, 0x0, 0x0, 0x0, 0xff, 0xe0, 0x0, 0x0,
    0x0, 0x0, 0x0, 0xff, 0xe0, 0x0, 0x0, 0x0,
    0x0, 0x0, 0xff, 0xe0, 0x0, 0x0, 0x0, 0x0,
    0x0, 0xff, 0xe0, 0x0, 0x0, 0x0, 0x0, 0x0,
    0xff, 0xe0, 0x0, 0x0, 0x0, 0x0, 0x0, 0xff,
    0xe0, 0x0, 0x0, 0x0, 0x0, 0x0, 0xff, 0xe0,
    0x0, 0x0, 0x0, 0x0, 0x0,

    /* U+0051 "Q" */
    0x0, 0x3, 0xff, 0xff, 0xff, 0xff, 0x80, 0x0,
    0x0, 0x7f, 0xff, 0xff, 0xff, 0xff, 0xf0, 0x0,
    0x7, 0xff, 0xff, 0xff, 0xff, 0xff, 0xfc, 0x0,
    0x1f, 0xff, 0xff, 0xff, 0xff, 0xff, 0xfc, 0x0,
    0x7f, 0xff, 0xff, 0xff, 0xff, 0xff, 0xfc, 0x1,
    0xff, 0xff, 0xff, 0xff, 0xff, 0xff, 0xfc, 0x7,
    0xff, 0xff, 0xff, 0xff, 0xff, 0xff, 0xfc, 0x1f,
    0xff, 0xff, 0xff, 0xff, 0xff, 0xff, 0xfc, 0x3f,
    0xff, 0xff, 0xff, 0xff, 0xff, 0xff, 0xf8, 0xff,
    0xff, 0xff, 0xff, 0xff, 0xff, 0xff, 0xf9, 0xff,
    0xfc, 0x0, 0x0, 0x0, 0x7, 0xff, 0xf3, 0xff,
    0xe0, 0x0, 0x0, 0x0, 0x3, 0xff, 0xe7, 0xff,
    0x80, 0x0, 0x0, 0x0, 0x3, 0xff, 0xdf, 0xfe,
    0x0, 0x0, 0x0, 0x0, 0x3, 0xff, 0xff, 0xfc,
    0x0, 0x0, 0x0, 0x0, 0x7, 0xff, 0xff, 0xf0,
    0x0, 0x0, 0x0, 0x0, 0x7, 0xff, 0xff, 0xe0,
    0x0, 0x0, 0x0, 0x0, 0xf, 0xff, 0xff, 0xc0,
    0x0, 0x0, 0x0, 0x0, 0x1f, 0xff, 0xff, 0x80,
    0x0, 0x0, 0x0, 0x0, 0x3f, 0xff, 0xff, 0x0,
    0x0, 0x0, 0x0, 0x0, 0x7f, 0xff, 0xfe, 0x0,
    0x0, 0x0, 0x0, 0x0, 0xff, 0xff, 0xfc, 0x0,
    0x0, 0x0, 0x0, 0x1, 0xff, 0xff, 0xf8, 0x0,
    0x0, 0x0, 0x0, 0x3, 0xff, 0xff, 0xf0, 0x0,
    0x0, 0x0, 0x0, 0x7, 0xff, 0xff, 0xe0, 0x0,
    0x0, 0x0, 0x0, 0xf, 0xff, 0xff, 0xc0, 0x0,
    0x0, 0x0, 0x0, 0x1f, 0xff, 0xff, 0x80, 0x0,
    0x0, 0x0, 0x0, 0x3f, 0xff, 0xff, 0x0, 0x0,
    0x0, 0x0, 0x0, 0x7f, 0xff, 0xfe, 0x0, 0x0,
    0x0, 0x0, 0x0, 0xff, 0xff, 0xfc, 0x0, 0x0,
    0x0, 0x0, 0x1, 0xff, 0xff, 0xf8, 0x0, 0x0,
    0x0, 0x0, 0x3, 0xff, 0xff, 0xf0, 0x0, 0x0,
    0x0, 0x0, 0x7, 0xff, 0xff, 0xe0, 0x0, 0x0,
    0x0, 0x0, 0xf, 0xff, 0xff, 0xc0, 0x0, 0x0,
    0x0, 0x0, 0x1f, 0xff, 0xff, 0x80, 0x0, 0x0,
    0x0, 0x0, 0x3f, 0xff, 0xff, 0x80, 0x0, 0x0,
    0x0, 0x0, 0xff, 0xff, 0xff, 0x0, 0x0, 0x0,
    0x0, 0x1, 0xff, 0xef, 0xff, 0x0, 0x0, 0x0,
    0x0, 0x7, 0xff, 0x9f, 0xff, 0x0, 0x0, 0x0,
    0x0, 0x1f, 0xff, 0x3f, 0xff, 0x80, 0x0, 0x0,
    0x0, 0xff, 0xfe, 0x7f, 0xff, 0xff, 0xff, 0xff,
    0xff, 0xff, 0xfc, 0x7f, 0xff, 0xff, 0xff, 0xff,
    0xff, 0xff, 0xf0, 0xff, 0xff, 0xff, 0xff, 0xff,
    0xff, 0xff, 0xe0, 0xff, 0xff, 0xff, 0xff, 0xff,
    0xff, 0xff, 0x80, 0xff, 0xff, 0xff, 0xff, 0xff,
    0xff, 0xfe, 0x0, 0xff, 0xff, 0xff, 0xff, 0xff,
    0xff, 0xfc, 0x0, 0xff, 0xff, 0xff, 0xff, 0xff,
    0xff, 0xe0, 0x0, 0xff, 0xff, 0xff, 0xff, 0xff,
    0xff, 0x80, 0x0, 0x7f, 0xff, 0xff, 0xff, 0xff,
    0xfc, 0x0, 0x0, 0x7, 0xff, 0xff, 0xff, 0xff,
    0x80, 0x0, 0x0, 0x0, 0x0, 0x0, 0x1f, 0xfe,
    0x0, 0x0, 0x0, 0x0, 0x0, 0x0, 0x1f, 0xfe,
    0x0, 0x0, 0x0, 0x0, 0x0, 0x0, 0x3f, 0xfe,
    0x0, 0x0, 0x0, 0x0, 0x0, 0x0, 0x3f, 0xfe,
    0x0, 0x0, 0x0, 0x0, 0x0, 0x0, 0x3f, 0xfc,
    0x0, 0x0, 0x0, 0x0, 0x0, 0x0, 0x7f, 0xfc,
    0x0, 0x0, 0x0, 0x0, 0x0, 0x0, 0x7f, 0xfc,
    0x0, 0x0, 0x0, 0x0, 0x0, 0x0, 0x7f, 0xfc,
    0x0, 0x0, 0x0, 0x0, 0x0, 0x0, 0x7f, 0xf8,
    0x0, 0x0, 0x0, 0x0, 0x0, 0x0, 0xff, 0xf8,
    0x0, 0x0, 0x0, 0x0, 0x0, 0x0, 0xff, 0xf8,
    0x0, 0x0, 0x0, 0x0, 0x0, 0x0, 0xff, 0xf0,
    0x0, 0x0, 0x0, 0x0, 0x0, 0x0, 0xff, 0xc0,
    0x0,

    /* U+0052 "R" */
    0x7f, 0xff, 0xff, 0xff, 0xff, 0xfc, 0x0, 0x3f,
    0xff, 0xff, 0xff, 0xff, 0xff, 0xe0, 0xf, 0xff,
    0xff, 0xff, 0xff, 0xff, 0xfe, 0x3, 0xff, 0xff,
    0xff, 0xff, 0xff, 0xff, 0xc0, 0xff, 0xff, 0xff,
    0xff, 0xff, 0xff, 0xf8, 0x3f, 0xff, 0xff, 0xff,
    0xff, 0xff, 0xff, 0xf, 0xff, 0xff, 0xff, 0xff,
    0xff, 0xff, 0xc3, 0xff, 0xff, 0xff, 0xff, 0xff,
    0xff, 0xf8, 0xff, 0xff, 0xff, 0xff, 0xff, 0xff,
    0xfe, 0x3f, 0xff, 0xff, 0xff, 0xff, 0xff, 0xff,
    0x8f, 0xfe, 0x0, 0x0, 0x0, 0x3, 0xff, 0xf3,
    0xff, 0x80, 0x0, 0x0, 0x0, 0x7f, 0xfc, 0xff,
    0xe0, 0x0, 0x0, 0x0, 0xf, 0xff, 0x3f, 0xf8,
    0x0, 0x0, 0x0, 0x1, 0xff, 0xcf, 0xfe, 0x0,
    0x0, 0x0, 0x0, 0x7f, 0xf3, 0xff, 0x80, 0x0,
    0x0, 0x0, 0x1f, 0xfc, 0xff, 0xe0, 0x0, 0x0,
    0x0, 0x7, 0xff, 0x3f, 0xf8, 0x0, 0x0, 0x0,
    0x1, 0xff, 0xcf, 0xfe, 0x0, 0x0, 0x0, 0x0,
    0x7f, 0xf3, 0xff, 0x80, 0x0, 0x0, 0x0, 0x1f,
    0xfc, 0xff, 0xe0, 0x0, 0x0, 0x0, 0x7, 0xff,
    0x3f, 0xf8, 0x0, 0x0, 0x0, 0x1, 0xff, 0xcf,
    0xfe, 0x0, 0x0, 0x0, 0x0, 0x7f, 0xf3, 0xff,
    0x80, 0x0, 0x0, 0x0, 0x3f, 0xfc, 0xff, 0xe0,
    0x0, 0x0, 0x0, 0x1f, 0xfe, 0x3f, 0xf8, 0x0,
    0x0, 0x0, 0xf, 0xff, 0x8f, 0xff, 0xff, 0xff,
    0xff, 0xff, 0xff, 0xe3, 0xff, 0xff, 0xff, 0xff,
    0xff, 0xff, 0xf0, 0xff, 0xff, 0xff, 0xff, 0xff,
    0xff, 0xf8, 0x3f, 0xff, 0xff, 0xff, 0xff, 0xff,
    0xfe, 0xf, 0xff, 0xff, 0xff, 0xff, 0xff, 0xfe,
    0x3, 0xff, 0xff, 0xff, 0xff, 0xff, 0xff, 0x0,
    0xff, 0xff, 0xff, 0xff, 0xff, 0xfe, 0x0, 0x3f,
    0xff, 0xff, 0xff, 0xff, 0xff, 0x0, 0xf, 0xfe,
    0x0, 0x0, 0x3, 0xff, 0xc0, 0x3, 0xff, 0x80,
    0x0, 0x0, 0x7f, 0xf8, 0x0, 0xff, 0xe0, 0x0,
    0x0, 0xf, 0xff, 0x0, 0x3f, 0xf8, 0x0, 0x0,
    0x1, 0xff, 0xe0, 0xf, 0xfe, 0x0, 0x0, 0x0,
    0x7f, 0xfc, 0x3, 0xff, 0x80, 0x0, 0x0, 0xf,
    0xff, 0x0, 0xff, 0xe0, 0x0, 0x0, 0x1, 0xff,
    0xe0, 0x3f, 0xf8, 0x0, 0x0, 0x0, 0x7f, 0xfc,
    0xf, 0xfe, 0x0, 0x0, 0x0, 0xf, 0xff, 0x83,
    0xff, 0x80, 0x0, 0x0, 0x1, 0xff, 0xe0, 0xff,
    0xe0, 0x0, 0x0, 0x0, 0x7f, 0xfc, 0x3f, 0xf8,
    0x0, 0x0, 0x0, 0xf, 0xff, 0x8f, 0xfe, 0x0,
    0x0, 0x0, 0x1, 0xff, 0xf3, 0xff, 0x80, 0x0,
    0x0, 0x0, 0x3f, 0xfc, 0xff, 0xe0, 0x0, 0x0,
    0x0, 0xf, 0xff, 0xbf, 0xf8, 0x0, 0x0, 0x0,
    0x1, 0xff, 0xff, 0xfe, 0x0, 0x0, 0x0, 0x0,
    0x3f, 0xfc,

    /* U+0053 "S" */
    0x0, 0xff, 0xff, 0xff, 0xff, 0xff, 0xf0, 0x1f,
    0xff, 0xff, 0xff, 0xff, 0xff, 0xc0, 0xff, 0xff,
    0xff, 0xff, 0xff, 0xff, 0x7, 0xff, 0xff, 0xff,
    0xff, 0xff, 0xfc, 0x3f, 0xff, 0xff, 0xff, 0xff,
    0xff, 0xf1, 0xff, 0xff, 0xff, 0xff, 0xff, 0xff,
    0xc7, 0xff, 0xff, 0xff, 0xff, 0xff, 0xff, 0x1f,
    0xff, 0xff, 0xff, 0xff, 0xff, 0xfc, 0xff, 0xff,
    0xff, 0xff, 0xff, 0xff, 0xf3, 0xff, 0xff, 0xff,
    0xff, 0xff, 0xff, 0xcf, 0xff, 0x80, 0x0, 0x0,
    0x0, 0x0, 0x3f, 0xfc, 0x0, 0x0, 0x0, 0x0,
    0x0, 0xff, 0xe0, 0x0, 0x0, 0x0, 0x0, 0x3,
    0xff, 0x80, 0x0, 0x0, 0x0, 0x0, 0xf, 0xfe,
    0x0, 0x0, 0x0, 0x0, 0x0, 0x3f, 0xf8, 0x0,
    0x0, 0x0, 0x0, 0x0, 0xff, 0xe0, 0x0, 0x0,
    0x0, 0x0, 0x3, 0xff, 0x80, 0x0, 0x0, 0x0,
    0x0, 0xf, 0xfe, 0x0, 0x0, 0x0, 0x0, 0x0,
    0x3f, 0xfc, 0x0, 0x0, 0x0, 0x0, 0x0, 0xff,
    0xf8, 0x0, 0x0, 0x0, 0x0, 0x1, 0xff, 0xff,
    0xff, 0xff, 0xff, 0xf0, 0x7, 0xff, 0xff, 0xff,
    0xff, 0xff, 0xf8, 0x1f, 0xff, 0xff, 0xff, 0xff,
    0xff, 0xf0, 0x3f, 0xff, 0xff, 0xff, 0xff, 0xff,
    0xe0, 0x7f, 0xff, 0xff, 0xff, 0xff, 0xff, 0xc0,
    0xff, 0xff, 0xff, 0xff, 0xff, 0xff, 0x81, 0xff,
    0xff, 0xff, 0xff, 0xff, 0xfe, 0x0, 0xff, 0xff,
    0xff, 0xff, 0xff, 0xf8, 0x0, 0x0, 0x0, 0x0,
    0x1, 0xff, 0xf0, 0x0, 0x0, 0x0, 0x0, 0x3,
    0xff, 0xc0, 0x0, 0x0, 0x0, 0x0, 0x7, 0xff,
    0x0, 0x0, 0x0, 0x0, 0x0, 0x1f, 0xfc, 0x0,
    0x0, 0x0, 0x0, 0x0, 0x7f, 0xf0, 0x0, 0x0,
    0x0, 0x0, 0x1, 0xff, 0xc0, 0x0, 0x0, 0x0,
    0x0, 0x7, 0xff, 0x0, 0x0, 0x0, 0x0, 0x0,
    0x1f, 0xfc, 0x0, 0x0, 0x0, 0x0, 0x0, 0x7f,
    0xf0, 0x0, 0x0, 0x0, 0x0, 0x1, 0xff, 0xc0,
    0x0, 0x0, 0x0, 0x0, 0xf, 0xff, 0x0, 0x0,
    0x0, 0x0, 0x0, 0x7f, 0xff, 0xff, 0xff, 0xff,
    0xff, 0xff, 0xff, 0xff, 0xff, 0xff, 0xff, 0xff,
    0xff, 0xff, 0xff, 0xff, 0xff, 0xff, 0xff, 0xff,
    0xfe, 0xff, 0xff, 0xff, 0xff, 0xff, 0xff, 0xfb,
    0xff, 0xff, 0xff, 0xff, 0xff, 0xff, 0xef, 0xff,
    0xff, 0xff, 0xff, 0xff, 0xff, 0x3f, 0xff, 0xff,
    0xff, 0xff, 0xff, 0xf8, 0xff, 0xff, 0xff, 0xff,
    0xff, 0xff, 0xc3, 0xff, 0xff, 0xff, 0xff, 0xff,
    0xfe, 0xf, 0xff, 0xff, 0xff, 0xff, 0xff, 0xc0,
    0x0,

    /* U+0054 "T" */
    0xff, 0xff, 0xff, 0xff, 0xff, 0xff, 0xff, 0xff,
    0xff, 0xff, 0xff, 0xff, 0xff, 0xff, 0xff, 0xff,
    0xff, 0xff, 0xff, 0xff, 0xff, 0xff, 0xff, 0xff,
    0xff, 0xff, 0xff, 0xff, 0xff, 0xff, 0xff, 0xff,
    0xff, 0xff, 0xff, 0xff, 0xff, 0xff, 0xff, 0xff,
    0xff, 0xff, 0xff, 0xff, 0xff, 0xff, 0xff, 0xff,
    0xff, 0xff, 0xff, 0xff, 0xff, 0xff, 0xff, 0xff,
    0xff, 0xff, 0xff, 0xff, 0xff, 0xff, 0xff, 0xff,
    0xff, 0xff, 0xff, 0xff, 0xff, 0xff, 0xff, 0xff,
    0xff, 0xff, 0xff, 0x0, 0x0, 0x0, 0xff, 0xe0,
    0x0, 0x0, 0x0, 0x0, 0x0, 0xf, 0xfe, 0x0,
    0x0, 0x0, 0x0, 0x0, 0x0, 0xff, 0xe0, 0x0,
    0x0, 0x0, 0x0, 0x0, 0xf, 0xfe, 0x0, 0x0,
    0x0, 0x0, 0x0, 0x0, 0xff, 0xe0, 0x0, 0x0,
    0x0, 0x0, 0x0, 0xf, 0xfe, 0x0, 0x0, 0x0,
    0x0, 0x0, 0x0, 0xff, 0xe0, 0x0, 0x0, 0x0,
    0x0, 0x0, 0xf, 0xfe, 0x0, 0x0, 0x0, 0x0,
    0x0, 0x0, 0xff, 0xe0, 0x0, 0x0, 0x0, 0x0,
    0x0, 0xf, 0xfe, 0x0, 0x0, 0x0, 0x0, 0x0,
    0x0, 0xff, 0xe0, 0x0, 0x0, 0x0, 0x0, 0x0,
    0xf, 0xfe, 0x0, 0x0, 0x0, 0x0, 0x0, 0x0,
    0xff, 0xe0, 0x0, 0x0, 0x0, 0x0, 0x0, 0xf,
    0xfe, 0x0, 0x0, 0x0, 0x0, 0x0, 0x0, 0xff,
    0xe0, 0x0, 0x0, 0x0, 0x0, 0x0, 0xf, 0xfe,
    0x0, 0x0, 0x0, 0x0, 0x0, 0x0, 0xff, 0xe0,
    0x0, 0x0, 0x0, 0x0, 0x0, 0xf, 0xfe, 0x0,
    0x0, 0x0, 0x0, 0x0, 0x0, 0xff, 0xe0, 0x0,
    0x0, 0x0, 0x0, 0x0, 0xf, 0xfe, 0x0, 0x0,
    0x0, 0x0, 0x0, 0x0, 0xff, 0xe0, 0x0, 0x0,
    0x0, 0x0, 0x0, 0xf, 0xfe, 0x0, 0x0, 0x0,
    0x0, 0x0, 0x0, 0xff, 0xe0, 0x0, 0x0, 0x0,
    0x0, 0x0, 0xf, 0xfe, 0x0, 0x0, 0x0, 0x0,
    0x0, 0x0, 0xff, 0xe0, 0x0, 0x0, 0x0, 0x0,
    0x0, 0xf, 0xfe, 0x0, 0x0, 0x0, 0x0, 0x0,
    0x0, 0xff, 0xe0, 0x0, 0x0, 0x0, 0x0, 0x0,
    0xf, 0xfe, 0x0, 0x0, 0x0, 0x0, 0x0, 0x0,
    0xff, 0xe0, 0x0, 0x0, 0x0, 0x0, 0x0, 0xf,
    0xfe, 0x0, 0x0, 0x0, 0x0, 0x0, 0x0, 0xff,
    0xe0, 0x0, 0x0, 0x0, 0x0, 0x0, 0xf, 0xfe,
    0x0, 0x0, 0x0, 0x0, 0x0, 0x0, 0xff, 0xe0,
    0x0, 0x0, 0x0, 0x0, 0x0, 0xf, 0xfe, 0x0,
    0x0, 0x0, 0x0, 0x0, 0x0, 0xff, 0xe0, 0x0,
    0x0, 0x0, 0x0, 0x0, 0xf, 0xfe, 0x0, 0x0,
    0x0, 0x0, 0x0, 0x0, 0xff, 0xe0, 0x0, 0x0,
    0x0, 0x0, 0x0, 0xf, 0xfe, 0x0, 0x0, 0x0,
    0x0, 0x0, 0x0, 0xff, 0xe0, 0x0, 0x0, 0x0,
    0x0, 0x0, 0xf, 0xfe, 0x0, 0x0, 0x0, 0x0,
    0x0, 0x0, 0xff, 0xe0, 0x0, 0x0, 0x0,

    /* U+0055 "U" */
    0xff, 0xe0, 0x0, 0x0, 0x0, 0x0, 0x3f, 0xff,
    0xff, 0x0, 0x0, 0x0, 0x0, 0x1, 0xff, 0xff,
    0xf8, 0x0, 0x0, 0x0, 0x0, 0xf, 0xff, 0xff,
    0xc0, 0x0, 0x0, 0x0, 0x0, 0x7f, 0xff, 0xfe,
    0x0, 0x0, 0x0, 0x0, 0x3, 0xff, 0xff, 0xf0,
    0x0, 0x0, 0x0, 0x0, 0x1f, 0xff, 0xff, 0x80,
    0x0, 0x0, 0x0, 0x0, 0xff, 0xff, 0xfc, 0x0,
    0x0, 0x0, 0x0, 0x7, 0xff, 0xff, 0xe0, 0x0,
    0x0, 0x0, 0x0, 0x3f, 0xff, 0xff, 0x0, 0x0,
    0x0, 0x0, 0x1, 0xff, 0xff, 0xf8, 0x0, 0x0,
    0x0, 0x0, 0xf, 0xff, 0xff, 0xc0, 0x0, 0x0,
    0x0, 0x0, 0x7f, 0xff, 0xfe, 0x0, 0x0, 0x0,
    0x0, 0x3, 0xff, 0xff, 0xf0, 0x0, 0x0, 0x0,
    0x0, 0x1f, 0xff, 0xff, 0x80, 0x0, 0x0, 0x0,
    0x0, 0xff, 0xff, 0xfc, 0x0, 0x0, 0x0, 0x0,
    0x7, 0xff, 0xff, 0xe0, 0x0, 0x0, 0x0, 0x0,
    0x3f, 0xff, 0xff, 0x0, 0x0, 0x0, 0x0, 0x1,
    0xff, 0xff, 0xf8, 0x0, 0x0, 0x0, 0x0, 0xf,
    0xff, 0xff, 0xc0, 0x0, 0x0, 0x0, 0x0, 0x7f,
    0xff, 0xfe, 0x0, 0x0, 0x0, 0x0, 0x3, 0xff,
    0xff, 0xf0, 0x0, 0x0, 0x0, 0x0, 0x1f, 0xff,
    0xff, 0x80, 0x0, 0x0, 0x0, 0x0, 0xff, 0xff,
    0xfc, 0x0, 0x0, 0x0, 0x0, 0x7, 0xff, 0xff,
    0xe0, 0x0, 0x0, 0x0, 0x0, 0x3f, 0xff, 0xff,
    0x0, 0x0, 0x0, 0x0, 0x1, 0xff, 0xff, 0xf8,
    0x0, 0x0, 0x0, 0x0, 0xf, 0xff, 0xff, 0xc0,
    0x0, 0x0, 0x0, 0x0, 0x7f, 0xff, 0xfe, 0x0,
    0x0, 0x0, 0x0, 0x3, 0xff, 0xff, 0xf0, 0x0,
    0x0, 0x0, 0x0, 0x1f, 0xff, 0xff, 0x80, 0x0,
    0x0, 0x0, 0x0, 0xff, 0xff, 0xfc, 0x0, 0x0,
    0x0, 0x0, 0x7, 0xff, 0xff, 0xe0, 0x0, 0x0,
    0x0, 0x0, 0x3f, 0xff, 0xff, 0x0, 0x0, 0x0,
    0x0, 0x1, 0xff, 0xff, 0xf8, 0x0, 0x0, 0x0,
    0x0, 0xf, 0xff, 0xff, 0xc0, 0x0, 0x0, 0x0,
    0x0, 0x7f, 0xff, 0xff, 0x0, 0x0, 0x0, 0x0,
    0x7, 0xff, 0xff, 0xf8, 0x0, 0x0, 0x0, 0x0,
    0x3f, 0xfd, 0xff, 0xe0, 0x0, 0x0, 0x0, 0x3,
    0xff, 0xcf, 0xff, 0x80, 0x0, 0x0, 0x0, 0x3f,
    0xfe, 0x7f, 0xff, 0x0, 0x0, 0x0, 0x7, 0xff,
    0xf3, 0xff, 0xff, 0xff, 0xff, 0xff, 0xff, 0xff,
    0x8f, 0xff, 0xff, 0xff, 0xff, 0xff, 0xff, 0xf8,
    0x7f, 0xff, 0xff, 0xff, 0xff, 0xff, 0xff, 0xc1,
    0xff, 0xff, 0xff, 0xff, 0xff, 0xff, 0xfc, 0x7,
    0xff, 0xff, 0xff, 0xff, 0xff, 0xff, 0xc0, 0x3f,
    0xff, 0xff, 0xff, 0xff, 0xff, 0xfe, 0x0, 0x7f,
    0xff, 0xff, 0xff, 0xff, 0xff, 0xe0, 0x1, 0xff,
    0xff, 0xff, 0xff, 0xff, 0xfc, 0x0, 0x3, 0xff,
    0xff, 0xff, 0xff, 0xff, 0x80, 0x0, 0x1, 0xff,
    0xff, 0xff, 0xff, 0xc0, 0x0,

    /* U+0056 "V" */
    0xff, 0xf0, 0x0, 0x0, 0x0, 0x0, 0x0, 0xff,
    0xff, 0xff, 0x0, 0x0, 0x0, 0x0, 0x0, 0xf,
    0xff, 0x7f, 0xf8, 0x0, 0x0, 0x0, 0x0, 0x1,
    0xff, 0xe7, 0xff, 0x80, 0x0, 0x0, 0x0, 0x0,
    0x1f, 0xfe, 0x3f, 0xfc, 0x0, 0x0, 0x0, 0x0,
    0x3, 0xff, 0xc3, 0xff, 0xc0, 0x0, 0x0, 0x0,
    0x0, 0x7f, 0xfc, 0x1f, 0xfe, 0x0, 0x0, 0x0,
    0x0, 0x7, 0xff, 0x81, 0xff, 0xe0, 0x0, 0x0,
    0x0, 0x0, 0xff, 0xf8, 0xf, 0xff, 0x0, 0x0,
    0x0, 0x0, 0xf, 0xff, 0x0, 0x7f, 0xf8, 0x0,
    0x0, 0x0, 0x1, 0xff, 0xf0, 0x7, 0xff, 0x80,
    0x0, 0x0, 0x0, 0x1f, 0xfe, 0x0, 0x3f, 0xfc,
    0x0, 0x0, 0x0, 0x3, 0xff, 0xe0, 0x3, 0xff,
    0xc0, 0x0, 0x0, 0x0, 0x3f, 0xfc, 0x0, 0x1f,
    0xfe, 0x0, 0x0, 0x0, 0x7, 0xff, 0x80, 0x1,
    0xff, 0xe0, 0x0, 0x0, 0x0, 0x7f, 0xf8, 0x0,
    0xf, 0xff, 0x0, 0x0, 0x0, 0xf, 0xff, 0x0,
    0x0, 0xff, 0xf0, 0x0, 0x0, 0x0, 0xff, 0xf0,
    0x0, 0x7, 0xff, 0x80, 0x0, 0x0, 0x1f, 0xfe,
    0x0, 0x0, 0x7f, 0xf8, 0x0, 0x0, 0x1, 0xff,
    0xe0, 0x0, 0x3, 0xff, 0xc0, 0x0, 0x0, 0x3f,
    0xfc, 0x0, 0x0, 0x1f, 0xfc, 0x0, 0x0, 0x3,
    0xff, 0xc0, 0x0, 0x1, 0xff, 0xe0, 0x0, 0x0,
    0x7f, 0xf8, 0x0, 0x0, 0xf, 0xfe, 0x0, 0x0,
    0x7, 0xff, 0x80, 0x0, 0x0, 0xff, 0xf0, 0x0,
    0x0, 0xff, 0xf0, 0x0, 0x0, 0x7, 0xff, 0x80,
    0x0, 0x1f, 0xff, 0x0, 0x0, 0x0, 0x7f, 0xf8,
    0x0, 0x1, 0xff, 0xe0, 0x0, 0x0, 0x3, 0xff,
    0xc0, 0x0, 0x3f, 0xfc, 0x0, 0x0, 0x0, 0x3f,
    0xfc, 0x0, 0x3, 0xff, 0xc0, 0x0, 0x0, 0x1,
    0xff, 0xe0, 0x0, 0x7f, 0xf8, 0x0, 0x0, 0x0,
    0x1f, 0xfe, 0x0, 0x7, 0xff, 0x80, 0x0, 0x0,
    0x0, 0xff, 0xf0, 0x0, 0xff, 0xf0, 0x0, 0x0,
    0x0, 0x7, 0xff, 0x0, 0xf, 0xff, 0x0, 0x0,
    0x0, 0x0, 0x7f, 0xf8, 0x1, 0xff, 0xe0, 0x0,
    0x0, 0x0, 0x3, 0xff, 0x80, 0x1f, 0xfe, 0x0,
    0x0, 0x0, 0x0, 0x3f, 0xfc, 0x3, 0xff, 0xc0,
    0x0, 0x0, 0x0, 0x1, 0xff, 0xc0, 0x3f, 0xfc,
    0x0, 0x0, 0x0, 0x0, 0x1f, 0xfe, 0x7, 0xff,
    0x80, 0x0, 0x0, 0x0, 0x0, 0xff, 0xe0, 0x7f,
    0xf8, 0x0, 0x0, 0x0, 0x0, 0xf, 0xff, 0xf,
    0xff, 0x0, 0x0, 0x0, 0x0, 0x0, 0x7f, 0xf8,
    0xff, 0xe0, 0x0, 0x0, 0x0, 0x0, 0x7, 0xff,
    0x9f, 0xfe, 0x0, 0x0, 0x0, 0x0, 0x0, 0x3f,
    0xff, 0xff, 0xc0, 0x0, 0x0, 0x0, 0x0, 0x1,
    0xff, 0xff, 0xfc, 0x0, 0x0, 0x0, 0x0, 0x0,
    0x1f, 0xff, 0xff, 0x80, 0x0, 0x0, 0x0, 0x0,
    0x0, 0xff, 0xff, 0xf8, 0x0, 0x0, 0x0, 0x0,
    0x0, 0xf, 0xff, 0xff, 0x0, 0x0, 0x0, 0x0,
    0x0, 0x0, 0x7f, 0xff, 0xf0, 0x0, 0x0, 0x0,
    0x0, 0x0, 0x7, 0xff, 0xfe, 0x0, 0x0, 0x0,
    0x0, 0x0, 0x0, 0x3f, 0xff, 0xc0, 0x0, 0x0,
    0x0, 0x0, 0x0, 0x1, 0xff, 0xf8, 0x0, 0x0,
    0x0, 0x0, 0x0, 0x0, 0x7, 0xff, 0x0, 0x0,
    0x0, 0x0,

    /* U+0057 "W" */
    0xff, 0xf0, 0x0, 0x0, 0x1, 0xff, 0xf0, 0x0,
    0x0, 0x0, 0xff, 0xef, 0xfe, 0x0, 0x0, 0x0,
    0x7f, 0xff, 0x0, 0x0, 0x0, 0x1f, 0xfd, 0xff,
    0xc0, 0x0, 0x0, 0x1f, 0xff, 0xf0, 0x0, 0x0,
    0x7, 0xff, 0xbf, 0xfc, 0x0, 0x0, 0x3, 0xff,
    0xff, 0x0, 0x0, 0x0, 0xff, 0xf7, 0xff, 0x80,
    0x0, 0x0, 0x7f, 0xff, 0xe0, 0x0, 0x0, 0x1f,
    0xfc, 0x7f, 0xf0, 0x0, 0x0, 0x1f, 0xff, 0xfc,
    0x0, 0x0, 0x7, 0xff, 0x8f, 0xfe, 0x0, 0x0,
    0x3, 0xff, 0xff, 0xc0, 0x0, 0x0, 0xff, 0xf1,
    0xff, 0xe0, 0x0, 0x0, 0x7f, 0xff, 0xf8, 0x0,
    0x0, 0x1f, 0xfc, 0x1f, 0xfc, 0x0, 0x0, 0x1f,
    0xff, 0xff, 0x0, 0x0, 0x3, 0xff, 0x83, 0xff,
    0x80, 0x0, 0x3, 0xff, 0xff, 0xf0, 0x0, 0x0,
    0xff, 0xf0, 0x7f, 0xf8, 0x0, 0x0, 0x7f, 0xe7,
    0xfe, 0x0, 0x0, 0x1f, 0xfc, 0x7, 0xff, 0x0,
    0x0, 0x1f, 0xfc, 0xff, 0xc0, 0x0, 0x3, 0xff,
    0x80, 0xff, 0xe0, 0x0, 0x3, 0xff, 0x1f, 0xfc,
    0x0, 0x0, 0xff, 0xf0, 0x1f, 0xfe, 0x0, 0x0,
    0x7f, 0xe3, 0xff, 0x80, 0x0, 0x1f, 0xfc, 0x3,
    0xff, 0xc0, 0x0, 0x1f, 0xfc, 0x3f, 0xf0, 0x0,
    0x3, 0xff, 0x80, 0x3f, 0xf8, 0x0, 0x3, 0xff,
    0x7, 0xff, 0x0, 0x0, 0x7f, 0xf0, 0x7, 0xff,
    0x0, 0x0, 0x7f, 0xe0, 0xff, 0xe0, 0x0, 0x1f,
    0xfc, 0x0, 0xff, 0xf0, 0x0, 0x1f, 0xfc, 0xf,
    0xfc, 0x0, 0x3, 0xff, 0x80, 0xf, 0xfe, 0x0,
    0x3, 0xff, 0x1, 0xff, 0xc0, 0x0, 0x7f, 0xf0,
    0x1, 0xff, 0xc0, 0x0, 0x7f, 0xe0, 0x3f, 0xf8,
    0x0, 0x1f, 0xfe, 0x0, 0x3f, 0xfc, 0x0, 0x1f,
    0xfc, 0x3, 0xff, 0x0, 0x3, 0xff, 0x80, 0x3,
    0xff, 0x80, 0x3, 0xff, 0x0, 0x7f, 0xe0, 0x0,
    0x7f, 0xf0, 0x0, 0x7f, 0xf0, 0x0, 0x7f, 0xe0,
    0xf, 0xfe, 0x0, 0xf, 0xfe, 0x0, 0xf, 0xfe,
    0x0, 0x1f, 0xfc, 0x0, 0xff, 0xc0, 0x3, 0xff,
    0x80, 0x1, 0xff, 0xe0, 0x3, 0xff, 0x80, 0x1f,
    0xf8, 0x0, 0x7f, 0xf0, 0x0, 0x1f, 0xfc, 0x0,
    0x7f, 0xe0, 0x3, 0xff, 0x80, 0xf, 0xfe, 0x0,
    0x3, 0xff, 0x80, 0x1f, 0xfc, 0x0, 0x3f, 0xf0,
    0x3, 0xff, 0x80, 0x0, 0x7f, 0xf8, 0x3, 0xff,
    0x80, 0x7, 0xfe, 0x0, 0x7f, 0xf0, 0x0, 0x7,
    0xff, 0x0, 0x7f, 0xe0, 0x0, 0xff, 0xe0, 0xf,
    0xfe, 0x0, 0x0, 0xff, 0xe0, 0xf, 0xfc, 0x0,
    0xf, 0xfc, 0x3, 0xff, 0x80, 0x0, 0x1f, 0xfe,
    0x3, 0xff, 0x80, 0x1, 0xff, 0x80, 0x7f, 0xf0,
    0x0, 0x1, 0xff, 0xc0, 0x7f, 0xe0, 0x0, 0x3f,
    0xf8, 0xf, 0xfe, 0x0, 0x0, 0x3f, 0xf8, 0xf,
    0xfc, 0x0, 0x3, 0xff, 0x1, 0xff, 0x80, 0x0,
    0x7, 0xff, 0x3, 0xff, 0x80, 0x0, 0x7f, 0xe0,
    0x7f, 0xf0, 0x0, 0x0, 0x7f, 0xf0, 0x7f, 0xe0,
    0x0, 0xf, 0xfe, 0xf, 0xfe, 0x0, 0x0, 0xf,
    0xfe, 0xf, 0xfc, 0x0, 0x0, 0xff, 0xc1, 0xff,
    0x80, 0x0, 0x1, 0xff, 0xc3, 0xff, 0x80, 0x0,
    0x1f, 0xf8, 0x7f, 0xf0, 0x0, 0x0, 0x3f, 0xfc,
    0x7f, 0xe0, 0x0, 0x3, 0xff, 0x8f, 0xfe, 0x0,
    0x0, 0x3, 0xff, 0x8f, 0xfc, 0x0, 0x0, 0x3f,
    0xf1, 0xff, 0xc0, 0x0, 0x0, 0x7f, 0xf3, 0xff,
    0x80, 0x0, 0x7, 0xfe, 0x3f, 0xf0, 0x0, 0x0,
    0xf, 0xfe, 0x7f, 0xe0, 0x0, 0x0, 0xff, 0xef,
    0xfe, 0x0, 0x0, 0x0, 0xff, 0xff, 0xfc, 0x0,
    0x0, 0xf, 0xff, 0xff, 0xc0, 0x0, 0x0, 0x1f,
    0xff, 0xff, 0x80, 0x0, 0x1, 0xff, 0xff, 0xf0,
    0x0, 0x0, 0x3, 0xff, 0xff, 0xe0, 0x0, 0x0,
    0x3f, 0xff, 0xfe, 0x0, 0x0, 0x0, 0x3f, 0xff,
    0xfc, 0x0, 0x0, 0x3, 0xff, 0xff, 0xc0, 0x0,
    0x0, 0x7, 0xff, 0xff, 0x80, 0x0, 0x0, 0x7f,
    0xff, 0xf0, 0x0, 0x0, 0x0, 0xff, 0xff, 0xe0,
    0x0, 0x0, 0xf, 0xff, 0xfe, 0x0, 0x0, 0x0,
    0xf, 0xff, 0xfc, 0x0, 0x0, 0x0, 0xff, 0xff,
    0xc0, 0x0, 0x0, 0x1, 0xff, 0xff, 0x0, 0x0,
    0x0, 0x1f, 0xff, 0xf0, 0x0, 0x0, 0x0, 0x1f,
    0xff, 0xe0, 0x0, 0x0, 0x1, 0xff, 0xfc, 0x0,
    0x0, 0x0, 0x1, 0xff, 0xf0, 0x0, 0x0, 0x0,
    0x1f, 0xff, 0x0, 0x0, 0x0,

    /* U+0058 "X" */
    0x1f, 0xfe, 0x0, 0x0, 0x0, 0x0, 0x7f, 0xf8,
    0x7f, 0xfc, 0x0, 0x0, 0x0, 0x3, 0xff, 0xe0,
    0xff, 0xf8, 0x0, 0x0, 0x0, 0x1f, 0xff, 0x1,
    0xff, 0xf0, 0x0, 0x0, 0x0, 0xff, 0xf8, 0x7,
    0xff, 0xe0, 0x0, 0x0, 0x7, 0xff, 0xc0, 0xf,
    0xff, 0xc0, 0x0, 0x0, 0x3f, 0xfe, 0x0, 0x1f,
    0xff, 0x80, 0x0, 0x1, 0xff, 0xf0, 0x0, 0x3f,
    0xff, 0x0, 0x0, 0xf, 0xff, 0x80, 0x0, 0x7f,
    0xfe, 0x0, 0x0, 0x7f, 0xfc, 0x0, 0x0, 0xff,
    0xfc, 0x0, 0x3, 0xff, 0xe0, 0x0, 0x1, 0xff,
    0xf8, 0x0, 0x1f, 0xff, 0x0, 0x0, 0x3, 0xff,
    0xf0, 0x0, 0xff, 0xf8, 0x0, 0x0, 0x7, 0xff,
    0xe0, 0x7, 0xff, 0xc0, 0x0, 0x0, 0xf, 0xff,
    0x80, 0x3f, 0xfe, 0x0, 0x0, 0x0, 0x1f, 0xff,
    0x1, 0xff, 0xf0, 0x0, 0x0, 0x0, 0x3f, 0xfe,
    0xf, 0xff, 0x80, 0x0, 0x0, 0x0, 0x7f, 0xfc,
    0x7f, 0xfc, 0x0, 0x0, 0x0, 0x0, 0xff, 0xfb,
    0xff, 0xe0, 0x0, 0x0, 0x0, 0x1, 0xff, 0xff,
    0xff, 0x0, 0x0, 0x0, 0x0, 0x3, 0xff, 0xff,
    0xf8, 0x0, 0x0, 0x0, 0x0, 0x7, 0xff, 0xff,
    0xc0, 0x0, 0x0, 0x0, 0x0, 0xf, 0xff, 0xfe,
    0x0, 0x0, 0x0, 0x0, 0x0, 0x1f, 0xff, 0xf0,
    0x0, 0x0, 0x0, 0x0, 0x0, 0x3f, 0xff, 0x80,
    0x0, 0x0, 0x0, 0x0, 0x0, 0xff, 0xfe, 0x0,
    0x0, 0x0, 0x0, 0x0, 0x7, 0xff, 0xf8, 0x0,
    0x0, 0x0, 0x0, 0x0, 0x3f, 0xff, 0xf0, 0x0,
    0x0, 0x0, 0x0, 0x1, 0xff, 0xff, 0xe0, 0x0,
    0x0, 0x0, 0x0, 0xf, 0xff, 0xff, 0xc0, 0x0,
    0x0, 0x0, 0x0, 0x7f, 0xff, 0xff, 0x80, 0x0,
    0x0, 0x0, 0x3, 0xff, 0xff, 0xff, 0x0, 0x0,
    0x0, 0x0, 0x1f, 0xff, 0xff, 0xfe, 0x0, 0x0,
    0x0, 0x0, 0xff, 0xfc, 0xff, 0xfc, 0x0, 0x0,
    0x0, 0x7, 0xff, 0xe1, 0xff, 0xf8, 0x0, 0x0,
    0x0, 0x1f, 0xff, 0x3, 0xff, 0xf0, 0x0, 0x0,
    0x0, 0xff, 0xf8, 0x7, 0xff, 0xe0, 0x0, 0x0,
    0x7, 0xff, 0xc0, 0xf, 0xff, 0xc0, 0x0, 0x0,
    0x3f, 0xfe, 0x0, 0x1f, 0xff, 0x80, 0x0, 0x1,
    0xff, 0xf0, 0x0, 0x3f, 0xff, 0x0, 0x0, 0xf,
    0xff, 0x80, 0x0, 0x7f, 0xfe, 0x0, 0x0, 0x7f,
    0xfc, 0x0, 0x0, 0xff, 0xf8, 0x0, 0x3, 0xff,
    0xe0, 0x0, 0x1, 0xff, 0xf0, 0x0, 0x1f, 0xff,
    0x0, 0x0, 0x3, 0xff, 0xe0, 0x0, 0xff, 0xf8,
    0x0, 0x0, 0x7, 0xff, 0xc0, 0x7, 0xff, 0xc0,
    0x0, 0x0, 0xf, 0xff, 0x80, 0x3f, 0xfe, 0x0,
    0x0, 0x0, 0x3f, 0xff, 0x1, 0xff, 0xf0, 0x0,
    0x0, 0x0, 0x7f, 0xfe, 0xf, 0xff, 0x80, 0x0,
    0x0, 0x0, 0xff, 0xfc, 0x7f, 0xfc, 0x0, 0x0,
    0x0, 0x1, 0xff, 0xfb, 0xff, 0xf0, 0x0, 0x0,
    0x0, 0x3, 0xff, 0xff, 0xff, 0x80, 0x0, 0x0,
    0x0, 0x7, 0xff, 0xc0,

    /* U+0059 "Y" */
    0xff, 0xf0, 0x0, 0x0, 0x0, 0x0, 0x1f, 0xff,
    0xff, 0xf0, 0x0, 0x0, 0x0, 0x0, 0x3f, 0xfd,
    0xff, 0xf0, 0x0, 0x0, 0x0, 0x0, 0xff, 0xf1,
    0xff, 0xe0, 0x0, 0x0, 0x0, 0x3, 0xff, 0xc1,
    0xff, 0xe0, 0x0, 0x0, 0x0, 0xf, 0xff, 0x83,
    0xff, 0xe0, 0x0, 0x0, 0x0, 0x1f, 0xfe, 0x3,
    0xff, 0xe0, 0x0, 0x0, 0x0, 0x7f, 0xf8, 0x3,
    0xff, 0xc0, 0x0, 0x0, 0x1, 0xff, 0xe0, 0x3,
    0xff, 0xc0, 0x0, 0x0, 0x7, 0xff, 0xc0, 0x7,
    0xff, 0xc0, 0x0, 0x0, 0xf, 0xff, 0x0, 0x7,
    0xff, 0x80, 0x0, 0x0, 0x3f, 0xfc, 0x0, 0x7,
    0xff, 0x80, 0x0, 0x0, 0xff, 0xf0, 0x0, 0x7,
    0xff, 0x80, 0x0, 0x3, 0xff, 0xc0, 0x0, 0x7,
    0xff, 0x80, 0x0, 0x7, 0xff, 0x80, 0x0, 0xf,
    0xff, 0x0, 0x0, 0x1f, 0xfe, 0x0, 0x0, 0xf,
    0xff, 0x0, 0x0, 0x7f, 0xf8, 0x0, 0x0, 0xf,
    0xff, 0x0, 0x0, 0xff, 0xe0, 0x0, 0x0, 0xf,
    0xff, 0x0, 0x3, 0xff, 0xc0, 0x0, 0x0, 0x1f,
    0xfe, 0x0, 0xf, 0xff, 0x0, 0x0, 0x0, 0x1f,
    0xfe, 0x0, 0x3f, 0xfc, 0x0, 0x0, 0x0, 0x1f,
    0xfe, 0x0, 0x7f, 0xf0, 0x0, 0x0, 0x0, 0x1f,
    0xfe, 0x1, 0xff, 0xe0, 0x0, 0x0, 0x0, 0x3f,
    0xfc, 0x7, 0xff, 0x80, 0x0, 0x0, 0x0, 0x3f,
    0xfc, 0x1f, 0xfe, 0x0, 0x0, 0x0, 0x0, 0x3f,
    0xfc, 0x3f, 0xf8, 0x0, 0x0, 0x0, 0x0, 0x3f,
    0xf8, 0xff, 0xf0, 0x0, 0x0, 0x0, 0x0, 0x7f,
    0xfb, 0xff, 0xc0, 0x0, 0x0, 0x0, 0x0, 0x7f,
    0xff, 0xff, 0x0, 0x0, 0x0, 0x0, 0x0, 0x7f,
    0xff, 0xfc, 0x0, 0x0, 0x0, 0x0, 0x0, 0x7f,
    0xff, 0xf8, 0x0, 0x0, 0x0, 0x0, 0x0, 0xff,
    0xff, 0xe0, 0x0, 0x0, 0x0, 0x0, 0x0, 0xff,
    0xff, 0x80, 0x0, 0x0, 0x0, 0x0, 0x0, 0xff,
    0xfe, 0x0, 0x0, 0x0, 0x0, 0x0, 0x0, 0xff,
    0xf8, 0x0, 0x0, 0x0, 0x0, 0x0, 0x1, 0xff,
    0xf0, 0x0, 0x0, 0x0, 0x0, 0x0, 0x1, 0xff,
    0xc0, 0x0, 0x0, 0x0, 0x0, 0x0, 0x3, 0xff,
    0x80, 0x0, 0x0, 0x0, 0x0, 0x0, 0x7, 0xff,
    0x0, 0x0, 0x0, 0x0, 0x0, 0x0, 0xf, 0xfe,
    0x0, 0x0, 0x0, 0x0, 0x0, 0x0, 0x1f, 0xfc,
    0x0, 0x0, 0x0, 0x0, 0x0, 0x0, 0x3f, 0xf8,
    0x0, 0x0, 0x0, 0x0, 0x0, 0x0, 0x7f, 0xf0,
    0x0, 0x0, 0x0, 0x0, 0x0, 0x0, 0xff, 0xe0,
    0x0, 0x0, 0x0, 0x0, 0x0, 0x1, 0xff, 0xc0,
    0x0, 0x0, 0x0, 0x0, 0x0, 0x3, 0xff, 0x80,
    0x0, 0x0, 0x0, 0x0, 0x0, 0x7, 0xff, 0x0,
    0x0, 0x0, 0x0, 0x0, 0x0, 0xf, 0xfe, 0x0,
    0x0, 0x0, 0x0, 0x0, 0x0, 0x1f, 0xfc, 0x0,
    0x0, 0x0, 0x0, 0x0, 0x0, 0x3f, 0xf8, 0x0,
    0x0, 0x0, 0x0, 0x0, 0x0, 0x7f, 0xf0, 0x0,
    0x0, 0x0, 0x0, 0x0, 0x0, 0xff, 0xe0, 0x0,
    0x0, 0x0,

    /* U+005A "Z" */
    0x7f, 0xff, 0xff, 0xff, 0xff, 0xff, 0xe3, 0xff,
    0xff, 0xff, 0xff, 0xff, 0xff, 0xef, 0xff, 0xff,
    0xff, 0xff, 0xff, 0xff, 0xbf, 0xff, 0xff, 0xff,
    0xff, 0xff, 0xff, 0xff, 0xff, 0xff, 0xff, 0xff,
    0xff, 0xff, 0xff, 0xff, 0xff, 0xff, 0xff, 0xff,
    0xff, 0xff, 0xff, 0xff, 0xff, 0xff, 0xff, 0xff,
    0xff, 0xff, 0xff, 0xff, 0xff, 0xff, 0xff, 0xff,
    0xff, 0xff, 0xff, 0xff, 0xfd, 0xff, 0xff, 0xff,
    0xff, 0xff, 0xff, 0xf0, 0x0, 0x0, 0x0, 0x0,
    0x3, 0xff, 0xc0, 0x0, 0x0, 0x0, 0x0, 0xf,
    0xff, 0x0, 0x0, 0x0, 0x0, 0x0, 0x7f, 0xfc,
    0x0, 0x0, 0x0, 0x0, 0x7, 0xff, 0xf0, 0x0,
    0x0, 0x0, 0x0, 0x7f, 0xff, 0xc0, 0x0, 0x0,
    0x0, 0x7, 0xff, 0xff, 0x0, 0x0, 0x0, 0x0,
    0x7f, 0xff, 0xf8, 0x0, 0x0, 0x0, 0x3, 0xff,
    0xff, 0xc0, 0x0, 0x0, 0x0, 0x3f, 0xff, 0xfc,
    0x0, 0x0, 0x0, 0x3, 0xff, 0xff, 0xc0, 0x0,
    0x0, 0x0, 0x3f, 0xff, 0xfc, 0x0, 0x0, 0x0,
    0x3, 0xff, 0xff, 0xe0, 0x0, 0x0, 0x0, 0x3f,
    0xff, 0xfe, 0x0, 0x0, 0x0, 0x3, 0xff, 0xff,
    0xe0, 0x0, 0x0, 0x0, 0x1f, 0xff, 0xfe, 0x0,
    0x0, 0x0, 0x1, 0xff, 0xff, 0xe0, 0x0, 0x0,
    0x0, 0x1f, 0xff, 0xfe, 0x0, 0x0, 0x0, 0x1,
    0xff, 0xff, 0xe0, 0x0, 0x0, 0x0, 0x1f, 0xff,
    0xff, 0x0, 0x0, 0x0, 0x1, 0xff, 0xff, 0xf0,
    0x0, 0x0, 0x0, 0x1f, 0xff, 0xff, 0x0, 0x0,
    0x0, 0x0, 0xff, 0xff, 0xf0, 0x0, 0x0, 0x0,
    0xf, 0xff, 0xff, 0x0, 0x0, 0x0, 0x0, 0xff,
    0xff, 0xf0, 0x0, 0x0, 0x0, 0x7, 0xff, 0xff,
    0x0, 0x0, 0x0, 0x0, 0x3f, 0xff, 0xf8, 0x0,
    0x0, 0x0, 0x0, 0xff, 0xff, 0x80, 0x0, 0x0,
    0x0, 0x3, 0xff, 0xf8, 0x0, 0x0, 0x0, 0x0,
    0xf, 0xff, 0x80, 0x0, 0x0, 0x0, 0x0, 0x3f,
    0xfc, 0x0, 0x0, 0x0, 0x0, 0x0, 0xff, 0xf0,
    0x0, 0x0, 0x0, 0x0, 0x3, 0xff, 0xff, 0xff,
    0xff, 0xff, 0xff, 0xef, 0xff, 0xff, 0xff, 0xff,
    0xff, 0xff, 0xff, 0xff, 0xff, 0xff, 0xff, 0xff,
    0xff, 0xff, 0xff, 0xff, 0xff, 0xff, 0xff, 0xff,
    0xff, 0xff, 0xff, 0xff, 0xff, 0xff, 0xff, 0xff,
    0xff, 0xff, 0xff, 0xff, 0xff, 0xff, 0xff, 0xff,
    0xff, 0xff, 0xff, 0xff, 0x7f, 0xff, 0xff, 0xff,
    0xff, 0xff, 0xfd, 0xff, 0xff, 0xff, 0xff, 0xff,
    0xff, 0xf1, 0xff, 0xff, 0xff, 0xff, 0xff, 0xff,
    0x80,

    /* U+005B "[" */
    0x1f, 0xff, 0xe7, 0xff, 0xff, 0x7f, 0xff, 0xff,
    0xff, 0xff, 0xff, 0xff, 0xff, 0xff, 0xff, 0xff,
    0xff, 0xef, 0xe0, 0x0, 0xfe, 0x0, 0xf, 0xe0,
    0x0, 0xfe, 0x0, 0xf, 0xe0, 0x0, 0xfe, 0x0,
    0xf, 0xe0, 0x0, 0xfe, 0x0, 0xf, 0xe0, 0x0,
    0xfe, 0x0, 0xf, 0xe0, 0x0, 0xfe, 0x0, 0xf,
    0xe0, 0x0, 0xfe, 0x0, 0xf, 0xe0, 0x0, 0xfe,
    0x0, 0xf, 0xe0, 0x0, 0xfe, 0x0, 0xf, 0xe0,
    0x0, 0xfe, 0x0, 0xf, 0xe0, 0x0, 0xfe, 0x0,
    0xf, 0xe0, 0x0, 0xfe, 0x0, 0xf, 0xe0, 0x0,
    0xfe, 0x0, 0xf, 0xe0, 0x0, 0xfe, 0x0, 0xf,
    0xe0, 0x0, 0xfe, 0x0, 0xf, 0xe0, 0x0, 0xfe,
    0x0, 0xf, 0xe0, 0x0, 0xfe, 0x0, 0xf, 0xe0,
    0x0, 0xfe, 0x0, 0xf, 0xe0, 0x0, 0xfe, 0x0,
    0xf, 0xe0, 0x0, 0xfe, 0x0, 0xf, 0xe0, 0x0,
    0xfe, 0x0, 0xf, 0xe0, 0x0, 0xfe, 0x0, 0xf,
    0xe0, 0x0, 0xfe, 0x0, 0xf, 0xe0, 0x0, 0xfe,
    0x0, 0xf, 0xe0, 0x0, 0xfe, 0x0, 0xf, 0xe0,
    0x0, 0xfe, 0x0, 0xf, 0xe0, 0x0, 0xfe, 0x0,
    0xf, 0xe0, 0x0, 0xfe, 0x0, 0xf, 0xe0, 0x0,
    0xfe, 0x0, 0xf, 0xe0, 0x0, 0xfe, 0x0, 0xf,
    0xe0, 0x0, 0xfe, 0x0, 0xf, 0xe0, 0x0, 0xfe,
    0x0, 0xf, 0xe0, 0x0, 0xfe, 0x0, 0xf, 0xe0,
    0x0, 0xff, 0xff, 0xef, 0xff, 0xff, 0xff, 0xff,
    0xff, 0xff, 0xff, 0x7f, 0xff, 0xf7, 0xff, 0xff,
    0x1f, 0xff, 0xe0,

    /* U+005C "\\" */
    0xfe, 0x0, 0x0, 0x3, 0xfc, 0x0, 0x0, 0x7,
    0xf0, 0x0, 0x0, 0x1f, 0xc0, 0x0, 0x0, 0x7f,
    0x80, 0x0, 0x0, 0xfe, 0x0, 0x0, 0x3, 0xf8,
    0x0, 0x0, 0xf, 0xf0, 0x0, 0x0, 0x1f, 0xc0,
    0x0, 0x0, 0x7f, 0x0, 0x0, 0x1, 0xfe, 0x0,
    0x0, 0x3, 0xf8, 0x0, 0x0, 0xf, 0xe0, 0x0,
    0x0, 0x3f, 0xc0, 0x0, 0x0, 0x7f, 0x0, 0x0,
    0x1, 0xfc, 0x0, 0x0, 0x7, 0xf8, 0x0, 0x0,
    0xf, 0xe0, 0x0, 0x0, 0x3f, 0x80, 0x0, 0x0,
    0xff, 0x0, 0x0, 0x1, 0xfc, 0x0, 0x0, 0x7,
    0xf0, 0x0, 0x0, 0x1f, 0xe0, 0x0, 0x0, 0x3f,
    0x80, 0x0, 0x0, 0xfe, 0x0, 0x0, 0x3, 0xf8,
    0x0, 0x0, 0xf, 0xf0, 0x0, 0x0, 0x1f, 0xc0,
    0x0, 0x0, 0x7f, 0x0, 0x0, 0x1, 0xfe, 0x0,
    0x0, 0x3, 0xf8, 0x0, 0x0, 0xf, 0xe0, 0x0,
    0x0, 0x3f, 0xc0, 0x0, 0x0, 0x7f, 0x0, 0x0,
    0x1, 0xfc, 0x0, 0x0, 0x7, 0xf8, 0x0, 0x0,
    0xf, 0xe0, 0x0, 0x0, 0x3f, 0x80, 0x0, 0x0,
    0xff, 0x0, 0x0, 0x1, 0xfc, 0x0, 0x0, 0x7,
    0xf0, 0x0, 0x0, 0x1f, 0xe0, 0x0, 0x0, 0x3f,
    0x80, 0x0, 0x0, 0xfe, 0x0, 0x0, 0x3, 0xfc,
    0x0, 0x0, 0x7, 0xf0, 0x0, 0x0, 0x1f, 0xc0,
    0x0, 0x0, 0x7f, 0x80, 0x0, 0x0, 0xfe, 0x0,
    0x0, 0x3, 0xf8, 0x0, 0x0, 0xf, 0xe0, 0x0,
    0x0, 0x3f, 0xc0, 0x0, 0x0, 0x7f, 0x0, 0x0,
    0x1, 0xfc, 0x0, 0x0, 0x7, 0xf8, 0x0, 0x0,
    0xf, 0xe0, 0x0, 0x0, 0x3f, 0x80, 0x0, 0x0,
    0xff, 0x0, 0x0, 0x1, 0xfc, 0x0, 0x0, 0x7,
    0xf0, 0x0, 0x0, 0x1f, 0xe0, 0x0, 0x0, 0x3f,
    0x80, 0x0, 0x0, 0xfe, 0x0, 0x0, 0x3, 0xfc,
    0x0, 0x0, 0x7, 0xf0, 0x0, 0x0, 0x1f, 0xc0,
    0x0, 0x0, 0x7f, 0x80, 0x0, 0x0, 0xfe, 0x0,
    0x0, 0x3, 0xf8, 0x0, 0x0, 0xf, 0xe0,

    /* U+005D "]" */
    0xff, 0xff, 0x8f, 0xff, 0xfc, 0xff, 0xff, 0xef,
    0xff, 0xff, 0xff, 0xff, 0xff, 0xff, 0xff, 0xff,
    0xff, 0xf0, 0x0, 0x7f, 0x0, 0x7, 0xf0, 0x0,
    0x7f, 0x0, 0x7, 0xf0, 0x0, 0x7f, 0x0, 0x7,
    0xf0, 0x0, 0x7f, 0x0, 0x7, 0xf0, 0x0, 0x7f,
    0x0, 0x7, 0xf0, 0x0, 0x7f, 0x0, 0x7, 0xf0,
    0x0, 0x7f, 0x0, 0x7, 0xf0, 0x0, 0x7f, 0x0,
    0x7, 0xf0, 0x0, 0x7f, 0x0, 0x7, 0xf0, 0x0,
    0x7f, 0x0, 0x7, 0xf0, 0x0, 0x7f, 0x0, 0x7,
    0xf0, 0x0, 0x7f, 0x0, 0x7, 0xf0, 0x0, 0x7f,
    0x0, 0x7, 0xf0, 0x0, 0x7f, 0x0, 0x7, 0xf0,
    0x0, 0x7f, 0x0, 0x7, 0xf0, 0x0, 0x7f, 0x0,
    0x7, 0xf0, 0x0, 0x7f, 0x0, 0x7, 0xf0, 0x0,
    0x7f, 0x0, 0x7, 0xf0, 0x0, 0x7f, 0x0, 0x7,
    0xf0, 0x0, 0x7f, 0x0, 0x7, 0xf0, 0x0, 0x7f,
    0x0, 0x7, 0xf0, 0x0, 0x7f, 0x0, 0x7, 0xf0,
    0x0, 0x7f, 0x0, 0x7, 0xf0, 0x0, 0x7f, 0x0,
    0x7, 0xf0, 0x0, 0x7f, 0x0, 0x7, 0xf0, 0x0,
    0x7f, 0x0, 0x7, 0xf0, 0x0, 0x7f, 0x0, 0x7,
    0xf0, 0x0, 0x7f, 0x0, 0x7, 0xf0, 0x0, 0x7f,
    0x0, 0x7, 0xf0, 0x0, 0x7f, 0x0, 0x7, 0xf0,
    0x0, 0x7f, 0x0, 0x7, 0xf0, 0x0, 0x7f, 0x0,
    0x7, 0xf0, 0x0, 0x7f, 0x0, 0x7, 0xf0, 0x0,
    0x7f, 0xff, 0xff, 0xff, 0xff, 0xff, 0xff, 0xff,
    0xff, 0xff, 0xff, 0xff, 0xff, 0xef, 0xff, 0xfc,
    0xff, 0xff, 0x80,

    /* U+005E "^" */
    0x0, 0x1, 0xfe, 0x0, 0x0, 0x0, 0xf, 0xfc,
    0x0, 0x0, 0x0, 0x7f, 0xf8, 0x0, 0x0, 0x1,
    0xff, 0xe0, 0x0, 0x0, 0xf, 0xff, 0xc0, 0x0,
    0x0, 0x3f, 0xff, 0x0, 0x0, 0x0, 0xff, 0xfc,
    0x0, 0x0, 0x7, 0xff, 0xf8, 0x0, 0x0, 0x1f,
    0xcf, 0xe0, 0x0, 0x0, 0xff, 0x3f, 0xc0, 0x0,
    0x3, 0xf8, 0x7f, 0x0, 0x0, 0xf, 0xe1, 0xfc,
    0x0, 0x0, 0x7f, 0x87, 0xf8, 0x0, 0x1, 0xfc,
    0xf, 0xe0, 0x0, 0x7, 0xf0, 0x3f, 0x80, 0x0,
    0x3f, 0xc0, 0x7f, 0x0, 0x0, 0xfe, 0x1, 0xfc,
    0x0, 0x3, 0xf8, 0x7, 0xf0, 0x0, 0x1f, 0xe0,
    0xf, 0xe0, 0x0, 0x7f, 0x0, 0x3f, 0x80, 0x1,
    0xfc, 0x0, 0xff, 0x0, 0xf, 0xe0, 0x1, 0xfc,
    0x0, 0x3f, 0x80, 0x7, 0xf0, 0x1, 0xfe, 0x0,
    0x1f, 0xe0, 0x7, 0xf0, 0x0, 0x3f, 0x80, 0x1f,
    0xc0, 0x0, 0xfe, 0x0, 0xff, 0x0, 0x3, 0xfc,
    0x3, 0xf8, 0x0, 0x7, 0xf0, 0xf, 0xe0, 0x0,
    0x1f, 0xc0, 0x7f, 0x80, 0x0, 0x7f, 0x81, 0xfc,
    0x0, 0x0, 0xfe, 0x7, 0xf0, 0x0, 0x3, 0xf8,
    0x3f, 0xc0, 0x0, 0x7, 0xf0, 0xfe, 0x0, 0x0,
    0x1f, 0xc7, 0xf8, 0x0, 0x0, 0x7f, 0x9f, 0xc0,
    0x0, 0x0, 0xfe, 0x7f, 0x0, 0x0, 0x3, 0xfb,
    0xfc, 0x0, 0x0, 0xf, 0xf7, 0xe0, 0x0, 0x0,
    0x1f, 0x80,

    /* U+005F "_" */
    0xff, 0xff, 0xff, 0xff, 0xff, 0xff, 0xff, 0xff,
    0xff, 0xff, 0xff, 0xff, 0xff, 0xff, 0xff, 0xff,
    0xff, 0xff, 0xff, 0xff, 0xff, 0xff, 0xff, 0xff,
    0xff, 0xff, 0xff, 0xff, 0xff, 0xff, 0xff, 0xff,
    0xff, 0xff, 0xff, 0xff, 0xff, 0xff, 0xff, 0xe0,

    /* U+0060 "`" */
    0xff, 0x80, 0x7f, 0xe0, 0x1f, 0xf0, 0xf, 0xfc,
    0x3, 0xfe, 0x1, 0xff, 0x80, 0x7f, 0xc0, 0x3f,
    0xf0, 0xf, 0xf8, 0x7, 0xfe, 0x1, 0xff, 0x0,
    0xff, 0x80, 0x3f, 0xe0, 0xf, 0xf0, 0x7, 0xfc,
    0x1, 0xfe, 0x0, 0xff, 0x0,

    /* U+0061 "a" */
    0x7f, 0xff, 0xff, 0xff, 0xff, 0x0, 0xf, 0xff,
    0xff, 0xff, 0xff, 0xfe, 0x1, 0xff, 0xff, 0xff,
    0xff, 0xff, 0xf0, 0x3f, 0xff, 0xff, 0xff, 0xff,
    0xff, 0x7, 0xff, 0xff, 0xff, 0xff, 0xff, 0xf0,
    0xff, 0xff, 0xff, 0xff, 0xff, 0xff, 0x1f, 0xff,
    0xff, 0xff, 0xff, 0xff, 0xf3, 0xff, 0xff, 0xff,
    0xff, 0xff, 0xfe, 0x0, 0x0, 0x0, 0x0, 0x7,
    0xff, 0xc0, 0x0, 0x0, 0x0, 0x0, 0x3f, 0xf8,
    0x0, 0x0, 0x0, 0x0, 0x3, 0xff, 0x80, 0x0,
    0x0, 0x0, 0x0, 0x7f, 0xf0, 0x0, 0x0, 0x0,
    0x0, 0x7, 0xfe, 0x0, 0x0, 0x0, 0x0, 0x0,
    0xff, 0xc0, 0x0, 0x0, 0x0, 0x0, 0x1f, 0xf8,
    0x0, 0x0, 0x0, 0x0, 0x3, 0xff, 0x0, 0x0,
    0x0, 0x0, 0x0, 0x7f, 0xe0, 0x3f, 0xff, 0xff,
    0xff, 0xff, 0xfc, 0x3f, 0xff, 0xff, 0xff, 0xff,
    0xff, 0x9f, 0xff, 0xff, 0xff, 0xff, 0xff, 0xf7,
    0xff, 0xff, 0xff, 0xff, 0xff, 0xfe, 0xff, 0xff,
    0xff, 0xff, 0xff, 0xff, 0xdf, 0xff, 0xff, 0xff,
    0xff, 0xff, 0xff, 0xff, 0x0, 0x0, 0x0, 0x3,
    0xff, 0xff, 0xc0, 0x0, 0x0, 0x0, 0x7f, 0xff,
    0xf8, 0x0, 0x0, 0x0, 0xf, 0xff, 0xff, 0x0,
    0x0, 0x0, 0x1, 0xff, 0xff, 0xe0, 0x0, 0x0,
    0x0, 0x3f, 0xff, 0xfc, 0x0, 0x0, 0x0, 0x7,
    0xff, 0xff, 0x80, 0x0, 0x0, 0x0, 0xff, 0xff,
    0xf0, 0x0, 0x0, 0x0, 0x1f, 0xff, 0xff, 0x0,
    0x0, 0x0, 0x7, 0xff, 0xff, 0xff, 0xff, 0xff,
    0xff, 0xff, 0xff, 0xff, 0xff, 0xff, 0xff, 0xff,
    0xfd, 0xff, 0xff, 0xff, 0xff, 0xff, 0xff, 0xbf,
    0xff, 0xff, 0xff, 0xff, 0xff, 0xf7, 0xff, 0xff,
    0xff, 0xff, 0xff, 0xfe, 0x7f, 0xff, 0xff, 0xff,
    0xff, 0xff, 0xc3, 0xff, 0xff, 0xff, 0xff, 0xff,
    0xf0, 0x1f, 0xff, 0xff, 0xff, 0xff, 0xfc,

    /* U+0062 "b" */
    0xff, 0xc0, 0x0, 0x0, 0x0, 0x0, 0x3, 0xff,
    0x0, 0x0, 0x0, 0x0, 0x0, 0xf, 0xfc, 0x0,
    0x0, 0x0, 0x0, 0x0, 0x3f, 0xf0, 0x0, 0x0,
    0x0, 0x0, 0x0, 0xff, 0xc0, 0x0, 0x0, 0x0,
    0x0, 0x3, 0xff, 0x0, 0x0, 0x0, 0x0, 0x0,
    0xf, 0xfc, 0x0, 0x0, 0x0, 0x0, 0x0, 0x3f,
    0xf0, 0x0, 0x0, 0x0, 0x0, 0x0, 0xff, 0xc0,
    0x0, 0x0, 0x0, 0x0, 0x3, 0xff, 0x0, 0x0,
    0x0, 0x0, 0x0, 0xf, 0xfc, 0x0, 0x0, 0x0,
    0x0, 0x0, 0x3f, 0xf0, 0x0, 0x0, 0x0, 0x0,
    0x0, 0xff, 0xc0, 0x0, 0x0, 0x0, 0x0, 0x3,
    0xff, 0x0, 0x0, 0x0, 0x0, 0x0, 0xf, 0xfc,
    0x0, 0x0, 0x0, 0x0, 0x0, 0x3f, 0xff, 0xff,
    0xff, 0xff, 0xf8, 0x0, 0xff, 0xff, 0xff, 0xff,
    0xff, 0xfe, 0x3, 0xff, 0xff, 0xff, 0xff, 0xff,
    0xfe, 0xf, 0xff, 0xff, 0xff, 0xff, 0xff, 0xfc,
    0x3f, 0xff, 0xff, 0xff, 0xff, 0xff, 0xf8, 0xff,
    0xff, 0xff, 0xff, 0xff, 0xff, 0xf3, 0xff, 0xff,
    0xff, 0xff, 0xff, 0xff, 0xef, 0xff, 0xff, 0xff,
    0xff, 0xff, 0xff, 0xbf, 0xf0, 0x0, 0x0, 0x0,
    0x3f, 0xfe, 0xff, 0xc0, 0x0, 0x0, 0x0, 0x3f,
    0xfb, 0xff, 0x0, 0x0, 0x0, 0x0, 0x7f, 0xff,
    0xfc, 0x0, 0x0, 0x0, 0x1, 0xff, 0xff, 0xf0,
    0x0, 0x0, 0x0, 0x3, 0xff, 0xff, 0xc0, 0x0,
    0x0, 0x0, 0xf, 0xff, 0xff, 0x0, 0x0, 0x0,
    0x0, 0x3f, 0xff, 0xfc, 0x0, 0x0, 0x0, 0x0,
    0xff, 0xff, 0xf0, 0x0, 0x0, 0x0, 0x3, 0xff,
    0xff, 0xc0, 0x0, 0x0, 0x0, 0xf, 0xff, 0xff,
    0x0, 0x0, 0x0, 0x0, 0x3f, 0xff, 0xfc, 0x0,
    0x0, 0x0, 0x0, 0xff, 0xff, 0xf0, 0x0, 0x0,
    0x0, 0x3, 0xff, 0xff, 0xc0, 0x0, 0x0, 0x0,
    0xf, 0xff, 0xff, 0x0, 0x0, 0x0, 0x0, 0x3f,
    0xff, 0xfc, 0x0, 0x0, 0x0, 0x0, 0xff, 0xff,
    0xf0, 0x0, 0x0, 0x0, 0x3, 0xff, 0xff, 0xc0,
    0x0, 0x0, 0x0, 0xf, 0xff, 0xff, 0x0, 0x0,
    0x0, 0x0, 0x3f, 0xff, 0xfc, 0x0, 0x0, 0x0,
    0x0, 0xff, 0xff, 0xf8, 0x0, 0x0, 0x0, 0x7,
    0xff, 0xff, 0xe0, 0x0, 0x0, 0x0, 0x1f, 0xff,
    0xff, 0xc0, 0x0, 0x0, 0x0, 0xff, 0xf7, 0xff,
    0xc0, 0x0, 0x0, 0xf, 0xff, 0x9f, 0xff, 0xff,
    0xff, 0xff, 0xff, 0xfe, 0x7f, 0xff, 0xff, 0xff,
    0xff, 0xff, 0xf8, 0xff, 0xff, 0xff, 0xff, 0xff,
    0xff, 0xc1, 0xff, 0xff, 0xff, 0xff, 0xff, 0xfe,
    0x3, 0xff, 0xff, 0xff, 0xff, 0xff, 0xf0, 0x7,
    0xff, 0xff, 0xff, 0xff, 0xff, 0x80, 0x7, 0xff,
    0xff, 0xff, 0xff, 0xf8, 0x0, 0x3, 0xff, 0xff,
    0xff, 0xff, 0x0, 0x0,

    /* U+0063 "c" */
    0x0, 0x1f, 0xff, 0xff, 0xff, 0xfe, 0x1, 0xff,
    0xff, 0xff, 0xff, 0xff, 0x7, 0xff, 0xff, 0xff,
    0xff, 0xff, 0xf, 0xff, 0xff, 0xff, 0xff, 0xff,
    0x1f, 0xff, 0xff, 0xff, 0xff, 0xff, 0x3f, 0xff,
    0xff, 0xff, 0xff, 0xff, 0x7f, 0xff, 0xff, 0xff,
    0xff, 0xff, 0x7f, 0xff, 0xff, 0xff, 0xff, 0xfe,
    0x7f, 0xfc, 0x0, 0x0, 0x0, 0x0, 0xff, 0xf0,
    0x0, 0x0, 0x0, 0x0, 0xff, 0xe0, 0x0, 0x0,
    0x0, 0x0, 0xff, 0xe0, 0x0, 0x0, 0x0, 0x0,
    0xff, 0xc0, 0x0, 0x0, 0x0, 0x0, 0xff, 0xc0,
    0x0, 0x0, 0x0, 0x0, 0xff, 0xc0, 0x0, 0x0,
    0x0, 0x0, 0xff, 0xc0, 0x0, 0x0, 0x0, 0x0,
    0xff, 0xc0, 0x0, 0x0, 0x0, 0x0, 0xff, 0xc0,
    0x0, 0x0, 0x0, 0x0, 0xff, 0xc0, 0x0, 0x0,
    0x0, 0x0, 0xff, 0xc0, 0x0, 0x0, 0x0, 0x0,
    0xff, 0xc0, 0x0, 0x0, 0x0, 0x0, 0xff, 0xc0,
    0x0, 0x0, 0x0, 0x0, 0xff, 0xc0, 0x0, 0x0,
    0x0, 0x0, 0xff, 0xc0, 0x0, 0x0, 0x0, 0x0,
    0xff, 0xc0, 0x0, 0x0, 0x0, 0x0, 0xff, 0xc0,
    0x0, 0x0, 0x0, 0x0, 0xff, 0xc0, 0x0, 0x0,
    0x0, 0x0, 0xff, 0xc0, 0x0, 0x0, 0x0, 0x0,
    0xff, 0xe0, 0x0, 0x0, 0x0, 0x0, 0xff, 0xe0,
    0x0, 0x0, 0x0, 0x0, 0xff, 0xf0, 0x0, 0x0,
    0x0, 0x0, 0x7f, 0xfc, 0x0, 0x0, 0x0, 0x0,
    0x7f, 0xff, 0xff, 0xff, 0xff, 0xfe, 0x7f, 0xff,
    0xff, 0xff, 0xff, 0xff, 0x3f, 0xff, 0xff, 0xff,
    0xff, 0xff, 0x1f, 0xff, 0xff, 0xff, 0xff, 0xff,
    0xf, 0xff, 0xff, 0xff, 0xff, 0xff, 0x7, 0xff,
    0xff, 0xff, 0xff, 0xff, 0x1, 0xff, 0xff, 0xff,
    0xff, 0xff, 0x0, 0x3f, 0xff, 0xff, 0xff, 0xfe,

    /* U+0064 "d" */
    0x0, 0x0, 0x0, 0x0, 0x0, 0xf, 0xfc, 0x0,
    0x0, 0x0, 0x0, 0x0, 0x3f, 0xf0, 0x0, 0x0,
    0x0, 0x0, 0x0, 0xff, 0xc0, 0x0, 0x0, 0x0,
    0x0, 0x3, 0xff, 0x0, 0x0, 0x0, 0x0, 0x0,
    0xf, 0xfc, 0x0, 0x0, 0x0, 0x0, 0x0, 0x3f,
    0xf0, 0x0, 0x0, 0x0, 0x0, 0x0, 0xff, 0xc0,
    0x0, 0x0, 0x0, 0x0, 0x3, 0xff, 0x0, 0x0,
    0x0, 0x0, 0x0, 0xf, 0xfc, 0x0, 0x0, 0x0,
    0x0, 0x0, 0x3f, 0xf0, 0x0, 0x0, 0x0, 0x0,
    0x0, 0xff, 0xc0, 0x0, 0x0, 0x0, 0x0, 0x3,
    0xff, 0x0, 0x0, 0x0, 0x0, 0x0, 0xf, 0xfc,
    0x0, 0x0, 0x0, 0x0, 0x0, 0x3f, 0xf0, 0x0,
    0x0, 0x0, 0x0, 0x0, 0xff, 0xc0, 0x7, 0xff,
    0xff, 0xff, 0xff, 0xff, 0x1, 0xff, 0xff, 0xff,
    0xff, 0xff, 0xfc, 0x1f, 0xff, 0xff, 0xff, 0xff,
    0xff, 0xf0, 0xff, 0xff, 0xff, 0xff, 0xff, 0xff,
    0xc7, 0xff, 0xff, 0xff, 0xff, 0xff, 0xff, 0x3f,
    0xff, 0xff, 0xff, 0xff, 0xff, 0xfd, 0xff, 0xff,
    0xff, 0xff, 0xff, 0xff, 0xf7, 0xff, 0xff, 0xff,
    0xff, 0xff, 0xff, 0xdf, 0xff, 0x0, 0x0, 0x0,
    0x3, 0xff, 0xff, 0xf0, 0x0, 0x0, 0x0, 0xf,
    0xff, 0xff, 0x80, 0x0, 0x0, 0x0, 0x3f, 0xff,
    0xfe, 0x0, 0x0, 0x0, 0x0, 0xff, 0xff, 0xf0,
    0x0, 0x0, 0x0, 0x3, 0xff, 0xff, 0xc0, 0x0,
    0x0, 0x0, 0xf, 0xff, 0xff, 0x0, 0x0, 0x0,
    0x0, 0x3f, 0xff, 0xfc, 0x0, 0x0, 0x0, 0x0,
    0xff, 0xff, 0xf0, 0x0, 0x0, 0x0, 0x3, 0xff,
    0xff, 0xc0, 0x0, 0x0, 0x0, 0xf, 0xff, 0xff,
    0x0, 0x0, 0x0, 0x0, 0x3f, 0xff, 0xfc, 0x0,
    0x0, 0x0, 0x0, 0xff, 0xff, 0xf0, 0x0, 0x0,
    0x0, 0x3, 0xff, 0xff, 0xc0, 0x0, 0x0, 0x0,
    0xf, 0xff, 0xff, 0x0, 0x0, 0x0, 0x0, 0x3f,
    0xff, 0xfc, 0x0, 0x0, 0x0, 0x0, 0xff, 0xff,
    0xf0, 0x0, 0x0, 0x0, 0x3, 0xff, 0xff, 0xc0,
    0x0, 0x0, 0x0, 0xf, 0xff, 0xff, 0x0, 0x0,
    0x0, 0x0, 0x3f, 0xff, 0xfc, 0x0, 0x0, 0x0,
    0x0, 0xff, 0xff, 0xf8, 0x0, 0x0, 0x0, 0x7,
    0xff, 0xff, 0xe0, 0x0, 0x0, 0x0, 0x1f, 0xff,
    0xff, 0xc0, 0x0, 0x0, 0x0, 0xff, 0xf7, 0xff,
    0xc0, 0x0, 0x0, 0xf, 0xff, 0x9f, 0xff, 0xff,
    0xff, 0xff, 0xff, 0xfe, 0x7f, 0xff, 0xff, 0xff,
    0xff, 0xff, 0xf8, 0xff, 0xff, 0xff, 0xff, 0xff,
    0xff, 0xc1, 0xff, 0xff, 0xff, 0xff, 0xff, 0xfe,
    0x3, 0xff, 0xff, 0xff, 0xff, 0xff, 0xf0, 0x7,
    0xff, 0xff, 0xff, 0xff, 0xff, 0x80, 0x7, 0xff,
    0xff, 0xff, 0xff, 0xf8, 0x0, 0x3, 0xff, 0xff,
    0xff, 0xff, 0x0, 0x0,

    /* U+0065 "e" */
    0x0, 0x1f, 0xff, 0xff, 0xff, 0xf0, 0x0, 0x3f,
    0xff, 0xff, 0xff, 0xff, 0xc0, 0x1f, 0xff, 0xff,
    0xff, 0xff, 0xfc, 0x7, 0xff, 0xff, 0xff, 0xff,
    0xff, 0xc1, 0xff, 0xff, 0xff, 0xff, 0xff, 0xfc,
    0x7f, 0xff, 0xff, 0xff, 0xff, 0xff, 0x9f, 0xff,
    0xff, 0xff, 0xff, 0xff, 0xf3, 0xff, 0xff, 0xff,
    0xff, 0xff, 0xff, 0x7f, 0xfc, 0x0, 0x0, 0x1,
    0xff, 0xff, 0xfe, 0x0, 0x0, 0x0, 0x1f, 0xff,
    0xff, 0x80, 0x0, 0x0, 0x1, 0xff, 0xff, 0xf0,
    0x0, 0x0, 0x0, 0x3f, 0xff, 0xfc, 0x0, 0x0,
    0x0, 0x7, 0xff, 0xff, 0x80, 0x0, 0x0, 0x0,
    0xff, 0xff, 0xf0, 0x0, 0x0, 0x0, 0x1f, 0xff,
    0xfe, 0x0, 0x0, 0x0, 0x3, 0xff, 0xff, 0xc0,
    0x0, 0x0, 0x0, 0x7f, 0xff, 0xff, 0xff, 0xff,
    0xff, 0xff, 0xff, 0xff, 0xff, 0xff, 0xff, 0xff,
    0xff, 0xff, 0xff, 0xff, 0xff, 0xff, 0xff, 0xff,
    0xff, 0xff, 0xff, 0xff, 0xff, 0xff, 0xff, 0xff,
    0xff, 0xff, 0xff, 0xff, 0xbf, 0xff, 0xff, 0xff,
    0xff, 0xff, 0xe7, 0xfe, 0x0, 0x0, 0x0, 0x0,
    0x0, 0xff, 0xc0, 0x0, 0x0, 0x0, 0x0, 0x1f,
    0xf8, 0x0, 0x0, 0x0, 0x0, 0x3, 0xff, 0x0,
    0x0, 0x0, 0x0, 0x0, 0x7f, 0xe0, 0x0, 0x0,
    0x0, 0x0, 0xf, 0xfe, 0x0, 0x0, 0x0, 0x0,
    0x1, 0xff, 0xc0, 0x0, 0x0, 0x0, 0x0, 0x3f,
    0xfc, 0x0, 0x0, 0x0, 0x0, 0x3, 0xff, 0xe0,
    0x0, 0x0, 0x0, 0x0, 0x7f, 0xff, 0xff, 0xff,
    0xff, 0xff, 0xcf, 0xff, 0xff, 0xff, 0xff, 0xff,
    0xf8, 0xff, 0xff, 0xff, 0xff, 0xff, 0xff, 0xf,
    0xff, 0xff, 0xff, 0xff, 0xff, 0xe0, 0xff, 0xff,
    0xff, 0xff, 0xff, 0xfc, 0xf, 0xff, 0xff, 0xff,
    0xff, 0xff, 0x80, 0x7f, 0xff, 0xff, 0xff, 0xff,
    0xf0, 0x1, 0xff, 0xff, 0xff, 0xff, 0xfe,

    /* U+0066 "f" */
    0x0, 0x0, 0x7f, 0xff, 0x80, 0x1, 0xff, 0xff,
    0xc0, 0x3, 0xff, 0xff, 0xe0, 0x3, 0xff, 0xff,
    0xf0, 0x3, 0xff, 0xff, 0xf8, 0x1, 0xff, 0xff,
    0xfc, 0x1, 0xff, 0xff, 0xfe, 0x0, 0xff, 0xff,
    0xff, 0x0, 0xff, 0xf8, 0x0, 0x0, 0x7f, 0xf0,
    0x0, 0x0, 0x3f, 0xf8, 0x0, 0x0, 0x1f, 0xf8,
    0x0, 0x0, 0xf, 0xfc, 0x0, 0x0, 0x7, 0xfe,
    0x0, 0x0, 0x3, 0xff, 0x0, 0x0, 0x1, 0xff,
    0x80, 0x0, 0xff, 0xff, 0xff, 0xff, 0x7f, 0xff,
    0xff, 0xff, 0xbf, 0xff, 0xff, 0xff, 0xdf, 0xff,
    0xff, 0xff, 0xef, 0xff, 0xff, 0xff, 0xf7, 0xff,
    0xff, 0xff, 0xfb, 0xff, 0xff, 0xff, 0xfd, 0xff,
    0xff, 0xff, 0xfe, 0x0, 0xff, 0xc0, 0x0, 0x0,
    0x7f, 0xe0, 0x0, 0x0, 0x3f, 0xf0, 0x0, 0x0,
    0x1f, 0xf8, 0x0, 0x0, 0xf, 0xfc, 0x0, 0x0,
    0x7, 0xfe, 0x0, 0x0, 0x3, 0xff, 0x0, 0x0,
    0x1, 0xff, 0x80, 0x0, 0x0, 0xff, 0xc0, 0x0,
    0x0, 0x7f, 0xe0, 0x0, 0x0, 0x3f, 0xf0, 0x0,
    0x0, 0x1f, 0xf8, 0x0, 0x0, 0xf, 0xfc, 0x0,
    0x0, 0x7, 0xfe, 0x0, 0x0, 0x3, 0xff, 0x0,
    0x0, 0x1, 0xff, 0x80, 0x0, 0x0, 0xff, 0xc0,
    0x0, 0x0, 0x7f, 0xe0, 0x0, 0x0, 0x3f, 0xf0,
    0x0, 0x0, 0x1f, 0xf8, 0x0, 0x0, 0xf, 0xfc,
    0x0, 0x0, 0x7, 0xfe, 0x0, 0x0, 0x3, 0xff,
    0x0, 0x0, 0x1, 0xff, 0x80, 0x0, 0x0, 0xff,
    0xc0, 0x0, 0x0, 0x7f, 0xe0, 0x0, 0x0, 0x3f,
    0xf0, 0x0, 0x0, 0x1f, 0xf8, 0x0, 0x0, 0xf,
    0xfc, 0x0, 0x0, 0x7, 0xfe, 0x0, 0x0, 0x3,
    0xff, 0x0, 0x0, 0x1, 0xff, 0x80, 0x0,

    /* U+0067 "g" */
    0x0, 0x1f, 0xff, 0xff, 0xff, 0xf0, 0x0, 0x7,
    0xff, 0xff, 0xff, 0xff, 0xf8, 0x0, 0x7f, 0xff,
    0xff, 0xff, 0xff, 0xf8, 0x3, 0xff, 0xff, 0xff,
    0xff, 0xff, 0xf0, 0x1f, 0xff, 0xff, 0xff, 0xff,
    0xff, 0xe0, 0xff, 0xff, 0xff, 0xff, 0xff, 0xff,
    0xc7, 0xff, 0xff, 0xff, 0xff, 0xff, 0xff, 0x9f,
    0xff, 0xff, 0xff, 0xff, 0xff, 0xfe, 0x7f, 0xfc,
    0x0, 0x0, 0x0, 0xff, 0xfb, 0xff, 0xc0, 0x0,
    0x0, 0x0, 0xff, 0xff, 0xfe, 0x0, 0x0, 0x0,
    0x1, 0xff, 0xff, 0xf0, 0x0, 0x0, 0x0, 0x7,
    0xff, 0xff, 0xc0, 0x0, 0x0, 0x0, 0xf, 0xff,
    0xff, 0x0, 0x0, 0x0, 0x0, 0x3f, 0xff, 0xfc,
    0x0, 0x0, 0x0, 0x0, 0xff, 0xff, 0xf0, 0x0,
    0x0, 0x0, 0x3, 0xff, 0xff, 0xc0, 0x0, 0x0,
    0x0, 0xf, 0xff, 0xff, 0x0, 0x0, 0x0, 0x0,
    0x3f, 0xff, 0xfc, 0x0, 0x0, 0x0, 0x0, 0xff,
    0xff, 0xf0, 0x0, 0x0, 0x0, 0x3, 0xff, 0xff,
    0xc0, 0x0, 0x0, 0x0, 0xf, 0xff, 0xff, 0x0,
    0x0, 0x0, 0x0, 0x3f, 0xff, 0xfc, 0x0, 0x0,
    0x0, 0x0, 0xff, 0xff, 0xf0, 0x0, 0x0, 0x0,
    0x3, 0xff, 0xff, 0xc0, 0x0, 0x0, 0x0, 0xf,
    0xff, 0xff, 0x0, 0x0, 0x0, 0x0, 0x3f, 0xff,
    0xfe, 0x0, 0x0, 0x0, 0x0, 0xff, 0xff, 0xfc,
    0x0, 0x0, 0x0, 0x3, 0xff, 0x7f, 0xfc, 0x0,
    0x0, 0x0, 0xf, 0xfd, 0xff, 0xff, 0xff, 0xff,
    0xff, 0xff, 0xf7, 0xff, 0xff, 0xff, 0xff, 0xff,
    0xff, 0xcf, 0xff, 0xff, 0xff, 0xff, 0xff, 0xff,
    0x1f, 0xff, 0xff, 0xff, 0xff, 0xff, 0xfc, 0x3f,
    0xff, 0xff, 0xff, 0xff, 0xff, 0xf0, 0x7f, 0xff,
    0xff, 0xff, 0xff, 0xff, 0xc0, 0x7f, 0xff, 0xff,
    0xff, 0xff, 0xff, 0x0, 0x3f, 0xff, 0xff, 0xff,
    0xff, 0xfc, 0x0, 0x0, 0x0, 0x0, 0x0, 0x3f,
    0xf0, 0x0, 0x0, 0x0, 0x0, 0x0, 0xff, 0xc0,
    0x0, 0x0, 0x0, 0x0, 0x3, 0xff, 0x0, 0x0,
    0x0, 0x0, 0x0, 0xf, 0xfc, 0x0, 0x0, 0x0,
    0x0, 0x0, 0x3f, 0xf0, 0x0, 0x0, 0x0, 0x0,
    0x0, 0xff, 0xc0, 0x0, 0x0, 0x0, 0x0, 0x3,
    0xff, 0x0, 0x0, 0x0, 0x0, 0x0, 0x1f, 0xfc,
    0x0, 0x0, 0x0, 0x0, 0x0, 0x7f, 0xf0, 0x0,
    0x0, 0x0, 0x0, 0x3, 0xff, 0xc0, 0x0, 0x0,
    0x0, 0x0, 0x3f, 0xfe, 0x3f, 0xff, 0xff, 0xff,
    0xff, 0xff, 0xf8, 0xff, 0xff, 0xff, 0xff, 0xff,
    0xff, 0xe3, 0xff, 0xff, 0xff, 0xff, 0xff, 0xff,
    0xf, 0xff, 0xff, 0xff, 0xff, 0xff, 0xf8, 0x3f,
    0xff, 0xff, 0xff, 0xff, 0xff, 0xc0, 0xff, 0xff,
    0xff, 0xff, 0xff, 0xfe, 0x3, 0xff, 0xff, 0xff,
    0xff, 0xff, 0xe0, 0xf, 0xff, 0xff, 0xff, 0xff,
    0xf8, 0x0,

    /* U+0068 "h" */
    0xff, 0xc0, 0x0, 0x0, 0x0, 0x0, 0x3, 0xff,
    0x0, 0x0, 0x0, 0x0, 0x0, 0xf, 0xfc, 0x0,
    0x0, 0x0, 0x0, 0x0, 0x3f, 0xf0, 0x0, 0x0,
    0x0, 0x0, 0x0, 0xff, 0xc0, 0x0, 0x0, 0x0,
    0x0, 0x3, 0xff, 0x0, 0x0, 0x0, 0x0, 0x0,
    0xf, 0xfc, 0x0, 0x0, 0x0, 0x0, 0x0, 0x3f,
    0xf0, 0x0, 0x0, 0x0, 0x0, 0x0, 0xff, 0xc0,
    0x0, 0x0, 0x0, 0x0, 0x3, 0xff, 0x0, 0x0,
    0x0, 0x0, 0x0, 0xf, 0xfc, 0x0, 0x0, 0x0,
    0x0, 0x0, 0x3f, 0xf0, 0x0, 0x0, 0x0, 0x0,
    0x0, 0xff, 0xc0, 0x0, 0x0, 0x0, 0x0, 0x3,
    0xff, 0x0, 0x0, 0x0, 0x0, 0x0, 0xf, 0xfc,
    0x0, 0x0, 0x0, 0x0, 0x0, 0x3f, 0xff, 0xff,
    0xff, 0xff, 0xf8, 0x0, 0xff, 0xff, 0xff, 0xff,
    0xff, 0xfe, 0x3, 0xff, 0xff, 0xff, 0xff, 0xff,
    0xfe, 0xf, 0xff, 0xff, 0xff, 0xff, 0xff, 0xfc,
    0x3f, 0xff, 0xff, 0xff, 0xff, 0xff, 0xf8, 0xff,
    0xff, 0xff, 0xff, 0xff, 0xff, 0xf3, 0xff, 0xff,
    0xff, 0xff, 0xff, 0xff, 0xef, 0xff, 0xff, 0xff,
    0xff, 0xff, 0xff, 0xbf, 0xf0, 0x0, 0x0, 0x0,
    0x3f, 0xfe, 0xff, 0xc0, 0x0, 0x0, 0x0, 0x3f,
    0xfb, 0xff, 0x0, 0x0, 0x0, 0x0, 0x7f, 0xff,
    0xfc, 0x0, 0x0, 0x0, 0x1, 0xff, 0xff, 0xf0,
    0x0, 0x0, 0x0, 0x3, 0xff, 0xff, 0xc0, 0x0,
    0x0, 0x0, 0xf, 0xff, 0xff, 0x0, 0x0, 0x0,
    0x0, 0x3f, 0xff, 0xfc, 0x0, 0x0, 0x0, 0x0,
    0xff, 0xff, 0xf0, 0x0, 0x0, 0x0, 0x3, 0xff,
    0xff, 0xc0, 0x0, 0x0, 0x0, 0xf, 0xff, 0xff,
    0x0, 0x0, 0x0, 0x0, 0x3f, 0xff, 0xfc, 0x0,
    0x0, 0x0, 0x0, 0xff, 0xff, 0xf0, 0x0, 0x0,
    0x0, 0x3, 0xff, 0xff, 0xc0, 0x0, 0x0, 0x0,
    0xf, 0xff, 0xff, 0x0, 0x0, 0x0, 0x0, 0x3f,
    0xff, 0xfc, 0x0, 0x0, 0x0, 0x0, 0xff, 0xff,
    0xf0, 0x0, 0x0, 0x0, 0x3, 0xff, 0xff, 0xc0,
    0x0, 0x0, 0x0, 0xf, 0xff, 0xff, 0x0, 0x0,
    0x0, 0x0, 0x3f, 0xff, 0xfc, 0x0, 0x0, 0x0,
    0x0, 0xff, 0xff, 0xf0, 0x0, 0x0, 0x0, 0x3,
    0xff, 0xff, 0xc0, 0x0, 0x0, 0x0, 0xf, 0xff,
    0xff, 0x0, 0x0, 0x0, 0x0, 0x3f, 0xff, 0xfc,
    0x0, 0x0, 0x0, 0x0, 0xff, 0xff, 0xf0, 0x0,
    0x0, 0x0, 0x3, 0xff, 0xff, 0xc0, 0x0, 0x0,
    0x0, 0xf, 0xff, 0xff, 0x0, 0x0, 0x0, 0x0,
    0x3f, 0xff, 0xfc, 0x0, 0x0, 0x0, 0x0, 0xff,
    0xff, 0xf0, 0x0, 0x0, 0x0, 0x3, 0xff, 0xff,
    0xc0, 0x0, 0x0, 0x0, 0xf, 0xff, 0xff, 0x0,
    0x0, 0x0, 0x0, 0x3f, 0xff, 0xfc, 0x0, 0x0,
    0x0, 0x0, 0xff, 0xc0,

    /* U+0069 "i" */
    0xff, 0xff, 0xff, 0xff, 0xff, 0xff, 0xff, 0xff,
    0xff, 0xff, 0xff, 0xff, 0xf0, 0x0, 0x0, 0x0,
    0x0, 0x0, 0x3, 0xff, 0xff, 0xff, 0xff, 0xff,
    0xff, 0xff, 0xff, 0xff, 0xff, 0xff, 0xff, 0xff,
    0xff, 0xff, 0xff, 0xff, 0xff, 0xff, 0xff, 0xff,
    0xff, 0xff, 0xff, 0xff, 0xff, 0xff, 0xff, 0xff,
    0xff, 0xff, 0xff, 0xff, 0xff, 0xff, 0xff, 0xff,
    0xff, 0xff, 0xff, 0xff, 0xff, 0xff, 0xff, 0xff,
    0xff, 0xff, 0xff, 0xff, 0xfc,

    /* U+006A "j" */
    0x0, 0x7, 0xfe, 0x0, 0xf, 0xfc, 0x0, 0x1f,
    0xf8, 0x0, 0x3f, 0xf0, 0x0, 0x7f, 0xe0, 0x0,
    0xff, 0xc0, 0x1, 0xff, 0x80, 0x3, 0xff, 0x0,
    0x7, 0xfe, 0x0, 0xf, 0xfc, 0x0, 0x0, 0x0,
    0x0, 0x0, 0x0, 0x0, 0x0, 0x0, 0x0, 0x0,
    0x0, 0x0, 0x0, 0x0, 0x3, 0xff, 0x0, 0x7,
    0xfe, 0x0, 0xf, 0xfc, 0x0, 0x1f, 0xf8, 0x0,
    0x3f, 0xf0, 0x0, 0x7f, 0xe0, 0x0, 0xff, 0xc0,
    0x1, 0xff, 0x80, 0x3, 0xff, 0x0, 0x7, 0xfe,
    0x0, 0xf, 0xfc, 0x0, 0x1f, 0xf8, 0x0, 0x3f,
    0xf0, 0x0, 0x7f, 0xe0, 0x0, 0xff, 0xc0, 0x1,
    0xff, 0x80, 0x3, 0xff, 0x0, 0x7, 0xfe, 0x0,
    0xf, 0xfc, 0x0, 0x1f, 0xf8, 0x0, 0x3f, 0xf0,
    0x0, 0x7f, 0xe0, 0x0, 0xff, 0xc0, 0x1, 0xff,
    0x80, 0x3, 0xff, 0x0, 0x7, 0xfe, 0x0, 0xf,
    0xfc, 0x0, 0x1f, 0xf8, 0x0, 0x3f, 0xf0, 0x0,
    0x7f, 0xe0, 0x0, 0xff, 0xc0, 0x1, 0xff, 0x80,
    0x3, 0xff, 0x0, 0x7, 0xfe, 0x0, 0xf, 0xfc,
    0x0, 0x1f, 0xf8, 0x0, 0x3f, 0xf0, 0x0, 0x7f,
    0xe0, 0x0, 0xff, 0xc0, 0x1, 0xff, 0x80, 0x3,
    0xff, 0x0, 0x7, 0xfe, 0x0, 0xf, 0xfc, 0x0,
    0x1f, 0xf8, 0x0, 0x3f, 0xf0, 0x0, 0xff, 0xe0,
    0x3, 0xff, 0xc0, 0xf, 0xff, 0x7f, 0xff, 0xfe,
    0xff, 0xff, 0xfd, 0xff, 0xff, 0xf3, 0xff, 0xff,
    0xe7, 0xff, 0xff, 0x8f, 0xff, 0xfe, 0x1f, 0xff,
    0xf0, 0x3f, 0xfe, 0x0, 0x0,

    /* U+006B "k" */
    0xff, 0xc0, 0x0, 0x0, 0x0, 0x0, 0x1f, 0xf8,
    0x0, 0x0, 0x0, 0x0, 0x3, 0xff, 0x0, 0x0,
    0x0, 0x0, 0x0, 0x7f, 0xe0, 0x0, 0x0, 0x0,
    0x0, 0xf, 0xfc, 0x0, 0x0, 0x0, 0x0, 0x1,
    0xff, 0x80, 0x0, 0x0, 0x0, 0x0, 0x3f, 0xf0,
    0x0, 0x0, 0x0, 0x0, 0x7, 0xfe, 0x0, 0x0,
    0x0, 0x0, 0x0, 0xff, 0xc0, 0x0, 0x0, 0x0,
    0x0, 0x1f, 0xf8, 0x0, 0x0, 0x0, 0x0, 0x3,
    0xff, 0x0, 0x0, 0x0, 0x0, 0x0, 0x7f, 0xe0,
    0x0, 0x0, 0x0, 0x0, 0xf, 0xfc, 0x0, 0x0,
    0x0, 0x0, 0x1, 0xff, 0x80, 0x0, 0x0, 0x0,
    0x0, 0x3f, 0xf0, 0x0, 0x0, 0x0, 0x0, 0x7,
    0xfe, 0x0, 0x0, 0x0, 0xf, 0xfe, 0xff, 0xc0,
    0x0, 0x0, 0x3, 0xff, 0xdf, 0xf8, 0x0, 0x0,
    0x0, 0x7f, 0xf3, 0xff, 0x0, 0x0, 0x0, 0x1f,
    0xfc, 0x7f, 0xe0, 0x0, 0x0, 0x7, 0xff, 0x8f,
    0xfc, 0x0, 0x0, 0x1, 0xff, 0xe1, 0xff, 0x80,
    0x0, 0x0, 0x3f, 0xf8, 0x3f, 0xf0, 0x0, 0x0,
    0xf, 0xff, 0x7, 0xfe, 0x0, 0x0, 0x3, 0xff,
    0xc0, 0xff, 0xc0, 0x0, 0x0, 0x7f, 0xf0, 0x1f,
    0xf8, 0x0, 0x0, 0x1f, 0xfc, 0x3, 0xff, 0x0,
    0x0, 0x7, 0xff, 0x80, 0x7f, 0xe0, 0x0, 0x0,
    0xff, 0xe0, 0xf, 0xfc, 0x0, 0x0, 0x3f, 0xf8,
    0x1, 0xff, 0x80, 0x0, 0xf, 0xff, 0x0, 0x3f,
    0xf0, 0x0, 0x7, 0xff, 0xc0, 0x7, 0xff, 0xff,
    0xff, 0xff, 0xf0, 0x0, 0xff, 0xff, 0xff, 0xff,
    0xfc, 0x0, 0x1f, 0xff, 0xff, 0xff, 0xff, 0x0,
    0x3, 0xff, 0xff, 0xff, 0xff, 0xc0, 0x0, 0x7f,
    0xff, 0xff, 0xff, 0xfc, 0x0, 0xf, 0xff, 0xff,
    0xff, 0xff, 0xc0, 0x1, 0xff, 0xff, 0xff, 0xff,
    0xfc, 0x0, 0x3f, 0xff, 0xff, 0xff, 0xff, 0xc0,
    0x7, 0xfe, 0x0, 0x0, 0x7f, 0xfc, 0x0, 0xff,
    0xc0, 0x0, 0x3, 0xff, 0xc0, 0x1f, 0xf8, 0x0,
    0x0, 0x3f, 0xf8, 0x3, 0xff, 0x0, 0x0, 0x7,
    0xff, 0x80, 0x7f, 0xe0, 0x0, 0x0, 0x7f, 0xf8,
    0xf, 0xfc, 0x0, 0x0, 0x7, 0xff, 0x81, 0xff,
    0x80, 0x0, 0x0, 0x7f, 0xf0, 0x3f, 0xf0, 0x0,
    0x0, 0xf, 0xff, 0x7, 0xfe, 0x0, 0x0, 0x0,
    0xff, 0xf0, 0xff, 0xc0, 0x0, 0x0, 0xf, 0xff,
    0x1f, 0xf8, 0x0, 0x0, 0x0, 0xff, 0xe3, 0xff,
    0x0, 0x0, 0x0, 0x1f, 0xfe, 0x7f, 0xe0, 0x0,
    0x0, 0x1, 0xff, 0xef, 0xfc, 0x0, 0x0, 0x0,
    0x1f, 0xff, 0xff, 0x80, 0x0, 0x0, 0x1, 0xff,
    0xff, 0xf0, 0x0, 0x0, 0x0, 0x3f, 0xf8,

    /* U+006C "l" */
    0xff, 0xff, 0xff, 0xff, 0xff, 0xff, 0xff, 0xff,
    0xff, 0xff, 0xff, 0xff, 0xff, 0xff, 0xff, 0xff,
    0xff, 0xff, 0xff, 0xff, 0xff, 0xff, 0xff, 0xff,
    0xff, 0xff, 0xff, 0xff, 0xff, 0xff, 0xff, 0xff,
    0xff, 0xff, 0xff, 0xff, 0xff, 0xff, 0xff, 0xff,
    0xff, 0xff, 0xff, 0xff, 0xff, 0xff, 0xff, 0xff,
    0xff, 0xff, 0xff, 0xff, 0xff, 0xff, 0xff, 0xff,
    0xff, 0xff, 0xff, 0xff, 0xff, 0xff, 0xff, 0xff,
    0xff, 0xff, 0xff, 0xff, 0xfc,

    /* U+006D "m" */
    0x0, 0x1f, 0xff, 0xff, 0xff, 0xff, 0xff, 0xf8,
    0x0, 0x1, 0xff, 0xff, 0xff, 0xff, 0xff, 0xff,
    0xff, 0x80, 0x7, 0xff, 0xff, 0xff, 0xff, 0xff,
    0xff, 0xff, 0xe0, 0xf, 0xff, 0xff, 0xff, 0xff,
    0xff, 0xff, 0xff, 0xf0, 0x1f, 0xff, 0xff, 0xff,
    0xff, 0xff, 0xff, 0xff, 0xf8, 0x3f, 0xff, 0xff,
    0xff, 0xff, 0xff, 0xff, 0xff, 0xfc, 0x7f, 0xff,
    0xff, 0xff, 0xff, 0xff, 0xff, 0xff, 0xfe, 0x7f,
    0xff, 0xff, 0xff, 0xff, 0xff, 0xff, 0xff, 0xfe,
    0x7f, 0xfc, 0x0, 0x1, 0xff, 0x80, 0x0, 0x3f,
    0xfe, 0xff, 0xf0, 0x0, 0x1, 0xff, 0x80, 0x0,
    0xf, 0xff, 0xff, 0xe0, 0x0, 0x1, 0xff, 0x80,
    0x0, 0x7, 0xff, 0xff, 0xe0, 0x0, 0x1, 0xff,
    0x80, 0x0, 0x7, 0xff, 0xff, 0xc0, 0x0, 0x1,
    0xff, 0x80, 0x0, 0x3, 0xff, 0xff, 0xc0, 0x0,
    0x1, 0xff, 0x80, 0x0, 0x3, 0xff, 0xff, 0xc0,
    0x0, 0x1, 0xff, 0x80, 0x0, 0x3, 0xff, 0xff,
    0xc0, 0x0, 0x1, 0xff, 0x80, 0x0, 0x3, 0xff,
    0xff, 0xc0, 0x0, 0x1, 0xff, 0x80, 0x0, 0x3,
    0xff, 0xff, 0xc0, 0x0, 0x1, 0xff, 0x80, 0x0,
    0x3, 0xff, 0xff, 0xc0, 0x0, 0x1, 0xff, 0x80,
    0x0, 0x3, 0xff, 0xff, 0xc0, 0x0, 0x1, 0xff,
    0x80, 0x0, 0x3, 0xff, 0xff, 0xc0, 0x0, 0x1,
    0xff, 0x80, 0x0, 0x3, 0xff, 0xff, 0xc0, 0x0,
    0x1, 0xff, 0x80, 0x0, 0x3, 0xff, 0xff, 0xc0,
    0x0, 0x1, 0xff, 0x80, 0x0, 0x3, 0xff, 0xff,
    0xc0, 0x0, 0x1, 0xff, 0x80, 0x0, 0x3, 0xff,
    0xff, 0xc0, 0x0, 0x1, 0xff, 0x80, 0x0, 0x3,
    0xff, 0xff, 0xc0, 0x0, 0x1, 0xff, 0x80, 0x0,
    0x3, 0xff, 0xff, 0xc0, 0x0, 0x1, 0xff, 0x80,
    0x0, 0x3, 0xff, 0xff, 0xc0, 0x0, 0x1, 0xff,
    0x80, 0x0, 0x3, 0xff, 0xff, 0xc0, 0x0, 0x1,
    0xff, 0x80, 0x0, 0x3, 0xff, 0xff, 0xc0, 0x0,
    0x1, 0xff, 0x80, 0x0, 0x3, 0xff, 0xff, 0xc0,
    0x0, 0x1, 0xff, 0x80, 0x0, 0x3, 0xff, 0xff,
    0xc0, 0x0, 0x1, 0xff, 0x80, 0x0, 0x3, 0xff,
    0xff, 0xc0, 0x0, 0x1, 0xff, 0x80, 0x0, 0x3,
    0xff, 0xff, 0xc0, 0x0, 0x1, 0xff, 0x80, 0x0,
    0x3, 0xff, 0xff, 0xc0, 0x0, 0x1, 0xff, 0x80,
    0x0, 0x3, 0xff, 0xff, 0xc0, 0x0, 0x1, 0xff,
    0x80, 0x0, 0x3, 0xff, 0xff, 0xc0, 0x0, 0x1,
    0xff, 0x80, 0x0, 0x3, 0xff, 0xff, 0xc0, 0x0,
    0x1, 0xff, 0x80, 0x0, 0x3, 0xff, 0xff, 0xc0,
    0x0, 0x1, 0xff, 0x80, 0x0, 0x3, 0xff, 0xff,
    0xc0, 0x0, 0x1, 0xff, 0x80, 0x0, 0x3, 0xff,

    /* U+006E "n" */
    0x0, 0x1f, 0xff, 0xff, 0xff, 0xf0, 0x0, 0x3,
    0xff, 0xff, 0xff, 0xff, 0xfe, 0x0, 0x1f, 0xff,
    0xff, 0xff, 0xff, 0xff, 0x0, 0x7f, 0xff, 0xff,
    0xff, 0xff, 0xff, 0x1, 0xff, 0xff, 0xff, 0xff,
    0xff, 0xff, 0x7, 0xff, 0xff, 0xff, 0xff, 0xff,
    0xff, 0x1f, 0xff, 0xff, 0xff, 0xff, 0xff, 0xff,
    0x3f, 0xff, 0xff, 0xff, 0xff, 0xff, 0xfe, 0x7f,
    0xfc, 0x0, 0x0, 0x0, 0x7f, 0xfd, 0xff, 0xe0,
    0x0, 0x0, 0x0, 0x3f, 0xfb, 0xff, 0x80, 0x0,
    0x0, 0x0, 0x3f, 0xff, 0xff, 0x0, 0x0, 0x0,
    0x0, 0x7f, 0xff, 0xfc, 0x0, 0x0, 0x0, 0x0,
    0x7f, 0xff, 0xf8, 0x0, 0x0, 0x0, 0x0, 0xff,
    0xff, 0xf0, 0x0, 0x0, 0x0, 0x1, 0xff, 0xff,
    0xe0, 0x0, 0x0, 0x0, 0x3, 0xff, 0xff, 0xc0,
    0x0, 0x0, 0x0, 0x7, 0xff, 0xff, 0x80, 0x0,
    0x0, 0x0, 0xf, 0xff, 0xff, 0x0, 0x0, 0x0,
    0x0, 0x1f, 0xff, 0xfe, 0x0, 0x0, 0x0, 0x0,
    0x3f, 0xff, 0xfc, 0x0, 0x0, 0x0, 0x0, 0x7f,
    0xff, 0xf8, 0x0, 0x0, 0x0, 0x0, 0xff, 0xff,
    0xf0, 0x0, 0x0, 0x0, 0x1, 0xff, 0xff, 0xe0,
    0x0, 0x0, 0x0, 0x3, 0xff, 0xff, 0xc0, 0x0,
    0x0, 0x0, 0x7, 0xff, 0xff, 0x80, 0x0, 0x0,
    0x0, 0xf, 0xff, 0xff, 0x0, 0x0, 0x0, 0x0,
    0x1f, 0xff, 0xfe, 0x0, 0x0, 0x0, 0x0, 0x3f,
    0xff, 0xfc, 0x0, 0x0, 0x0, 0x0, 0x7f, 0xff,
    0xf8, 0x0, 0x0, 0x0, 0x0, 0xff, 0xff, 0xf0,
    0x0, 0x0, 0x0, 0x1, 0xff, 0xff, 0xe0, 0x0,
    0x0, 0x0, 0x3, 0xff, 0xff, 0xc0, 0x0, 0x0,
    0x0, 0x7, 0xff, 0xff, 0x80, 0x0, 0x0, 0x0,
    0xf, 0xff, 0xff, 0x0, 0x0, 0x0, 0x0, 0x1f,
    0xff, 0xfe, 0x0, 0x0, 0x0, 0x0, 0x3f, 0xff,
    0xfc, 0x0, 0x0, 0x0, 0x0, 0x7f, 0xff, 0xf8,
    0x0, 0x0, 0x0, 0x0, 0xff, 0xff, 0xf0, 0x0,
    0x0, 0x0, 0x1, 0xff, 0xff, 0xe0, 0x0, 0x0,
    0x0, 0x3, 0xff,

    /* U+006F "o" */
    0x0, 0x1f, 0xff, 0xff, 0xff, 0xf0, 0x0, 0x3,
    0xff, 0xff, 0xff, 0xff, 0xfe, 0x0, 0x1f, 0xff,
    0xff, 0xff, 0xff, 0xff, 0x0, 0x7f, 0xff, 0xff,
    0xff, 0xff, 0xff, 0x1, 0xff, 0xff, 0xff, 0xff,
    0xff, 0xff, 0x7, 0xff, 0xff, 0xff, 0xff, 0xff,
    0xff, 0x1f, 0xff, 0xff, 0xff, 0xff, 0xff, 0xff,
    0x3f, 0xff, 0xff, 0xff, 0xff, 0xff, 0xfe, 0x7f,
    0xfc, 0x0, 0x0, 0x0, 0x7f, 0xfd, 0xff, 0xe0,
    0x0, 0x0, 0x0, 0x3f, 0xfb, 0xff, 0x80, 0x0,
    0x0, 0x0, 0x3f, 0xff, 0xff, 0x0, 0x0, 0x0,
    0x0, 0x7f, 0xff, 0xfc, 0x0, 0x0, 0x0, 0x0,
    0x7f, 0xff, 0xf8, 0x0, 0x0, 0x0, 0x0, 0xff,
    0xff, 0xf0, 0x0, 0x0, 0x0, 0x1, 0xff, 0xff,
    0xe0, 0x0, 0x0, 0x0, 0x3, 0xff, 0xff, 0xc0,
    0x0, 0x0, 0x0, 0x7, 0xff, 0xff, 0x80, 0x0,
    0x0, 0x0, 0xf, 0xff, 0xff, 0x0, 0x0, 0x0,
    0x0, 0x1f, 0xff, 0xfe, 0x0, 0x0, 0x0, 0x0,
    0x3f, 0xff, 0xfc, 0x0, 0x0, 0x0, 0x0, 0x7f,
    0xff, 0xf8, 0x0, 0x0, 0x0, 0x0, 0xff, 0xff,
    0xf0, 0x0, 0x0, 0x0, 0x1, 0xff, 0xff, 0xe0,
    0x0, 0x0, 0x0, 0x3, 0xff, 0xff, 0xc0, 0x0,
    0x0, 0x0, 0x7, 0xff, 0xff, 0x80, 0x0, 0x0,
    0x0, 0xf, 0xff, 0xff, 0x0, 0x0, 0x0, 0x0,
    0x1f, 0xff, 0xfe, 0x0, 0x0, 0x0, 0x0, 0x3f,
    0xff, 0xfe, 0x0, 0x0, 0x0, 0x0, 0xff, 0xff,
    0xfc, 0x0, 0x0, 0x0, 0x1, 0xff, 0xff, 0xfc,
    0x0, 0x0, 0x0, 0x7, 0xff, 0xbf, 0xfe, 0x0,
    0x0, 0x0, 0x3f, 0xfe, 0x7f, 0xff, 0xff, 0xff,
    0xff, 0xff, 0xfc, 0xff, 0xff, 0xff, 0xff, 0xff,
    0xff, 0xf8, 0xff, 0xff, 0xff, 0xff, 0xff, 0xff,
    0xe0, 0xff, 0xff, 0xff, 0xff, 0xff, 0xff, 0x80,
    0xff, 0xff, 0xff, 0xff, 0xff, 0xfe, 0x0, 0xff,
    0xff, 0xff, 0xff, 0xff, 0xf8, 0x0, 0x7f, 0xff,
    0xff, 0xff, 0xff, 0xc0, 0x0, 0x1f, 0xff, 0xff,
    0xff, 0xfc, 0x0,

    /* U+0070 "p" */
    0x0, 0x1f, 0xff, 0xff, 0xff, 0xe0, 0x0, 0x7,
    0xff, 0xff, 0xff, 0xff, 0xf8, 0x0, 0x7f, 0xff,
    0xff, 0xff, 0xff, 0xf8, 0x3, 0xff, 0xff, 0xff,
    0xff, 0xff, 0xf0, 0x1f, 0xff, 0xff, 0xff, 0xff,
    0xff, 0xe0, 0xff, 0xff, 0xff, 0xff, 0xff, 0xff,
    0xc7, 0xff, 0xff, 0xff, 0xff, 0xff, 0xff, 0x9f,
    0xff, 0xff, 0xff, 0xff, 0xff, 0xfe, 0x7f, 0xfc,
    0x0, 0x0, 0x0, 0xff, 0xfb, 0xff, 0xc0, 0x0,
    0x0, 0x0, 0xff, 0xef, 0xfe, 0x0, 0x0, 0x0,
    0x1, 0xff, 0xff, 0xf8, 0x0, 0x0, 0x0, 0x7,
    0xff, 0xff, 0xc0, 0x0, 0x0, 0x0, 0xf, 0xff,
    0xff, 0x0, 0x0, 0x0, 0x0, 0x3f, 0xff, 0xfc,
    0x0, 0x0, 0x0, 0x0, 0xff, 0xff, 0xf0, 0x0,
    0x0, 0x0, 0x3, 0xff, 0xff, 0xc0, 0x0, 0x0,
    0x0, 0xf, 0xff, 0xff, 0x0, 0x0, 0x0, 0x0,
    0x3f, 0xff, 0xfc, 0x0, 0x0, 0x0, 0x0, 0xff,
    0xff, 0xf0, 0x0, 0x0, 0x0, 0x3, 0xff, 0xff,
    0xc0, 0x0, 0x0, 0x0, 0xf, 0xff, 0xff, 0x0,
    0x0, 0x0, 0x0, 0x3f, 0xff, 0xfc, 0x0, 0x0,
    0x0, 0x0, 0xff, 0xff, 0xf0, 0x0, 0x0, 0x0,
    0x3, 0xff, 0xff, 0xc0, 0x0, 0x0, 0x0, 0xf,
    0xff, 0xff, 0x0, 0x0, 0x0, 0x0, 0x3f, 0xff,
    0xfc, 0x0, 0x0, 0x0, 0x0, 0xff, 0xff, 0xf0,
    0x0, 0x0, 0x0, 0x3, 0xff, 0xff, 0xc0, 0x0,
    0x0, 0x0, 0x1f, 0xff, 0xff, 0x0, 0x0, 0x0,
    0x0, 0x7f, 0xff, 0xfc, 0x0, 0x0, 0x0, 0x3,
    0xff, 0xff, 0xf0, 0x0, 0x0, 0x0, 0x3f, 0xfe,
    0xff, 0xff, 0xff, 0xff, 0xff, 0xff, 0xfb, 0xff,
    0xff, 0xff, 0xff, 0xff, 0xff, 0xef, 0xff, 0xff,
    0xff, 0xff, 0xff, 0xff, 0x3f, 0xff, 0xff, 0xff,
    0xff, 0xff, 0xf8, 0xff, 0xff, 0xff, 0xff, 0xff,
    0xff, 0xc3, 0xff, 0xff, 0xff, 0xff, 0xff, 0xfe,
    0xf, 0xff, 0xff, 0xff, 0xff, 0xff, 0xe0, 0x3f,
    0xff, 0xff, 0xff, 0xff, 0xfc, 0x0, 0xff, 0xc0,
    0x0, 0x0, 0x0, 0x0, 0x3, 0xff, 0x0, 0x0,
    0x0, 0x0, 0x0, 0xf, 0xfc, 0x0, 0x0, 0x0,
    0x0, 0x0, 0x3f, 0xf0, 0x0, 0x0, 0x0, 0x0,
    0x0, 0xff, 0xc0, 0x0, 0x0, 0x0, 0x0, 0x3,
    0xff, 0x0, 0x0, 0x0, 0x0, 0x0, 0xf, 0xfc,
    0x0, 0x0, 0x0, 0x0, 0x0, 0x3f, 0xf0, 0x0,
    0x0, 0x0, 0x0, 0x0, 0xff, 0xc0, 0x0, 0x0,
    0x0, 0x0, 0x3, 0xff, 0x0, 0x0, 0x0, 0x0,
    0x0, 0xf, 0xfc, 0x0, 0x0, 0x0, 0x0, 0x0,
    0x3f, 0xf0, 0x0, 0x0, 0x0, 0x0, 0x0, 0xff,
    0xc0, 0x0, 0x0, 0x0, 0x0, 0x3, 0xff, 0x0,
    0x0, 0x0, 0x0, 0x0, 0xf, 0xfc, 0x0, 0x0,
    0x0, 0x0, 0x0, 0x3f, 0xf0, 0x0, 0x0, 0x0,
    0x0, 0x0,

    /* U+0071 "q" */
    0x0, 0x1f, 0xff, 0xff, 0xff, 0xe0, 0x0, 0x7,
    0xff, 0xff, 0xff, 0xff, 0xf8, 0x0, 0x7f, 0xff,
    0xff, 0xff, 0xff, 0xf8, 0x3, 0xff, 0xff, 0xff,
    0xff, 0xff, 0xf0, 0x1f, 0xff, 0xff, 0xff, 0xff,
    0xff, 0xe0, 0xff, 0xff, 0xff, 0xff, 0xff, 0xff,
    0xc7, 0xff, 0xff, 0xff, 0xff, 0xff, 0xff, 0x9f,
    0xff, 0xff, 0xff, 0xff, 0xff, 0xfe, 0x7f, 0xfc,
    0x0, 0x0, 0x0, 0xff, 0xfb, 0xff, 0xc0, 0x0,
    0x0, 0x0, 0xff, 0xff, 0xfe, 0x0, 0x0, 0x0,
    0x1, 0xff, 0xff, 0xf8, 0x0, 0x0, 0x0, 0x7,
    0xff, 0xff, 0xc0, 0x0, 0x0, 0x0, 0xf, 0xff,
    0xff, 0x0, 0x0, 0x0, 0x0, 0x3f, 0xff, 0xfc,
    0x0, 0x0, 0x0, 0x0, 0xff, 0xff, 0xf0, 0x0,
    0x0, 0x0, 0x3, 0xff, 0xff, 0xc0, 0x0, 0x0,
    0x0, 0xf, 0xff, 0xff, 0x0, 0x0, 0x0, 0x0,
    0x3f, 0xff, 0xfc, 0x0, 0x0, 0x0, 0x0, 0xff,
    0xff, 0xf0, 0x0, 0x0, 0x0, 0x3, 0xff, 0xff,
    0xc0, 0x0, 0x0, 0x0, 0xf, 0xff, 0xff, 0x0,
    0x0, 0x0, 0x0, 0x3f, 0xff, 0xfc, 0x0, 0x0,
    0x0, 0x0, 0xff, 0xff, 0xf0, 0x0, 0x0, 0x0,
    0x3, 0xff, 0xff, 0xc0, 0x0, 0x0, 0x0, 0xf,
    0xff, 0xff, 0x0, 0x0, 0x0, 0x0, 0x3f, 0xff,
    0xfc, 0x0, 0x0, 0x0, 0x0, 0xff, 0xff, 0xf0,
    0x0, 0x0, 0x0, 0x3, 0xff, 0xff, 0xe0, 0x0,
    0x0, 0x0, 0xf, 0xff, 0xff, 0x80, 0x0, 0x0,
    0x0, 0x3f, 0xff, 0xff, 0x0, 0x0, 0x0, 0x0,
    0xff, 0xdf, 0xff, 0x0, 0x0, 0x0, 0x3, 0xff,
    0x7f, 0xff, 0xff, 0xff, 0xff, 0xff, 0xfd, 0xff,
    0xff, 0xff, 0xff, 0xff, 0xff, 0xf3, 0xff, 0xff,
    0xff, 0xff, 0xff, 0xff, 0xc7, 0xff, 0xff, 0xff,
    0xff, 0xff, 0xff, 0xf, 0xff, 0xff, 0xff, 0xff,
    0xff, 0xfc, 0x1f, 0xff, 0xff, 0xff, 0xff, 0xff,
    0xf0, 0x1f, 0xff, 0xff, 0xff, 0xff, 0xff, 0xc0,
    0xf, 0xff, 0xff, 0xff, 0xff, 0xff, 0x0, 0x0,
    0x0, 0x0, 0x0, 0xf, 0xfc, 0x0, 0x0, 0x0,
    0x0, 0x0, 0x3f, 0xf0, 0x0, 0x0, 0x0, 0x0,
    0x0, 0xff, 0xc0, 0x0, 0x0, 0x0, 0x0, 0x3,
    0xff, 0x0, 0x0, 0x0, 0x0, 0x0, 0xf, 0xfc,
    0x0, 0x0, 0x0, 0x0, 0x0, 0x3f, 0xf0, 0x0,
    0x0, 0x0, 0x0, 0x0, 0xff, 0xc0, 0x0, 0x0,
    0x0, 0x0, 0x3, 0xff, 0x0, 0x0, 0x0, 0x0,
    0x0, 0xf, 0xfc, 0x0, 0x0, 0x0, 0x0, 0x0,
    0x3f, 0xf0, 0x0, 0x0, 0x0, 0x0, 0x0, 0xff,
    0xc0, 0x0, 0x0, 0x0, 0x0, 0x3, 0xff, 0x0,
    0x0, 0x0, 0x0, 0x0, 0xf, 0xfc, 0x0, 0x0,
    0x0, 0x0, 0x0, 0x3f, 0xf0, 0x0, 0x0, 0x0,
    0x0, 0x0, 0xff, 0xc0, 0x0, 0x0, 0x0, 0x0,
    0x3, 0xff,

    /* U+0072 "r" */
    0x0, 0x1f, 0xff, 0xff, 0xfc, 0x3, 0xff, 0xff,
    0xff, 0xfc, 0x1f, 0xff, 0xff, 0xff, 0xf8, 0x7f,
    0xff, 0xff, 0xff, 0xf1, 0xff, 0xff, 0xff, 0xff,
    0xe7, 0xff, 0xff, 0xff, 0xff, 0xdf, 0xff, 0xff,
    0xff, 0xff, 0xbf, 0xff, 0xff, 0xff, 0xfe, 0x7f,
    0xfc, 0x0, 0x0, 0x1, 0xff, 0xe0, 0x0, 0x0,
    0x3, 0xff, 0x80, 0x0, 0x0, 0x7, 0xff, 0x0,
    0x0, 0x0, 0xf, 0xfc, 0x0, 0x0, 0x0, 0x1f,
    0xf8, 0x0, 0x0, 0x0, 0x3f, 0xf0, 0x0, 0x0,
    0x0, 0x7f, 0xe0, 0x0, 0x0, 0x0, 0xff, 0xc0,
    0x0, 0x0, 0x1, 0xff, 0x80, 0x0, 0x0, 0x3,
    0xff, 0x0, 0x0, 0x0, 0x7, 0xfe, 0x0, 0x0,
    0x0, 0xf, 0xfc, 0x0, 0x0, 0x0, 0x1f, 0xf8,
    0x0, 0x0, 0x0, 0x3f, 0xf0, 0x0, 0x0, 0x0,
    0x7f, 0xe0, 0x0, 0x0, 0x0, 0xff, 0xc0, 0x0,
    0x0, 0x1, 0xff, 0x80, 0x0, 0x0, 0x3, 0xff,
    0x0, 0x0, 0x0, 0x7, 0xfe, 0x0, 0x0, 0x0,
    0xf, 0xfc, 0x0, 0x0, 0x0, 0x1f, 0xf8, 0x0,
    0x0, 0x0, 0x3f, 0xf0, 0x0, 0x0, 0x0, 0x7f,
    0xe0, 0x0, 0x0, 0x0, 0xff, 0xc0, 0x0, 0x0,
    0x1, 0xff, 0x80, 0x0, 0x0, 0x3, 0xff, 0x0,
    0x0, 0x0, 0x7, 0xfe, 0x0, 0x0, 0x0, 0xf,
    0xfc, 0x0, 0x0, 0x0, 0x1f, 0xf8, 0x0, 0x0,
    0x0, 0x3f, 0xf0, 0x0, 0x0, 0x0, 0x7f, 0xe0,
    0x0, 0x0, 0x0,

    /* U+0073 "s" */
    0x1, 0xff, 0xff, 0xff, 0xff, 0xfe, 0x7, 0xff,
    0xff, 0xff, 0xff, 0xff, 0x7, 0xff, 0xff, 0xff,
    0xff, 0xff, 0x87, 0xff, 0xff, 0xff, 0xff, 0xff,
    0xc7, 0xff, 0xff, 0xff, 0xff, 0xff, 0xe3, 0xff,
    0xff, 0xff, 0xff, 0xff, 0xf3, 0xff, 0xff, 0xff,
    0xff, 0xff, 0xf9, 0xff, 0xff, 0xff, 0xff, 0xff,
    0xfc, 0xff, 0xe0, 0x0, 0x0, 0x0, 0x0, 0x7f,
    0xe0, 0x0, 0x0, 0x0, 0x0, 0x3f, 0xf0, 0x0,
    0x0, 0x0, 0x0, 0x1f, 0xf8, 0x0, 0x0, 0x0,
    0x0, 0xf, 0xfc, 0x0, 0x0, 0x0, 0x0, 0x7,
    0xfe, 0x0, 0x0, 0x0, 0x0, 0x3, 0xff, 0x0,
    0x0, 0x0, 0x0, 0x1, 0xff, 0xc0, 0x0, 0x0,
    0x0, 0x0, 0xff, 0xff, 0xff, 0xff, 0xff, 0xe0,
    0x3f, 0xff, 0xff, 0xff, 0xff, 0xfc, 0x1f, 0xff,
    0xff, 0xff, 0xff, 0xff, 0x7, 0xff, 0xff, 0xff,
    0xff, 0xff, 0xc1, 0xff, 0xff, 0xff, 0xff, 0xff,
    0xf0, 0x7f, 0xff, 0xff, 0xff, 0xff, 0xf8, 0x7,
    0xff, 0xff, 0xff, 0xff, 0xfe, 0x0, 0x0, 0x0,
    0x0, 0x7, 0xff, 0x0, 0x0, 0x0, 0x0, 0x1,
    0xff, 0x80, 0x0, 0x0, 0x0, 0x0, 0xff, 0xc0,
    0x0, 0x0, 0x0, 0x0, 0x7f, 0xe0, 0x0, 0x0,
    0x0, 0x0, 0x3f, 0xf0, 0x0, 0x0, 0x0, 0x0,
    0x1f, 0xf8, 0x0, 0x0, 0x0, 0x0, 0xf, 0xfc,
    0x0, 0x0, 0x0, 0x0, 0x7, 0xfe, 0x0, 0x0,
    0x0, 0x0, 0x7, 0xff, 0xff, 0xff, 0xff, 0xff,
    0xff, 0xff, 0xff, 0xff, 0xff, 0xff, 0xff, 0xff,
    0xff, 0xff, 0xff, 0xff, 0xff, 0xff, 0xdf, 0xff,
    0xff, 0xff, 0xff, 0xff, 0xef, 0xff, 0xff, 0xff,
    0xff, 0xff, 0xe7, 0xff, 0xff, 0xff, 0xff, 0xff,
    0xe3, 0xff, 0xff, 0xff, 0xff, 0xff, 0xe1, 0xff,
    0xff, 0xff, 0xff, 0xff, 0x80,

    /* U+0074 "t" */
    0x0, 0xff, 0xc0, 0x0, 0x0, 0x7f, 0xe0, 0x0,
    0x0, 0x3f, 0xf0, 0x0, 0x0, 0x1f, 0xf8, 0x0,
    0x0, 0xf, 0xfc, 0x0, 0x0, 0x7, 0xfe, 0x0,
    0x0, 0x3, 0xff, 0x0, 0x0, 0x1, 0xff, 0x80,
    0x0, 0x0, 0xff, 0xc0, 0x0, 0x0, 0x7f, 0xe0,
    0x0, 0x0, 0x3f, 0xf0, 0x0, 0x1f, 0xff, 0xff,
    0xff, 0xef, 0xff, 0xff, 0xff, 0xf7, 0xff, 0xff,
    0xff, 0xfb, 0xff, 0xff, 0xff, 0xfd, 0xff, 0xff,
    0xff, 0xfe, 0xff, 0xff, 0xff, 0xff, 0x7f, 0xff,
    0xff, 0xff, 0xbf, 0xff, 0xff, 0xff, 0xc0, 0x1f,
    0xf8, 0x0, 0x0, 0xf, 0xfc, 0x0, 0x0, 0x7,
    0xfe, 0x0, 0x0, 0x3, 0xff, 0x0, 0x0, 0x1,
    0xff, 0x80, 0x0, 0x0, 0xff, 0xc0, 0x0, 0x0,
    0x7f, 0xe0, 0x0, 0x0, 0x3f, 0xf0, 0x0, 0x0,
    0x1f, 0xf8, 0x0, 0x0, 0xf, 0xfc, 0x0, 0x0,
    0x7, 0xfe, 0x0, 0x0, 0x3, 0xff, 0x0, 0x0,
    0x1, 0xff, 0x80, 0x0, 0x0, 0xff, 0xc0, 0x0,
    0x0, 0x7f, 0xe0, 0x0, 0x0, 0x3f, 0xf0, 0x0,
    0x0, 0x1f, 0xf8, 0x0, 0x0, 0xf, 0xfc, 0x0,
    0x0, 0x7, 0xfe, 0x0, 0x0, 0x3, 0xff, 0x0,
    0x0, 0x1, 0xff, 0x80, 0x0, 0x0, 0xff, 0xe0,
    0x0, 0x0, 0x7f, 0xf0, 0x0, 0x0, 0x1f, 0xfe,
    0x0, 0x0, 0xf, 0xff, 0xff, 0xf0, 0x7, 0xff,
    0xff, 0xf8, 0x1, 0xff, 0xff, 0xfc, 0x0, 0xff,
    0xff, 0xfe, 0x0, 0x3f, 0xff, 0xff, 0x0, 0xf,
    0xff, 0xff, 0x80, 0x1, 0xff, 0xff, 0xc0, 0x0,
    0x1f, 0xff, 0xe0,

    /* U+0075 "u" */
    0xff, 0xc0, 0x0, 0x0, 0x0, 0xf, 0xff, 0xff,
    0x0, 0x0, 0x0, 0x0, 0x3f, 0xff, 0xfc, 0x0,
    0x0, 0x0, 0x0, 0xff, 0xff, 0xf0, 0x0, 0x0,
    0x0, 0x3, 0xff, 0xff, 0xc0, 0x0, 0x0, 0x0,
    0xf, 0xff, 0xff, 0x0, 0x0, 0x0, 0x0, 0x3f,
    0xff, 0xfc, 0x0, 0x0, 0x0, 0x0, 0xff, 0xff,
    0xf0, 0x0, 0x0, 0x0, 0x3, 0xff, 0xff, 0xc0,
    0x0, 0x0, 0x0, 0xf, 0xff, 0xff, 0x0, 0x0,
    0x0, 0x0, 0x3f, 0xff, 0xfc, 0x0, 0x0, 0x0,
    0x0, 0xff, 0xff, 0xf0, 0x0, 0x0, 0x0, 0x3,
    0xff, 0xff, 0xc0, 0x0, 0x0, 0x0, 0xf, 0xff,
    0xff, 0x0, 0x0, 0x0, 0x0, 0x3f, 0xff, 0xfc,
    0x0, 0x0, 0x0, 0x0, 0xff, 0xff, 0xf0, 0x0,
    0x0, 0x0, 0x3, 0xff, 0xff, 0xc0, 0x0, 0x0,
    0x0, 0xf, 0xff, 0xff, 0x0, 0x0, 0x0, 0x0,
    0x3f, 0xff, 0xfc, 0x0, 0x0, 0x0, 0x0, 0xff,
    0xff, 0xf0, 0x0, 0x0, 0x0, 0x3, 0xff, 0xff,
    0xc0, 0x0, 0x0, 0x0, 0xf, 0xff, 0xff, 0x0,
    0x0, 0x0, 0x0, 0x3f, 0xff, 0xfc, 0x0, 0x0,
    0x0, 0x0, 0xff, 0xff, 0xf0, 0x0, 0x0, 0x0,
    0x3, 0xff, 0xff, 0xc0, 0x0, 0x0, 0x0, 0xf,
    0xff, 0xff, 0x0, 0x0, 0x0, 0x0, 0x3f, 0xff,
    0xfc, 0x0, 0x0, 0x0, 0x0, 0xff, 0xff, 0xf0,
    0x0, 0x0, 0x0, 0x3, 0xff, 0xff, 0xc0, 0x0,
    0x0, 0x0, 0x1f, 0xff, 0xff, 0x80, 0x0, 0x0,
    0x0, 0x7f, 0xff, 0xff, 0x0, 0x0, 0x0, 0x3,
    0xff, 0xdf, 0xfe, 0x0, 0x0, 0x0, 0x3f, 0xfe,
    0x7f, 0xff, 0xff, 0xff, 0xff, 0xff, 0xf9, 0xff,
    0xff, 0xff, 0xff, 0xff, 0xff, 0xe3, 0xff, 0xff,
    0xff, 0xff, 0xff, 0xff, 0x7, 0xff, 0xff, 0xff,
    0xff, 0xff, 0xf8, 0xf, 0xff, 0xff, 0xff, 0xff,
    0xff, 0xc0, 0x1f, 0xff, 0xff, 0xff, 0xff, 0xfe,
    0x0, 0x1f, 0xff, 0xff, 0xff, 0xff, 0xe0, 0x0,
    0xf, 0xff, 0xff, 0xff, 0xfc, 0x0,

    /* U+0076 "v" */
    0xff, 0xe0, 0x0, 0x0, 0x0, 0x1, 0xff, 0xff,
    0xf8, 0x0, 0x0, 0x0, 0x0, 0x7f, 0xf7, 0xff,
    0x0, 0x0, 0x0, 0x0, 0x3f, 0xf9, 0xff, 0xe0,
    0x0, 0x0, 0x0, 0xf, 0xfe, 0x3f, 0xf8, 0x0,
    0x0, 0x0, 0x7, 0xff, 0xf, 0xff, 0x0, 0x0,
    0x0, 0x3, 0xff, 0xc1, 0xff, 0xc0, 0x0, 0x0,
    0x0, 0xff, 0xe0, 0x7f, 0xf8, 0x0, 0x0, 0x0,
    0x7f, 0xf0, 0xf, 0xfe, 0x0, 0x0, 0x0, 0x1f,
    0xfc, 0x1, 0xff, 0xc0, 0x0, 0x0, 0xf, 0xfe,
    0x0, 0x7f, 0xf0, 0x0, 0x0, 0x3, 0xff, 0x80,
    0xf, 0xfe, 0x0, 0x0, 0x1, 0xff, 0xc0, 0x3,
    0xff, 0xc0, 0x0, 0x0, 0x7f, 0xf0, 0x0, 0x7f,
    0xf0, 0x0, 0x0, 0x3f, 0xf8, 0x0, 0x1f, 0xfe,
    0x0, 0x0, 0x1f, 0xfc, 0x0, 0x3, 0xff, 0x80,
    0x0, 0x7, 0xff, 0x0, 0x0, 0x7f, 0xf0, 0x0,
    0x3, 0xff, 0x80, 0x0, 0x1f, 0xfc, 0x0, 0x0,
    0xff, 0xe0, 0x0, 0x3, 0xff, 0x80, 0x0, 0x7f,
    0xf0, 0x0, 0x0, 0xff, 0xe0, 0x0, 0x1f, 0xfc,
    0x0, 0x0, 0x1f, 0xfc, 0x0, 0xf, 0xfe, 0x0,
    0x0, 0x7, 0xff, 0x80, 0x3, 0xff, 0x80, 0x0,
    0x0, 0xff, 0xe0, 0x1, 0xff, 0xc0, 0x0, 0x0,
    0x3f, 0xfc, 0x0, 0xff, 0xe0, 0x0, 0x0, 0x7,
    0xff, 0x0, 0x3f, 0xf8, 0x0, 0x0, 0x0, 0xff,
    0xe0, 0x1f, 0xfc, 0x0, 0x0, 0x0, 0x3f, 0xf8,
    0x7, 0xff, 0x0, 0x0, 0x0, 0x7, 0xff, 0x3,
    0xff, 0x80, 0x0, 0x0, 0x1, 0xff, 0xc0, 0xff,
    0xe0, 0x0, 0x0, 0x0, 0x3f, 0xf8, 0x7f, 0xf0,
    0x0, 0x0, 0x0, 0xf, 0xff, 0x1f, 0xf8, 0x0,
    0x0, 0x0, 0x1, 0xff, 0xcf, 0xfe, 0x0, 0x0,
    0x0, 0x0, 0x3f, 0xff, 0xff, 0x0, 0x0, 0x0,
    0x0, 0xf, 0xff, 0xff, 0xc0, 0x0, 0x0, 0x0,
    0x1, 0xff, 0xff, 0xe0, 0x0, 0x0, 0x0, 0x0,
    0x7f, 0xff, 0xf8, 0x0, 0x0, 0x0, 0x0, 0xf,
    0xff, 0xfc, 0x0, 0x0, 0x0, 0x0, 0x3, 0xff,
    0xfe, 0x0, 0x0, 0x0, 0x0, 0x0, 0x7f, 0xff,
    0x80, 0x0, 0x0, 0x0, 0x0, 0x7, 0xff, 0x80,
    0x0, 0x0,

    /* U+0077 "w" */
    0xff, 0xe0, 0x0, 0x0, 0x3f, 0xff, 0x0, 0x0,
    0x1, 0xff, 0xff, 0xf8, 0x0, 0x0, 0x1f, 0xff,
    0xe0, 0x0, 0x0, 0xff, 0xf7, 0xff, 0x0, 0x0,
    0xf, 0xff, 0xf8, 0x0, 0x0, 0x3f, 0xf9, 0xff,
    0xc0, 0x0, 0x3, 0xff, 0xff, 0x0, 0x0, 0xf,
    0xfe, 0x7f, 0xf0, 0x0, 0x0, 0xff, 0xff, 0xc0,
    0x0, 0x3, 0xff, 0x9f, 0xfe, 0x0, 0x0, 0x7f,
    0xff, 0xf8, 0x0, 0x1, 0xff, 0xc3, 0xff, 0x80,
    0x0, 0x1f, 0xff, 0xfe, 0x0, 0x0, 0x7f, 0xf0,
    0xff, 0xe0, 0x0, 0x7, 0xff, 0xff, 0x80, 0x0,
    0x1f, 0xfc, 0x3f, 0xfc, 0x0, 0x3, 0xff, 0x3f,
    0xf0, 0x0, 0xf, 0xfe, 0x7, 0xff, 0x0, 0x0,
    0xff, 0xcf, 0xfc, 0x0, 0x3, 0xff, 0x81, 0xff,
    0xc0, 0x0, 0x3f, 0xe3, 0xff, 0x0, 0x0, 0xff,
    0xe0, 0x7f, 0xf0, 0x0, 0x1f, 0xf8, 0x7f, 0xe0,
    0x0, 0x7f, 0xf0, 0xf, 0xfe, 0x0, 0x7, 0xfe,
    0x1f, 0xf8, 0x0, 0x1f, 0xfc, 0x3, 0xff, 0x80,
    0x1, 0xff, 0x7, 0xfe, 0x0, 0x7, 0xff, 0x0,
    0xff, 0xe0, 0x0, 0xff, 0xc0, 0xff, 0xc0, 0x3,
    0xff, 0x80, 0x1f, 0xfc, 0x0, 0x3f, 0xf0, 0x3f,
    0xf0, 0x0, 0xff, 0xe0, 0x7, 0xff, 0x0, 0xf,
    0xf8, 0x7, 0xfc, 0x0, 0x3f, 0xf8, 0x1, 0xff,
    0xc0, 0x7, 0xfe, 0x1, 0xff, 0x80, 0xf, 0xfc,
    0x0, 0x3f, 0xf8, 0x1, 0xff, 0x0, 0x7f, 0xe0,
    0x7, 0xff, 0x0, 0xf, 0xfe, 0x0, 0xff, 0xc0,
    0xf, 0xf8, 0x1, 0xff, 0xc0, 0x3, 0xff, 0x80,
    0x3f, 0xf0, 0x3, 0xff, 0x0, 0x7f, 0xf0, 0x0,
    0x7f, 0xf0, 0xf, 0xf8, 0x0, 0xff, 0xc0, 0x3f,
    0xf8, 0x0, 0x1f, 0xfc, 0x7, 0xfe, 0x0, 0x1f,
    0xf0, 0xf, 0xfe, 0x0, 0x7, 0xff, 0x1, 0xff,
    0x80, 0x7, 0xfe, 0x3, 0xff, 0x80, 0x0, 0xff,
    0xc0, 0x7f, 0xc0, 0x1, 0xff, 0x81, 0xff, 0xc0,
    0x0, 0x3f, 0xf8, 0x3f, 0xf0, 0x0, 0x3f, 0xe0,
    0x7f, 0xf0, 0x0, 0xf, 0xfe, 0xf, 0xfc, 0x0,
    0xf, 0xfc, 0x1f, 0xfc, 0x0, 0x1, 0xff, 0x83,
    0xfe, 0x0, 0x3, 0xff, 0xf, 0xfe, 0x0, 0x0,
    0x7f, 0xf1, 0xff, 0x80, 0x0, 0x7f, 0xc3, 0xff,
    0x80, 0x0, 0x1f, 0xfc, 0x7f, 0xe0, 0x0, 0x1f,
    0xf8, 0xff, 0xe0, 0x0, 0x3, 0xff, 0x1f, 0xf0,
    0x0, 0x7, 0xfe, 0x7f, 0xf0, 0x0, 0x0, 0xff,
    0xef, 0xfc, 0x0, 0x0, 0xff, 0xdf, 0xfc, 0x0,
    0x0, 0x3f, 0xff, 0xff, 0x0, 0x0, 0x3f, 0xff,
    0xff, 0x0, 0x0, 0xf, 0xff, 0xff, 0x80, 0x0,
    0x7, 0xff, 0xff, 0x80, 0x0, 0x1, 0xff, 0xff,
    0xe0, 0x0, 0x1, 0xff, 0xff, 0xe0, 0x0, 0x0,
    0x7f, 0xff, 0xf8, 0x0, 0x0, 0x7f, 0xff, 0xf8,
    0x0, 0x0, 0x1f, 0xff, 0xfc, 0x0, 0x0, 0xf,
    0xff, 0xfc, 0x0, 0x0, 0x3, 0xff, 0xff, 0x0,
    0x0, 0x3, 0xff, 0xff, 0x0, 0x0, 0x0, 0x7f,
    0xff, 0x80, 0x0, 0x0, 0x7f, 0xff, 0x80, 0x0,
    0x0, 0xf, 0xff, 0xc0, 0x0, 0x0, 0xf, 0xff,
    0xc0, 0x0,

    /* U+0078 "x" */
    0x3f, 0xfc, 0x0, 0x0, 0x0, 0x1f, 0xfc, 0x7f,
    0xfc, 0x0, 0x0, 0x0, 0x7f, 0xf8, 0x7f, 0xfc,
    0x0, 0x0, 0x1, 0xff, 0xe0, 0x7f, 0xfc, 0x0,
    0x0, 0x7, 0xff, 0x80, 0x7f, 0xfc, 0x0, 0x0,
    0x1f, 0xfe, 0x0, 0x7f, 0xfc, 0x0, 0x0, 0x7f,
    0xf8, 0x0, 0x7f, 0xfc, 0x0, 0x1, 0xff, 0xe0,
    0x0, 0x7f, 0xfc, 0x0, 0x7, 0xff, 0x80, 0x0,
    0x7f, 0xfc, 0x0, 0x3f, 0xfe, 0x0, 0x0, 0x7f,
    0xfe, 0x0, 0xff, 0xf8, 0x0, 0x0, 0x7f, 0xfe,
    0x3, 0xff, 0xe0, 0x0, 0x0, 0x7f, 0xfe, 0xf,
    0xff, 0x80, 0x0, 0x0, 0x3f, 0xfe, 0x3f, 0xfe,
    0x0, 0x0, 0x0, 0x3f, 0xfe, 0xff, 0xf0, 0x0,
    0x0, 0x0, 0x3f, 0xff, 0xff, 0xc0, 0x0, 0x0,
    0x0, 0x3f, 0xff, 0xff, 0x0, 0x0, 0x0, 0x0,
    0x3f, 0xff, 0xfc, 0x0, 0x0, 0x0, 0x0, 0x3f,
    0xff, 0xf0, 0x0, 0x0, 0x0, 0x0, 0x3f, 0xff,
    0xc0, 0x0, 0x0, 0x0, 0x0, 0x3f, 0xff, 0x0,
    0x0, 0x0, 0x0, 0x1, 0xff, 0xfe, 0x0, 0x0,
    0x0, 0x0, 0x7, 0xff, 0xfe, 0x0, 0x0, 0x0,
    0x0, 0x1f, 0xff, 0xff, 0x0, 0x0, 0x0, 0x0,
    0x7f, 0xff, 0xff, 0x0, 0x0, 0x0, 0x1, 0xff,
    0xff, 0xff, 0x0, 0x0, 0x0, 0x7, 0xff, 0xdf,
    0xff, 0x0, 0x0, 0x0, 0x1f, 0xff, 0x1f, 0xff,
    0x0, 0x0, 0x0, 0x7f, 0xf8, 0x1f, 0xff, 0x0,
    0x0, 0x1, 0xff, 0xe0, 0x1f, 0xff, 0x0, 0x0,
    0x7, 0xff, 0x80, 0x1f, 0xff, 0x0, 0x0, 0x1f,
    0xfe, 0x0, 0x1f, 0xff, 0x0, 0x0, 0x7f, 0xf8,
    0x0, 0x1f, 0xff, 0x0, 0x1, 0xff, 0xe0, 0x0,
    0x1f, 0xff, 0x0, 0xf, 0xff, 0x80, 0x0, 0x1f,
    0xff, 0x0, 0x3f, 0xfe, 0x0, 0x0, 0x1f, 0xff,
    0x80, 0xff, 0xf8, 0x0, 0x0, 0x1f, 0xff, 0x83,
    0xff, 0xc0, 0x0, 0x0, 0x1f, 0xff, 0x8f, 0xff,
    0x0, 0x0, 0x0, 0xf, 0xff, 0xbf, 0xfc, 0x0,
    0x0, 0x0, 0xf, 0xff, 0xff, 0xf0, 0x0, 0x0,
    0x0, 0xf, 0xff,

    /* U+0079 "y" */
    0xff, 0xe0, 0x0, 0x0, 0x0, 0x3, 0xff, 0x7f,
    0xf0, 0x0, 0x0, 0x0, 0x3, 0xff, 0xbf, 0xfc,
    0x0, 0x0, 0x0, 0x1, 0xff, 0xcf, 0xfe, 0x0,
    0x0, 0x0, 0x1, 0xff, 0xc3, 0xff, 0x80, 0x0,
    0x0, 0x0, 0xff, 0xe1, 0xff, 0xe0, 0x0, 0x0,
    0x0, 0xff, 0xe0, 0x7f, 0xf0, 0x0, 0x0, 0x0,
    0xff, 0xf0, 0x3f, 0xfc, 0x0, 0x0, 0x0, 0x7f,
    0xf0, 0xf, 0xfe, 0x0, 0x0, 0x0, 0x7f, 0xf8,
    0x7, 0xff, 0x80, 0x0, 0x0, 0x3f, 0xf8, 0x1,
    0xff, 0xc0, 0x0, 0x0, 0x3f, 0xfc, 0x0, 0x7f,
    0xf0, 0x0, 0x0, 0x1f, 0xfc, 0x0, 0x3f, 0xfc,
    0x0, 0x0, 0x1f, 0xfc, 0x0, 0xf, 0xfe, 0x0,
    0x0, 0xf, 0xfe, 0x0, 0x7, 0xff, 0x80, 0x0,
    0xf, 0xfe, 0x0, 0x1, 0xff, 0xc0, 0x0, 0xf,
    0xff, 0x0, 0x0, 0xff, 0xf0, 0x0, 0x7, 0xff,
    0x0, 0x0, 0x3f, 0xf8, 0x0, 0x7, 0xff, 0x80,
    0x0, 0x1f, 0xfe, 0x0, 0x3, 0xff, 0x80, 0x0,
    0x7, 0xff, 0x80, 0x3, 0xff, 0x80, 0x0, 0x1,
    0xff, 0xc0, 0x1, 0xff, 0xc0, 0x0, 0x0, 0xff,
    0xf0, 0x1, 0xff, 0xc0, 0x0, 0x0, 0x3f, 0xf8,
    0x1, 0xff, 0xe0, 0x0, 0x0, 0x1f, 0xfe, 0x0,
    0xff, 0xe0, 0x0, 0x0, 0x7, 0xff, 0x0, 0xff,
    0xf0, 0x0, 0x0, 0x3, 0xff, 0xc0, 0x7f, 0xf0,
    0x0, 0x0, 0x0, 0xff, 0xf0, 0x7f, 0xf8, 0x0,
    0x0, 0x0, 0x3f, 0xf8, 0x3f, 0xf8, 0x0, 0x0,
    0x0, 0x1f, 0xfe, 0x3f, 0xf8, 0x0, 0x0, 0x0,
    0x7, 0xff, 0x3f, 0xfc, 0x0, 0x0, 0x0, 0x3,
    0xff, 0xdf, 0xfc, 0x0, 0x0, 0x0, 0x0, 0xff,
    0xff, 0xfe, 0x0, 0x0, 0x0, 0x0, 0x7f, 0xff,
    0xfe, 0x0, 0x0, 0x0, 0x0, 0x1f, 0xff, 0xff,
    0x0, 0x0, 0x0, 0x0, 0x7, 0xff, 0xff, 0x0,
    0x0, 0x0, 0x0, 0x3, 0xff, 0xff, 0x0, 0x0,
    0x0, 0x0, 0x0, 0xff, 0xff, 0x80, 0x0, 0x0,
    0x0, 0x0, 0x7f, 0xff, 0x80, 0x0, 0x0, 0x0,
    0x0, 0x1f, 0xff, 0xc0, 0x0, 0x0, 0x0, 0x0,
    0x1, 0xff, 0xc0, 0x0, 0x0, 0x0, 0x0, 0x1,
    0xff, 0xe0, 0x0, 0x0, 0x0, 0x0, 0x0, 0xff,
    0xe0, 0x0, 0x0, 0x0, 0x0, 0x0, 0xff, 0xf0,
    0x0, 0x0, 0x0, 0x0, 0x0, 0x7f, 0xf0, 0x0,
    0x0, 0x0, 0x0, 0x0, 0x7f, 0xf0, 0x0, 0x0,
    0x0, 0x0, 0x0, 0x3f, 0xf8, 0x0, 0x0, 0x0,
    0x0, 0x0, 0x3f, 0xf8, 0x0, 0x0, 0x0, 0x0,
    0x0, 0x3f, 0xfc, 0x0, 0x0, 0x0, 0x0, 0x1f,
    0xff, 0xfc, 0x0, 0x0, 0x0, 0x0, 0xf, 0xff,
    0xfe, 0x0, 0x0, 0x0, 0x0, 0x7, 0xff, 0xfe,
    0x0, 0x0, 0x0, 0x0, 0x3, 0xff, 0xfe, 0x0,
    0x0, 0x0, 0x0, 0x1, 0xff, 0xff, 0x0, 0x0,
    0x0, 0x0, 0x0, 0xff, 0xff, 0x0, 0x0, 0x0,
    0x0, 0x0, 0x7f, 0xfe, 0x0, 0x0, 0x0, 0x0,
    0x0, 0x3f, 0xf8, 0x0, 0x0, 0x0, 0x0,

    /* U+007A "z" */
    0x7f, 0xff, 0xff, 0xff, 0xff, 0xf3, 0xff, 0xff,
    0xff, 0xff, 0xff, 0xef, 0xff, 0xff, 0xff, 0xff,
    0xff, 0xff, 0xff, 0xff, 0xff, 0xff, 0xff, 0xff,
    0xff, 0xff, 0xff, 0xff, 0xff, 0xff, 0xff, 0xff,
    0xff, 0xff, 0xff, 0xff, 0xff, 0xff, 0xff, 0xff,
    0xdf, 0xff, 0xff, 0xff, 0xff, 0xff, 0x0, 0x0,
    0x0, 0x0, 0xf, 0xfc, 0x0, 0x0, 0x0, 0x0,
    0x3f, 0xf0, 0x0, 0x0, 0x0, 0x3, 0xff, 0xc0,
    0x0, 0x0, 0x0, 0x3f, 0xff, 0x0, 0x0, 0x0,
    0x3, 0xff, 0xfc, 0x0, 0x0, 0x0, 0x3f, 0xff,
    0xe0, 0x0, 0x0, 0x3, 0xff, 0xff, 0x0, 0x0,
    0x0, 0x7f, 0xff, 0xf8, 0x0, 0x0, 0x7, 0xff,
    0xff, 0x0, 0x0, 0x0, 0x7f, 0xff, 0xf0, 0x0,
    0x0, 0x7, 0xff, 0xff, 0x0, 0x0, 0x0, 0xff,
    0xff, 0xf0, 0x0, 0x0, 0xf, 0xff, 0xff, 0x0,
    0x0, 0x0, 0xff, 0xff, 0xe0, 0x0, 0x0, 0xf,
    0xff, 0xfe, 0x0, 0x0, 0x0, 0xff, 0xff, 0xe0,
    0x0, 0x0, 0x1f, 0xff, 0xfe, 0x0, 0x0, 0x0,
    0xff, 0xff, 0xc0, 0x0, 0x0, 0x7, 0xff, 0xfc,
    0x0, 0x0, 0x0, 0x3f, 0xff, 0xc0, 0x0, 0x0,
    0x0, 0xff, 0xfc, 0x0, 0x0, 0x0, 0x3, 0xff,
    0x80, 0x0, 0x0, 0x0, 0xf, 0xfc, 0x0, 0x0,
    0x0, 0x0, 0x3f, 0xf0, 0x0, 0x0, 0x0, 0x0,
    0xff, 0xff, 0xff, 0xff, 0xff, 0xfb, 0xff, 0xff,
    0xff, 0xff, 0xff, 0xff, 0xff, 0xff, 0xff, 0xff,
    0xff, 0xff, 0xff, 0xff, 0xff, 0xff, 0xff, 0xff,
    0xff, 0xff, 0xff, 0xff, 0xff, 0xff, 0xff, 0xff,
    0xff, 0xff, 0xf7, 0xff, 0xff, 0xff, 0xff, 0xff,
    0xcf, 0xff, 0xff, 0xff, 0xff, 0xfe,

    /* U+007B "{" */
    0x0, 0x1, 0xff, 0x80, 0x1, 0xff, 0xf0, 0x1,
    0xff, 0xfc, 0x0, 0xff, 0xff, 0x0, 0x3f, 0xff,
    0xc0, 0x1f, 0xff, 0xf0, 0x7, 0xff, 0xf8, 0x1,
    0xfe, 0x0, 0x0, 0xff, 0x0, 0x0, 0x3f, 0xc0,
    0x0, 0xf, 0xe0, 0x0, 0x3, 0xf8, 0x0, 0x0,
    0xfe, 0x0, 0x0, 0x3f, 0x80, 0x0, 0xf, 0xe0,
    0x0, 0x3, 0xf8, 0x0, 0x0, 0xfe, 0x0, 0x0,
    0x3f, 0x80, 0x0, 0xf, 0xe0, 0x0, 0x3, 0xf8,
    0x0, 0x0, 0xfe, 0x0, 0x0, 0x3f, 0x80, 0x0,
    0xf, 0xe0, 0x0, 0x3, 0xf8, 0x0, 0x0, 0xfe,
    0x0, 0x0, 0x3f, 0x80, 0x0, 0xf, 0xe0, 0x0,
    0x3, 0xf8, 0x0, 0x0, 0xfe, 0x0, 0x0, 0x3f,
    0x80, 0x0, 0xf, 0xe0, 0x0, 0x3, 0xf8, 0x0,
    0x0, 0xfe, 0x0, 0x0, 0x3f, 0x80, 0x0, 0xf,
    0xe0, 0x0, 0x3, 0xf8, 0x0, 0x1, 0xfc, 0x0,
    0x3f, 0xff, 0x0, 0xf, 0xff, 0x80, 0x3, 0xff,
    0xe0, 0x0, 0xff, 0xf0, 0x0, 0x3f, 0xfe, 0x0,
    0xf, 0xff, 0x80, 0x3, 0xff, 0xf0, 0x0, 0x1,
    0xfc, 0x0, 0x0, 0x7f, 0x80, 0x0, 0xf, 0xe0,
    0x0, 0x3, 0xf8, 0x0, 0x0, 0xfe, 0x0, 0x0,
    0x3f, 0x80, 0x0, 0xf, 0xe0, 0x0, 0x3, 0xf8,
    0x0, 0x0, 0xfe, 0x0, 0x0, 0x3f, 0x80, 0x0,
    0xf, 0xe0, 0x0, 0x3, 0xf8, 0x0, 0x0, 0xfe,
    0x0, 0x0, 0x3f, 0x80, 0x0, 0xf, 0xe0, 0x0,
    0x3, 0xf8, 0x0, 0x0, 0xfe, 0x0, 0x0, 0x3f,
    0x80, 0x0, 0xf, 0xe0, 0x0, 0x3, 0xf8, 0x0,
    0x0, 0xfe, 0x0, 0x0, 0x3f, 0x80, 0x0, 0xf,
    0xe0, 0x0, 0x3, 0xf8, 0x0, 0x0, 0xfe, 0x0,
    0x0, 0x3f, 0x80, 0x0, 0xf, 0xe0, 0x0, 0x3,
    0xfc, 0x0, 0x0, 0xff, 0x0, 0x0, 0x1f, 0xe0,
    0x0, 0x7, 0xff, 0xf8, 0x1, 0xff, 0xff, 0x0,
    0x3f, 0xff, 0xc0, 0xf, 0xff, 0xf0, 0x1, 0xff,
    0xfc, 0x0, 0x1f, 0xff, 0x0, 0x1, 0xff, 0x80,

    /* U+007C "|" */
    0xff, 0xff, 0xff, 0xff, 0xff, 0xff, 0xff, 0xff,
    0xff, 0xff, 0xff, 0xff, 0xff, 0xff, 0xff, 0xff,
    0xff, 0xff, 0xff, 0xff, 0xff, 0xff, 0xff, 0xff,
    0xff, 0xff, 0xff, 0xff, 0xff, 0xff, 0xff, 0xff,
    0xff, 0xff, 0xff, 0xff, 0xff, 0xff, 0xff, 0xff,
    0xff, 0xff, 0xff, 0xff, 0xff, 0xff, 0xff, 0xff,
    0xff, 0xff, 0xff, 0xff, 0xff, 0xff, 0xff, 0xff,
    0xff, 0xff, 0xff, 0xff, 0xff, 0xc0,

    /* U+007D "}" */
    0xff, 0xc0, 0x0, 0x3f, 0xfe, 0x0, 0xf, 0xff,
    0xc0, 0x3, 0xff, 0xf8, 0x0, 0xff, 0xff, 0x0,
    0x3f, 0xff, 0xe0, 0xf, 0xff, 0xf8, 0x0, 0x3,
    0xfe, 0x0, 0x0, 0x3f, 0xc0, 0x0, 0xf, 0xf0,
    0x0, 0x1, 0xfc, 0x0, 0x0, 0x7f, 0x0, 0x0,
    0x1f, 0xc0, 0x0, 0x7, 0xf0, 0x0, 0x1, 0xfc,
    0x0, 0x0, 0x7f, 0x0, 0x0, 0x1f, 0xc0, 0x0,
    0x7, 0xf0, 0x0, 0x1, 0xfc, 0x0, 0x0, 0x7f,
    0x0, 0x0, 0x1f, 0xc0, 0x0, 0x7, 0xf0, 0x0,
    0x1, 0xfc, 0x0, 0x0, 0x7f, 0x0, 0x0, 0x1f,
    0xc0, 0x0, 0x7, 0xf0, 0x0, 0x1, 0xfc, 0x0,
    0x0, 0x7f, 0x0, 0x0, 0x1f, 0xc0, 0x0, 0x7,
    0xf0, 0x0, 0x1, 0xfc, 0x0, 0x0, 0x7f, 0x0,
    0x0, 0x1f, 0xc0, 0x0, 0x7, 0xf0, 0x0, 0x1,
    0xfc, 0x0, 0x0, 0x7f, 0x0, 0x0, 0xf, 0xe0,
    0x0, 0x3, 0xff, 0xf0, 0x0, 0x7f, 0xfc, 0x0,
    0x1f, 0xff, 0x0, 0x3, 0xff, 0xc0, 0x1, 0xff,
    0xf0, 0x0, 0x7f, 0xfc, 0x0, 0x3f, 0xff, 0x0,
    0xf, 0xe0, 0x0, 0x7, 0xf0, 0x0, 0x1, 0xfc,
    0x0, 0x0, 0x7f, 0x0, 0x0, 0x1f, 0xc0, 0x0,
    0x7, 0xf0, 0x0, 0x1, 0xfc, 0x0, 0x0, 0x7f,
    0x0, 0x0, 0x1f, 0xc0, 0x0, 0x7, 0xf0, 0x0,
    0x1, 0xfc, 0x0, 0x0, 0x7f, 0x0, 0x0, 0x1f,
    0xc0, 0x0, 0x7, 0xf0, 0x0, 0x1, 0xfc, 0x0,
    0x0, 0x7f, 0x0, 0x0, 0x1f, 0xc0, 0x0, 0x7,
    0xf0, 0x0, 0x1, 0xfc, 0x0, 0x0, 0x7f, 0x0,
    0x0, 0x1f, 0xc0, 0x0, 0x7, 0xf0, 0x0, 0x1,
    0xfc, 0x0, 0x0, 0x7f, 0x0, 0x0, 0x1f, 0xc0,
    0x0, 0x7, 0xf0, 0x0, 0x1, 0xfc, 0x0, 0x0,
    0xff, 0x0, 0x0, 0x3f, 0xc0, 0x0, 0x3f, 0xe0,
    0xf, 0xff, 0xf8, 0x3, 0xff, 0xfe, 0x0, 0xff,
    0xff, 0x0, 0x3f, 0xff, 0x80, 0xf, 0xff, 0xe0,
    0x3, 0xff, 0xe0, 0x0, 0xff, 0xc0, 0x0, 0x0,

    /* U+007E "~" */
    0x7, 0xfc, 0x0, 0x0, 0x0, 0x7f, 0xfc, 0x0,
    0x0, 0x7, 0xff, 0xfc, 0x0, 0x1, 0xff, 0xff,
    0xfc, 0x0, 0xf, 0xff, 0xff, 0xfc, 0x0, 0x7f,
    0xff, 0xff, 0xfc, 0x7, 0xff, 0xe0, 0x3f, 0xff,
    0xff, 0xfe, 0x0, 0x3f, 0xff, 0xff, 0xf0, 0x0,
    0x3f, 0xff, 0xff, 0x80, 0x0, 0x3f, 0xff, 0xe0,
    0x0, 0x0, 0x3f, 0xfe, 0x0, 0x0, 0x0, 0x3f,
    0xe0,

    /* U+00A0 " " */
    0x0,

    /* U+00A1 "¡" */
    0xff, 0xdf, 0xfb, 0xff, 0x7f, 0xef, 0xfd, 0xff,
    0xbf, 0xf7, 0xfe, 0xff, 0xdf, 0xf8, 0x0, 0x0,
    0x0, 0x0, 0x0, 0x0, 0x0, 0x0, 0x0, 0x7,
    0xf0, 0xfe, 0x1f, 0xc3, 0xf8, 0x7f, 0xf, 0xe1,
    0xfe, 0x3f, 0xcf, 0xf9, 0xff, 0x3f, 0xe7, 0xfc,
    0xff, 0x9f, 0xf3, 0xfe, 0x7f, 0xcf, 0xf9, 0xff,
    0x3f, 0xe7, 0xfc, 0xff, 0x9f, 0xf3, 0xff, 0x7f,
    0xff, 0xff, 0xff, 0xff, 0xff, 0xff, 0xff, 0xff,
    0xff, 0xff, 0xff, 0xff, 0xff, 0xff, 0xff, 0xff,
    0xfe,

    /* U+00A2 "¢" */
    0x0, 0x0, 0x0, 0x7e, 0x0, 0x0, 0x0, 0x0,
    0x0, 0x3f, 0x0, 0x0, 0x0, 0x0, 0x0, 0x1f,
    0x80, 0x0, 0x0, 0x0, 0x0, 0xf, 0xc0, 0x0,
    0x0, 0x0, 0x0, 0x7, 0xe0, 0x0, 0x0, 0x0,
    0x0, 0x3, 0xf0, 0x0, 0x0, 0x0, 0x0, 0x1,
    0xf8, 0x0, 0x0, 0x0, 0x3f, 0xff, 0xff, 0xff,
    0xfe, 0x1, 0xff, 0xff, 0xff, 0xff, 0xff, 0x83,
    0xff, 0xff, 0xff, 0xff, 0xff, 0xc3, 0xff, 0xff,
    0xff, 0xff, 0xff, 0xe3, 0xff, 0xff, 0xff, 0xff,
    0xff, 0xf3, 0xff, 0xff, 0xff, 0xff, 0xff, 0xf9,
    0xff, 0xff, 0xff, 0xff, 0xff, 0xfd, 0xff, 0xff,
    0xff, 0xff, 0xff, 0xfc, 0xff, 0xf8, 0x0, 0xfc,
    0x0, 0x0, 0x7f, 0xf0, 0x0, 0x7e, 0x0, 0x0,
    0x7f, 0xf0, 0x0, 0x3f, 0x0, 0x0, 0x3f, 0xf8,
    0x0, 0x1f, 0x80, 0x0, 0x1f, 0xf8, 0x0, 0xf,
    0xc0, 0x0, 0xf, 0xfc, 0x0, 0x7, 0xe0, 0x0,
    0x7, 0xfe, 0x0, 0x3, 0xf0, 0x0, 0x3, 0xff,
    0x0, 0x1, 0xf8, 0x0, 0x1, 0xff, 0x80, 0x0,
    0xfc, 0x0, 0x0, 0xff, 0xc0, 0x0, 0x7e, 0x0,
    0x0, 0x7f, 0xe0, 0x0, 0x3f, 0x0, 0x0, 0x3f,
    0xf0, 0x0, 0x1f, 0x80, 0x0, 0x1f, 0xf8, 0x0,
    0xf, 0xc0, 0x0, 0xf, 0xfc, 0x0, 0x7, 0xe0,
    0x0, 0x7, 0xfe, 0x0, 0x3, 0xf0, 0x0, 0x3,
    0xff, 0x0, 0x1, 0xf8, 0x0, 0x1, 0xff, 0x80,
    0x0, 0xfc, 0x0, 0x0, 0xff, 0xc0, 0x0, 0x7e,
    0x0, 0x0, 0x7f, 0xe0, 0x0, 0x3f, 0x0, 0x0,
    0x3f, 0xf0, 0x0, 0x1f, 0x80, 0x0, 0x1f, 0xf8,
    0x0, 0xf, 0xc0, 0x0, 0xf, 0xfc, 0x0, 0x7,
    0xe0, 0x0, 0x7, 0xfe, 0x0, 0x3, 0xf0, 0x0,
    0x3, 0xff, 0x0, 0x1, 0xf8, 0x0, 0x1, 0xff,
    0x80, 0x0, 0xfc, 0x0, 0x0, 0xff, 0xc0, 0x0,
    0x7e, 0x0, 0x0, 0x7f, 0xf0, 0x0, 0x3f, 0x0,
    0x0, 0x3f, 0xf8, 0x0, 0x1f, 0x80, 0x0, 0xf,
    0xfe, 0x0, 0xf, 0xc0, 0x0, 0x7, 0xff, 0xc0,
    0x7, 0xe0, 0x0, 0x3, 0xff, 0xff, 0xff, 0xff,
    0xff, 0xf8, 0xff, 0xff, 0xff, 0xff, 0xff, 0xfe,
    0x7f, 0xff, 0xff, 0xff, 0xff, 0xff, 0x1f, 0xff,
    0xff, 0xff, 0xff, 0xff, 0x87, 0xff, 0xff, 0xff,
    0xff, 0xff, 0xc1, 0xff, 0xff, 0xff, 0xff, 0xff,
    0xe0, 0x3f, 0xff, 0xff, 0xff, 0xff, 0xf0, 0x1,
    0xff, 0xff, 0xff, 0xff, 0xf0, 0x0, 0x0, 0x3,
    0xf0, 0x0, 0x0, 0x0, 0x0, 0x1, 0xf8, 0x0,
    0x0, 0x0, 0x0, 0x0, 0xfc, 0x0, 0x0, 0x0,
    0x0, 0x0, 0x7e, 0x0, 0x0, 0x0, 0x0, 0x0,
    0x3f, 0x0, 0x0, 0x0, 0x0, 0x0, 0x1f, 0x80,
    0x0, 0x0, 0x0, 0x0, 0xf, 0xc0, 0x0, 0x0,

    /* U+00A3 "£" */
    0x0, 0x0, 0x7f, 0xff, 0xff, 0xe0, 0x0, 0x1f,
    0xff, 0xff, 0xfe, 0x0, 0x7, 0xff, 0xff, 0xff,
    0xe0, 0x0, 0xff, 0xff, 0xff, 0xfe, 0x0, 0x1f,
    0xff, 0xff, 0xff, 0xe0, 0x1, 0xff, 0xff, 0xff,
    0xfe, 0x0, 0x3f, 0xff, 0xff, 0xff, 0xe0, 0x3,
    0xff, 0xff, 0xff, 0xfe, 0x0, 0x3f, 0xfc, 0x0,
    0x0, 0x0, 0x7, 0xff, 0x0, 0x0, 0x0, 0x0,
    0x7f, 0xf0, 0x0, 0x0, 0x0, 0x7, 0xfe, 0x0,
    0x0, 0x0, 0x0, 0x7f, 0xe0, 0x0, 0x0, 0x0,
    0x7, 0xfe, 0x0, 0x0, 0x0, 0x0, 0x7f, 0xe0,
    0x0, 0x0, 0x0, 0x7, 0xfe, 0x0, 0x0, 0x0,
    0x0, 0x7f, 0xe0, 0x0, 0x0, 0x0, 0x7, 0xfe,
    0x0, 0x0, 0x0, 0x0, 0x7f, 0xe0, 0x0, 0x0,
    0x0, 0x7, 0xfe, 0x0, 0x0, 0x0, 0x0, 0x7f,
    0xe0, 0x0, 0x0, 0x0, 0x7, 0xfe, 0x0, 0x0,
    0x0, 0xff, 0xff, 0xff, 0xff, 0xf0, 0xf, 0xff,
    0xff, 0xff, 0xff, 0x0, 0xff, 0xff, 0xff, 0xff,
    0xf0, 0xf, 0xff, 0xff, 0xff, 0xff, 0x0, 0xff,
    0xff, 0xff, 0xff, 0xf0, 0xf, 0xff, 0xff, 0xff,
    0xff, 0x0, 0x0, 0x7f, 0xe0, 0x0, 0x0, 0x0,
    0x7, 0xfe, 0x0, 0x0, 0x0, 0x0, 0x7f, 0xe0,
    0x0, 0x0, 0x0, 0x7, 0xfe, 0x0, 0x0, 0x0,
    0x0, 0x7f, 0xe0, 0x0, 0x0, 0x0, 0x7, 0xfe,
    0x0, 0x0, 0x0, 0x0, 0x7f, 0xe0, 0x0, 0x0,
    0x0, 0x7, 0xfe, 0x0, 0x0, 0x0, 0x0, 0x7f,
    0xe0, 0x0, 0x0, 0x0, 0x7, 0xfe, 0x0, 0x0,
    0x0, 0x0, 0x7f, 0xe0, 0x0, 0x0, 0x0, 0x7,
    0xfe, 0x0, 0x0, 0x0, 0x0, 0x7f, 0xe0, 0x0,
    0x0, 0x0, 0x7, 0xfe, 0x0, 0x0, 0x0, 0x0,
    0x7f, 0xe0, 0x0, 0x0, 0xf, 0xff, 0xff, 0xff,
    0xff, 0xff, 0xff, 0xff, 0xff, 0xff, 0xff, 0xff,
    0xff, 0xff, 0xff, 0xff, 0xff, 0xff, 0xff, 0xff,
    0xff, 0xff, 0xff, 0xff, 0xff, 0xff, 0xff, 0xff,
    0xff, 0xff, 0xff, 0xff, 0xff, 0xff, 0xff, 0xff,
    0xff, 0xff, 0xff, 0xff, 0xff, 0xff, 0xff, 0xff,
    0xf0,

    /* U+00A4 "¤" */
    0x0, 0x0, 0x0, 0x0, 0x0, 0x0, 0x60, 0x0,
    0x0, 0x0, 0xc, 0x7, 0x80, 0x0, 0x0, 0x0,
    0xf0, 0x7e, 0x0, 0x0, 0x0, 0xf, 0xc7, 0xf8,
    0x0, 0x0, 0x0, 0xff, 0x3f, 0xff, 0xff, 0xff,
    0xff, 0xf8, 0xff, 0xff, 0xff, 0xff, 0xff, 0x83,
    0xff, 0xff, 0xff, 0xff, 0xf8, 0x1f, 0xff, 0xff,
    0xff, 0xff, 0xc0, 0x7f, 0xff, 0xff, 0xff, 0xfc,
    0x1, 0xff, 0xff, 0xff, 0xff, 0xc0, 0xf, 0xf0,
    0x0, 0x1, 0xfe, 0x0, 0x7f, 0x0, 0x0, 0x7,
    0xf0, 0x3, 0xf8, 0x0, 0x0, 0x3f, 0x80, 0x1f,
    0xc0, 0x0, 0x1, 0xfc, 0x0, 0xfe, 0x0, 0x0,
    0xf, 0xe0, 0x7, 0xf0, 0x0, 0x0, 0x7f, 0x0,
    0x3f, 0x80, 0x0, 0x3, 0xf8, 0x1, 0xfc, 0x0,
    0x0, 0x1f, 0xc0, 0xf, 0xe0, 0x0, 0x0, 0xfe,
    0x0, 0x7f, 0x0, 0x0, 0x7, 0xf0, 0x3, 0xf8,
    0x0, 0x0, 0x3f, 0x80, 0x1f, 0xc0, 0x0, 0x1,
    0xfc, 0x0, 0xfe, 0x0, 0x0, 0xf, 0xe0, 0x7,
    0xf0, 0x0, 0x0, 0x7f, 0x0, 0x3f, 0x80, 0x0,
    0x3, 0xf8, 0x1, 0xfc, 0x0, 0x0, 0x1f, 0xc0,
    0xf, 0xe0, 0x0, 0x0, 0xfe, 0x0, 0x7f, 0x0,
    0x0, 0x7, 0xf0, 0x3, 0xf8, 0x0, 0x0, 0x3f,
    0x80, 0x1f, 0xc0, 0x0, 0x1, 0xfc, 0x0, 0xfe,
    0x0, 0x0, 0xf, 0xe0, 0x7, 0xf0, 0x0, 0x0,
    0x7f, 0x0, 0x3f, 0x80, 0x0, 0x3, 0xf8, 0x1,
    0xfe, 0x0, 0x0, 0x3f, 0xc0, 0xf, 0xff, 0xff,
    0xff, 0xfe, 0x0, 0x7f, 0xff, 0xff, 0xff, 0xf8,
    0x7, 0xff, 0xff, 0xff, 0xff, 0xe0, 0x7f, 0xff,
    0xff, 0xff, 0xff, 0x87, 0xff, 0xff, 0xff, 0xff,
    0xfe, 0x7f, 0xff, 0xff, 0xff, 0xff, 0xf3, 0xfc,
    0x0, 0x0, 0x0, 0x7f, 0x8f, 0xc0, 0x0, 0x0,
    0x1, 0xf8, 0x3c, 0x0, 0x0, 0x0, 0x7, 0x80,
    0xc0, 0x0, 0x0, 0x0, 0x18, 0x0, 0x0, 0x0,
    0x0, 0x0, 0x0,

    /* U+00A5 "¥" */
    0xff, 0xe0, 0x0, 0x0, 0x1, 0xff, 0xdf, 0xfc,
    0x0, 0x0, 0x0, 0xff, 0xe7, 0xff, 0x80, 0x0,
    0x0, 0x3f, 0xf8, 0xff, 0xf0, 0x0, 0x0, 0x1f,
    0xfc, 0x1f, 0xfc, 0x0, 0x0, 0xf, 0xfe, 0x3,
    0xff, 0x80, 0x0, 0x7, 0xff, 0x80, 0xff, 0xf0,
    0x0, 0x1, 0xff, 0xc0, 0x1f, 0xfc, 0x0, 0x0,
    0xff, 0xe0, 0x3, 0xff, 0x80, 0x0, 0x7f, 0xf0,
    0x0, 0xff, 0xf0, 0x0, 0x3f, 0xfc, 0x0, 0x1f,
    0xfe, 0x0, 0xf, 0xfe, 0x0, 0x3, 0xff, 0x80,
    0x7, 0xff, 0x0, 0x0, 0x7f, 0xf0, 0x3, 0xff,
    0x80, 0x0, 0x1f, 0xfe, 0x0, 0xff, 0xe0, 0x0,
    0x3, 0xff, 0x80, 0x7f, 0xf0, 0x0, 0x0, 0x7f,
    0xf0, 0x3f, 0xf8, 0x0, 0x0, 0xf, 0xfe, 0x1f,
    0xfc, 0x0, 0x0, 0x3, 0xff, 0xc7, 0xff, 0x0,
    0x0, 0x0, 0x7f, 0xf3, 0xff, 0x80, 0x0, 0x0,
    0xf, 0xff, 0xff, 0xc0, 0x0, 0x0, 0x1, 0xff,
    0xff, 0xe0, 0x0, 0x0, 0x0, 0x7f, 0xff, 0xf8,
    0x0, 0x0, 0x0, 0xf, 0xff, 0xfc, 0x0, 0x0,
    0x3f, 0xff, 0xff, 0xff, 0xff, 0xf0, 0xf, 0xff,
    0xff, 0xff, 0xff, 0xfc, 0x3, 0xff, 0xff, 0xff,
    0xff, 0xff, 0x0, 0xff, 0xff, 0xff, 0xff, 0xff,
    0xc0, 0x3f, 0xff, 0xff, 0xff, 0xff, 0xf0, 0xf,
    0xff, 0xff, 0xff, 0xff, 0xfc, 0x0, 0x0, 0x3,
    0xff, 0x0, 0x0, 0x0, 0x0, 0x0, 0xff, 0xc0,
    0x0, 0x0, 0x0, 0x0, 0x3f, 0xf0, 0x0, 0x0,
    0x0, 0x0, 0xf, 0xfc, 0x0, 0x0, 0x0, 0x0,
    0x3, 0xff, 0x0, 0x0, 0x0, 0x0, 0x0, 0xff,
    0xc0, 0x0, 0x0, 0x0, 0x0, 0x3f, 0xf0, 0x0,
    0x0, 0x0, 0x0, 0xf, 0xfc, 0x0, 0x0, 0x3,
    0xff, 0xff, 0xff, 0xff, 0xff, 0x0, 0xff, 0xff,
    0xff, 0xff, 0xff, 0xc0, 0x3f, 0xff, 0xff, 0xff,
    0xff, 0xf0, 0xf, 0xff, 0xff, 0xff, 0xff, 0xfc,
    0x3, 0xff, 0xff, 0xff, 0xff, 0xff, 0x0, 0xff,
    0xff, 0xff, 0xff, 0xff, 0xc0, 0x0, 0x0, 0x3f,
    0xf0, 0x0, 0x0, 0x0, 0x0, 0xf, 0xfc, 0x0,
    0x0, 0x0, 0x0, 0x3, 0xff, 0x0, 0x0, 0x0,
    0x0, 0x0, 0xff, 0xc0, 0x0, 0x0, 0x0, 0x0,
    0x3f, 0xf0, 0x0, 0x0, 0x0, 0x0, 0xf, 0xfc,
    0x0, 0x0, 0x0, 0x0, 0x3, 0xff, 0x0, 0x0,
    0x0, 0x0, 0x0, 0xff, 0xc0, 0x0, 0x0,

    /* U+00A6 "¦" */
    0xff, 0xff, 0xff, 0xff, 0xff, 0xff, 0xff, 0xff,
    0xff, 0xff, 0xff, 0xff, 0xff, 0xff, 0xff, 0xff,
    0xff, 0xff, 0xff, 0xff, 0xff, 0xff, 0xff, 0xff,
    0xff, 0xff, 0xc0, 0x0, 0x0, 0x0, 0x0, 0x0,
    0x0, 0x0, 0x0, 0xff, 0xff, 0xff, 0xff, 0xff,
    0xff, 0xff, 0xff, 0xff, 0xff, 0xff, 0xff, 0xff,
    0xff, 0xff, 0xff, 0xff, 0xff, 0xff, 0xff, 0xff,
    0xff, 0xff, 0xff, 0xff, 0xff, 0xc0,

    /* U+00A7 "§" */
    0x3f, 0xff, 0xff, 0xff, 0xff, 0xf9, 0xff, 0xff,
    0xff, 0xff, 0xff, 0xff, 0xff, 0xff, 0xff, 0xff,
    0xff, 0xff, 0xff, 0xff, 0xff, 0xff, 0xff, 0xff,
    0xff, 0xff, 0xff, 0xff, 0xff, 0xff, 0xff, 0xff,
    0xff, 0xff, 0xff, 0xff, 0xff, 0xff, 0xff, 0xff,
    0xff, 0xff, 0xff, 0xff, 0xff, 0xfe, 0xff, 0xc0,
    0x0, 0x0, 0x0, 0x3, 0xff, 0x0, 0x0, 0x0,
    0x0, 0xf, 0xfe, 0x0, 0x0, 0x0, 0x0, 0x3f,
    0xff, 0x0, 0x0, 0x0, 0x0, 0xff, 0xff, 0x0,
    0x0, 0x0, 0x3, 0xff, 0xff, 0x0, 0x0, 0x0,
    0x7, 0xff, 0xff, 0x0, 0x0, 0x0, 0x7, 0xff,
    0xff, 0x80, 0x0, 0x0, 0x7, 0xff, 0xff, 0x80,
    0x0, 0x0, 0x3, 0xff, 0xff, 0x80, 0x0, 0x0,
    0x3, 0xff, 0xff, 0x80, 0x0, 0x0, 0x3, 0xff,
    0xff, 0xc0, 0x0, 0x0, 0x3, 0xff, 0xff, 0xc0,
    0x0, 0x0, 0x1, 0xff, 0xff, 0xc0, 0x0, 0x0,
    0x1, 0xff, 0xff, 0xc0, 0x0, 0x0, 0x1, 0xff,
    0xff, 0xe0, 0x0, 0x0, 0x1, 0xff, 0xff, 0xe0,
    0x0, 0x0, 0x0, 0xff, 0xff, 0xe0, 0x0, 0x0,
    0x0, 0xff, 0xff, 0x80, 0x0, 0x0, 0x0, 0xff,
    0xff, 0x0, 0x0, 0x0, 0x0, 0xff, 0xfc, 0x0,
    0x0, 0x0, 0x0, 0xff, 0xf0, 0x0, 0x0, 0x0,
    0x0, 0xff, 0xc0, 0x0, 0x0, 0x0, 0x3, 0xff,
    0x3f, 0xff, 0xff, 0xff, 0xff, 0xfd, 0xff, 0xff,
    0xff, 0xff, 0xff, 0xff, 0xff, 0xff, 0xff, 0xff,
    0xff, 0xff, 0xff, 0xff, 0xff, 0xff, 0xff, 0xff,
    0xff, 0xff, 0xff, 0xff, 0xff, 0xff, 0xff, 0xff,
    0xff, 0xff, 0xff, 0xff, 0xff, 0xff, 0xff, 0xff,
    0xbf, 0xff, 0xff, 0xff, 0xff, 0xfc, 0xff, 0xc0,
    0x0, 0x0, 0x0, 0x3, 0xff, 0x0, 0x0, 0x0,
    0x0, 0xf, 0xff, 0x0, 0x0, 0x0, 0x0, 0x3f,
    0xff, 0x0, 0x0, 0x0, 0x0, 0xff, 0xff, 0x0,
    0x0, 0x0, 0x1, 0xff, 0xff, 0x80, 0x0, 0x0,
    0x3, 0xff, 0xff, 0x80, 0x0, 0x0, 0x3, 0xff,
    0xff, 0x80, 0x0, 0x0, 0x3, 0xff, 0xff, 0xc0,
    0x0, 0x0, 0x1, 0xff, 0xff, 0xc0, 0x0, 0x0,
    0x1, 0xff, 0xff, 0xc0, 0x0, 0x0, 0x1, 0xff,
    0xff, 0xe0, 0x0, 0x0, 0x0, 0xff, 0xff, 0xe0,
    0x0, 0x0, 0x0, 0xff, 0xff, 0xe0, 0x0, 0x0,
    0x0, 0xff, 0xff, 0xf0, 0x0, 0x0, 0x0, 0x7f,
    0xff, 0xf0, 0x0, 0x0, 0x0, 0x7f, 0xff, 0xf0,
    0x0, 0x0, 0x0, 0x7f, 0xff, 0xe0, 0x0, 0x0,
    0x0, 0x3f, 0xff, 0xc0, 0x0, 0x0, 0x0, 0x3f,
    0xff, 0x0, 0x0, 0x0, 0x0, 0x3f, 0xfc, 0x0,
    0x0, 0x0, 0x0, 0x3f, 0xf0, 0x0, 0x0, 0x0,
    0x0, 0xff, 0xdf, 0xff, 0xff, 0xff, 0xff, 0xff,
    0xff, 0xff, 0xff, 0xff, 0xff, 0xff, 0xff, 0xff,
    0xff, 0xff, 0xff, 0xff, 0xff, 0xff, 0xff, 0xff,
    0xff, 0xff, 0xff, 0xff, 0xff, 0xff, 0xff, 0xff,
    0xff, 0xff, 0xff, 0xff, 0xff, 0xff, 0xff, 0xff,
    0xff, 0xff, 0xe7, 0xff, 0xff, 0xff, 0xff, 0xff,
    0x0,

    /* U+00A8 "¨" */
    0xff, 0xc0, 0xf, 0xff, 0xff, 0x0, 0x3f, 0xff,
    0xfc, 0x0, 0xff, 0xff, 0xf0, 0x3, 0xff, 0xff,
    0xc0, 0xf, 0xff, 0xff, 0x0, 0x3f, 0xff, 0xfc,
    0x0, 0xff, 0xff, 0xf0, 0x3, 0xff, 0xff, 0xc0,
    0xf, 0xff, 0xff, 0x0, 0x3f, 0xf0,

    /* U+00A9 "©" */
    0x0, 0x7, 0xff, 0xff, 0xff, 0xff, 0x80, 0x0,
    0x1, 0xff, 0xff, 0xff, 0xff, 0xff, 0xe0, 0x0,
    0x1f, 0xff, 0xff, 0xff, 0xff, 0xff, 0xe0, 0x0,
    0xff, 0xff, 0xff, 0xff, 0xff, 0xff, 0xc0, 0x7,
    0xff, 0xff, 0xff, 0xff, 0xff, 0xff, 0xc0, 0x3f,
    0xf0, 0x0, 0x0, 0x0, 0x3, 0xff, 0x1, 0xfe,
    0x0, 0x0, 0x0, 0x0, 0x1, 0xfe, 0xf, 0xe0,
    0x0, 0x0, 0x0, 0x0, 0x1, 0xfc, 0x3f, 0x0,
    0x0, 0x0, 0x0, 0x0, 0x3, 0xf1, 0xf8, 0x0,
    0x0, 0x0, 0x0, 0x0, 0x7, 0xe7, 0xe0, 0x0,
    0x0, 0x0, 0x0, 0x0, 0x1f, 0x9f, 0x0, 0x0,
    0x0, 0x0, 0x0, 0x0, 0x3e, 0x7c, 0x0, 0x3,
    0xff, 0xff, 0xf0, 0x0, 0xfb, 0xf0, 0x0, 0x7f,
    0xff, 0xff, 0xc0, 0x3, 0xff, 0x80, 0x3, 0xff,
    0xff, 0xff, 0x0, 0x7, 0xfe, 0x0, 0x1f, 0xff,
    0xff, 0xfc, 0x0, 0x1f, 0xf8, 0x0, 0x7f, 0xff,
    0xff, 0xf0, 0x0, 0x7f, 0xe0, 0x1, 0xfc, 0x0,
    0x0, 0x0, 0x1, 0xff, 0x80, 0xf, 0xe0, 0x0,
    0x0, 0x0, 0x7, 0xfe, 0x0, 0x3f, 0x0, 0x0,
    0x0, 0x0, 0x1f, 0xf8, 0x0, 0xfc, 0x0, 0x0,
    0x0, 0x0, 0x7f, 0xe0, 0x3, 0xf0, 0x0, 0x0,
    0x0, 0x1, 0xff, 0x80, 0xf, 0xc0, 0x0, 0x0,
    0x0, 0x7, 0xfe, 0x0, 0x3f, 0x0, 0x0, 0x0,
    0x0, 0x1f, 0xf8, 0x0, 0xfc, 0x0, 0x0, 0x0,
    0x0, 0x7f, 0xe0, 0x3, 0xf0, 0x0, 0x0, 0x0,
    0x1, 0xff, 0x80, 0xf, 0xc0, 0x0, 0x0, 0x0,
    0x7, 0xfe, 0x0, 0x3f, 0x0, 0x0, 0x0, 0x0,
    0x1f, 0xf8, 0x0, 0xfc, 0x0, 0x0, 0x0, 0x0,
    0x7f, 0xe0, 0x3, 0xf0, 0x0, 0x0, 0x0, 0x1,
    0xff, 0x80, 0xf, 0xc0, 0x0, 0x0, 0x0, 0x7,
    0xfe, 0x0, 0x3f, 0x80, 0x0, 0x0, 0x0, 0x1f,
    0xf8, 0x0, 0x7f, 0x0, 0x0, 0x0, 0x0, 0x7f,
    0xe0, 0x1, 0xff, 0xff, 0xff, 0xc0, 0x1, 0xff,
    0x80, 0x7, 0xff, 0xff, 0xff, 0x0, 0x7, 0xfe,
    0x0, 0xf, 0xff, 0xff, 0xfc, 0x0, 0x1f, 0xf8,
    0x0, 0x1f, 0xff, 0xff, 0xf0, 0x0, 0x7f, 0xf0,
    0x0, 0xf, 0xff, 0xff, 0xc0, 0x3, 0xf7, 0xc0,
    0x0, 0x0, 0x0, 0x0, 0x0, 0xf, 0x9f, 0x0,
    0x0, 0x0, 0x0, 0x0, 0x0, 0x3e, 0x7e, 0x0,
    0x0, 0x0, 0x0, 0x0, 0x1, 0xf9, 0xf8, 0x0,
    0x0, 0x0, 0x0, 0x0, 0x7, 0xe3, 0xf0, 0x0,
    0x0, 0x0, 0x0, 0x0, 0x3f, 0xf, 0xe0, 0x0,
    0x0, 0x0, 0x0, 0x1, 0xfc, 0x1f, 0xe0, 0x0,
    0x0, 0x0, 0x0, 0x1f, 0xe0, 0x3f, 0xf0, 0x0,
    0x0, 0x0, 0x3, 0xff, 0x80, 0xff, 0xff, 0xff,
    0xff, 0xff, 0xff, 0xfc, 0x0, 0xff, 0xff, 0xff,
    0xff, 0xff, 0xff, 0xc0, 0x1, 0xff, 0xff, 0xff,
    0xff, 0xff, 0xfe, 0x0, 0x1, 0xff, 0xff, 0xff,
    0xff, 0xff, 0xe0, 0x0, 0x0, 0x7f, 0xff, 0xff,
    0xff, 0xf8, 0x0, 0x0,

    /* U+00AA "ª" */
    0x7f, 0xff, 0xfe, 0x7, 0xff, 0xff, 0xf8, 0x7f,
    0xff, 0xff, 0xe7, 0xff, 0xff, 0xfe, 0x7f, 0xff,
    0xff, 0xf7, 0xff, 0xff, 0xff, 0x0, 0x0, 0x7,
    0xf0, 0x0, 0x0, 0x3f, 0x0, 0x0, 0x3, 0xf0,
    0x0, 0x0, 0x3f, 0x0, 0x0, 0x3, 0xf1, 0xff,
    0xff, 0xff, 0x7f, 0xff, 0xff, 0xff, 0xff, 0xff,
    0xff, 0xff, 0xff, 0xff, 0xff, 0xc0, 0x0, 0x3f,
    0xfc, 0x0, 0x3, 0xff, 0xc0, 0x0, 0x3f, 0xfc,
    0x0, 0x3, 0xff, 0xc0, 0x0, 0x3f, 0xfc, 0x0,
    0x3, 0xff, 0xff, 0xff, 0xff, 0xff, 0xff, 0xff,
    0xff, 0xff, 0xff, 0xff, 0x7f, 0xff, 0xff, 0xf7,
    0xff, 0xff, 0xff, 0x1f, 0xff, 0xff, 0xe0,

    /* U+00AB "«" */
    0x0, 0xff, 0x0, 0x7f, 0x80, 0x3f, 0xc0, 0x1f,
    0xe0, 0x1f, 0xf0, 0xf, 0xf8, 0x7, 0xf8, 0x3,
    0xfc, 0x3, 0xfe, 0x1, 0xff, 0x0, 0xff, 0x80,
    0x7f, 0xc0, 0x7f, 0xc0, 0x3f, 0xe0, 0x1f, 0xf0,
    0xf, 0xf8, 0xf, 0xf8, 0x7, 0xfc, 0x3, 0xfe,
    0x1, 0xff, 0x0, 0xff, 0x0, 0x7f, 0x80, 0x7f,
    0xc0, 0x3f, 0xe0, 0x1f, 0xe0, 0xf, 0xf0, 0xf,
    0xf8, 0x7, 0xfc, 0x3, 0xfc, 0x1, 0xfe, 0x1,
    0xff, 0x0, 0xff, 0x80, 0x7f, 0x80, 0x3f, 0xc0,
    0x3f, 0xe0, 0x1f, 0xf0, 0xf, 0xf0, 0x7, 0xf8,
    0x3, 0xfc, 0x1, 0xfe, 0x0, 0xff, 0x0, 0x7f,
    0x80, 0x3f, 0xc0, 0x1f, 0xe0, 0xf, 0xf8, 0x7,
    0xfc, 0x1, 0xfe, 0x0, 0xff, 0x0, 0x7f, 0xc0,
    0x3f, 0xe0, 0xf, 0xf0, 0x7, 0xf8, 0x3, 0xfe,
    0x1, 0xff, 0x0, 0x7f, 0x80, 0x3f, 0xc0, 0x1f,
    0xf0, 0xf, 0xf8, 0x3, 0xfc, 0x1, 0xfe, 0x0,
    0xff, 0x80, 0x7f, 0xc0, 0x3f, 0xe0, 0x1f, 0xf0,
    0x7, 0xfc, 0x3, 0xfe, 0x1, 0xff, 0x0, 0xff,
    0x80, 0x3f, 0xc0, 0x1f, 0xe0, 0xf, 0xf8, 0x7,
    0xfc, 0x1, 0xfe, 0x0, 0xff, 0x0, 0x7f, 0xc0,
    0x3f, 0xe0, 0xf, 0xf0, 0x7, 0xf8, 0x3, 0xfc,
    0x1, 0xfe,

    /* U+00AC "¬" */
    0xff, 0xff, 0xff, 0xff, 0xff, 0xff, 0xff, 0xff,
    0xff, 0xff, 0xff, 0xff, 0xff, 0xff, 0xff, 0xff,
    0xff, 0xff, 0xff, 0xff, 0xff, 0xff, 0xff, 0xff,
    0xff, 0xff, 0xff, 0xff, 0xff, 0xff, 0xff, 0xff,
    0xff, 0xc0, 0x0, 0x0, 0x0, 0x7f, 0x0, 0x0,
    0x0, 0x1, 0xfc, 0x0, 0x0, 0x0, 0x7, 0xf0,
    0x0, 0x0, 0x0, 0x1f, 0xc0, 0x0, 0x0, 0x0,
    0x7f, 0x0, 0x0, 0x0, 0x1, 0xfc, 0x0, 0x0,
    0x0, 0x7, 0xf0, 0x0, 0x0, 0x0, 0x1f, 0xc0,
    0x0, 0x0, 0x0, 0x7f, 0x0, 0x0, 0x0, 0x1,
    0xfc, 0x0, 0x0, 0x0, 0x7, 0xf0, 0x0, 0x0,
    0x0, 0x1f, 0xc0, 0x0, 0x0, 0x0, 0x7f, 0x0,
    0x0, 0x0, 0x1, 0xfc, 0x0, 0x0, 0x0, 0x7,
    0xf0, 0x0, 0x0, 0x0, 0x1f, 0xc0, 0x0, 0x0,
    0x0, 0x7f, 0x0, 0x0, 0x0, 0x1, 0xfc, 0x0,
    0x0, 0x0, 0x7, 0xf0, 0x0, 0x0, 0x0, 0x1f,
    0xc0, 0x0, 0x0, 0x0, 0x7f, 0x0, 0x0, 0x0,
    0x1, 0xfc, 0x0, 0x0, 0x0, 0x7, 0xf0, 0x0,
    0x0, 0x0, 0x1f, 0xc0, 0x0, 0x0, 0x0, 0x7f,
    0x0, 0x0, 0x0, 0x1, 0xfc, 0x0, 0x0, 0x0,
    0x7, 0xf0, 0x0, 0x0, 0x0, 0x1f, 0xc0, 0x0,
    0x0, 0x0, 0x7f, 0x0, 0x0, 0x0, 0x1, 0xfc,
    0x0, 0x0, 0x0, 0x7, 0xf0, 0x0, 0x0, 0x0,
    0x1f, 0xc0, 0x0, 0x0, 0x0, 0x7f,

    /* U+00AD "­" */
    0xff, 0xff, 0xff, 0xff, 0xff, 0xff, 0xff, 0xff,
    0xff, 0xff, 0xff, 0xff, 0xff, 0xff, 0xff, 0xff,
    0xff, 0xff, 0xff, 0xff, 0xff, 0xff, 0xff, 0xff,

    /* U+00AE "®" */
    0x0, 0x7, 0xff, 0xff, 0xff, 0xff, 0x80, 0x0,
    0x1, 0xff, 0xff, 0xff, 0xff, 0xff, 0xe0, 0x0,
    0x1f, 0xff, 0xff, 0xff, 0xff, 0xff, 0xe0, 0x0,
    0xff, 0xff, 0xff, 0xff, 0xff, 0xff, 0xc0, 0x7,
    0xff, 0xff, 0xff, 0xff, 0xff, 0xff, 0xc0, 0x3f,
    0xf0, 0x0, 0x0, 0x0, 0x3, 0xff, 0x1, 0xfe,
    0x0, 0x0, 0x0, 0x0, 0x1, 0xfe, 0xf, 0xe0,
    0x0, 0x0, 0x0, 0x0, 0x1, 0xfc, 0x3f, 0x0,
    0x0, 0x0, 0x0, 0x0, 0x3, 0xf1, 0xf8, 0x0,
    0x0, 0x0, 0x0, 0x0, 0x7, 0xe7, 0xe0, 0x0,
    0x0, 0x0, 0x0, 0x0, 0x1f, 0x9f, 0x0, 0x0,
    0x0, 0x0, 0x0, 0x0, 0x3e, 0x7c, 0x0, 0x7f,
    0xff, 0xff, 0xc0, 0x0, 0xfb, 0xf0, 0x1, 0xff,
    0xff, 0xff, 0xc0, 0x3, 0xff, 0x80, 0x7, 0xff,
    0xff, 0xff, 0x80, 0x7, 0xfe, 0x0, 0x1f, 0xff,
    0xff, 0xfe, 0x0, 0x1f, 0xf8, 0x0, 0x7f, 0xff,
    0xff, 0xfc, 0x0, 0x7f, 0xe0, 0x1, 0xf8, 0x0,
    0x7, 0xf0, 0x1, 0xff, 0x80, 0x7, 0xe0, 0x0,
    0xf, 0xc0, 0x7, 0xfe, 0x0, 0x1f, 0x80, 0x0,
    0x3f, 0x0, 0x1f, 0xf8, 0x0, 0x7e, 0x0, 0x0,
    0xfc, 0x0, 0x7f, 0xe0, 0x1, 0xf8, 0x0, 0x3,
    0xf0, 0x1, 0xff, 0x80, 0x7, 0xe0, 0x0, 0xf,
    0xc0, 0x7, 0xfe, 0x0, 0x1f, 0x80, 0x0, 0x3f,
    0x0, 0x1f, 0xf8, 0x0, 0x7e, 0x0, 0x0, 0xfc,
    0x0, 0x7f, 0xe0, 0x1, 0xf8, 0x0, 0x7, 0xe0,
    0x1, 0xff, 0x80, 0x7, 0xff, 0xff, 0xff, 0x80,
    0x7, 0xfe, 0x0, 0x1f, 0xff, 0xff, 0xfc, 0x0,
    0x1f, 0xf8, 0x0, 0x7f, 0xff, 0xff, 0xe0, 0x0,
    0x7f, 0xe0, 0x1, 0xff, 0xff, 0xfc, 0x0, 0x1,
    0xff, 0x80, 0x7, 0xe0, 0x1, 0xf8, 0x0, 0x7,
    0xfe, 0x0, 0x1f, 0x80, 0x3, 0xf0, 0x0, 0x1f,
    0xf8, 0x0, 0x7e, 0x0, 0xf, 0xe0, 0x0, 0x7f,
    0xe0, 0x1, 0xf8, 0x0, 0x1f, 0x80, 0x1, 0xff,
    0x80, 0x7, 0xe0, 0x0, 0x3f, 0x0, 0x7, 0xfe,
    0x0, 0x1f, 0x80, 0x0, 0x7e, 0x0, 0x1f, 0xf8,
    0x0, 0x7e, 0x0, 0x1, 0xfc, 0x0, 0x7f, 0xf0,
    0x1, 0xf8, 0x0, 0x3, 0xf8, 0x3, 0xf7, 0xc0,
    0x0, 0x0, 0x0, 0x0, 0x0, 0xf, 0x9f, 0x0,
    0x0, 0x0, 0x0, 0x0, 0x0, 0x3e, 0x7e, 0x0,
    0x0, 0x0, 0x0, 0x0, 0x1, 0xf9, 0xf8, 0x0,
    0x0, 0x0, 0x0, 0x0, 0x7, 0xe3, 0xf0, 0x0,
    0x0, 0x0, 0x0, 0x0, 0x3f, 0xf, 0xe0, 0x0,
    0x0, 0x0, 0x0, 0x1, 0xfc, 0x1f, 0xe0, 0x0,
    0x0, 0x0, 0x0, 0x1f, 0xe0, 0x3f, 0xf0, 0x0,
    0x0, 0x0, 0x3, 0xff, 0x80, 0xff, 0xff, 0xff,
    0xff, 0xff, 0xff, 0xfc, 0x0, 0xff, 0xff, 0xff,
    0xff, 0xff, 0xff, 0xc0, 0x1, 0xff, 0xff, 0xff,
    0xff, 0xff, 0xfe, 0x0, 0x1, 0xff, 0xff, 0xff,
    0xff, 0xff, 0xe0, 0x0, 0x0, 0x7f, 0xff, 0xff,
    0xff, 0xf8, 0x0, 0x0,

    /* U+00AF "¯" */
    0xff, 0xff, 0xff, 0xff, 0xff, 0xff, 0xff, 0xff,
    0xff, 0xff, 0xff, 0xff, 0xff, 0xff, 0xff, 0xff,
    0xff, 0xff, 0xff, 0xff, 0xff, 0xff, 0xff, 0xff,
    0xff, 0xff, 0xff, 0xff, 0xff, 0xff, 0xff, 0xff,
    0xe0,

    /* U+00B0 "°" */
    0x3, 0xff, 0xff, 0x0, 0x7f, 0xff, 0xff, 0x83,
    0xff, 0xff, 0xff, 0x1f, 0xff, 0xff, 0xfe, 0x7f,
    0xff, 0xff, 0xf9, 0xff, 0xff, 0xff, 0xef, 0xf8,
    0x0, 0x7f, 0xff, 0xc0, 0x0, 0xff, 0xfe, 0x0,
    0x1, 0xff, 0xf8, 0x0, 0x7, 0xff, 0xe0, 0x0,
    0x1f, 0xff, 0x80, 0x0, 0x7f, 0xfe, 0x0, 0x1,
    0xff, 0xf8, 0x0, 0x7, 0xff, 0xe0, 0x0, 0x1f,
    0xff, 0x80, 0x0, 0x7f, 0xfe, 0x0, 0x1, 0xff,
    0xf8, 0x0, 0x7, 0xff, 0xf0, 0x0, 0x3f, 0xff,
    0xe0, 0x1, 0xff, 0x7f, 0xff, 0xff, 0xf9, 0xff,
    0xff, 0xff, 0xe7, 0xff, 0xff, 0xff, 0x8f, 0xff,
    0xff, 0xfc, 0x1f, 0xff, 0xff, 0xe0, 0xf, 0xff,
    0xfc, 0x0,

    /* U+00B1 "±" */
    0x0, 0x1, 0xfc, 0x0, 0x0, 0x0, 0x7, 0xf0,
    0x0, 0x0, 0x0, 0x1f, 0xc0, 0x0, 0x0, 0x0,
    0x7f, 0x0, 0x0, 0x0, 0x1, 0xfc, 0x0, 0x0,
    0x0, 0x7, 0xf0, 0x0, 0x0, 0x0, 0x1f, 0xc0,
    0x0, 0x0, 0x0, 0x7f, 0x0, 0x0, 0x0, 0x1,
    0xfc, 0x0, 0x0, 0x0, 0x7, 0xf0, 0x0, 0x0,
    0x0, 0x1f, 0xc0, 0x0, 0x0, 0x0, 0x7f, 0x0,
    0x0, 0x0, 0x1, 0xfc, 0x0, 0x0, 0x0, 0x7,
    0xf0, 0x0, 0x0, 0x0, 0x1f, 0xc0, 0x0, 0x0,
    0x0, 0x7f, 0x0, 0x0, 0xff, 0xff, 0xff, 0xff,
    0xff, 0xff, 0xff, 0xff, 0xff, 0xff, 0xff, 0xff,
    0xff, 0xff, 0xff, 0xff, 0xff, 0xff, 0xff, 0xff,
    0xff, 0xff, 0xff, 0xff, 0xff, 0xff, 0xff, 0xff,
    0xff, 0xff, 0xff, 0xff, 0xff, 0xc0, 0x0, 0x7f,
    0x0, 0x0, 0x0, 0x1, 0xfc, 0x0, 0x0, 0x0,
    0x7, 0xf0, 0x0, 0x0, 0x0, 0x1f, 0xc0, 0x0,
    0x0, 0x0, 0x7f, 0x0, 0x0, 0x0, 0x1, 0xfc,
    0x0, 0x0, 0x0, 0x7, 0xf0, 0x0, 0x0, 0x0,
    0x1f, 0xc0, 0x0, 0x0, 0x0, 0x7f, 0x0, 0x0,
    0x0, 0x1, 0xfc, 0x0, 0x0, 0x0, 0x7, 0xf0,
    0x0, 0x0, 0x0, 0x1f, 0xc0, 0x0, 0x0, 0x0,
    0x7f, 0x0, 0x0, 0x0, 0x1, 0xfc, 0x0, 0x0,
    0x0, 0x7, 0xf0, 0x0, 0x0, 0x0, 0x0, 0x0,
    0x0, 0x0, 0x0, 0x0, 0x0, 0x0, 0x0, 0x0,
    0x0, 0x0, 0x0, 0x0, 0x0, 0x0, 0x0, 0xf,
    0xff, 0xff, 0xff, 0xff, 0xff, 0xff, 0xff, 0xff,
    0xff, 0xff, 0xff, 0xff, 0xff, 0xff, 0xff, 0xff,
    0xff, 0xff, 0xff, 0xff, 0xff, 0xff, 0xff, 0xff,
    0xff, 0xff, 0xff, 0xff, 0xff, 0xff, 0xff, 0xff,
    0xfc,

    /* U+00B2 "²" */
    0x7f, 0xff, 0xff, 0xc1, 0xff, 0xff, 0xff, 0xc7,
    0xff, 0xff, 0xff, 0x9f, 0xff, 0xff, 0xfe, 0x7f,
    0xff, 0xff, 0xfd, 0xff, 0xff, 0xff, 0xf0, 0x0,
    0x0, 0xf, 0xc0, 0x0, 0x0, 0x3f, 0x0, 0x0,
    0x0, 0xfc, 0x0, 0x0, 0x3, 0xf0, 0x0, 0x0,
    0xf, 0xc3, 0xff, 0xff, 0xff, 0x3f, 0xff, 0xff,
    0xf9, 0xff, 0xff, 0xff, 0xe7, 0xff, 0xff, 0xff,
    0x3f, 0xff, 0xff, 0xf0, 0xfc, 0x0, 0x0, 0x3,
    0xf0, 0x0, 0x0, 0xf, 0xc0, 0x0, 0x0, 0x3f,
    0x0, 0x0, 0x0, 0xfc, 0x0, 0x0, 0x3, 0xff,
    0xff, 0xff, 0xff, 0xff, 0xff, 0xff, 0xff, 0xff,
    0xff, 0xff, 0xff, 0xff, 0xff, 0xff, 0xff, 0xff,
    0xff, 0xf7, 0xff, 0xff, 0xff, 0xc0,

    /* U+00B3 "³" */
    0x7f, 0xff, 0xff, 0xc7, 0xff, 0xff, 0xff, 0x3f,
    0xff, 0xff, 0xfd, 0xff, 0xff, 0xff, 0xff, 0xff,
    0xff, 0xff, 0xbf, 0xff, 0xff, 0xfc, 0x0, 0x0,
    0x7, 0xe0, 0x0, 0x0, 0x3f, 0x0, 0x0, 0x1,
    0xf8, 0x0, 0x0, 0xf, 0xdf, 0xff, 0xff, 0xfc,
    0xff, 0xff, 0xff, 0xe7, 0xff, 0xff, 0xfe, 0x3f,
    0xff, 0xff, 0xf9, 0xff, 0xff, 0xff, 0xc0, 0x0,
    0x0, 0x7f, 0x0, 0x0, 0x1, 0xf8, 0x0, 0x0,
    0xf, 0xc0, 0x0, 0x0, 0x7e, 0x0, 0x0, 0x3,
    0xf0, 0x0, 0x0, 0x3f, 0xbf, 0xff, 0xff, 0xff,
    0xff, 0xff, 0xff, 0xff, 0xff, 0xff, 0xfe, 0xff,
    0xff, 0xff, 0xf7, 0xff, 0xff, 0xff, 0x1f, 0xff,
    0xff, 0xf0,

    /* U+00B4 "´" */
    0x1, 0xff, 0x0, 0xff, 0x80, 0xff, 0xc0, 0x7f,
    0xc0, 0x7f, 0xe0, 0x3f, 0xe0, 0x3f, 0xf0, 0x1f,
    0xf0, 0x1f, 0xf0, 0xf, 0xf8, 0xf, 0xf8, 0x7,
    0xfc, 0x7, 0xfc, 0x3, 0xfe, 0x3, 0xfe, 0x1,
    0xff, 0x0, 0xff, 0x0, 0x0,

    /* U+00B6 "¶" */
    0x0, 0x7f, 0xff, 0xfc, 0x0, 0xff, 0x83, 0xff,
    0xff, 0xff, 0x0, 0x7f, 0xc3, 0xff, 0xff, 0xff,
    0xc0, 0x3f, 0xe3, 0xff, 0xff, 0xff, 0xf0, 0x1f,
    0xf3, 0xff, 0xff, 0xff, 0xf8, 0xf, 0xfb, 0xff,
    0xff, 0xff, 0xfc, 0x7, 0xfd, 0xff, 0xff, 0xff,
    0xfe, 0x3, 0xff, 0xff, 0xe0, 0x3, 0xff, 0x1,
    0xff, 0xff, 0xc0, 0x0, 0xff, 0x80, 0xff, 0xff,
    0xe0, 0x0, 0x7f, 0xc0, 0x7f, 0xff, 0xe0, 0x0,
    0x3f, 0xe0, 0x3f, 0xff, 0xf0, 0x0, 0x1f, 0xf0,
    0x1f, 0xff, 0xf8, 0x0, 0xf, 0xf8, 0xf, 0xff,
    0xfc, 0x0, 0x7, 0xfc, 0x7, 0xff, 0xfe, 0x0,
    0x3, 0xfe, 0x3, 0xff, 0xff, 0x0, 0x1, 0xff,
    0x1, 0xff, 0xff, 0x80, 0x0, 0xff, 0x80, 0xff,
    0xff, 0xc0, 0x0, 0x7f, 0xc0, 0x7f, 0xff, 0xe0,
    0x0, 0x3f, 0xe0, 0x3f, 0xff, 0xf0, 0x0, 0x1f,
    0xf0, 0x1f, 0xff, 0xf8, 0x0, 0xf, 0xf8, 0xf,
    0xff, 0xfc, 0x0, 0x7, 0xfc, 0x7, 0xff, 0xfe,
    0x0, 0x3, 0xfe, 0x3, 0xff, 0xff, 0x0, 0x1,
    0xff, 0x1, 0xff, 0xff, 0xc0, 0x0, 0xff, 0x80,
    0xff, 0xff, 0xe0, 0x0, 0x7f, 0xc0, 0x7f, 0xdf,
    0xfc, 0x0, 0x3f, 0xe0, 0x3f, 0xef, 0xff, 0xff,
    0xff, 0xf0, 0x1f, 0xf7, 0xff, 0xff, 0xff, 0xf8,
    0xf, 0xf9, 0xff, 0xff, 0xff, 0xfc, 0x7, 0xfc,
    0x7f, 0xff, 0xff, 0xfe, 0x3, 0xfe, 0x1f, 0xff,
    0xff, 0xff, 0x1, 0xff, 0x7, 0xff, 0xff, 0xff,
    0x80, 0xff, 0x80, 0x7f, 0xff, 0xff, 0xc0, 0x7f,
    0xc0, 0x0, 0x0, 0x3f, 0xe0, 0x3f, 0xe0, 0x0,
    0x0, 0x1f, 0xf0, 0x1f, 0xf0, 0x0, 0x0, 0xf,
    0xf8, 0xf, 0xf8, 0x0, 0x0, 0x7, 0xfc, 0x7,
    0xfc, 0x0, 0x0, 0x3, 0xfe, 0x3, 0xfe, 0x0,
    0x0, 0x1, 0xff, 0x1, 0xff, 0x0, 0x0, 0x0,
    0xff, 0x80, 0xff, 0x80, 0x0, 0x0, 0x7f, 0xc0,
    0x7f, 0xc0, 0x0, 0x0, 0x3f, 0xe0, 0x3f, 0xe0,
    0x0, 0x0, 0x1f, 0xf0, 0x1f, 0xf0, 0x0, 0x0,
    0xf, 0xf8, 0xf, 0xf8, 0x0, 0x0, 0x7, 0xfc,
    0x7, 0xfc, 0x0, 0x0, 0x3, 0xfe, 0x3, 0xfe,
    0x0, 0x0, 0x1, 0xff, 0x1, 0xff, 0x0, 0x0,
    0x0, 0xff, 0x80, 0xff, 0x80, 0x0, 0x0, 0x7f,
    0xc0, 0x7f, 0xc0, 0x0, 0x0, 0x3f, 0xe0, 0x3f,
    0xe0, 0x0, 0x0, 0x1f, 0xf0, 0x1f, 0xf0, 0x0,
    0x0, 0xf, 0xf8, 0xf, 0xf8, 0x0, 0x0, 0x7,
    0xfc, 0x7, 0xfc, 0x0, 0x0, 0x3, 0xfe, 0x3,
    0xfe, 0x0, 0x0, 0x1, 0xff, 0x1, 0xff, 0x0,
    0x0, 0x0, 0xff, 0x80, 0xff, 0x80, 0x0, 0x0,
    0x7f, 0xc0, 0x7f, 0xc0, 0x0, 0x0, 0x3f, 0xe0,
    0x3f, 0xe0, 0x0, 0x0, 0x1f, 0xf0, 0x1f, 0xf0,
    0x0, 0x0, 0xf, 0xf8, 0xf, 0xf8, 0x0, 0x0,
    0x7, 0xfc, 0x7, 0xfc, 0x0, 0x0, 0x3, 0xfe,
    0x3, 0xfe, 0x0, 0x0, 0x1, 0xff, 0x1, 0xff,
    0x0, 0x0, 0x0, 0xff, 0x80, 0xff, 0x80, 0x0,
    0x0, 0x7f, 0xc0, 0x7f, 0xc0, 0x0, 0x0, 0x3f,
    0xe0, 0x3f, 0xe0, 0x0, 0x0, 0x1f, 0xf0, 0x1f,
    0xf0, 0x0, 0x0, 0xf, 0xf8, 0xf, 0xf8, 0x0,
    0x0, 0x7, 0xfc, 0x7, 0xfc, 0x0, 0x0, 0x3,
    0xfe, 0x3, 0xfe,

    /* U+00B7 "·" */
    0xff, 0xff, 0xff, 0xff, 0xff, 0xff, 0xff, 0xff,
    0xff, 0xff, 0xff, 0xff, 0xf0,

    /* U+00B8 "¸" */
    0x3f, 0xef, 0xfd, 0xff, 0xbf, 0xf7, 0xfc, 0xff,
    0x9f, 0xf3, 0xfe, 0x7f, 0x8f, 0xf1, 0xfe, 0x3f,
    0xcf, 0xf9, 0xfe, 0x3f, 0xc7, 0xf8, 0x7e, 0x0,

    /* U+00B9 "¹" */
    0xff, 0x9f, 0xfb, 0xff, 0xff, 0xff, 0xff, 0xff,
    0xc1, 0xf8, 0x3f, 0x7, 0xe0, 0xfc, 0x1f, 0x83,
    0xf0, 0x7e, 0xf, 0xc1, 0xf8, 0x3f, 0x7, 0xe0,
    0xfc, 0x1f, 0x83, 0xf0, 0x7e, 0xf, 0xc1, 0xf8,
    0x3f, 0x7, 0xe0, 0xfc, 0x1f, 0x80,

    /* U+00BA "º" */
    0x7, 0xff, 0xff, 0x80, 0xff, 0xff, 0xff, 0x87,
    0xff, 0xff, 0xff, 0x9f, 0xff, 0xff, 0xfe, 0xff,
    0xff, 0xff, 0xff, 0xff, 0xff, 0xff, 0xff, 0xe0,
    0x0, 0x1f, 0xff, 0x0, 0x0, 0x3f, 0xfc, 0x0,
    0x0, 0xff, 0xf0, 0x0, 0x3, 0xff, 0xc0, 0x0,
    0xf, 0xff, 0x0, 0x0, 0x3f, 0xfc, 0x0, 0x0,
    0xff, 0xf0, 0x0, 0x3, 0xff, 0xc0, 0x0, 0xf,
    0xff, 0x0, 0x0, 0x3f, 0xfc, 0x0, 0x0, 0xff,
    0xf0, 0x0, 0x3, 0xff, 0xc0, 0x0, 0xf, 0xff,
    0x0, 0x0, 0x3f, 0xfe, 0x0, 0x1, 0xff, 0xff,
    0xff, 0xff, 0xff, 0xff, 0xff, 0xff, 0xdf, 0xff,
    0xff, 0xfe, 0x7f, 0xff, 0xff, 0xf8, 0xff, 0xff,
    0xff, 0xc0, 0x7f, 0xff, 0xf8, 0x0,

    /* U+00BB "»" */
    0x7f, 0x80, 0x3f, 0xc0, 0x1f, 0xe0, 0xf, 0xf0,
    0x7, 0xfc, 0x3, 0xfe, 0x0, 0xff, 0x0, 0x7f,
    0x80, 0x3f, 0xe0, 0x1f, 0xf0, 0x7, 0xf8, 0x3,
    0xfc, 0x1, 0xff, 0x0, 0xff, 0x80, 0x3f, 0xc0,
    0x1f, 0xe0, 0xf, 0xf8, 0x7, 0xfc, 0x3, 0xfe,
    0x1, 0xff, 0x0, 0x7f, 0x80, 0x3f, 0xc0, 0x1f,
    0xf0, 0xf, 0xf8, 0x3, 0xfc, 0x1, 0xfe, 0x0,
    0xff, 0x80, 0x7f, 0xc0, 0x1f, 0xe0, 0xf, 0xf0,
    0x7, 0xfc, 0x3, 0xfe, 0x0, 0xff, 0x0, 0x7f,
    0x80, 0x3f, 0xe0, 0x1f, 0xf0, 0x7, 0xf8, 0x3,
    0xfc, 0x1, 0xfe, 0x0, 0xff, 0x0, 0x7f, 0x80,
    0x3f, 0xc0, 0x1f, 0xe0, 0xf, 0xf0, 0xf, 0xf8,
    0x7, 0xfc, 0x3, 0xfc, 0x1, 0xfe, 0x1, 0xff,
    0x0, 0xff, 0x80, 0x7f, 0x80, 0x3f, 0xc0, 0x3f,
    0xe0, 0x1f, 0xf0, 0xf, 0xf0, 0x7, 0xf8, 0x7,
    0xfc, 0x3, 0xfe, 0x1, 0xff, 0x0, 0xff, 0x80,
    0xff, 0x80, 0x7f, 0xc0, 0x3f, 0xe0, 0x1f, 0xf0,
    0xf, 0xf0, 0x7, 0xf8, 0x7, 0xfc, 0x3, 0xfe,
    0x1, 0xfe, 0x0, 0xff, 0x0, 0xff, 0x80, 0x7f,
    0xc0, 0x3f, 0xc0, 0x1f, 0xe0, 0x1f, 0xf0, 0xf,
    0xf8, 0x7, 0xf8, 0x3, 0xfc, 0x1, 0xfe, 0x0,
    0xff, 0x0,

    /* U+00BC "¼" */
    0x3f, 0xe0, 0x0, 0x0, 0x0, 0xfe, 0x0, 0x7,
    0xfe, 0x0, 0x0, 0x0, 0x3f, 0xc0, 0x0, 0xff,
    0xe0, 0x0, 0x0, 0x7, 0xf0, 0x0, 0x1f, 0xfc,
    0x0, 0x0, 0x1, 0xfc, 0x0, 0x3, 0xff, 0x80,
    0x0, 0x0, 0x7f, 0x80, 0x0, 0x7f, 0xf0, 0x0,
    0x0, 0x1f, 0xe0, 0x0, 0x0, 0x7e, 0x0, 0x0,
    0x7, 0xf8, 0x0, 0x0, 0xf, 0xc0, 0x0, 0x0,
    0xfe, 0x0, 0x0, 0x1, 0xf8, 0x0, 0x0, 0x3f,
    0x80, 0x0, 0x0, 0x3f, 0x0, 0x0, 0xf, 0xf0,
    0x0, 0x0, 0x7, 0xe0, 0x0, 0x3, 0xfc, 0x0,
    0x0, 0x0, 0xfc, 0x0, 0x0, 0xff, 0x0, 0x0,
    0x0, 0x1f, 0x80, 0x0, 0x1f, 0xc0, 0x0, 0x0,
    0x3, 0xf0, 0x0, 0x7, 0xf0, 0x0, 0x0, 0x0,
    0x7e, 0x0, 0x1, 0xfc, 0x0, 0x0, 0x0, 0xf,
    0xc0, 0x0, 0x7f, 0x80, 0x0, 0x0, 0x1, 0xf8,
    0x0, 0x1f, 0xe0, 0x0, 0x0, 0x0, 0x3f, 0x0,
    0x3, 0xf8, 0x0, 0x0, 0x0, 0x7, 0xe0, 0x0,
    0xfe, 0x0, 0x0, 0x0, 0x0, 0xfc, 0x0, 0x3f,
    0x80, 0x0, 0x0, 0x0, 0x1f, 0x80, 0xf, 0xf0,
    0x0, 0x0, 0x0, 0x3, 0xf0, 0x3, 0xfc, 0x0,
    0x0, 0x0, 0x0, 0x7e, 0x0, 0x7f, 0x0, 0x0,
    0x0, 0x0, 0xf, 0xc0, 0x1f, 0xc0, 0x0, 0x1f,
    0xe0, 0x1, 0xf8, 0x7, 0xf0, 0x0, 0xf, 0xfc,
    0x0, 0x3f, 0x1, 0xfe, 0x0, 0x3, 0xff, 0xc0,
    0x7, 0xe0, 0x7f, 0x80, 0x1, 0xff, 0xf8, 0x0,
    0xfc, 0xf, 0xe0, 0x0, 0x7f, 0xff, 0x0, 0x0,
    0x3, 0xf8, 0x0, 0x3f, 0xff, 0xe0, 0x0, 0x0,
    0xfe, 0x0, 0xf, 0xfc, 0xfc, 0x0, 0x0, 0x3f,
    0xc0, 0x3, 0xff, 0x1f, 0x80, 0x0, 0xf, 0xf0,
    0x1, 0xff, 0x83, 0xf0, 0x0, 0x1, 0xfc, 0x0,
    0x7f, 0xe0, 0x7e, 0x0, 0x0, 0x7f, 0x0, 0x3f,
    0xf0, 0xf, 0xc0, 0x0, 0x1f, 0xc0, 0xf, 0xfc,
    0x1, 0xf8, 0x0, 0x7, 0xf8, 0x3, 0xff, 0x0,
    0x3f, 0x0, 0x1, 0xfe, 0x1, 0xff, 0x80, 0x7,
    0xe0, 0x0, 0x3f, 0x80, 0x7f, 0xe0, 0x0, 0xfc,
    0x0, 0xf, 0xe0, 0xf, 0xf0, 0x0, 0x1f, 0x80,
    0x3, 0xf8, 0x1, 0xfc, 0x0, 0x3, 0xf0, 0x0,
    0xff, 0x0, 0x3f, 0x80, 0x0, 0x7e, 0x0, 0x3f,
    0xc0, 0x7, 0xff, 0xff, 0xff, 0xfc, 0x7, 0xf0,
    0x0, 0xff, 0xff, 0xff, 0xff, 0x81, 0xfc, 0x0,
    0x1f, 0xff, 0xff, 0xff, 0xf0, 0x7f, 0x0, 0x3,
    0xff, 0xff, 0xff, 0xfe, 0x1f, 0xe0, 0x0, 0x3f,
    0xff, 0xff, 0xff, 0xc7, 0xf8, 0x0, 0x0, 0x0,
    0x0, 0x1f, 0x80, 0xfe, 0x0, 0x0, 0x0, 0x0,
    0x3, 0xf0, 0x3f, 0x80, 0x0, 0x0, 0x0, 0x0,
    0x7e, 0xf, 0xe0, 0x0, 0x0, 0x0, 0x0, 0xf,
    0xc1, 0xf8, 0x0, 0x0, 0x0, 0x0, 0x1, 0xf8,
    0x0,

    /* U+00BD "½" */
    0x3f, 0xe0, 0x0, 0x0, 0x0, 0xfe, 0x0, 0x0,
    0x7f, 0xe0, 0x0, 0x0, 0x3, 0xfc, 0x0, 0x0,
    0xff, 0xe0, 0x0, 0x0, 0xf, 0xf0, 0x0, 0x1,
    0xff, 0xc0, 0x0, 0x0, 0x1f, 0xc0, 0x0, 0x3,
    0xff, 0x80, 0x0, 0x0, 0x7f, 0x0, 0x0, 0x7,
    0xff, 0x0, 0x0, 0x1, 0xfe, 0x0, 0x0, 0x0,
    0x7e, 0x0, 0x0, 0x7, 0xf8, 0x0, 0x0, 0x0,
    0xfc, 0x0, 0x0, 0x1f, 0xe0, 0x0, 0x0, 0x1,
    0xf8, 0x0, 0x0, 0x3f, 0x80, 0x0, 0x0, 0x3,
    0xf0, 0x0, 0x0, 0xfe, 0x0, 0x0, 0x0, 0x7,
    0xe0, 0x0, 0x3, 0xfc, 0x0, 0x0, 0x0, 0xf,
    0xc0, 0x0, 0xf, 0xf0, 0x0, 0x0, 0x0, 0x1f,
    0x80, 0x0, 0x3f, 0xc0, 0x0, 0x0, 0x0, 0x3f,
    0x0, 0x0, 0x7f, 0x0, 0x0, 0x0, 0x0, 0x7e,
    0x0, 0x1, 0xfc, 0x0, 0x0, 0x0, 0x0, 0xfc,
    0x0, 0x7, 0xf8, 0x0, 0x0, 0x0, 0x1, 0xf8,
    0x0, 0x1f, 0xe0, 0x0, 0x0, 0x0, 0x3, 0xf0,
    0x0, 0x7f, 0x80, 0x0, 0x0, 0x0, 0x7, 0xe0,
    0x0, 0xfe, 0x0, 0x0, 0x0, 0x0, 0xf, 0xc0,
    0x3, 0xf8, 0x0, 0x0, 0x0, 0x0, 0x1f, 0x80,
    0xf, 0xf0, 0x0, 0x0, 0x0, 0x0, 0x3f, 0x0,
    0x3f, 0xc0, 0x0, 0x0, 0x0, 0x0, 0x7e, 0x0,
    0x7f, 0x0, 0x0, 0x0, 0x0, 0x0, 0xfc, 0x1,
    0xfc, 0xf, 0xff, 0xff, 0xf0, 0x1, 0xf8, 0x7,
    0xf0, 0x1f, 0xff, 0xff, 0xf8, 0x3, 0xf0, 0x1f,
    0xe0, 0x3f, 0xff, 0xff, 0xf8, 0x7, 0xe0, 0x7f,
    0x80, 0x7f, 0xff, 0xff, 0xf0, 0xf, 0xc0, 0xfe,
    0x0, 0xff, 0xff, 0xff, 0xf0, 0x0, 0x3, 0xf8,
    0x1, 0xff, 0xff, 0xff, 0xe0, 0x0, 0xf, 0xe0,
    0x0, 0x0, 0x0, 0xf, 0xc0, 0x0, 0x3f, 0xc0,
    0x0, 0x0, 0x0, 0x1f, 0x80, 0x0, 0xff, 0x0,
    0x0, 0x0, 0x0, 0x3f, 0x0, 0x1, 0xfc, 0x0,
    0x0, 0x0, 0x0, 0x7e, 0x0, 0x7, 0xf0, 0x0,
    0x0, 0x0, 0x0, 0xfc, 0x0, 0x1f, 0xc0, 0x0,
    0xf, 0xff, 0xff, 0xf8, 0x0, 0x7f, 0x80, 0x0,
    0x7f, 0xff, 0xff, 0xe0, 0x1, 0xfe, 0x0, 0x1,
    0xff, 0xff, 0xff, 0xc0, 0x3, 0xf8, 0x0, 0x3,
    0xff, 0xff, 0xff, 0x0, 0xf, 0xe0, 0x0, 0xf,
    0xff, 0xff, 0xf8, 0x0, 0x3f, 0x80, 0x0, 0x1f,
    0xc0, 0x0, 0x0, 0x0, 0xff, 0x0, 0x0, 0x3f,
    0x0, 0x0, 0x0, 0x3, 0xfc, 0x0, 0x0, 0x7e,
    0x0, 0x0, 0x0, 0x7, 0xf0, 0x0, 0x0, 0xfc,
    0x0, 0x0, 0x0, 0x1f, 0xc0, 0x0, 0x1, 0xf8,
    0x0, 0x0, 0x0, 0x7f, 0x0, 0x0, 0x3, 0xf0,
    0x0, 0x0, 0x1, 0xfe, 0x0, 0x0, 0x7, 0xff,
    0xff, 0xff, 0xc7, 0xf8, 0x0, 0x0, 0xf, 0xff,
    0xff, 0xff, 0x8f, 0xe0, 0x0, 0x0, 0x1f, 0xff,
    0xff, 0xff, 0x3f, 0x80, 0x0, 0x0, 0x3f, 0xff,
    0xff, 0xfe, 0xfe, 0x0, 0x0, 0x0, 0x7f, 0xff,
    0xff, 0xfd, 0xf8, 0x0, 0x0, 0x0, 0x7f, 0xff,
    0xff, 0xf8,

    /* U+00BE "¾" */
    0x7f, 0xff, 0xff, 0x80, 0x0, 0x0, 0x1, 0xfc,
    0x0, 0x1f, 0xff, 0xff, 0xfc, 0x0, 0x0, 0x0,
    0x3f, 0x80, 0x3, 0xff, 0xff, 0xff, 0xc0, 0x0,
    0x0, 0xf, 0xe0, 0x0, 0x7f, 0xff, 0xff, 0xfc,
    0x0, 0x0, 0x3, 0xf8, 0x0, 0xf, 0xff, 0xff,
    0xff, 0x80, 0x0, 0x0, 0xff, 0x0, 0x0, 0xff,
    0xff, 0xff, 0xf0, 0x0, 0x0, 0x3f, 0xc0, 0x0,
    0x0, 0x0, 0x0, 0x7e, 0x0, 0x0, 0x7, 0xf0,
    0x0, 0x0, 0x0, 0x0, 0xf, 0xc0, 0x0, 0x1,
    0xfc, 0x0, 0x0, 0x0, 0x0, 0x1, 0xf8, 0x0,
    0x0, 0x7f, 0x0, 0x0, 0x0, 0x0, 0x0, 0x3f,
    0x0, 0x0, 0x1f, 0xe0, 0x0, 0x0, 0x0, 0x0,
    0xf, 0xe0, 0x0, 0x7, 0xf8, 0x0, 0x0, 0x3f,
    0xff, 0xff, 0xf8, 0x0, 0x0, 0xfe, 0x0, 0x0,
    0x7, 0xff, 0xff, 0xff, 0x0, 0x0, 0x3f, 0x80,
    0x0, 0x0, 0xff, 0xff, 0xff, 0xc0, 0x0, 0xf,
    0xe0, 0x0, 0x0, 0x1f, 0xff, 0xff, 0xfc, 0x0,
    0x3, 0xfc, 0x0, 0x0, 0x3, 0xff, 0xff, 0xff,
    0x80, 0x0, 0xff, 0x0, 0x0, 0x0, 0x0, 0x0,
    0x3, 0xf8, 0x0, 0x1f, 0xc0, 0x0, 0x0, 0x0,
    0x0, 0x0, 0x3f, 0x0, 0x7, 0xf0, 0x0, 0x0,
    0x0, 0x0, 0x0, 0x7, 0xe0, 0x1, 0xfc, 0x0,
    0x0, 0x0, 0x0, 0x0, 0x0, 0xfc, 0x0, 0x7f,
    0x80, 0x0, 0x0, 0x0, 0x0, 0x0, 0x1f, 0x80,
    0xf, 0xe0, 0x0, 0x0, 0x0, 0x0, 0x0, 0x7,
    0xf0, 0x3, 0xf8, 0x0, 0x0, 0x0, 0x1f, 0xff,
    0xff, 0xfe, 0x0, 0xfe, 0x0, 0x0, 0x0, 0x7,
    0xff, 0xff, 0xff, 0xc0, 0x3f, 0xc0, 0x0, 0x3f,
    0xc0, 0xff, 0xff, 0xff, 0xf0, 0xf, 0xf0, 0x0,
    0x1f, 0xfc, 0x1f, 0xff, 0xff, 0xfe, 0x1, 0xfc,
    0x0, 0x7, 0xff, 0x83, 0xff, 0xff, 0xff, 0x80,
    0x7f, 0x0, 0x3, 0xff, 0xf0, 0x3f, 0xff, 0xff,
    0xe0, 0x1f, 0xc0, 0x0, 0xff, 0xfe, 0x0, 0x0,
    0x0, 0x0, 0x7, 0xf8, 0x0, 0x3f, 0xff, 0xc0,
    0x0, 0x0, 0x0, 0x1, 0xfe, 0x0, 0x1f, 0xf9,
    0xf8, 0x0, 0x0, 0x0, 0x0, 0x3f, 0x80, 0x7,
    0xfe, 0x3f, 0x0, 0x0, 0x0, 0x0, 0xf, 0xe0,
    0x3, 0xff, 0x7, 0xe0, 0x0, 0x0, 0x0, 0x3,
    0xf8, 0x0, 0xff, 0xc0, 0xfc, 0x0, 0x0, 0x0,
    0x0, 0xff, 0x0, 0x3f, 0xf0, 0x1f, 0x80, 0x0,
    0x0, 0x0, 0x3f, 0xc0, 0x1f, 0xf8, 0x3, 0xf0,
    0x0, 0x0, 0x0, 0x7, 0xf0, 0x7, 0xfe, 0x0,
    0x7e, 0x0, 0x0, 0x0, 0x1, 0xfc, 0x3, 0xff,
    0x0, 0xf, 0xc0, 0x0, 0x0, 0x0, 0x7f, 0x0,
    0xff, 0xc0, 0x1, 0xf8, 0x0, 0x0, 0x0, 0x1f,
    0xe0, 0x1f, 0xf0, 0x0, 0x3f, 0x0, 0x0, 0x0,
    0x7, 0xf8, 0x3, 0xf8, 0x0, 0x7, 0xe0, 0x0,
    0x0, 0x0, 0xfe, 0x0, 0x7f, 0x0, 0x0, 0xfc,
    0x0, 0x0, 0x0, 0x3f, 0x80, 0xf, 0xff, 0xff,
    0xff, 0xf8, 0x0, 0x0, 0xf, 0xe0, 0x1, 0xff,
    0xff, 0xff, 0xff, 0x80, 0x0, 0x3, 0xfc, 0x0,
    0x3f, 0xff, 0xff, 0xff, 0xf0, 0x0, 0x0, 0x7f,
    0x0, 0x7, 0xff, 0xff, 0xff, 0xfe, 0x0, 0x0,
    0x1f, 0xc0, 0x0, 0x7f, 0xff, 0xff, 0xff, 0x80,
    0x0, 0x7, 0xf0, 0x0, 0x0, 0x0, 0x0, 0x3f,
    0x0, 0x0, 0x1, 0xfe, 0x0, 0x0, 0x0, 0x0,
    0x7, 0xe0, 0x0, 0x0, 0x7f, 0x80, 0x0, 0x0,
    0x0, 0x0, 0xfc, 0x0, 0x0, 0xf, 0xe0, 0x0,
    0x0, 0x0, 0x0, 0x1f, 0x80, 0x0, 0x3, 0xf8,
    0x0, 0x0, 0x0, 0x0, 0x3, 0xf0, 0x0,

    /* U+00BF "¿" */
    0x0, 0x0, 0x1f, 0xf8, 0x0, 0x0, 0x0, 0xf,
    0xfc, 0x0, 0x0, 0x0, 0x7, 0xfe, 0x0, 0x0,
    0x0, 0x3, 0xff, 0x0, 0x0, 0x0, 0x1, 0xff,
    0x80, 0x0, 0x0, 0x0, 0xff, 0xc0, 0x0, 0x0,
    0x0, 0x7f, 0xe0, 0x0, 0x0, 0x0, 0x3f, 0xf0,
    0x0, 0x0, 0x0, 0x1f, 0xf8, 0x0, 0x0, 0x0,
    0xf, 0xfc, 0x0, 0x0, 0x0, 0x0, 0x0, 0x0,
    0x0, 0x0, 0x0, 0x0, 0x0, 0x0, 0x0, 0x0,
    0x0, 0x0, 0x0, 0x0, 0x0, 0x0, 0x0, 0x0,
    0x0, 0x0, 0x0, 0x0, 0x0, 0x0, 0x0, 0x0,
    0x0, 0x0, 0x0, 0x0, 0x0, 0x0, 0x0, 0x0,
    0x0, 0x1, 0xe0, 0x0, 0x0, 0x0, 0x3, 0xf8,
    0x0, 0x0, 0x0, 0x1, 0xfe, 0x0, 0x0, 0x0,
    0x0, 0xff, 0x0, 0x0, 0x0, 0x0, 0x7f, 0x80,
    0x0, 0x0, 0x0, 0x3f, 0xc0, 0x0, 0x0, 0x0,
    0x3f, 0xe0, 0x0, 0x0, 0x0, 0x7f, 0xe0, 0x0,
    0x0, 0x0, 0xff, 0xf0, 0x0, 0x0, 0x1, 0xff,
    0xf8, 0x0, 0x0, 0x3, 0xff, 0xfc, 0x0, 0x0,
    0x7, 0xff, 0xfc, 0x0, 0x0, 0xf, 0xff, 0xf8,
    0x0, 0x0, 0x1f, 0xff, 0xf0, 0x0, 0x0, 0x3f,
    0xff, 0xf0, 0x0, 0x0, 0x3f, 0xff, 0xe0, 0x0,
    0x0, 0x1f, 0xff, 0xc0, 0x0, 0x0, 0x1f, 0xff,
    0x80, 0x0, 0x0, 0xf, 0xff, 0x0, 0x0, 0x0,
    0xf, 0xfe, 0x0, 0x0, 0x0, 0x7, 0xff, 0x0,
    0x0, 0x0, 0x3, 0xff, 0x0, 0x0, 0x0, 0x1,
    0xff, 0x80, 0x0, 0x0, 0x0, 0xff, 0xc0, 0x0,
    0x0, 0x0, 0x7f, 0xe0, 0x0, 0x0, 0x0, 0x3f,
    0xf0, 0x0, 0x0, 0x0, 0x1f, 0xf8, 0x0, 0x0,
    0x0, 0xf, 0xfe, 0x0, 0x0, 0x0, 0x7, 0xff,
    0xff, 0xff, 0xff, 0xff, 0xff, 0xff, 0xff, 0xff,
    0xfe, 0xff, 0xff, 0xff, 0xff, 0xff, 0x7f, 0xff,
    0xff, 0xff, 0xff, 0xbf, 0xff, 0xff, 0xff, 0xff,
    0xcf, 0xff, 0xff, 0xff, 0xff, 0xe3, 0xff, 0xff,
    0xff, 0xff, 0xf0, 0x3f, 0xff, 0xff, 0xff, 0xf8,

    /* U+00C0 "À" */
    0x0, 0x0, 0x0, 0x7e, 0x0, 0x0, 0x0, 0x0,
    0x0, 0x0, 0x0, 0xf, 0xf8, 0x0, 0x0, 0x0,
    0x0, 0x0, 0x0, 0x0, 0xff, 0xc0, 0x0, 0x0,
    0x0, 0x0, 0x0, 0x0, 0x7, 0xfe, 0x0, 0x0,
    0x0, 0x0, 0x0, 0x0, 0x0, 0x3f, 0xe0, 0x0,
    0x0, 0x0, 0x0, 0x0, 0x0, 0x3, 0xff, 0x0,
    0x0, 0x0, 0x0, 0x0, 0x0, 0x0, 0x1f, 0xf8,
    0x0, 0x0, 0x0, 0x0, 0x0, 0x0, 0x0, 0xff,
    0x80, 0x0, 0x0, 0x0, 0x0, 0x0, 0x0, 0x7,
    0xfc, 0x0, 0x0, 0x0, 0x0, 0x0, 0x0, 0x0,
    0x7f, 0xc0, 0x0, 0x0, 0x0, 0x0, 0x0, 0x0,
    0x3, 0xfe, 0x0, 0x0, 0x0, 0x0, 0x0, 0x0,
    0x0, 0x1f, 0xf0, 0x0, 0x0, 0x0, 0x0, 0x0,
    0x0, 0x1, 0xff, 0x0, 0x0, 0x0, 0x0, 0x0,
    0x0, 0x0, 0x7, 0xe0, 0x0, 0x0, 0x0, 0x0,
    0x0, 0x0, 0x0, 0x0, 0x0, 0x0, 0x0, 0x0,
    0x0, 0x0, 0x0, 0x0, 0x0, 0x0, 0x0, 0x0,
    0x0, 0x0, 0x0, 0x7, 0xfe, 0x0, 0x0, 0x0,
    0x0, 0x0, 0x0, 0x1, 0xff, 0xf8, 0x0, 0x0,
    0x0, 0x0, 0x0, 0x0, 0x3f, 0xff, 0xc0, 0x0,
    0x0, 0x0, 0x0, 0x0, 0x7, 0xff, 0xfe, 0x0,
    0x0, 0x0, 0x0, 0x0, 0x0, 0xff, 0xff, 0xe0,
    0x0, 0x0, 0x0, 0x0, 0x0, 0xf, 0xff, 0xff,
    0x0, 0x0, 0x0, 0x0, 0x0, 0x1, 0xff, 0xff,
    0xf8, 0x0, 0x0, 0x0, 0x0, 0x0, 0x1f, 0xff,
    0xff, 0x80, 0x0, 0x0, 0x0, 0x0, 0x3, 0xff,
    0xff, 0xfc, 0x0, 0x0, 0x0, 0x0, 0x0, 0x3f,
    0xff, 0xff, 0xc0, 0x0, 0x0, 0x0, 0x0, 0x7,
    0xff, 0x9f, 0xfe, 0x0, 0x0, 0x0, 0x0, 0x0,
    0x7f, 0xf8, 0xff, 0xe0, 0x0, 0x0, 0x0, 0x0,
    0xf, 0xff, 0xf, 0xff, 0x0, 0x0, 0x0, 0x0,
    0x0, 0xff, 0xf0, 0x7f, 0xf0, 0x0, 0x0, 0x0,
    0x0, 0x1f, 0xfe, 0x7, 0xff, 0x80, 0x0, 0x0,
    0x0, 0x1, 0xff, 0xc0, 0x3f, 0xf8, 0x0, 0x0,
    0x0, 0x0, 0x3f, 0xfc, 0x3, 0xff, 0xc0, 0x0,
    0x0, 0x0, 0x7, 0xff, 0x80, 0x1f, 0xfe, 0x0,
    0x0, 0x0, 0x0, 0x7f, 0xf8, 0x1, 0xff, 0xe0,
    0x0, 0x0, 0x0, 0xf, 0xff, 0x0, 0xf, 0xff,
    0x0, 0x0, 0x0, 0x0, 0xff, 0xf0, 0x0, 0xff,
    0xf0, 0x0, 0x0, 0x0, 0x1f, 0xfe, 0x0, 0x7,
    0xff, 0x80, 0x0, 0x0, 0x1, 0xff, 0xe0, 0x0,
    0x7f, 0xf8, 0x0, 0x0, 0x0, 0x3f, 0xfc, 0x0,
    0x3, 0xff, 0xc0, 0x0, 0x0, 0x3, 0xff, 0xc0,
    0x0, 0x1f, 0xfc, 0x0, 0x0, 0x0, 0x7f, 0xf8,
    0x0, 0x1, 0xff, 0xe0, 0x0, 0x0, 0x7, 0xff,
    0x80, 0x0, 0xf, 0xfe, 0x0, 0x0, 0x0, 0xff,
    0xf0, 0x0, 0x0, 0xff, 0xf0, 0x0, 0x0, 0xf,
    0xff, 0x0, 0x0, 0x7, 0xff, 0x0, 0x0, 0x1,
    0xff, 0xe0, 0x0, 0x0, 0x7f, 0xf8, 0x0, 0x0,
    0x3f, 0xfe, 0x0, 0x0, 0x3, 0xff, 0xc0, 0x0,
    0x3, 0xff, 0xc0, 0x0, 0x0, 0x3f, 0xfc, 0x0,
    0x0, 0x7f, 0xff, 0xff, 0xff, 0xff, 0xff, 0xe0,
    0x0, 0x7, 0xff, 0xff, 0xff, 0xff, 0xff, 0xfe,
    0x0, 0x0, 0xff, 0xff, 0xff, 0xff, 0xff, 0xff,
    0xf0, 0x0, 0xf, 0xff, 0xff, 0xff, 0xff, 0xff,
    0xff, 0x0, 0x1, 0xff, 0xff, 0xff, 0xff, 0xff,
    0xff, 0xf8, 0x0, 0x1f, 0xff, 0xff, 0xff, 0xff,
    0xff, 0xff, 0x80, 0x3, 0xff, 0xff, 0xff, 0xff,
    0xff, 0xff, 0xfc, 0x0, 0x3f, 0xff, 0xff, 0xff,
    0xff, 0xff, 0xff, 0xc0, 0x7, 0xff, 0x80, 0x0,
    0x0, 0x0, 0x1f, 0xfe, 0x0, 0x7f, 0xf0, 0x0,
    0x0, 0x0, 0x0, 0xff, 0xf0, 0xf, 0xff, 0x0,
    0x0, 0x0, 0x0, 0xf, 0xff, 0x1, 0xff, 0xe0,
    0x0, 0x0, 0x0, 0x0, 0x7f, 0xf8, 0x1f, 0xfe,
    0x0, 0x0, 0x0, 0x0, 0x7, 0xff, 0x83, 0xff,
    0xc0, 0x0, 0x0, 0x0, 0x0, 0x3f, 0xfc, 0x3f,
    0xfc, 0x0, 0x0, 0x0, 0x0, 0x3, 0xff, 0xc7,
    0xff, 0xc0, 0x0, 0x0, 0x0, 0x0, 0x1f, 0xfe,
    0x7f, 0xf8, 0x0, 0x0, 0x0, 0x0, 0x1, 0xff,
    0xef, 0xff, 0x80, 0x0, 0x0, 0x0, 0x0, 0xf,
    0xff, 0xff, 0xf0, 0x0, 0x0, 0x0, 0x0, 0x0,
    0xff, 0xf0,

    /* U+00C1 "Á" */
    0x0, 0x0, 0x0, 0x0, 0x7, 0xe0, 0x0, 0x0,
    0x0, 0x0, 0x0, 0x0, 0x1, 0xff, 0x0, 0x0,
    0x0, 0x0, 0x0, 0x0, 0x0, 0x3f, 0xf0, 0x0,
    0x0, 0x0, 0x0, 0x0, 0x0, 0x3, 0xfe, 0x0,
    0x0, 0x0, 0x0, 0x0, 0x0, 0x0, 0x7f, 0xc0,
    0x0, 0x0, 0x0, 0x0, 0x0, 0x0, 0xf, 0xfc,
    0x0, 0x0, 0x0, 0x0, 0x0, 0x0, 0x0, 0xff,
    0x80, 0x0, 0x0, 0x0, 0x0, 0x0, 0x0, 0x1f,
    0xf0, 0x0, 0x0, 0x0, 0x0, 0x0, 0x0, 0x3,
    0xfe, 0x0, 0x0, 0x0, 0x0, 0x0, 0x0, 0x0,
    0x3f, 0xe0, 0x0, 0x0, 0x0, 0x0, 0x0, 0x0,
    0x7, 0xfc, 0x0, 0x0, 0x0, 0x0, 0x0, 0x0,
    0x0, 0x7f, 0x80, 0x0, 0x0, 0x0, 0x0, 0x0,
    0x0, 0xf, 0xf8, 0x0, 0x0, 0x0, 0x0, 0x0,
    0x0, 0x0, 0x7e, 0x0, 0x0, 0x0, 0x0, 0x0,
    0x0, 0x0, 0x0, 0x0, 0x0, 0x0, 0x0, 0x0,
    0x0, 0x0, 0x0, 0x0, 0x0, 0x0, 0x0, 0x0,
    0x0, 0x0, 0x0, 0x7, 0xfe, 0x0, 0x0, 0x0,
    0x0, 0x0, 0x0, 0x1, 0xff, 0xf8, 0x0, 0x0,
    0x0, 0x0, 0x0, 0x0, 0x3f, 0xff, 0xc0, 0x0,
    0x0, 0x0, 0x0, 0x0, 0x7, 0xff, 0xfe, 0x0,
    0x0, 0x0, 0x0, 0x0, 0x0, 0xff, 0xff, 0xe0,
    0x0, 0x0, 0x0, 0x0, 0x0, 0xf, 0xff, 0xff,
    0x0, 0x0, 0x0, 0x0, 0x0, 0x1, 0xff, 0xff,
    0xf8, 0x0, 0x0, 0x0, 0x0, 0x0, 0x1f, 0xff,
    0xff, 0x80, 0x0, 0x0, 0x0, 0x0, 0x3, 0xff,
    0xff, 0xfc, 0x0, 0x0, 0x0, 0x0, 0x0, 0x3f,
    0xff, 0xff, 0xc0, 0x0, 0x0, 0x0, 0x0, 0x7,
    0xff, 0x9f, 0xfe, 0x0, 0x0, 0x0, 0x0, 0x0,
    0x7f, 0xf8, 0xff, 0xe0, 0x0, 0x0, 0x0, 0x0,
    0xf, 0xff, 0xf, 0xff, 0x0, 0x0, 0x0, 0x0,
    0x0, 0xff, 0xf0, 0x7f, 0xf0, 0x0, 0x0, 0x0,
    0x0, 0x1f, 0xfe, 0x7, 0xff, 0x80, 0x0, 0x0,
    0x0, 0x1, 0xff, 0xc0, 0x3f, 0xf8, 0x0, 0x0,
    0x0, 0x0, 0x3f, 0xfc, 0x3, 0xff, 0xc0, 0x0,
    0x0, 0x0, 0x7, 0xff, 0x80, 0x1f, 0xfe, 0x0,
    0x0, 0x0, 0x0, 0x7f, 0xf8, 0x1, 0xff, 0xe0,
    0x0, 0x0, 0x0, 0xf, 0xff, 0x0, 0xf, 0xff,
    0x0, 0x0, 0x0, 0x0, 0xff, 0xf0, 0x0, 0xff,
    0xf0, 0x0, 0x0, 0x0, 0x1f, 0xfe, 0x0, 0x7,
    0xff, 0x80, 0x0, 0x0, 0x1, 0xff, 0xe0, 0x0,
    0x7f, 0xf8, 0x0, 0x0, 0x0, 0x3f, 0xfc, 0x0,
    0x3, 0xff, 0xc0, 0x0, 0x0, 0x3, 0xff, 0xc0,
    0x0, 0x1f, 0xfc, 0x0, 0x0, 0x0, 0x7f, 0xf8,
    0x0, 0x1, 0xff, 0xe0, 0x0, 0x0, 0x7, 0xff,
    0x80, 0x0, 0xf, 0xfe, 0x0, 0x0, 0x0, 0xff,
    0xf0, 0x0, 0x0, 0xff, 0xf0, 0x0, 0x0, 0xf,
    0xff, 0x0, 0x0, 0x7, 0xff, 0x0, 0x0, 0x1,
    0xff, 0xe0, 0x0, 0x0, 0x7f, 0xf8, 0x0, 0x0,
    0x3f, 0xfe, 0x0, 0x0, 0x3, 0xff, 0xc0, 0x0,
    0x3, 0xff, 0xc0, 0x0, 0x0, 0x3f, 0xfc, 0x0,
    0x0, 0x7f, 0xff, 0xff, 0xff, 0xff, 0xff, 0xe0,
    0x0, 0x7, 0xff, 0xff, 0xff, 0xff, 0xff, 0xfe,
    0x0, 0x0, 0xff, 0xff, 0xff, 0xff, 0xff, 0xff,
    0xf0, 0x0, 0xf, 0xff, 0xff, 0xff, 0xff, 0xff,
    0xff, 0x0, 0x1, 0xff, 0xff, 0xff, 0xff, 0xff,
    0xff, 0xf8, 0x0, 0x1f, 0xff, 0xff, 0xff, 0xff,
    0xff, 0xff, 0x80, 0x3, 0xff, 0xff, 0xff, 0xff,
    0xff, 0xff, 0xfc, 0x0, 0x3f, 0xff, 0xff, 0xff,
    0xff, 0xff, 0xff, 0xc0, 0x7, 0xff, 0x80, 0x0,
    0x0, 0x0, 0x1f, 0xfe, 0x0, 0x7f, 0xf0, 0x0,
    0x0, 0x0, 0x0, 0xff, 0xf0, 0xf, 0xff, 0x0,
    0x0, 0x0, 0x0, 0xf, 0xff, 0x1, 0xff, 0xe0,
    0x0, 0x0, 0x0, 0x0, 0x7f, 0xf8, 0x1f, 0xfe,
    0x0, 0x0, 0x0, 0x0, 0x7, 0xff, 0x83, 0xff,
    0xc0, 0x0, 0x0, 0x0, 0x0, 0x3f, 0xfc, 0x3f,
    0xfc, 0x0, 0x0, 0x0, 0x0, 0x3, 0xff, 0xc7,
    0xff, 0xc0, 0x0, 0x0, 0x0, 0x0, 0x1f, 0xfe,
    0x7f, 0xf8, 0x0, 0x0, 0x0, 0x0, 0x1, 0xff,
    0xef, 0xff, 0x80, 0x0, 0x0, 0x0, 0x0, 0xf,
    0xff, 0xff, 0xf0, 0x0, 0x0, 0x0, 0x0, 0x0,
    0xff, 0xf0,

    /* U+00C2 "Â" */
    0x0, 0x0, 0x0, 0x7, 0xfe, 0x0, 0x0, 0x0,
    0x0, 0x0, 0x0, 0x0, 0xff, 0xf0, 0x0, 0x0,
    0x0, 0x0, 0x0, 0x0, 0x1f, 0xff, 0x80, 0x0,
    0x0, 0x0, 0x0, 0x0, 0x3, 0xff, 0xfc, 0x0,
    0x0, 0x0, 0x0, 0x0, 0x0, 0x3f, 0xff, 0xe0,
    0x0, 0x0, 0x0, 0x0, 0x0, 0x7, 0xf9, 0xfe,
    0x0, 0x0, 0x0, 0x0, 0x0, 0x0, 0xff, 0x8f,
    0xf0, 0x0, 0x0, 0x0, 0x0, 0x0, 0x1f, 0xf0,
    0xff, 0x80, 0x0, 0x0, 0x0, 0x0, 0x1, 0xfe,
    0x7, 0xf8, 0x0, 0x0, 0x0, 0x0, 0x0, 0x3f,
    0xe0, 0x3f, 0xc0, 0x0, 0x0, 0x0, 0x0, 0x7,
    0xfc, 0x3, 0xfe, 0x0, 0x0, 0x0, 0x0, 0x0,
    0x7f, 0x80, 0x1f, 0xf0, 0x0, 0x0, 0x0, 0x0,
    0xf, 0xf8, 0x1, 0xff, 0x0, 0x0, 0x0, 0x0,
    0x0, 0x7e, 0x0, 0x7, 0xe0, 0x0, 0x0, 0x0,
    0x0, 0x0, 0x0, 0x0, 0x0, 0x0, 0x0, 0x0,
    0x0, 0x0, 0x0, 0x0, 0x0, 0x0, 0x0, 0x0,
    0x0, 0x0, 0x0, 0x7, 0xfe, 0x0, 0x0, 0x0,
    0x0, 0x0, 0x0, 0x1, 0xff, 0xf8, 0x0, 0x0,
    0x0, 0x0, 0x0, 0x0, 0x3f, 0xff, 0xc0, 0x0,
    0x0, 0x0, 0x0, 0x0, 0x7, 0xff, 0xfe, 0x0,
    0x0, 0x0, 0x0, 0x0, 0x0, 0xff, 0xff, 0xe0,
    0x0, 0x0, 0x0, 0x0, 0x0, 0xf, 0xff, 0xff,
    0x0, 0x0, 0x0, 0x0, 0x0, 0x1, 0xff, 0xff,
    0xf8, 0x0, 0x0, 0x0, 0x0, 0x0, 0x1f, 0xff,
    0xff, 0x80, 0x0, 0x0, 0x0, 0x0, 0x3, 0xff,
    0xff, 0xfc, 0x0, 0x0, 0x0, 0x0, 0x0, 0x3f,
    0xff, 0xff, 0xc0, 0x0, 0x0, 0x0, 0x0, 0x7,
    0xff, 0x9f, 0xfe, 0x0, 0x0, 0x0, 0x0, 0x0,
    0x7f, 0xf8, 0xff, 0xe0, 0x0, 0x0, 0x0, 0x0,
    0xf, 0xff, 0xf, 0xff, 0x0, 0x0, 0x0, 0x0,
    0x0, 0xff, 0xf0, 0x7f, 0xf0, 0x0, 0x0, 0x0,
    0x0, 0x1f, 0xfe, 0x7, 0xff, 0x80, 0x0, 0x0,
    0x0, 0x1, 0xff, 0xc0, 0x3f, 0xf8, 0x0, 0x0,
    0x0, 0x0, 0x3f, 0xfc, 0x3, 0xff, 0xc0, 0x0,
    0x0, 0x0, 0x7, 0xff, 0x80, 0x1f, 0xfe, 0x0,
    0x0, 0x0, 0x0, 0x7f, 0xf8, 0x1, 0xff, 0xe0,
    0x0, 0x0, 0x0, 0xf, 0xff, 0x0, 0xf, 0xff,
    0x0, 0x0, 0x0, 0x0, 0xff, 0xf0, 0x0, 0xff,
    0xf0, 0x0, 0x0, 0x0, 0x1f, 0xfe, 0x0, 0x7,
    0xff, 0x80, 0x0, 0x0, 0x1, 0xff, 0xe0, 0x0,
    0x7f, 0xf8, 0x0, 0x0, 0x0, 0x3f, 0xfc, 0x0,
    0x3, 0xff, 0xc0, 0x0, 0x0, 0x3, 0xff, 0xc0,
    0x0, 0x1f, 0xfc, 0x0, 0x0, 0x0, 0x7f, 0xf8,
    0x0, 0x1, 0xff, 0xe0, 0x0, 0x0, 0x7, 0xff,
    0x80, 0x0, 0xf, 0xfe, 0x0, 0x0, 0x0, 0xff,
    0xf0, 0x0, 0x0, 0xff, 0xf0, 0x0, 0x0, 0xf,
    0xff, 0x0, 0x0, 0x7, 0xff, 0x0, 0x0, 0x1,
    0xff, 0xe0, 0x0, 0x0, 0x7f, 0xf8, 0x0, 0x0,
    0x3f, 0xfe, 0x0, 0x0, 0x3, 0xff, 0xc0, 0x0,
    0x3, 0xff, 0xc0, 0x0, 0x0, 0x3f, 0xfc, 0x0,
    0x0, 0x7f, 0xff, 0xff, 0xff, 0xff, 0xff, 0xe0,
    0x0, 0x7, 0xff, 0xff, 0xff, 0xff, 0xff, 0xfe,
    0x0, 0x0, 0xff, 0xff, 0xff, 0xff, 0xff, 0xff,
    0xf0, 0x0, 0xf, 0xff, 0xff, 0xff, 0xff, 0xff,
    0xff, 0x0, 0x1, 0xff, 0xff, 0xff, 0xff, 0xff,
    0xff, 0xf8, 0x0, 0x1f, 0xff, 0xff, 0xff, 0xff,
    0xff, 0xff, 0x80, 0x3, 0xff, 0xff, 0xff, 0xff,
    0xff, 0xff, 0xfc, 0x0, 0x3f, 0xff, 0xff, 0xff,
    0xff, 0xff, 0xff, 0xc0, 0x7, 0xff, 0x80, 0x0,
    0x0, 0x0, 0x1f, 0xfe, 0x0, 0x7f, 0xf0, 0x0,
    0x0, 0x0, 0x0, 0xff, 0xf0, 0xf, 0xff, 0x0,
    0x0, 0x0, 0x0, 0xf, 0xff, 0x1, 0xff, 0xe0,
    0x0, 0x0, 0x0, 0x0, 0x7f, 0xf8, 0x1f, 0xfe,
    0x0, 0x0, 0x0, 0x0, 0x7, 0xff, 0x83, 0xff,
    0xc0, 0x0, 0x0, 0x0, 0x0, 0x3f, 0xfc, 0x3f,
    0xfc, 0x0, 0x0, 0x0, 0x0, 0x3, 0xff, 0xc7,
    0xff, 0xc0, 0x0, 0x0, 0x0, 0x0, 0x1f, 0xfe,
    0x7f, 0xf8, 0x0, 0x0, 0x0, 0x0, 0x1, 0xff,
    0xef, 0xff, 0x80, 0x0, 0x0, 0x0, 0x0, 0xf,
    0xff, 0xff, 0xf0, 0x0, 0x0, 0x0, 0x0, 0x0,
    0xff, 0xf0,

    /* U+00C3 "Ã" */
    0x0, 0x0, 0x0, 0x0, 0x0, 0x0, 0xf0, 0x0,
    0x0, 0x0, 0x0, 0x3f, 0xe0, 0x0, 0x1f, 0xc0,
    0x0, 0x0, 0x0, 0x7, 0xff, 0xe0, 0x0, 0xfe,
    0x0, 0x0, 0x0, 0x0, 0x7f, 0xff, 0xc0, 0x7,
    0xf0, 0x0, 0x0, 0x0, 0x7, 0xff, 0xff, 0x80,
    0x3f, 0x80, 0x0, 0x0, 0x0, 0x3f, 0xff, 0xfe,
    0x1, 0xfc, 0x0, 0x0, 0x0, 0x3, 0xfc, 0x1f,
    0xfc, 0x1f, 0xe0, 0x0, 0x0, 0x0, 0x1f, 0xc0,
    0x3f, 0xff, 0xfe, 0x0, 0x0, 0x0, 0x0, 0xfe,
    0x0, 0xff, 0xff, 0xf0, 0x0, 0x0, 0x0, 0x7,
    0xf0, 0x1, 0xff, 0xff, 0x0, 0x0, 0x0, 0x0,
    0x3f, 0x80, 0x3, 0xff, 0xf0, 0x0, 0x0, 0x0,
    0x1, 0xfc, 0x0, 0x3, 0xfe, 0x0, 0x0, 0x0,
    0x0, 0x0, 0x0, 0x0, 0x0, 0x0, 0x0, 0x0,
    0x0, 0x0, 0x0, 0x0, 0x0, 0x0, 0x0, 0x0,
    0x0, 0x0, 0x0, 0x0, 0x0, 0x0, 0x0, 0x0,
    0x0, 0x0, 0x0, 0x0, 0x0, 0x0, 0x0, 0x0,
    0x0, 0x0, 0x0, 0x0, 0x0, 0x7, 0xfe, 0x0,
    0x0, 0x0, 0x0, 0x0, 0x0, 0x0, 0xff, 0xfc,
    0x0, 0x0, 0x0, 0x0, 0x0, 0x0, 0xf, 0xff,
    0xf0, 0x0, 0x0, 0x0, 0x0, 0x0, 0x0, 0x7f,
    0xff, 0xc0, 0x0, 0x0, 0x0, 0x0, 0x0, 0x7,
    0xff, 0xff, 0x0, 0x0, 0x0, 0x0, 0x0, 0x0,
    0x7f, 0xff, 0xf8, 0x0, 0x0, 0x0, 0x0, 0x0,
    0x3, 0xff, 0xff, 0xe0, 0x0, 0x0, 0x0, 0x0,
    0x0, 0x3f, 0xff, 0xff, 0x80, 0x0, 0x0, 0x0,
    0x0, 0x1, 0xff, 0xff, 0xfc, 0x0, 0x0, 0x0,
    0x0, 0x0, 0x1f, 0xff, 0xff, 0xf0, 0x0, 0x0,
    0x0, 0x0, 0x0, 0xff, 0xf3, 0xff, 0x80, 0x0,
    0x0, 0x0, 0x0, 0xf, 0xff, 0x1f, 0xfe, 0x0,
    0x0, 0x0, 0x0, 0x0, 0x7f, 0xf0, 0x7f, 0xf0,
    0x0, 0x0, 0x0, 0x0, 0x7, 0xff, 0x83, 0xff,
    0xc0, 0x0, 0x0, 0x0, 0x0, 0x7f, 0xf8, 0xf,
    0xfe, 0x0, 0x0, 0x0, 0x0, 0x3, 0xff, 0xc0,
    0x7f, 0xf8, 0x0, 0x0, 0x0, 0x0, 0x3f, 0xfc,
    0x1, 0xff, 0xc0, 0x0, 0x0, 0x0, 0x1, 0xff,
    0xe0, 0xf, 0xff, 0x0, 0x0, 0x0, 0x0, 0x1f,
    0xfe, 0x0, 0x3f, 0xfc, 0x0, 0x0, 0x0, 0x0,
    0xff, 0xf0, 0x1, 0xff, 0xe0, 0x0, 0x0, 0x0,
    0xf, 0xff, 0x0, 0x7, 0xff, 0x80, 0x0, 0x0,
    0x0, 0x7f, 0xf8, 0x0, 0x1f, 0xfc, 0x0, 0x0,
    0x0, 0x7, 0xff, 0x80, 0x0, 0xff, 0xf0, 0x0,
    0x0, 0x0, 0x3f, 0xfc, 0x0, 0x3, 0xff, 0x80,
    0x0, 0x0, 0x3, 0xff, 0xc0, 0x0, 0x1f, 0xfe,
    0x0, 0x0, 0x0, 0x1f, 0xfc, 0x0, 0x0, 0x7f,
    0xf0, 0x0, 0x0, 0x1, 0xff, 0xe0, 0x0, 0x3,
    0xff, 0xc0, 0x0, 0x0, 0x1f, 0xfe, 0x0, 0x0,
    0xf, 0xfe, 0x0, 0x0, 0x0, 0xff, 0xf0, 0x0,
    0x0, 0x7f, 0xf8, 0x0, 0x0, 0xf, 0xff, 0x0,
    0x0, 0x1, 0xff, 0xe0, 0x0, 0x0, 0x7f, 0xf8,
    0x0, 0x0, 0xf, 0xff, 0x0, 0x0, 0x7, 0xff,
    0x80, 0x0, 0x0, 0x3f, 0xfc, 0x0, 0x0, 0x3f,
    0xff, 0xff, 0xff, 0xff, 0xff, 0xe0, 0x0, 0x3,
    0xff, 0xff, 0xff, 0xff, 0xff, 0xff, 0x80, 0x0,
    0x1f, 0xff, 0xff, 0xff, 0xff, 0xff, 0xfc, 0x0,
    0x1, 0xff, 0xff, 0xff, 0xff, 0xff, 0xff, 0xf0,
    0x0, 0xf, 0xff, 0xff, 0xff, 0xff, 0xff, 0xff,
    0x80, 0x0, 0xff, 0xff, 0xff, 0xff, 0xff, 0xff,
    0xfe, 0x0, 0x7, 0xff, 0xff, 0xff, 0xff, 0xff,
    0xff, 0xf0, 0x0, 0x7f, 0xff, 0xff, 0xff, 0xff,
    0xff, 0xff, 0xc0, 0x7, 0xff, 0x80, 0x0, 0x0,
    0x0, 0xf, 0xff, 0x0, 0x3f, 0xfc, 0x0, 0x0,
    0x0, 0x0, 0x7f, 0xf8, 0x3, 0xff, 0xc0, 0x0,
    0x0, 0x0, 0x1, 0xff, 0xe0, 0x1f, 0xfe, 0x0,
    0x0, 0x0, 0x0, 0xf, 0xff, 0x1, 0xff, 0xe0,
    0x0, 0x0, 0x0, 0x0, 0x3f, 0xfc, 0xf, 0xff,
    0x0, 0x0, 0x0, 0x0, 0x1, 0xff, 0xe0, 0xff,
    0xf0, 0x0, 0x0, 0x0, 0x0, 0x7, 0xff, 0x87,
    0xff, 0x80, 0x0, 0x0, 0x0, 0x0, 0x3f, 0xfc,
    0x7f, 0xf8, 0x0, 0x0, 0x0, 0x0, 0x0, 0xff,
    0xf3, 0xff, 0xc0, 0x0, 0x0, 0x0, 0x0, 0x7,
    0xff, 0xbf, 0xfc, 0x0, 0x0, 0x0, 0x0, 0x0,
    0x1f, 0xfe,

    /* U+00C4 "Ä" */
    0x0, 0x0, 0x1f, 0xf8, 0x1, 0xff, 0x80, 0x0,
    0x0, 0x0, 0x1, 0xff, 0x80, 0x1f, 0xf8, 0x0,
    0x0, 0x0, 0x0, 0x1f, 0xf8, 0x1, 0xff, 0x80,
    0x0, 0x0, 0x0, 0x1, 0xff, 0x80, 0x1f, 0xf8,
    0x0, 0x0, 0x0, 0x0, 0x1f, 0xf8, 0x1, 0xff,
    0x80, 0x0, 0x0, 0x0, 0x1, 0xff, 0x80, 0x1f,
    0xf8, 0x0, 0x0, 0x0, 0x0, 0x1f, 0xf8, 0x1,
    0xff, 0x80, 0x0, 0x0, 0x0, 0x1, 0xff, 0x80,
    0x1f, 0xf8, 0x0, 0x0, 0x0, 0x0, 0x0, 0x0,
    0x0, 0x0, 0x0, 0x0, 0x0, 0x0, 0x0, 0x0,
    0x0, 0x0, 0x0, 0x0, 0x0, 0x0, 0x0, 0x0,
    0x0, 0x0, 0x0, 0x0, 0x0, 0x0, 0x0, 0x0,
    0x0, 0x0, 0x0, 0x0, 0x0, 0x0, 0x0, 0x0,
    0x0, 0x0, 0x0, 0x0, 0x0, 0x0, 0x0, 0x0,
    0x0, 0x0, 0x7f, 0xe0, 0x0, 0x0, 0x0, 0x0,
    0x0, 0x0, 0x1f, 0xff, 0x80, 0x0, 0x0, 0x0,
    0x0, 0x0, 0x3, 0xff, 0xfc, 0x0, 0x0, 0x0,
    0x0, 0x0, 0x0, 0x7f, 0xff, 0xc0, 0x0, 0x0,
    0x0, 0x0, 0x0, 0xf, 0xff, 0xfe, 0x0, 0x0,
    0x0, 0x0, 0x0, 0x0, 0xff, 0xff, 0xf0, 0x0,
    0x0, 0x0, 0x0, 0x0, 0x1f, 0xff, 0xff, 0x0,
    0x0, 0x0, 0x0, 0x0, 0x1, 0xff, 0xff, 0xf8,
    0x0, 0x0, 0x0, 0x0, 0x0, 0x3f, 0xff, 0xff,
    0x80, 0x0, 0x0, 0x0, 0x0, 0x3, 0xff, 0xff,
    0xfc, 0x0, 0x0, 0x0, 0x0, 0x0, 0x7f, 0xf9,
    0xff, 0xc0, 0x0, 0x0, 0x0, 0x0, 0x7, 0xff,
    0x1f, 0xfe, 0x0, 0x0, 0x0, 0x0, 0x0, 0xff,
    0xf0, 0xff, 0xf0, 0x0, 0x0, 0x0, 0x0, 0xf,
    0xfe, 0x7, 0xff, 0x0, 0x0, 0x0, 0x0, 0x1,
    0xff, 0xe0, 0x7f, 0xf8, 0x0, 0x0, 0x0, 0x0,
    0x1f, 0xfc, 0x3, 0xff, 0x80, 0x0, 0x0, 0x0,
    0x3, 0xff, 0xc0, 0x3f, 0xfc, 0x0, 0x0, 0x0,
    0x0, 0x7f, 0xf8, 0x1, 0xff, 0xc0, 0x0, 0x0,
    0x0, 0x7, 0xff, 0x80, 0x1f, 0xfe, 0x0, 0x0,
    0x0, 0x0, 0xff, 0xf0, 0x0, 0xff, 0xe0, 0x0,
    0x0, 0x0, 0xf, 0xff, 0x0, 0xf, 0xff, 0x0,
    0x0, 0x0, 0x1, 0xff, 0xe0, 0x0, 0x7f, 0xf0,
    0x0, 0x0, 0x0, 0x1f, 0xfe, 0x0, 0x7, 0xff,
    0x80, 0x0, 0x0, 0x3, 0xff, 0xc0, 0x0, 0x3f,
    0xfc, 0x0, 0x0, 0x0, 0x3f, 0xfc, 0x0, 0x3,
    0xff, 0xc0, 0x0, 0x0, 0x7, 0xff, 0x80, 0x0,
    0x1f, 0xfe, 0x0, 0x0, 0x0, 0x7f, 0xf8, 0x0,
    0x1, 0xff, 0xe0, 0x0, 0x0, 0xf, 0xff, 0x0,
    0x0, 0xf, 0xff, 0x0, 0x0, 0x0, 0xff, 0xf0,
    0x0, 0x0, 0xff, 0xf0, 0x0, 0x0, 0x1f, 0xfe,
    0x0, 0x0, 0x7, 0xff, 0x80, 0x0, 0x3, 0xff,
    0xe0, 0x0, 0x0, 0x7f, 0xf8, 0x0, 0x0, 0x3f,
    0xfc, 0x0, 0x0, 0x3, 0xff, 0xc0, 0x0, 0x7,
    0xff, 0xff, 0xff, 0xff, 0xff, 0xfc, 0x0, 0x0,
    0x7f, 0xff, 0xff, 0xff, 0xff, 0xff, 0xe0, 0x0,
    0xf, 0xff, 0xff, 0xff, 0xff, 0xff, 0xfe, 0x0,
    0x0, 0xff, 0xff, 0xff, 0xff, 0xff, 0xff, 0xf0,
    0x0, 0x1f, 0xff, 0xff, 0xff, 0xff, 0xff, 0xff,
    0x80, 0x1, 0xff, 0xff, 0xff, 0xff, 0xff, 0xff,
    0xf8, 0x0, 0x3f, 0xff, 0xff, 0xff, 0xff, 0xff,
    0xff, 0xc0, 0x3, 0xff, 0xff, 0xff, 0xff, 0xff,
    0xff, 0xfc, 0x0, 0x7f, 0xf8, 0x0, 0x0, 0x0,
    0x1, 0xff, 0xe0, 0x7, 0xff, 0x80, 0x0, 0x0,
    0x0, 0x1f, 0xfe, 0x0, 0xff, 0xf0, 0x0, 0x0,
    0x0, 0x0, 0xff, 0xf0, 0x1f, 0xff, 0x0, 0x0,
    0x0, 0x0, 0x7, 0xff, 0x1, 0xff, 0xe0, 0x0,
    0x0, 0x0, 0x0, 0x7f, 0xf8, 0x3f, 0xfe, 0x0,
    0x0, 0x0, 0x0, 0x3, 0xff, 0x83, 0xff, 0xc0,
    0x0, 0x0, 0x0, 0x0, 0x3f, 0xfc, 0x7f, 0xfc,
    0x0, 0x0, 0x0, 0x0, 0x1, 0xff, 0xe7, 0xff,
    0x80, 0x0, 0x0, 0x0, 0x0, 0x1f, 0xfe, 0xff,
    0xf8, 0x0, 0x0, 0x0, 0x0, 0x0, 0xff, 0xff,
    0xff, 0x0, 0x0, 0x0, 0x0, 0x0, 0xf, 0xff,

    /* U+00C5 "Å" */
    0x0, 0x0, 0x0, 0x3f, 0xff, 0xc0, 0x0, 0x0,
    0x0, 0x0, 0x0, 0xf, 0xff, 0xff, 0x0, 0x0,
    0x0, 0x0, 0x0, 0x0, 0xff, 0xff, 0xf0, 0x0,
    0x0, 0x0, 0x0, 0x0, 0x1f, 0xff, 0xff, 0x80,
    0x0, 0x0, 0x0, 0x0, 0x1, 0xf8, 0x1, 0xf8,
    0x0, 0x0, 0x0, 0x0, 0x0, 0x1f, 0x0, 0xf,
    0x80, 0x0, 0x0, 0x0, 0x0, 0x1, 0xf0, 0x0,
    0xf8, 0x0, 0x0, 0x0, 0x0, 0x0, 0x1f, 0x0,
    0xf, 0x80, 0x0, 0x0, 0x0, 0x0, 0x1, 0xf0,
    0x0, 0xf8, 0x0, 0x0, 0x0, 0x0, 0x0, 0x1f,
    0x0, 0xf, 0x80, 0x0, 0x0, 0x0, 0x0, 0x1,
    0xf8, 0x1, 0xf8, 0x0, 0x0, 0x0, 0x0, 0x0,
    0x1f, 0xff, 0xff, 0x80, 0x0, 0x0, 0x0, 0x0,
    0x0, 0xff, 0xff, 0xf0, 0x0, 0x0, 0x0, 0x0,
    0x0, 0xf, 0xff, 0xff, 0x0, 0x0, 0x0, 0x0,
    0x0, 0x0, 0x3f, 0xff, 0xc0, 0x0, 0x0, 0x0,
    0x0, 0x0, 0x0, 0x0, 0x0, 0x0, 0x0, 0x0,
    0x0, 0x0, 0x0, 0x7, 0xfe, 0x0, 0x0, 0x0,
    0x0, 0x0, 0x0, 0x1, 0xff, 0xf8, 0x0, 0x0,
    0x0, 0x0, 0x0, 0x0, 0x3f, 0xff, 0xc0, 0x0,
    0x0, 0x0, 0x0, 0x0, 0x7, 0xff, 0xfe, 0x0,
    0x0, 0x0, 0x0, 0x0, 0x0, 0xff, 0xff, 0xe0,
    0x0, 0x0, 0x0, 0x0, 0x0, 0xf, 0xff, 0xff,
    0x0, 0x0, 0x0, 0x0, 0x0, 0x1, 0xff, 0xff,
    0xf8, 0x0, 0x0, 0x0, 0x0, 0x0, 0x1f, 0xff,
    0xff, 0x80, 0x0, 0x0, 0x0, 0x0, 0x3, 0xff,
    0xff, 0xfc, 0x0, 0x0, 0x0, 0x0, 0x0, 0x3f,
    0xff, 0xff, 0xc0, 0x0, 0x0, 0x0, 0x0, 0x7,
    0xff, 0x9f, 0xfe, 0x0, 0x0, 0x0, 0x0, 0x0,
    0x7f, 0xf0, 0xff, 0xe0, 0x0, 0x0, 0x0, 0x0,
    0xf, 0xff, 0xf, 0xff, 0x0, 0x0, 0x0, 0x0,
    0x1, 0xff, 0xe0, 0x7f, 0xf0, 0x0, 0x0, 0x0,
    0x0, 0x1f, 0xfe, 0x7, 0xff, 0x80, 0x0, 0x0,
    0x0, 0x3, 0xff, 0xc0, 0x3f, 0xf8, 0x0, 0x0,
    0x0, 0x0, 0x3f, 0xfc, 0x3, 0xff, 0xc0, 0x0,
    0x0, 0x0, 0x7, 0xff, 0x80, 0x1f, 0xfe, 0x0,
    0x0, 0x0, 0x0, 0x7f, 0xf8, 0x1, 0xff, 0xe0,
    0x0, 0x0, 0x0, 0xf, 0xff, 0x0, 0xf, 0xff,
    0x0, 0x0, 0x0, 0x0, 0xff, 0xf0, 0x0, 0xff,
    0xf0, 0x0, 0x0, 0x0, 0x1f, 0xfe, 0x0, 0x7,
    0xff, 0x80, 0x0, 0x0, 0x1, 0xff, 0xe0, 0x0,
    0x7f, 0xf8, 0x0, 0x0, 0x0, 0x3f, 0xfc, 0x0,
    0x3, 0xff, 0xc0, 0x0, 0x0, 0x3, 0xff, 0xc0,
    0x0, 0x1f, 0xfc, 0x0, 0x0, 0x0, 0x7f, 0xf8,
    0x0, 0x1, 0xff, 0xe0, 0x0, 0x0, 0xf, 0xff,
    0x80, 0x0, 0xf, 0xfe, 0x0, 0x0, 0x0, 0xff,
    0xf0, 0x0, 0x0, 0xff, 0xf0, 0x0, 0x0, 0x1f,
    0xfe, 0x0, 0x0, 0x7, 0xff, 0x80, 0x0, 0x1,
    0xff, 0xe0, 0x0, 0x0, 0x7f, 0xf8, 0x0, 0x0,
    0x3f, 0xfc, 0x0, 0x0, 0x3, 0xff, 0xc0, 0x0,
    0x3, 0xff, 0xc0, 0x0, 0x0, 0x3f, 0xfc, 0x0,
    0x0, 0x7f, 0xff, 0xff, 0xff, 0xff, 0xff, 0xe0,
    0x0, 0x7, 0xff, 0xff, 0xff, 0xff, 0xff, 0xfe,
    0x0, 0x0, 0xff, 0xff, 0xff, 0xff, 0xff, 0xff,
    0xf0, 0x0, 0xf, 0xff, 0xff, 0xff, 0xff, 0xff,
    0xff, 0x0, 0x1, 0xff, 0xff, 0xff, 0xff, 0xff,
    0xff, 0xf8, 0x0, 0x3f, 0xff, 0xff, 0xff, 0xff,
    0xff, 0xff, 0x80, 0x3, 0xff, 0xff, 0xff, 0xff,
    0xff, 0xff, 0xfc, 0x0, 0x7f, 0xff, 0xff, 0xff,
    0xff, 0xff, 0xff, 0xe0, 0x7, 0xff, 0x80, 0x0,
    0x0, 0x0, 0x1f, 0xfe, 0x0, 0xff, 0xf0, 0x0,
    0x0, 0x0, 0x0, 0xff, 0xf0, 0xf, 0xff, 0x0,
    0x0, 0x0, 0x0, 0xf, 0xff, 0x1, 0xff, 0xe0,
    0x0, 0x0, 0x0, 0x0, 0x7f, 0xf8, 0x1f, 0xfe,
    0x0, 0x0, 0x0, 0x0, 0x7, 0xff, 0x83, 0xff,
    0xc0, 0x0, 0x0, 0x0, 0x0, 0x3f, 0xfc, 0x3f,
    0xfc, 0x0, 0x0, 0x0, 0x0, 0x3, 0xff, 0xc7,
    0xff, 0x80, 0x0, 0x0, 0x0, 0x0, 0x1f, 0xfe,
    0x7f, 0xf8, 0x0, 0x0, 0x0, 0x0, 0x1, 0xff,
    0xef, 0xff, 0x0, 0x0, 0x0, 0x0, 0x0, 0xf,
    0xff, 0xff, 0xf0, 0x0, 0x0, 0x0, 0x0, 0x0,
    0x7f, 0xf0,

    /* U+00C6 "Æ" */
    0x0, 0x0, 0x0, 0x7, 0xff, 0xff, 0xff, 0xff,
    0xff, 0xff, 0xff, 0xf8, 0x0, 0x0, 0x0, 0xff,
    0xff, 0xff, 0xff, 0xff, 0xff, 0xff, 0xff, 0xc0,
    0x0, 0x0, 0xf, 0xff, 0xff, 0xff, 0xff, 0xff,
    0xff, 0xff, 0xfe, 0x0, 0x0, 0x0, 0xff, 0xff,
    0xff, 0xff, 0xff, 0xff, 0xff, 0xff, 0xf0, 0x0,
    0x0, 0x7, 0xff, 0xff, 0xff, 0xff, 0xff, 0xff,
    0xff, 0xff, 0x80, 0x0, 0x0, 0x7f, 0xff, 0xff,
    0xff, 0xff, 0xff, 0xff, 0xff, 0xfc, 0x0, 0x0,
    0x3, 0xff, 0xff, 0xff, 0xff, 0xff, 0xff, 0xff,
    0xff, 0xe0, 0x0, 0x0, 0x3f, 0xff, 0xff, 0xff,
    0xff, 0xff, 0xff, 0xff, 0xff, 0x0, 0x0, 0x1,
    0xff, 0xff, 0xff, 0xff, 0xff, 0xff, 0xff, 0xff,
    0xf8, 0x0, 0x0, 0x1f, 0xff, 0xff, 0xff, 0xff,
    0xff, 0xff, 0xff, 0xff, 0xc0, 0x0, 0x0, 0xff,
    0xf0, 0x7, 0xfe, 0x0, 0x0, 0x0, 0x0, 0x0,
    0x0, 0x0, 0xf, 0xff, 0x0, 0x3f, 0xf0, 0x0,
    0x0, 0x0, 0x0, 0x0, 0x0, 0x0, 0x7f, 0xf0,
    0x1, 0xff, 0x80, 0x0, 0x0, 0x0, 0x0, 0x0,
    0x0, 0x7, 0xff, 0x80, 0xf, 0xfc, 0x0, 0x0,
    0x0, 0x0, 0x0, 0x0, 0x0, 0x7f, 0xf8, 0x0,
    0x7f, 0xe0, 0x0, 0x0, 0x0, 0x0, 0x0, 0x0,
    0x3, 0xff, 0xc0, 0x3, 0xff, 0x0, 0x0, 0x0,
    0x0, 0x0, 0x0, 0x0, 0x3f, 0xfc, 0x0, 0x1f,
    0xf8, 0x0, 0x0, 0x0, 0x0, 0x0, 0x0, 0x1,
    0xff, 0xe0, 0x0, 0xff, 0xc0, 0x0, 0x0, 0x0,
    0x0, 0x0, 0x0, 0x1f, 0xfe, 0x0, 0x7, 0xfe,
    0x0, 0x0, 0x0, 0x0, 0x0, 0x0, 0x0, 0xff,
    0xf0, 0x0, 0x3f, 0xf0, 0x0, 0x0, 0x0, 0x0,
    0x0, 0x0, 0xf, 0xff, 0x0, 0x1, 0xff, 0x80,
    0x0, 0x0, 0x0, 0x0, 0x0, 0x0, 0x7f, 0xf8,
    0x0, 0xf, 0xff, 0xff, 0xff, 0xff, 0xff, 0xf8,
    0x0, 0x7, 0xff, 0x80, 0x0, 0x7f, 0xff, 0xff,
    0xff, 0xff, 0xff, 0xe0, 0x0, 0x3f, 0xfc, 0x0,
    0x3, 0xff, 0xff, 0xff, 0xff, 0xff, 0xff, 0x0,
    0x3, 0xff, 0xc0, 0x0, 0x1f, 0xff, 0xff, 0xff,
    0xff, 0xff, 0xf8, 0x0, 0x1f, 0xfe, 0x0, 0x0,
    0xff, 0xff, 0xff, 0xff, 0xff, 0xff, 0xc0, 0x1,
    0xff, 0xe0, 0x0, 0x7, 0xff, 0xff, 0xff, 0xff,
    0xff, 0xfe, 0x0, 0x1f, 0xfe, 0x0, 0x0, 0x3f,
    0xff, 0xff, 0xff, 0xff, 0xff, 0xf0, 0x0, 0xff,
    0xf0, 0x0, 0x1, 0xff, 0xff, 0xff, 0xff, 0xff,
    0xff, 0x0, 0xf, 0xff, 0x0, 0x0, 0xf, 0xfc,
    0x0, 0x0, 0x0, 0x0, 0x0, 0x0, 0x7f, 0xf8,
    0x0, 0x0, 0x7f, 0xe0, 0x0, 0x0, 0x0, 0x0,
    0x0, 0x7, 0xff, 0x80, 0x0, 0x3, 0xff, 0x0,
    0x0, 0x0, 0x0, 0x0, 0x0, 0x3f, 0xff, 0xff,
    0xff, 0xff, 0xf8, 0x0, 0x0, 0x0, 0x0, 0x0,
    0x3, 0xff, 0xff, 0xff, 0xff, 0xff, 0xc0, 0x0,
    0x0, 0x0, 0x0, 0x0, 0x1f, 0xff, 0xff, 0xff,
    0xff, 0xfe, 0x0, 0x0, 0x0, 0x0, 0x0, 0x1,
    0xff, 0xff, 0xff, 0xff, 0xff, 0xf0, 0x0, 0x0,
    0x0, 0x0, 0x0, 0xf, 0xff, 0xff, 0xff, 0xff,
    0xff, 0xc0, 0x0, 0x0, 0x0, 0x0, 0x0, 0xff,
    0xff, 0xff, 0xff, 0xff, 0xfe, 0x0, 0x0, 0x0,
    0x0, 0x0, 0x7, 0xff, 0xff, 0xff, 0xff, 0xff,
    0xf8, 0x0, 0x0, 0x0, 0x0, 0x0, 0x7f, 0xff,
    0xff, 0xff, 0xff, 0xff, 0xe0, 0x0, 0x0, 0x0,
    0x0, 0x7, 0xff, 0x80, 0x0, 0x0, 0xf, 0xff,
    0xc0, 0x0, 0x0, 0x0, 0x0, 0x3f, 0xfc, 0x0,
    0x0, 0x0, 0x7f, 0xff, 0xff, 0xff, 0xff, 0xff,
    0xc3, 0xff, 0xc0, 0x0, 0x0, 0x1, 0xff, 0xff,
    0xff, 0xff, 0xff, 0xfe, 0x1f, 0xfe, 0x0, 0x0,
    0x0, 0xf, 0xff, 0xff, 0xff, 0xff, 0xff, 0xf1,
    0xff, 0xe0, 0x0, 0x0, 0x0, 0x3f, 0xff, 0xff,
    0xff, 0xff, 0xff, 0x8f, 0xff, 0x0, 0x0, 0x0,
    0x0, 0xff, 0xff, 0xff, 0xff, 0xff, 0xfc, 0xff,
    0xf0, 0x0, 0x0, 0x0, 0x3, 0xff, 0xff, 0xff,
    0xff, 0xff, 0xe7, 0xff, 0x80, 0x0, 0x0, 0x0,
    0xf, 0xff, 0xff, 0xff, 0xff, 0xff, 0x7f, 0xf8,
    0x0, 0x0, 0x0, 0x0, 0x3f, 0xff, 0xff, 0xff,
    0xff, 0xfb, 0xff, 0xc0, 0x0, 0x0, 0x0, 0x0,
    0x7f, 0xff, 0xff, 0xff, 0xff, 0xff, 0xfc, 0x0,
    0x0, 0x0, 0x0, 0x0, 0x1f, 0xff, 0xff, 0xff,
    0xfe,

    /* U+00C7 "Ç" */
    0x0, 0x7, 0xff, 0xff, 0xff, 0xff, 0xfc, 0x1,
    0xff, 0xff, 0xff, 0xff, 0xff, 0xf0, 0x1f, 0xff,
    0xff, 0xff, 0xff, 0xff, 0xc0, 0xff, 0xff, 0xff,
    0xff, 0xff, 0xff, 0x7, 0xff, 0xff, 0xff, 0xff,
    0xff, 0xfc, 0x3f, 0xff, 0xff, 0xff, 0xff, 0xff,
    0xf1, 0xff, 0xff, 0xff, 0xff, 0xff, 0xff, 0xcf,
    0xff, 0xff, 0xff, 0xff, 0xff, 0xff, 0x3f, 0xff,
    0xff, 0xff, 0xff, 0xff, 0xfd, 0xff, 0xff, 0xff,
    0xff, 0xff, 0xff, 0xf7, 0xff, 0xf0, 0x0, 0x0,
    0x0, 0x0, 0x1f, 0xff, 0x0, 0x0, 0x0, 0x0,
    0x0, 0x7f, 0xf8, 0x0, 0x0, 0x0, 0x0, 0x3,
    0xff, 0xc0, 0x0, 0x0, 0x0, 0x0, 0xf, 0xff,
    0x0, 0x0, 0x0, 0x0, 0x0, 0x3f, 0xf8, 0x0,
    0x0, 0x0, 0x0, 0x0, 0xff, 0xe0, 0x0, 0x0,
    0x0, 0x0, 0x3, 0xff, 0x80, 0x0, 0x0, 0x0,
    0x0, 0xf, 0xfe, 0x0, 0x0, 0x0, 0x0, 0x0,
    0x3f, 0xf8, 0x0, 0x0, 0x0, 0x0, 0x0, 0xff,
    0xe0, 0x0, 0x0, 0x0, 0x0, 0x3, 0xff, 0x80,
    0x0, 0x0, 0x0, 0x0, 0xf, 0xfe, 0x0, 0x0,
    0x0, 0x0, 0x0, 0x3f, 0xf8, 0x0, 0x0, 0x0,
    0x0, 0x0, 0xff, 0xe0, 0x0, 0x0, 0x0, 0x0,
    0x3, 0xff, 0x80, 0x0, 0x0, 0x0, 0x0, 0xf,
    0xfe, 0x0, 0x0, 0x0, 0x0, 0x0, 0x3f, 0xf8,
    0x0, 0x0, 0x0, 0x0, 0x0, 0xff, 0xe0, 0x0,
    0x0, 0x0, 0x0, 0x3, 0xff, 0x80, 0x0, 0x0,
    0x0, 0x0, 0xf, 0xfe, 0x0, 0x0, 0x0, 0x0,
    0x0, 0x3f, 0xf8, 0x0, 0x0, 0x0, 0x0, 0x0,
    0xff, 0xe0, 0x0, 0x0, 0x0, 0x0, 0x3, 0xff,
    0x80, 0x0, 0x0, 0x0, 0x0, 0xf, 0xfe, 0x0,
    0x0, 0x0, 0x0, 0x0, 0x3f, 0xf8, 0x0, 0x0,
    0x0, 0x0, 0x0, 0xff, 0xf0, 0x0, 0x0, 0x0,
    0x0, 0x3, 0xff, 0xc0, 0x0, 0x0, 0x0, 0x0,
    0x7, 0xff, 0x80, 0x0, 0x0, 0x0, 0x0, 0x1f,
    0xff, 0x0, 0x0, 0x0, 0x0, 0x0, 0x7f, 0xff,
    0x0, 0x0, 0x0, 0x0, 0x1, 0xff, 0xff, 0xff,
    0xff, 0xff, 0xff, 0xf3, 0xff, 0xff, 0xff, 0xff,
    0xff, 0xff, 0xcf, 0xff, 0xff, 0xff, 0xff, 0xff,
    0xff, 0x1f, 0xff, 0xff, 0xff, 0xff, 0xff, 0xfc,
    0x3f, 0xff, 0xff, 0xff, 0xff, 0xff, 0xf0, 0xff,
    0xff, 0xff, 0xff, 0xff, 0xff, 0xc0, 0xff, 0xff,
    0xff, 0xff, 0xff, 0xff, 0x1, 0xff, 0xff, 0xff,
    0xff, 0xff, 0xfc, 0x1, 0xff, 0xff, 0xff, 0xff,
    0xff, 0xf0, 0x0, 0x7f, 0xff, 0xff, 0xff, 0xff,
    0xc0, 0x0, 0x0, 0x0, 0x0, 0x0, 0x0, 0x0,
    0x0, 0x0, 0x0, 0x0, 0x0, 0x0, 0x0, 0x0,
    0x0, 0x0, 0x0, 0x0, 0x0, 0x0, 0x0, 0x7,
    0xfc, 0x0, 0x0, 0x0, 0x0, 0x0, 0x1f, 0xf0,
    0x0, 0x0, 0x0, 0x0, 0x0, 0x7f, 0xc0, 0x0,
    0x0, 0x0, 0x0, 0x1, 0xff, 0x0, 0x0, 0x0,
    0x0, 0x0, 0xf, 0xfc, 0x0, 0x0, 0x0, 0x0,
    0x0, 0x3f, 0xe0, 0x0, 0x0, 0x0, 0x0, 0x0,
    0xff, 0x80, 0x0, 0x0, 0x0, 0x0, 0x3, 0xfe,
    0x0, 0x0, 0x0, 0x0, 0x0, 0xf, 0xf8, 0x0,
    0x0, 0x0, 0x0, 0x0, 0x3f, 0xe0, 0x0, 0x0,
    0x0, 0x0, 0x0, 0xff, 0x0, 0x0, 0x0, 0x0,
    0x0, 0x3, 0xfc, 0x0, 0x0, 0x0, 0x0, 0x0,
    0xf, 0xf0, 0x0, 0x0, 0x0, 0x0, 0x0, 0x3f,
    0xc0, 0x0, 0x0, 0x0, 0x0, 0x0, 0xfe, 0x0,
    0x0, 0x0, 0x0, 0x0, 0x3, 0xf8, 0x0, 0x0,
    0x0, 0x0, 0x0, 0xf, 0xe0, 0x0, 0x0, 0x0,

    /* U+00C8 "È" */
    0x0, 0x0, 0xf, 0xe0, 0x0, 0x0, 0x0, 0x0,
    0x0, 0x7f, 0xe0, 0x0, 0x0, 0x0, 0x0, 0x0,
    0xff, 0x80, 0x0, 0x0, 0x0, 0x0, 0x1, 0xff,
    0x0, 0x0, 0x0, 0x0, 0x0, 0x7, 0xfe, 0x0,
    0x0, 0x0, 0x0, 0x0, 0xf, 0xf8, 0x0, 0x0,
    0x0, 0x0, 0x0, 0x1f, 0xf0, 0x0, 0x0, 0x0,
    0x0, 0x0, 0x7f, 0xe0, 0x0, 0x0, 0x0, 0x0,
    0x0, 0xff, 0x80, 0x0, 0x0, 0x0, 0x0, 0x1,
    0xff, 0x0, 0x0, 0x0, 0x0, 0x0, 0x3, 0xfe,
    0x0, 0x0, 0x0, 0x0, 0x0, 0xf, 0xf8, 0x0,
    0x0, 0x0, 0x0, 0x0, 0x1f, 0xf0, 0x0, 0x0,
    0x0, 0x0, 0x0, 0x1f, 0x0, 0x0, 0x0, 0x0,
    0x0, 0x0, 0x0, 0x0, 0x0, 0x0, 0x0, 0x0,
    0x0, 0x0, 0x0, 0x0, 0x0, 0x7, 0xff, 0xff,
    0xff, 0xff, 0xf8, 0x0, 0xff, 0xff, 0xff, 0xff,
    0xff, 0xe0, 0x1f, 0xff, 0xff, 0xff, 0xff, 0xff,
    0xc0, 0xff, 0xff, 0xff, 0xff, 0xff, 0xff, 0x7,
    0xff, 0xff, 0xff, 0xff, 0xff, 0xfc, 0x3f, 0xff,
    0xff, 0xff, 0xff, 0xff, 0xf1, 0xff, 0xff, 0xff,
    0xff, 0xff, 0xff, 0xcf, 0xff, 0xff, 0xff, 0xff,
    0xff, 0xff, 0x3f, 0xff, 0xff, 0xff, 0xff, 0xff,
    0xfd, 0xff, 0xff, 0xff, 0xff, 0xff, 0xff, 0xe7,
    0xff, 0xf0, 0x0, 0x0, 0x0, 0x0, 0x1f, 0xff,
    0x0, 0x0, 0x0, 0x0, 0x0, 0x7f, 0xf8, 0x0,
    0x0, 0x0, 0x0, 0x3, 0xff, 0xc0, 0x0, 0x0,
    0x0, 0x0, 0xf, 0xff, 0x0, 0x0, 0x0, 0x0,
    0x0, 0x3f, 0xf8, 0x0, 0x0, 0x0, 0x0, 0x0,
    0xff, 0xe0, 0x0, 0x0, 0x0, 0x0, 0x3, 0xff,
    0x80, 0x0, 0x0, 0x0, 0x0, 0xf, 0xfe, 0x0,
    0x0, 0x0, 0x0, 0x0, 0x3f, 0xf8, 0x0, 0x0,
    0x0, 0x0, 0x0, 0xff, 0xe0, 0x0, 0x0, 0x0,
    0x0, 0x3, 0xff, 0xff, 0xff, 0xff, 0xff, 0xff,
    0xef, 0xff, 0xff, 0xff, 0xff, 0xff, 0xff, 0xbf,
    0xff, 0xff, 0xff, 0xff, 0xff, 0xfe, 0xff, 0xff,
    0xff, 0xff, 0xff, 0xff, 0xfb, 0xff, 0xff, 0xff,
    0xff, 0xff, 0xff, 0xef, 0xff, 0xff, 0xff, 0xff,
    0xff, 0xff, 0xbf, 0xff, 0xff, 0xff, 0xff, 0xff,
    0xfe, 0xff, 0xff, 0xff, 0xff, 0xff, 0xff, 0xfb,
    0xff, 0x80, 0x0, 0x0, 0x0, 0x0, 0xf, 0xfe,
    0x0, 0x0, 0x0, 0x0, 0x0, 0x3f, 0xf8, 0x0,
    0x0, 0x0, 0x0, 0x0, 0xff, 0xe0, 0x0, 0x0,
    0x0, 0x0, 0x3, 0xff, 0x80, 0x0, 0x0, 0x0,
    0x0, 0xf, 0xfe, 0x0, 0x0, 0x0, 0x0, 0x0,
    0x3f, 0xf8, 0x0, 0x0, 0x0, 0x0, 0x0, 0xff,
    0xf0, 0x0, 0x0, 0x0, 0x0, 0x3, 0xff, 0xc0,
    0x0, 0x0, 0x0, 0x0, 0x7, 0xff, 0x80, 0x0,
    0x0, 0x0, 0x0, 0x1f, 0xff, 0x0, 0x0, 0x0,
    0x0, 0x0, 0x7f, 0xff, 0x0, 0x0, 0x0, 0x0,
    0x1, 0xff, 0xff, 0xff, 0xff, 0xff, 0xff, 0xe3,
    0xff, 0xff, 0xff, 0xff, 0xff, 0xff, 0x8f, 0xff,
    0xff, 0xff, 0xff, 0xff, 0xff, 0x1f, 0xff, 0xff,
    0xff, 0xff, 0xff, 0xfc, 0x3f, 0xff, 0xff, 0xff,
    0xff, 0xff, 0xf0, 0xff, 0xff, 0xff, 0xff, 0xff,
    0xff, 0xc0, 0xff, 0xff, 0xff, 0xff, 0xff, 0xff,
    0x1, 0xff, 0xff, 0xff, 0xff, 0xff, 0xfc, 0x1,
    0xff, 0xff, 0xff, 0xff, 0xff, 0xf0, 0x0, 0x7f,
    0xff, 0xff, 0xff, 0xff, 0x80,

    /* U+00C9 "É" */
    0x0, 0x0, 0x0, 0x0, 0xfe, 0x0, 0x0, 0x0,
    0x0, 0x0, 0xf, 0xfc, 0x0, 0x0, 0x0, 0x0,
    0x0, 0x3f, 0xe0, 0x0, 0x0, 0x0, 0x0, 0x1,
    0xff, 0x80, 0x0, 0x0, 0x0, 0x0, 0xf, 0xfc,
    0x0, 0x0, 0x0, 0x0, 0x0, 0x3f, 0xe0, 0x0,
    0x0, 0x0, 0x0, 0x1, 0xff, 0x0, 0x0, 0x0,
    0x0, 0x0, 0x7, 0xfc, 0x0, 0x0, 0x0, 0x0,
    0x0, 0x3f, 0xe0, 0x0, 0x0, 0x0, 0x0, 0x1,
    0xff, 0x0, 0x0, 0x0, 0x0, 0x0, 0x7, 0xfc,
    0x0, 0x0, 0x0, 0x0, 0x0, 0x3f, 0xe0, 0x0,
    0x0, 0x0, 0x0, 0x1, 0xff, 0x0, 0x0, 0x0,
    0x0, 0x0, 0x3, 0xf0, 0x0, 0x0, 0x0, 0x0,
    0x0, 0x0, 0x0, 0x0, 0x0, 0x0, 0x0, 0x0,
    0x0, 0x0, 0x0, 0x0, 0x0, 0x7, 0xff, 0xff,
    0xff, 0xff, 0xf8, 0x0, 0xff, 0xff, 0xff, 0xff,
    0xff, 0xe0, 0x1f, 0xff, 0xff, 0xff, 0xff, 0xff,
    0xc0, 0xff, 0xff, 0xff, 0xff, 0xff, 0xff, 0x7,
    0xff, 0xff, 0xff, 0xff, 0xff, 0xfc, 0x3f, 0xff,
    0xff, 0xff, 0xff, 0xff, 0xf1, 0xff, 0xff, 0xff,
    0xff, 0xff, 0xff, 0xcf, 0xff, 0xff, 0xff, 0xff,
    0xff, 0xff, 0x3f, 0xff, 0xff, 0xff, 0xff, 0xff,
    0xfd, 0xff, 0xff, 0xff, 0xff, 0xff, 0xff, 0xe7,
    0xff, 0xf0, 0x0, 0x0, 0x0, 0x0, 0x1f, 0xff,
    0x0, 0x0, 0x0, 0x0, 0x0, 0x7f, 0xf8, 0x0,
    0x0, 0x0, 0x0, 0x3, 0xff, 0xc0, 0x0, 0x0,
    0x0, 0x0, 0xf, 0xff, 0x0, 0x0, 0x0, 0x0,
    0x0, 0x3f, 0xf8, 0x0, 0x0, 0x0, 0x0, 0x0,
    0xff, 0xe0, 0x0, 0x0, 0x0, 0x0, 0x3, 0xff,
    0x80, 0x0, 0x0, 0x0, 0x0, 0xf, 0xfe, 0x0,
    0x0, 0x0, 0x0, 0x0, 0x3f, 0xf8, 0x0, 0x0,
    0x0, 0x0, 0x0, 0xff, 0xe0, 0x0, 0x0, 0x0,
    0x0, 0x3, 0xff, 0xff, 0xff, 0xff, 0xff, 0xff,
    0xef, 0xff, 0xff, 0xff, 0xff, 0xff, 0xff, 0xbf,
    0xff, 0xff, 0xff, 0xff, 0xff, 0xfe, 0xff, 0xff,
    0xff, 0xff, 0xff, 0xff, 0xfb, 0xff, 0xff, 0xff,
    0xff, 0xff, 0xff, 0xef, 0xff, 0xff, 0xff, 0xff,
    0xff, 0xff, 0xbf, 0xff, 0xff, 0xff, 0xff, 0xff,
    0xfe, 0xff, 0xff, 0xff, 0xff, 0xff, 0xff, 0xfb,
    0xff, 0x80, 0x0, 0x0, 0x0, 0x0, 0xf, 0xfe,
    0x0, 0x0, 0x0, 0x0, 0x0, 0x3f, 0xf8, 0x0,
    0x0, 0x0, 0x0, 0x0, 0xff, 0xe0, 0x0, 0x0,
    0x0, 0x0, 0x3, 0xff, 0x80, 0x0, 0x0, 0x0,
    0x0, 0xf, 0xfe, 0x0, 0x0, 0x0, 0x0, 0x0,
    0x3f, 0xf8, 0x0, 0x0, 0x0, 0x0, 0x0, 0xff,
    0xf0, 0x0, 0x0, 0x0, 0x0, 0x3, 0xff, 0xc0,
    0x0, 0x0, 0x0, 0x0, 0x7, 0xff, 0x80, 0x0,
    0x0, 0x0, 0x0, 0x1f, 0xff, 0x0, 0x0, 0x0,
    0x0, 0x0, 0x7f, 0xff, 0x0, 0x0, 0x0, 0x0,
    0x1, 0xff, 0xff, 0xff, 0xff, 0xff, 0xff, 0xe3,
    0xff, 0xff, 0xff, 0xff, 0xff, 0xff, 0x8f, 0xff,
    0xff, 0xff, 0xff, 0xff, 0xff, 0x1f, 0xff, 0xff,
    0xff, 0xff, 0xff, 0xfc, 0x3f, 0xff, 0xff, 0xff,
    0xff, 0xff, 0xf0, 0xff, 0xff, 0xff, 0xff, 0xff,
    0xff, 0xc0, 0xff, 0xff, 0xff, 0xff, 0xff, 0xff,
    0x1, 0xff, 0xff, 0xff, 0xff, 0xff, 0xfc, 0x1,
    0xff, 0xff, 0xff, 0xff, 0xff, 0xf0, 0x0, 0x7f,
    0xff, 0xff, 0xff, 0xff, 0x80,

    /* U+00CA "Ê" */
    0x0, 0x0, 0x0, 0xff, 0xe0, 0x0, 0x0, 0x0,
    0x0, 0x7, 0xff, 0xc0, 0x0, 0x0, 0x0, 0x0,
    0x1f, 0xff, 0x80, 0x0, 0x0, 0x0, 0x0, 0xff,
    0xfe, 0x0, 0x0, 0x0, 0x0, 0x7, 0xff, 0xfc,
    0x0, 0x0, 0x0, 0x0, 0x3f, 0xe7, 0xf8, 0x0,
    0x0, 0x0, 0x0, 0xff, 0x1f, 0xe0, 0x0, 0x0,
    0x0, 0x7, 0xf8, 0x3f, 0xc0, 0x0, 0x0, 0x0,
    0x3f, 0xe0, 0xff, 0x80, 0x0, 0x0, 0x1, 0xff,
    0x1, 0xff, 0x0, 0x0, 0x0, 0x7, 0xf8, 0x3,
    0xfc, 0x0, 0x0, 0x0, 0x3f, 0xe0, 0xf, 0xf8,
    0x0, 0x0, 0x1, 0xff, 0x0, 0x1f, 0xf0, 0x0,
    0x0, 0x3, 0xf8, 0x0, 0x1f, 0x80, 0x0, 0x0,
    0x0, 0x0, 0x0, 0x0, 0x0, 0x0, 0x0, 0x0,
    0x0, 0x0, 0x0, 0x0, 0x0, 0x7, 0xff, 0xff,
    0xff, 0xff, 0xf8, 0x0, 0xff, 0xff, 0xff, 0xff,
    0xff, 0xe0, 0x1f, 0xff, 0xff, 0xff, 0xff, 0xff,
    0xc0, 0xff, 0xff, 0xff, 0xff, 0xff, 0xff, 0x7,
    0xff, 0xff, 0xff, 0xff, 0xff, 0xfc, 0x3f, 0xff,
    0xff, 0xff, 0xff, 0xff, 0xf1, 0xff, 0xff, 0xff,
    0xff, 0xff, 0xff, 0xcf, 0xff, 0xff, 0xff, 0xff,
    0xff, 0xff, 0x3f, 0xff, 0xff, 0xff, 0xff, 0xff,
    0xfd, 0xff, 0xff, 0xff, 0xff, 0xff, 0xff, 0xe7,
    0xff, 0xf0, 0x0, 0x0, 0x0, 0x0, 0x1f, 0xff,
    0x0, 0x0, 0x0, 0x0, 0x0, 0x7f, 0xf8, 0x0,
    0x0, 0x0, 0x0, 0x3, 0xff, 0xc0, 0x0, 0x0,
    0x0, 0x0, 0xf, 0xff, 0x0, 0x0, 0x0, 0x0,
    0x0, 0x3f, 0xf8, 0x0, 0x0, 0x0, 0x0, 0x0,
    0xff, 0xe0, 0x0, 0x0, 0x0, 0x0, 0x3, 0xff,
    0x80, 0x0, 0x0, 0x0, 0x0, 0xf, 0xfe, 0x0,
    0x0, 0x0, 0x0, 0x0, 0x3f, 0xf8, 0x0, 0x0,
    0x0, 0x0, 0x0, 0xff, 0xe0, 0x0, 0x0, 0x0,
    0x0, 0x3, 0xff, 0xff, 0xff, 0xff, 0xff, 0xff,
    0xef, 0xff, 0xff, 0xff, 0xff, 0xff, 0xff, 0xbf,
    0xff, 0xff, 0xff, 0xff, 0xff, 0xfe, 0xff, 0xff,
    0xff, 0xff, 0xff, 0xff, 0xfb, 0xff, 0xff, 0xff,
    0xff, 0xff, 0xff, 0xef, 0xff, 0xff, 0xff, 0xff,
    0xff, 0xff, 0xbf, 0xff, 0xff, 0xff, 0xff, 0xff,
    0xfe, 0xff, 0xff, 0xff, 0xff, 0xff, 0xff, 0xfb,
    0xff, 0x80, 0x0, 0x0, 0x0, 0x0, 0xf, 0xfe,
    0x0, 0x0, 0x0, 0x0, 0x0, 0x3f, 0xf8, 0x0,
    0x0, 0x0, 0x0, 0x0, 0xff, 0xe0, 0x0, 0x0,
    0x0, 0x0, 0x3, 0xff, 0x80, 0x0, 0x0, 0x0,
    0x0, 0xf, 0xfe, 0x0, 0x0, 0x0, 0x0, 0x0,
    0x3f, 0xf8, 0x0, 0x0, 0x0, 0x0, 0x0, 0xff,
    0xf0, 0x0, 0x0, 0x0, 0x0, 0x3, 0xff, 0xc0,
    0x0, 0x0, 0x0, 0x0, 0x7, 0xff, 0x80, 0x0,
    0x0, 0x0, 0x0, 0x1f, 0xff, 0x0, 0x0, 0x0,
    0x0, 0x0, 0x7f, 0xff, 0x0, 0x0, 0x0, 0x0,
    0x1, 0xff, 0xff, 0xff, 0xff, 0xff, 0xff, 0xe3,
    0xff, 0xff, 0xff, 0xff, 0xff, 0xff, 0x8f, 0xff,
    0xff, 0xff, 0xff, 0xff, 0xff, 0x1f, 0xff, 0xff,
    0xff, 0xff, 0xff, 0xfc, 0x3f, 0xff, 0xff, 0xff,
    0xff, 0xff, 0xf0, 0xff, 0xff, 0xff, 0xff, 0xff,
    0xff, 0xc0, 0xff, 0xff, 0xff, 0xff, 0xff, 0xff,
    0x1, 0xff, 0xff, 0xff, 0xff, 0xff, 0xfc, 0x1,
    0xff, 0xff, 0xff, 0xff, 0xff, 0xf0, 0x0, 0x7f,
    0xff, 0xff, 0xff, 0xff, 0x80,

    /* U+00CB "Ë" */
    0x0, 0x3, 0xff, 0x0, 0x3f, 0xf0, 0x0, 0x0,
    0xf, 0xfc, 0x0, 0xff, 0xc0, 0x0, 0x0, 0x3f,
    0xf0, 0x3, 0xff, 0x0, 0x0, 0x0, 0xff, 0xc0,
    0xf, 0xfc, 0x0, 0x0, 0x3, 0xff, 0x0, 0x3f,
    0xf0, 0x0, 0x0, 0xf, 0xfc, 0x0, 0xff, 0xc0,
    0x0, 0x0, 0x3f, 0xf0, 0x3, 0xff, 0x0, 0x0,
    0x0, 0xff, 0xc0, 0xf, 0xfc, 0x0, 0x0, 0x0,
    0x0, 0x0, 0x0, 0x0, 0x0, 0x0, 0x0, 0x0,
    0x0, 0x0, 0x0, 0x0, 0x0, 0x0, 0x0, 0x0,
    0x0, 0x0, 0x0, 0x0, 0x0, 0x0, 0x0, 0x0,
    0x0, 0x0, 0x0, 0x0, 0x0, 0x0, 0x0, 0x0,
    0x0, 0x1f, 0xff, 0xff, 0xff, 0xff, 0xe0, 0x3,
    0xff, 0xff, 0xff, 0xff, 0xff, 0x80, 0x7f, 0xff,
    0xff, 0xff, 0xff, 0xff, 0x3, 0xff, 0xff, 0xff,
    0xff, 0xff, 0xfc, 0x1f, 0xff, 0xff, 0xff, 0xff,
    0xff, 0xf0, 0xff, 0xff, 0xff, 0xff, 0xff, 0xff,
    0xc7, 0xff, 0xff, 0xff, 0xff, 0xff, 0xff, 0x3f,
    0xff, 0xff, 0xff, 0xff, 0xff, 0xfc, 0xff, 0xff,
    0xff, 0xff, 0xff, 0xff, 0xf7, 0xff, 0xff, 0xff,
    0xff, 0xff, 0xff, 0x9f, 0xff, 0xc0, 0x0, 0x0,
    0x0, 0x0, 0x7f, 0xfc, 0x0, 0x0, 0x0, 0x0,
    0x1, 0xff, 0xe0, 0x0, 0x0, 0x0, 0x0, 0xf,
    0xff, 0x0, 0x0, 0x0, 0x0, 0x0, 0x3f, 0xfc,
    0x0, 0x0, 0x0, 0x0, 0x0, 0xff, 0xe0, 0x0,
    0x0, 0x0, 0x0, 0x3, 0xff, 0x80, 0x0, 0x0,
    0x0, 0x0, 0xf, 0xfe, 0x0, 0x0, 0x0, 0x0,
    0x0, 0x3f, 0xf8, 0x0, 0x0, 0x0, 0x0, 0x0,
    0xff, 0xe0, 0x0, 0x0, 0x0, 0x0, 0x3, 0xff,
    0x80, 0x0, 0x0, 0x0, 0x0, 0xf, 0xff, 0xff,
    0xff, 0xff, 0xff, 0xff, 0xbf, 0xff, 0xff, 0xff,
    0xff, 0xff, 0xfe, 0xff, 0xff, 0xff, 0xff, 0xff,
    0xff, 0xfb, 0xff, 0xff, 0xff, 0xff, 0xff, 0xff,
    0xef, 0xff, 0xff, 0xff, 0xff, 0xff, 0xff, 0xbf,
    0xff, 0xff, 0xff, 0xff, 0xff, 0xfe, 0xff, 0xff,
    0xff, 0xff, 0xff, 0xff, 0xfb, 0xff, 0xff, 0xff,
    0xff, 0xff, 0xff, 0xef, 0xfe, 0x0, 0x0, 0x0,
    0x0, 0x0, 0x3f, 0xf8, 0x0, 0x0, 0x0, 0x0,
    0x0, 0xff, 0xe0, 0x0, 0x0, 0x0, 0x0, 0x3,
    0xff, 0x80, 0x0, 0x0, 0x0, 0x0, 0xf, 0xfe,
    0x0, 0x0, 0x0, 0x0, 0x0, 0x3f, 0xf8, 0x0,
    0x0, 0x0, 0x0, 0x0, 0xff, 0xe0, 0x0, 0x0,
    0x0, 0x0, 0x3, 0xff, 0xc0, 0x0, 0x0, 0x0,
    0x0, 0xf, 0xff, 0x0, 0x0, 0x0, 0x0, 0x0,
    0x1f, 0xfe, 0x0, 0x0, 0x0, 0x0, 0x0, 0x7f,
    0xfc, 0x0, 0x0, 0x0, 0x0, 0x1, 0xff, 0xfc,
    0x0, 0x0, 0x0, 0x0, 0x7, 0xff, 0xff, 0xff,
    0xff, 0xff, 0xff, 0x8f, 0xff, 0xff, 0xff, 0xff,
    0xff, 0xfe, 0x3f, 0xff, 0xff, 0xff, 0xff, 0xff,
    0xfc, 0x7f, 0xff, 0xff, 0xff, 0xff, 0xff, 0xf0,
    0xff, 0xff, 0xff, 0xff, 0xff, 0xff, 0xc3, 0xff,
    0xff, 0xff, 0xff, 0xff, 0xff, 0x3, 0xff, 0xff,
    0xff, 0xff, 0xff, 0xfc, 0x7, 0xff, 0xff, 0xff,
    0xff, 0xff, 0xf0, 0x7, 0xff, 0xff, 0xff, 0xff,
    0xff, 0xc0, 0x1, 0xff, 0xff, 0xff, 0xff, 0xfe,

    /* U+00CC "Ì" */
    0x7f, 0x0, 0x7f, 0xe0, 0x1f, 0xf0, 0xf, 0xfc,
    0x3, 0xff, 0x0, 0xff, 0x80, 0x3f, 0xe0, 0x1f,
    0xf8, 0x7, 0xfc, 0x1, 0xff, 0x0, 0xff, 0x80,
    0x3f, 0xe0, 0xf, 0xf8, 0x3, 0xf0, 0x0, 0x0,
    0x0, 0x0, 0x7, 0xff, 0x3, 0xff, 0x81, 0xff,
    0xc0, 0xff, 0xe0, 0x7f, 0xf0, 0x3f, 0xf8, 0x1f,
    0xfc, 0xf, 0xfe, 0x7, 0xff, 0x3, 0xff, 0x81,
    0xff, 0xc0, 0xff, 0xe0, 0x7f, 0xf0, 0x3f, 0xf8,
    0x1f, 0xfc, 0xf, 0xfe, 0x7, 0xff, 0x3, 0xff,
    0x81, 0xff, 0xc0, 0xff, 0xe0, 0x7f, 0xf0, 0x3f,
    0xf8, 0x1f, 0xfc, 0xf, 0xfe, 0x7, 0xff, 0x3,
    0xff, 0x81, 0xff, 0xc0, 0xff, 0xe0, 0x7f, 0xf0,
    0x3f, 0xf8, 0x1f, 0xfc, 0xf, 0xfe, 0x7, 0xff,
    0x3, 0xff, 0x81, 0xff, 0xc0, 0xff, 0xe0, 0x7f,
    0xf0, 0x3f, 0xf8, 0x1f, 0xfc, 0xf, 0xfe, 0x7,
    0xff, 0x3, 0xff, 0x81, 0xff, 0xc0, 0xff, 0xe0,
    0x7f, 0xf0, 0x3f, 0xf8, 0x1f, 0xfc, 0xf, 0xfe,
    0x7, 0xff, 0x3, 0xff, 0x81, 0xff, 0xc0,

    /* U+00CD "Í" */
    0x0, 0x7f, 0x0, 0xff, 0xc0, 0xff, 0xc0, 0x7f,
    0xc0, 0x7f, 0xe0, 0x3f, 0xe0, 0x3f, 0xe0, 0x3f,
    0xe0, 0x1f, 0xf0, 0x1f, 0xf0, 0x1f, 0xf0, 0xf,
    0xf8, 0xf, 0xf8, 0x3, 0xf0, 0x0, 0x0, 0x0,
    0x0, 0x0, 0x7f, 0xf0, 0x3f, 0xf8, 0x1f, 0xfc,
    0xf, 0xfe, 0x7, 0xff, 0x3, 0xff, 0x81, 0xff,
    0xc0, 0xff, 0xe0, 0x7f, 0xf0, 0x3f, 0xf8, 0x1f,
    0xfc, 0xf, 0xfe, 0x7, 0xff, 0x3, 0xff, 0x81,
    0xff, 0xc0, 0xff, 0xe0, 0x7f, 0xf0, 0x3f, 0xf8,
    0x1f, 0xfc, 0xf, 0xfe, 0x7, 0xff, 0x3, 0xff,
    0x81, 0xff, 0xc0, 0xff, 0xe0, 0x7f, 0xf0, 0x3f,
    0xf8, 0x1f, 0xfc, 0xf, 0xfe, 0x7, 0xff, 0x3,
    0xff, 0x81, 0xff, 0xc0, 0xff, 0xe0, 0x7f, 0xf0,
    0x3f, 0xf8, 0x1f, 0xfc, 0xf, 0xfe, 0x7, 0xff,
    0x3, 0xff, 0x81, 0xff, 0xc0, 0xff, 0xe0, 0x7f,
    0xf0, 0x3f, 0xf8, 0x1f, 0xfc, 0xf, 0xfe, 0x7,
    0xff, 0x3, 0xff, 0x81, 0xff, 0xc0, 0xff, 0xe0,
    0x7f, 0xf0, 0x3f, 0xf8, 0x1f, 0xfc, 0x0,

    /* U+00CE "Î" */
    0x0, 0x7f, 0xf0, 0x0, 0x7, 0xff, 0xc0, 0x0,
    0x7f, 0xfe, 0x0, 0x3, 0xff, 0xf8, 0x0, 0x3f,
    0xff, 0xe0, 0x3, 0xfc, 0xff, 0x80, 0x3f, 0xe3,
    0xfc, 0x1, 0xfe, 0xf, 0xf0, 0x1f, 0xf0, 0x7f,
    0xc1, 0xff, 0x1, 0xfe, 0xf, 0xf0, 0x7, 0xf8,
    0xff, 0x80, 0x3f, 0xef, 0xf8, 0x0, 0xff, 0xbf,
    0x0, 0x3, 0xf8, 0x0, 0x0, 0x0, 0x0, 0x0,
    0x0, 0x0, 0x0, 0x7f, 0xf0, 0x0, 0x3, 0xff,
    0x80, 0x0, 0x1f, 0xfc, 0x0, 0x0, 0xff, 0xe0,
    0x0, 0x7, 0xff, 0x0, 0x0, 0x3f, 0xf8, 0x0,
    0x1, 0xff, 0xc0, 0x0, 0xf, 0xfe, 0x0, 0x0,
    0x7f, 0xf0, 0x0, 0x3, 0xff, 0x80, 0x0, 0x1f,
    0xfc, 0x0, 0x0, 0xff, 0xe0, 0x0, 0x7, 0xff,
    0x0, 0x0, 0x3f, 0xf8, 0x0, 0x1, 0xff, 0xc0,
    0x0, 0xf, 0xfe, 0x0, 0x0, 0x7f, 0xf0, 0x0,
    0x3, 0xff, 0x80, 0x0, 0x1f, 0xfc, 0x0, 0x0,
    0xff, 0xe0, 0x0, 0x7, 0xff, 0x0, 0x0, 0x3f,
    0xf8, 0x0, 0x1, 0xff, 0xc0, 0x0, 0xf, 0xfe,
    0x0, 0x0, 0x7f, 0xf0, 0x0, 0x3, 0xff, 0x80,
    0x0, 0x1f, 0xfc, 0x0, 0x0, 0xff, 0xe0, 0x0,
    0x7, 0xff, 0x0, 0x0, 0x3f, 0xf8, 0x0, 0x1,
    0xff, 0xc0, 0x0, 0xf, 0xfe, 0x0, 0x0, 0x7f,
    0xf0, 0x0, 0x3, 0xff, 0x80, 0x0, 0x1f, 0xfc,
    0x0, 0x0, 0xff, 0xe0, 0x0, 0x7, 0xff, 0x0,
    0x0, 0x3f, 0xf8, 0x0, 0x1, 0xff, 0xc0, 0x0,
    0xf, 0xfe, 0x0, 0x0, 0x7f, 0xf0, 0x0, 0x3,
    0xff, 0x80, 0x0, 0x1f, 0xfc, 0x0, 0x0, 0xff,
    0xe0, 0x0, 0x7, 0xff, 0x0, 0x0, 0x3f, 0xf8,
    0x0, 0x1, 0xff, 0xc0, 0x0, 0xf, 0xfe, 0x0,
    0x0, 0x7f, 0xf0, 0x0, 0x3, 0xff, 0x80, 0x0,
    0x1f, 0xfc, 0x0,

    /* U+00CF "Ï" */
    0xff, 0xc0, 0x7f, 0xff, 0xf8, 0xf, 0xff, 0xff,
    0x1, 0xff, 0xff, 0xe0, 0x3f, 0xff, 0xfc, 0x7,
    0xff, 0xff, 0x80, 0xff, 0xff, 0xf0, 0x1f, 0xff,
    0xfe, 0x3, 0xff, 0x0, 0x0, 0x0, 0x0, 0x0,
    0x0, 0x0, 0x0, 0x0, 0x0, 0x0, 0x0, 0x0,
    0x0, 0x0, 0x0, 0x0, 0x1, 0xff, 0xc0, 0x0,
    0x3f, 0xf8, 0x0, 0x7, 0xff, 0x0, 0x0, 0xff,
    0xe0, 0x0, 0x1f, 0xfc, 0x0, 0x3, 0xff, 0x80,
    0x0, 0x7f, 0xf0, 0x0, 0xf, 0xfe, 0x0, 0x1,
    0xff, 0xc0, 0x0, 0x3f, 0xf8, 0x0, 0x7, 0xff,
    0x0, 0x0, 0xff, 0xe0, 0x0, 0x1f, 0xfc, 0x0,
    0x3, 0xff, 0x80, 0x0, 0x7f, 0xf0, 0x0, 0xf,
    0xfe, 0x0, 0x1, 0xff, 0xc0, 0x0, 0x3f, 0xf8,
    0x0, 0x7, 0xff, 0x0, 0x0, 0xff, 0xe0, 0x0,
    0x1f, 0xfc, 0x0, 0x3, 0xff, 0x80, 0x0, 0x7f,
    0xf0, 0x0, 0xf, 0xfe, 0x0, 0x1, 0xff, 0xc0,
    0x0, 0x3f, 0xf8, 0x0, 0x7, 0xff, 0x0, 0x0,
    0xff, 0xe0, 0x0, 0x1f, 0xfc, 0x0, 0x3, 0xff,
    0x80, 0x0, 0x7f, 0xf0, 0x0, 0xf, 0xfe, 0x0,
    0x1, 0xff, 0xc0, 0x0, 0x3f, 0xf8, 0x0, 0x7,
    0xff, 0x0, 0x0, 0xff, 0xe0, 0x0, 0x1f, 0xfc,
    0x0, 0x3, 0xff, 0x80, 0x0, 0x7f, 0xf0, 0x0,
    0xf, 0xfe, 0x0, 0x1, 0xff, 0xc0, 0x0, 0x3f,
    0xf8, 0x0, 0x7, 0xff, 0x0, 0x0, 0xff, 0xe0,
    0x0, 0x1f, 0xfc, 0x0, 0x3, 0xff, 0x80, 0x0,
    0x7f, 0xf0, 0x0, 0xf, 0xfe, 0x0, 0x1, 0xff,
    0xc0, 0x0, 0x3f, 0xf8, 0x0, 0x7, 0xff, 0x0,

    /* U+00D0 "Ð" */
    0x0, 0x7f, 0xff, 0xff, 0xff, 0xff, 0xe0, 0x0,
    0x0, 0x3f, 0xff, 0xff, 0xff, 0xff, 0xff, 0x80,
    0x0, 0xf, 0xff, 0xff, 0xff, 0xff, 0xff, 0xf8,
    0x0, 0x3, 0xff, 0xff, 0xff, 0xff, 0xff, 0xff,
    0x80, 0x0, 0xff, 0xff, 0xff, 0xff, 0xff, 0xff,
    0xf0, 0x0, 0x3f, 0xff, 0xff, 0xff, 0xff, 0xff,
    0xfe, 0x0, 0xf, 0xff, 0xff, 0xff, 0xff, 0xff,
    0xff, 0xc0, 0x3, 0xff, 0xff, 0xff, 0xff, 0xff,
    0xff, 0xf8, 0x0, 0xff, 0xff, 0xff, 0xff, 0xff,
    0xff, 0xff, 0x0, 0x3f, 0xff, 0xff, 0xff, 0xff,
    0xff, 0xff, 0xc0, 0xf, 0xfe, 0x0, 0x0, 0x0,
    0xf, 0xff, 0xf0, 0x3, 0xff, 0x80, 0x0, 0x0,
    0x0, 0x7f, 0xfe, 0x0, 0xff, 0xe0, 0x0, 0x0,
    0x0, 0xf, 0xff, 0x80, 0x3f, 0xf8, 0x0, 0x0,
    0x0, 0x1, 0xff, 0xe0, 0xf, 0xfe, 0x0, 0x0,
    0x0, 0x0, 0x3f, 0xf8, 0x3, 0xff, 0x80, 0x0,
    0x0, 0x0, 0xf, 0xff, 0x0, 0xff, 0xe0, 0x0,
    0x0, 0x0, 0x1, 0xff, 0xc0, 0x3f, 0xf8, 0x0,
    0x0, 0x0, 0x0, 0x7f, 0xf0, 0xf, 0xfe, 0x0,
    0x0, 0x0, 0x0, 0x1f, 0xfc, 0x3, 0xff, 0x80,
    0x0, 0x0, 0x0, 0x7, 0xff, 0x0, 0xff, 0xe0,
    0x0, 0x0, 0x0, 0x1, 0xff, 0xff, 0xff, 0xff,
    0xff, 0xff, 0xfe, 0x0, 0x7f, 0xff, 0xff, 0xff,
    0xff, 0xff, 0xff, 0x80, 0x1f, 0xff, 0xff, 0xff,
    0xff, 0xff, 0xff, 0xe0, 0x7, 0xff, 0xff, 0xff,
    0xff, 0xff, 0xff, 0xf8, 0x1, 0xff, 0xff, 0xff,
    0xff, 0xff, 0xff, 0xfe, 0x0, 0x7f, 0xff, 0xff,
    0xff, 0xff, 0xff, 0xff, 0x80, 0x1f, 0xff, 0xff,
    0xff, 0xff, 0xff, 0xff, 0xe0, 0x7, 0xff, 0xff,
    0xff, 0xff, 0xff, 0xff, 0xf8, 0x1, 0xff, 0xc0,
    0x3f, 0xf8, 0x0, 0x0, 0x0, 0x0, 0x7f, 0xf0,
    0xf, 0xfe, 0x0, 0x0, 0x0, 0x0, 0x1f, 0xfc,
    0x3, 0xff, 0x80, 0x0, 0x0, 0x0, 0x7, 0xff,
    0x0, 0xff, 0xe0, 0x0, 0x0, 0x0, 0x1, 0xff,
    0xc0, 0x3f, 0xf8, 0x0, 0x0, 0x0, 0x0, 0x7f,
    0xf0, 0xf, 0xfe, 0x0, 0x0, 0x0, 0x0, 0x1f,
    0xfc, 0x3, 0xff, 0x80, 0x0, 0x0, 0x0, 0xf,
    0xff, 0x0, 0xff, 0xe0, 0x0, 0x0, 0x0, 0x3,
    0xff, 0xc0, 0x3f, 0xf8, 0x0, 0x0, 0x0, 0x1,
    0xff, 0xe0, 0xf, 0xfe, 0x0, 0x0, 0x0, 0x0,
    0x7f, 0xf8, 0x3, 0xff, 0x80, 0x0, 0x0, 0x0,
    0x7f, 0xfe, 0x0, 0xff, 0xe0, 0x0, 0x0, 0x0,
    0xff, 0xff, 0x0, 0x3f, 0xff, 0xff, 0xff, 0xff,
    0xff, 0xff, 0xc0, 0xf, 0xff, 0xff, 0xff, 0xff,
    0xff, 0xff, 0xf0, 0x3, 0xff, 0xff, 0xff, 0xff,
    0xff, 0xff, 0xf8, 0x0, 0xff, 0xff, 0xff, 0xff,
    0xff, 0xff, 0xfc, 0x0, 0x3f, 0xff, 0xff, 0xff,
    0xff, 0xff, 0xfe, 0x0, 0xf, 0xff, 0xff, 0xff,
    0xff, 0xff, 0xff, 0x0, 0x3, 0xff, 0xff, 0xff,
    0xff, 0xff, 0xff, 0x80, 0x0, 0xff, 0xff, 0xff,
    0xff, 0xff, 0xff, 0x80, 0x0, 0x3f, 0xff, 0xff,
    0xff, 0xff, 0xff, 0x80, 0x0, 0x7, 0xff, 0xff,
    0xff, 0xff, 0xfe, 0x0, 0x0,

    /* U+00D1 "Ñ" */
    0x0, 0x0, 0x0, 0x0, 0x0, 0xf, 0x0, 0x0,
    0x0, 0x7, 0xfc, 0x0, 0x3, 0xf8, 0x0, 0x0,
    0x1, 0xff, 0xf8, 0x0, 0x3f, 0x80, 0x0, 0x0,
    0x3f, 0xff, 0xe0, 0x3, 0xf8, 0x0, 0x0, 0x7,
    0xff, 0xff, 0x80, 0x3f, 0x80, 0x0, 0x0, 0x7f,
    0xff, 0xfc, 0x3, 0xf8, 0x0, 0x0, 0xf, 0xf0,
    0x7f, 0xf0, 0x7f, 0x80, 0x0, 0x0, 0xfe, 0x1,
    0xff, 0xff, 0xf0, 0x0, 0x0, 0xf, 0xe0, 0xf,
    0xff, 0xff, 0x0, 0x0, 0x0, 0xfe, 0x0, 0x3f,
    0xff, 0xe0, 0x0, 0x0, 0xf, 0xe0, 0x0, 0xff,
    0xfc, 0x0, 0x0, 0x0, 0xfe, 0x0, 0x1, 0xff,
    0x0, 0x0, 0x0, 0x0, 0x0, 0x0, 0x0, 0x0,
    0x0, 0x0, 0x0, 0x0, 0x0, 0x0, 0x0, 0x0,
    0x0, 0x0, 0x0, 0x0, 0x0, 0x0, 0x0, 0x0,
    0x0, 0x0, 0x0, 0x0, 0x0, 0x0, 0x0, 0x0,
    0x1f, 0xff, 0x80, 0x0, 0x0, 0x0, 0x3f, 0xf3,
    0xff, 0xfe, 0x0, 0x0, 0x0, 0x3, 0xff, 0x7f,
    0xff, 0xf0, 0x0, 0x0, 0x0, 0x3f, 0xff, 0xff,
    0xff, 0x0, 0x0, 0x0, 0x3, 0xff, 0xff, 0xff,
    0xf8, 0x0, 0x0, 0x0, 0x3f, 0xff, 0xff, 0xff,
    0xc0, 0x0, 0x0, 0x3, 0xff, 0xff, 0xff, 0xfe,
    0x0, 0x0, 0x0, 0x3f, 0xff, 0xff, 0xff, 0xe0,
    0x0, 0x0, 0x3, 0xff, 0xff, 0xff, 0xff, 0x0,
    0x0, 0x0, 0x3f, 0xff, 0xff, 0xff, 0xf8, 0x0,
    0x0, 0x3, 0xff, 0xff, 0xe7, 0xff, 0xc0, 0x0,
    0x0, 0x3f, 0xff, 0xfe, 0x3f, 0xfc, 0x0, 0x0,
    0x3, 0xff, 0xff, 0xe3, 0xff, 0xe0, 0x0, 0x0,
    0x3f, 0xff, 0xfe, 0x1f, 0xff, 0x0, 0x0, 0x3,
    0xff, 0xff, 0xe0, 0xff, 0xf8, 0x0, 0x0, 0x3f,
    0xff, 0xfe, 0x7, 0xff, 0x80, 0x0, 0x3, 0xff,
    0xff, 0xe0, 0x7f, 0xfc, 0x0, 0x0, 0x3f, 0xff,
    0xfe, 0x3, 0xff, 0xe0, 0x0, 0x3, 0xff, 0xff,
    0xe0, 0x1f, 0xff, 0x0, 0x0, 0x3f, 0xff, 0xfe,
    0x0, 0xff, 0xf0, 0x0, 0x3, 0xff, 0xff, 0xe0,
    0xf, 0xff, 0x80, 0x0, 0x3f, 0xff, 0xfe, 0x0,
    0x7f, 0xfc, 0x0, 0x3, 0xff, 0xff, 0xe0, 0x3,
    0xff, 0xe0, 0x0, 0x3f, 0xff, 0xfe, 0x0, 0x3f,
    0xfe, 0x0, 0x3, 0xff, 0xff, 0xe0, 0x1, 0xff,
    0xf0, 0x0, 0x3f, 0xff, 0xfe, 0x0, 0xf, 0xff,
    0x80, 0x3, 0xff, 0xff, 0xe0, 0x0, 0x7f, 0xfc,
    0x0, 0x3f, 0xff, 0xfe, 0x0, 0x7, 0xff, 0xc0,
    0x3, 0xff, 0xff, 0xe0, 0x0, 0x3f, 0xfe, 0x0,
    0x3f, 0xff, 0xfe, 0x0, 0x1, 0xff, 0xf0, 0x3,
    0xff, 0xff, 0xe0, 0x0, 0xf, 0xff, 0x80, 0x3f,
    0xff, 0xfe, 0x0, 0x0, 0xff, 0xf8, 0x3, 0xff,
    0xff, 0xe0, 0x0, 0x7, 0xff, 0xc0, 0x3f, 0xff,
    0xfe, 0x0, 0x0, 0x3f, 0xfe, 0x3, 0xff, 0xff,
    0xe0, 0x0, 0x1, 0xff, 0xe0, 0x3f, 0xff, 0xfe,
    0x0, 0x0, 0x1f, 0xff, 0x3, 0xff, 0xff, 0xe0,
    0x0, 0x0, 0xff, 0xf8, 0x3f, 0xff, 0xfe, 0x0,
    0x0, 0x7, 0xff, 0xc3, 0xff, 0xff, 0xe0, 0x0,
    0x0, 0x7f, 0xfc, 0x3f, 0xff, 0xfe, 0x0, 0x0,
    0x3, 0xff, 0xe3, 0xff, 0xff, 0xe0, 0x0, 0x0,
    0x1f, 0xff, 0x3f, 0xff, 0xfe, 0x0, 0x0, 0x0,
    0xff, 0xff, 0xff, 0xff, 0xe0, 0x0, 0x0, 0xf,
    0xff, 0xff, 0xff, 0xfe, 0x0, 0x0, 0x0, 0x7f,
    0xff, 0xff, 0xff, 0xe0, 0x0, 0x0, 0x3, 0xff,
    0xff, 0xff, 0xfe, 0x0, 0x0, 0x0, 0x1f, 0xff,
    0xff, 0xff, 0xe0, 0x0, 0x0, 0x1, 0xff, 0xff,
    0xff, 0xfe, 0x0, 0x0, 0x0, 0xf, 0xff, 0xfe,
    0xff, 0xe0, 0x0, 0x0, 0x0, 0x7f, 0xff, 0xef,
    0xfe, 0x0, 0x0, 0x0, 0x3, 0xff, 0xfc, 0xff,
    0xe0, 0x0, 0x0, 0x0, 0x1f, 0xff, 0x80,

    /* U+00D2 "Ò" */
    0x0, 0x0, 0x3, 0xf8, 0x0, 0x0, 0x0, 0x0,
    0x0, 0x0, 0xf, 0xf8, 0x0, 0x0, 0x0, 0x0,
    0x0, 0x0, 0x1f, 0xf8, 0x0, 0x0, 0x0, 0x0,
    0x0, 0x0, 0x1f, 0xf8, 0x0, 0x0, 0x0, 0x0,
    0x0, 0x0, 0x1f, 0xf0, 0x0, 0x0, 0x0, 0x0,
    0x0, 0x0, 0x1f, 0xf0, 0x0, 0x0, 0x0, 0x0,
    0x0, 0x0, 0x3f, 0xf0, 0x0, 0x0, 0x0, 0x0,
    0x0, 0x0, 0x3f, 0xe0, 0x0, 0x0, 0x0, 0x0,
    0x0, 0x0, 0x3f, 0xe0, 0x0, 0x0, 0x0, 0x0,
    0x0, 0x0, 0x7f, 0xc0, 0x0, 0x0, 0x0, 0x0,
    0x0, 0x0, 0x7f, 0xc0, 0x0, 0x0, 0x0, 0x0,
    0x0, 0x0, 0x7f, 0xc0, 0x0, 0x0, 0x0, 0x0,
    0x0, 0x0, 0x7f, 0x80, 0x0, 0x0, 0x0, 0x0,
    0x0, 0x0, 0x7e, 0x0, 0x0, 0x0, 0x0, 0x0,
    0x0, 0x0, 0x0, 0x0, 0x0, 0x0, 0x0, 0x0,
    0x0, 0x0, 0x0, 0x0, 0x0, 0x0, 0x0, 0x3,
    0xff, 0xff, 0xff, 0xff, 0x80, 0x0, 0x0, 0x7f,
    0xff, 0xff, 0xff, 0xff, 0xf8, 0x0, 0x7, 0xff,
    0xff, 0xff, 0xff, 0xff, 0xfc, 0x0, 0x1f, 0xff,
    0xff, 0xff, 0xff, 0xff, 0xfc, 0x0, 0x7f, 0xff,
    0xff, 0xff, 0xff, 0xff, 0xfc, 0x1, 0xff, 0xff,
    0xff, 0xff, 0xff, 0xff, 0xfc, 0x7, 0xff, 0xff,
    0xff, 0xff, 0xff, 0xff, 0xfc, 0x1f, 0xff, 0xff,
    0xff, 0xff, 0xff, 0xff, 0xfc, 0x3f, 0xff, 0xff,
    0xff, 0xff, 0xff, 0xff, 0xf8, 0xff, 0xff, 0xff,
    0xff, 0xff, 0xff, 0xff, 0xf9, 0xff, 0xfc, 0x0,
    0x0, 0x0, 0x7, 0xff, 0xf3, 0xff, 0xe0, 0x0,
    0x0, 0x0, 0x3, 0xff, 0xe7, 0xff, 0x80, 0x0,
    0x0, 0x0, 0x3, 0xff, 0xdf, 0xfe, 0x0, 0x0,
    0x0, 0x0, 0x3, 0xff, 0xff, 0xfc, 0x0, 0x0,
    0x0, 0x0, 0x7, 0xff, 0xff, 0xf0, 0x0, 0x0,
    0x0, 0x0, 0x7, 0xff, 0xff, 0xe0, 0x0, 0x0,
    0x0, 0x0, 0xf, 0xff, 0xff, 0xc0, 0x0, 0x0,
    0x0, 0x0, 0x1f, 0xff, 0xff, 0x80, 0x0, 0x0,
    0x0, 0x0, 0x3f, 0xff, 0xff, 0x0, 0x0, 0x0,
    0x0, 0x0, 0x7f, 0xff, 0xfe, 0x0, 0x0, 0x0,
    0x0, 0x0, 0xff, 0xff, 0xfc, 0x0, 0x0, 0x0,
    0x0, 0x1, 0xff, 0xff, 0xf8, 0x0, 0x0, 0x0,
    0x0, 0x3, 0xff, 0xff, 0xf0, 0x0, 0x0, 0x0,
    0x0, 0x7, 0xff, 0xff, 0xe0, 0x0, 0x0, 0x0,
    0x0, 0xf, 0xff, 0xff, 0xc0, 0x0, 0x0, 0x0,
    0x0, 0x1f, 0xff, 0xff, 0x80, 0x0, 0x0, 0x0,
    0x0, 0x3f, 0xff, 0xff, 0x0, 0x0, 0x0, 0x0,
    0x0, 0x7f, 0xff, 0xfe, 0x0, 0x0, 0x0, 0x0,
    0x0, 0xff, 0xff, 0xfc, 0x0, 0x0, 0x0, 0x0,
    0x1, 0xff, 0xff, 0xf8, 0x0, 0x0, 0x0, 0x0,
    0x3, 0xff, 0xff, 0xf0, 0x0, 0x0, 0x0, 0x0,
    0x7, 0xff, 0xff, 0xe0, 0x0, 0x0, 0x0, 0x0,
    0xf, 0xff, 0xff, 0xc0, 0x0, 0x0, 0x0, 0x0,
    0x1f, 0xff, 0xff, 0x80, 0x0, 0x0, 0x0, 0x0,
    0x3f, 0xff, 0xff, 0x0, 0x0, 0x0, 0x0, 0x0,
    0x7f, 0xff, 0xff, 0x0, 0x0, 0x0, 0x0, 0x1,
    0xff, 0xff, 0xfe, 0x0, 0x0, 0x0, 0x0, 0x3,
    0xff, 0xdf, 0xfe, 0x0, 0x0, 0x0, 0x0, 0xf,
    0xff, 0x3f, 0xfe, 0x0, 0x0, 0x0, 0x0, 0x3f,
    0xfe, 0x7f, 0xff, 0x0, 0x0, 0x0, 0x1, 0xff,
    0xfc, 0xff, 0xff, 0xff, 0xff, 0xff, 0xff, 0xff,
    0xf8, 0xff, 0xff, 0xff, 0xff, 0xff, 0xff, 0xff,
    0xe1, 0xff, 0xff, 0xff, 0xff, 0xff, 0xff, 0xff,
    0xc1, 0xff, 0xff, 0xff, 0xff, 0xff, 0xff, 0xff,
    0x1, 0xff, 0xff, 0xff, 0xff, 0xff, 0xff, 0xfc,
    0x3, 0xff, 0xff, 0xff, 0xff, 0xff, 0xff, 0xf8,
    0x1, 0xff, 0xff, 0xff, 0xff, 0xff, 0xff, 0xc0,
    0x1, 0xff, 0xff, 0xff, 0xff, 0xff, 0xff, 0x0,
    0x0, 0xff, 0xff, 0xff, 0xff, 0xff, 0xf8, 0x0,
    0x0, 0x1f, 0xff, 0xff, 0xff, 0xfe, 0x0, 0x0,

    /* U+00D3 "Ó" */
    0x0, 0x0, 0x0, 0x0, 0x3f, 0x80, 0x0, 0x0,
    0x0, 0x0, 0x0, 0x1, 0xff, 0x80, 0x0, 0x0,
    0x0, 0x0, 0x0, 0x7, 0xfe, 0x0, 0x0, 0x0,
    0x0, 0x0, 0x0, 0xf, 0xf8, 0x0, 0x0, 0x0,
    0x0, 0x0, 0x0, 0x3f, 0xf0, 0x0, 0x0, 0x0,
    0x0, 0x0, 0x0, 0x7f, 0xc0, 0x0, 0x0, 0x0,
    0x0, 0x0, 0x1, 0xff, 0x0, 0x0, 0x0, 0x0,
    0x0, 0x0, 0x7, 0xfc, 0x0, 0x0, 0x0, 0x0,
    0x0, 0x0, 0xf, 0xf8, 0x0, 0x0, 0x0, 0x0,
    0x0, 0x0, 0x3f, 0xe0, 0x0, 0x0, 0x0, 0x0,
    0x0, 0x0, 0xff, 0x80, 0x0, 0x0, 0x0, 0x0,
    0x0, 0x1, 0xff, 0x0, 0x0, 0x0, 0x0, 0x0,
    0x0, 0x7, 0xfc, 0x0, 0x0, 0x0, 0x0, 0x0,
    0x0, 0x7, 0xe0, 0x0, 0x0, 0x0, 0x0, 0x0,
    0x0, 0x0, 0x0, 0x0, 0x0, 0x0, 0x0, 0x0,
    0x0, 0x0, 0x0, 0x0, 0x0, 0x0, 0x0, 0x3,
    0xff, 0xff, 0xff, 0xff, 0x80, 0x0, 0x0, 0x7f,
    0xff, 0xff, 0xff, 0xff, 0xf8, 0x0, 0x7, 0xff,
    0xff, 0xff, 0xff, 0xff, 0xfc, 0x0, 0x1f, 0xff,
    0xff, 0xff, 0xff, 0xff, 0xfc, 0x0, 0x7f, 0xff,
    0xff, 0xff, 0xff, 0xff, 0xfc, 0x1, 0xff, 0xff,
    0xff, 0xff, 0xff, 0xff, 0xfc, 0x7, 0xff, 0xff,
    0xff, 0xff, 0xff, 0xff, 0xfc, 0x1f, 0xff, 0xff,
    0xff, 0xff, 0xff, 0xff, 0xfc, 0x3f, 0xff, 0xff,
    0xff, 0xff, 0xff, 0xff, 0xf8, 0xff, 0xff, 0xff,
    0xff, 0xff, 0xff, 0xff, 0xf9, 0xff, 0xfc, 0x0,
    0x0, 0x0, 0x7, 0xff, 0xf3, 0xff, 0xe0, 0x0,
    0x0, 0x0, 0x3, 0xff, 0xe7, 0xff, 0x80, 0x0,
    0x0, 0x0, 0x3, 0xff, 0xdf, 0xfe, 0x0, 0x0,
    0x0, 0x0, 0x3, 0xff, 0xff, 0xfc, 0x0, 0x0,
    0x0, 0x0, 0x7, 0xff, 0xff, 0xf0, 0x0, 0x0,
    0x0, 0x0, 0x7, 0xff, 0xff, 0xe0, 0x0, 0x0,
    0x0, 0x0, 0xf, 0xff, 0xff, 0xc0, 0x0, 0x0,
    0x0, 0x0, 0x1f, 0xff, 0xff, 0x80, 0x0, 0x0,
    0x0, 0x0, 0x3f, 0xff, 0xff, 0x0, 0x0, 0x0,
    0x0, 0x0, 0x7f, 0xff, 0xfe, 0x0, 0x0, 0x0,
    0x0, 0x0, 0xff, 0xff, 0xfc, 0x0, 0x0, 0x0,
    0x0, 0x1, 0xff, 0xff, 0xf8, 0x0, 0x0, 0x0,
    0x0, 0x3, 0xff, 0xff, 0xf0, 0x0, 0x0, 0x0,
    0x0, 0x7, 0xff, 0xff, 0xe0, 0x0, 0x0, 0x0,
    0x0, 0xf, 0xff, 0xff, 0xc0, 0x0, 0x0, 0x0,
    0x0, 0x1f, 0xff, 0xff, 0x80, 0x0, 0x0, 0x0,
    0x0, 0x3f, 0xff, 0xff, 0x0, 0x0, 0x0, 0x0,
    0x0, 0x7f, 0xff, 0xfe, 0x0, 0x0, 0x0, 0x0,
    0x0, 0xff, 0xff, 0xfc, 0x0, 0x0, 0x0, 0x0,
    0x1, 0xff, 0xff, 0xf8, 0x0, 0x0, 0x0, 0x0,
    0x3, 0xff, 0xff, 0xf0, 0x0, 0x0, 0x0, 0x0,
    0x7, 0xff, 0xff, 0xe0, 0x0, 0x0, 0x0, 0x0,
    0xf, 0xff, 0xff, 0xc0, 0x0, 0x0, 0x0, 0x0,
    0x1f, 0xff, 0xff, 0x80, 0x0, 0x0, 0x0, 0x0,
    0x3f, 0xff, 0xff, 0x0, 0x0, 0x0, 0x0, 0x0,
    0x7f, 0xff, 0xff, 0x0, 0x0, 0x0, 0x0, 0x1,
    0xff, 0xff, 0xfe, 0x0, 0x0, 0x0, 0x0, 0x3,
    0xff, 0xdf, 0xfe, 0x0, 0x0, 0x0, 0x0, 0xf,
    0xff, 0x3f, 0xfe, 0x0, 0x0, 0x0, 0x0, 0x3f,
    0xfe, 0x7f, 0xff, 0x0, 0x0, 0x0, 0x1, 0xff,
    0xfc, 0xff, 0xff, 0xff, 0xff, 0xff, 0xff, 0xff,
    0xf8, 0xff, 0xff, 0xff, 0xff, 0xff, 0xff, 0xff,
    0xe1, 0xff, 0xff, 0xff, 0xff, 0xff, 0xff, 0xff,
    0xc1, 0xff, 0xff, 0xff, 0xff, 0xff, 0xff, 0xff,
    0x1, 0xff, 0xff, 0xff, 0xff, 0xff, 0xff, 0xfc,
    0x3, 0xff, 0xff, 0xff, 0xff, 0xff, 0xff, 0xf8,
    0x1, 0xff, 0xff, 0xff, 0xff, 0xff, 0xff, 0xc0,
    0x1, 0xff, 0xff, 0xff, 0xff, 0xff, 0xff, 0x0,
    0x0, 0xff, 0xff, 0xff, 0xff, 0xff, 0xf8, 0x0,
    0x0, 0x1f, 0xff, 0xff, 0xff, 0xfe, 0x0, 0x0,

    /* U+00D4 "Ô" */
    0x0, 0x0, 0x0, 0x3f, 0xf8, 0x0, 0x0, 0x0,
    0x0, 0x0, 0x0, 0xff, 0xf8, 0x0, 0x0, 0x0,
    0x0, 0x0, 0x3, 0xff, 0xf0, 0x0, 0x0, 0x0,
    0x0, 0x0, 0x7, 0xff, 0xf0, 0x0, 0x0, 0x0,
    0x0, 0x0, 0x1f, 0xff, 0xf0, 0x0, 0x0, 0x0,
    0x0, 0x0, 0x7f, 0x9f, 0xf0, 0x0, 0x0, 0x0,
    0x0, 0x0, 0xff, 0x1f, 0xe0, 0x0, 0x0, 0x0,
    0x0, 0x3, 0xfc, 0x1f, 0xe0, 0x0, 0x0, 0x0,
    0x0, 0xf, 0xf8, 0x3f, 0xe0, 0x0, 0x0, 0x0,
    0x0, 0x3f, 0xe0, 0x3f, 0xc0, 0x0, 0x0, 0x0,
    0x0, 0x7f, 0x80, 0x3f, 0xc0, 0x0, 0x0, 0x0,
    0x1, 0xff, 0x0, 0x7f, 0xc0, 0x0, 0x0, 0x0,
    0x7, 0xfc, 0x0, 0x7f, 0xc0, 0x0, 0x0, 0x0,
    0x7, 0xe0, 0x0, 0x7f, 0x0, 0x0, 0x0, 0x0,
    0x0, 0x0, 0x0, 0x0, 0x0, 0x0, 0x0, 0x0,
    0x0, 0x0, 0x0, 0x0, 0x0, 0x0, 0x0, 0x3,
    0xff, 0xff, 0xff, 0xff, 0x80, 0x0, 0x0, 0x7f,
    0xff, 0xff, 0xff, 0xff, 0xf8, 0x0, 0x7, 0xff,
    0xff, 0xff, 0xff, 0xff, 0xfc, 0x0, 0x1f, 0xff,
    0xff, 0xff, 0xff, 0xff, 0xfc, 0x0, 0x7f, 0xff,
    0xff, 0xff, 0xff, 0xff, 0xfc, 0x1, 0xff, 0xff,
    0xff, 0xff, 0xff, 0xff, 0xfc, 0x7, 0xff, 0xff,
    0xff, 0xff, 0xff, 0xff, 0xfc, 0x1f, 0xff, 0xff,
    0xff, 0xff, 0xff, 0xff, 0xfc, 0x3f, 0xff, 0xff,
    0xff, 0xff, 0xff, 0xff, 0xf8, 0xff, 0xff, 0xff,
    0xff, 0xff, 0xff, 0xff, 0xf9, 0xff, 0xfc, 0x0,
    0x0, 0x0, 0x7, 0xff, 0xf3, 0xff, 0xe0, 0x0,
    0x0, 0x0, 0x3, 0xff, 0xe7, 0xff, 0x80, 0x0,
    0x0, 0x0, 0x3, 0xff, 0xdf, 0xfe, 0x0, 0x0,
    0x0, 0x0, 0x3, 0xff, 0xff, 0xfc, 0x0, 0x0,
    0x0, 0x0, 0x7, 0xff, 0xff, 0xf0, 0x0, 0x0,
    0x0, 0x0, 0x7, 0xff, 0xff, 0xe0, 0x0, 0x0,
    0x0, 0x0, 0xf, 0xff, 0xff, 0xc0, 0x0, 0x0,
    0x0, 0x0, 0x1f, 0xff, 0xff, 0x80, 0x0, 0x0,
    0x0, 0x0, 0x3f, 0xff, 0xff, 0x0, 0x0, 0x0,
    0x0, 0x0, 0x7f, 0xff, 0xfe, 0x0, 0x0, 0x0,
    0x0, 0x0, 0xff, 0xff, 0xfc, 0x0, 0x0, 0x0,
    0x0, 0x1, 0xff, 0xff, 0xf8, 0x0, 0x0, 0x0,
    0x0, 0x3, 0xff, 0xff, 0xf0, 0x0, 0x0, 0x0,
    0x0, 0x7, 0xff, 0xff, 0xe0, 0x0, 0x0, 0x0,
    0x0, 0xf, 0xff, 0xff, 0xc0, 0x0, 0x0, 0x0,
    0x0, 0x1f, 0xff, 0xff, 0x80, 0x0, 0x0, 0x0,
    0x0, 0x3f, 0xff, 0xff, 0x0, 0x0, 0x0, 0x0,
    0x0, 0x7f, 0xff, 0xfe, 0x0, 0x0, 0x0, 0x0,
    0x0, 0xff, 0xff, 0xfc, 0x0, 0x0, 0x0, 0x0,
    0x1, 0xff, 0xff, 0xf8, 0x0, 0x0, 0x0, 0x0,
    0x3, 0xff, 0xff, 0xf0, 0x0, 0x0, 0x0, 0x0,
    0x7, 0xff, 0xff, 0xe0, 0x0, 0x0, 0x0, 0x0,
    0xf, 0xff, 0xff, 0xc0, 0x0, 0x0, 0x0, 0x0,
    0x1f, 0xff, 0xff, 0x80, 0x0, 0x0, 0x0, 0x0,
    0x3f, 0xff, 0xff, 0x0, 0x0, 0x0, 0x0, 0x0,
    0x7f, 0xff, 0xff, 0x0, 0x0, 0x0, 0x0, 0x1,
    0xff, 0xff, 0xfe, 0x0, 0x0, 0x0, 0x0, 0x3,
    0xff, 0xdf, 0xfe, 0x0, 0x0, 0x0, 0x0, 0xf,
    0xff, 0x3f, 0xfe, 0x0, 0x0, 0x0, 0x0, 0x3f,
    0xfe, 0x7f, 0xff, 0x0, 0x0, 0x0, 0x1, 0xff,
    0xfc, 0xff, 0xff, 0xff, 0xff, 0xff, 0xff, 0xff,
    0xf8, 0xff, 0xff, 0xff, 0xff, 0xff, 0xff, 0xff,
    0xe1, 0xff, 0xff, 0xff, 0xff, 0xff, 0xff, 0xff,
    0xc1, 0xff, 0xff, 0xff, 0xff, 0xff, 0xff, 0xff,
    0x1, 0xff, 0xff, 0xff, 0xff, 0xff, 0xff, 0xfc,
    0x3, 0xff, 0xff, 0xff, 0xff, 0xff, 0xff, 0xf8,
    0x1, 0xff, 0xff, 0xff, 0xff, 0xff, 0xff, 0xc0,
    0x1, 0xff, 0xff, 0xff, 0xff, 0xff, 0xff, 0x0,
    0x0, 0xff, 0xff, 0xff, 0xff, 0xff, 0xf8, 0x0,
    0x0, 0x1f, 0xff, 0xff, 0xff, 0xfe, 0x0, 0x0,

    /* U+00D5 "Õ" */
    0x0, 0x0, 0x0, 0x0, 0x0, 0x7, 0x80, 0x0,
    0x0, 0x0, 0x7f, 0xc0, 0x0, 0x3f, 0x80, 0x0,
    0x0, 0x3, 0xff, 0xf0, 0x0, 0x7f, 0x0, 0x0,
    0x0, 0xf, 0xff, 0xf8, 0x0, 0xfe, 0x0, 0x0,
    0x0, 0x3f, 0xff, 0xfc, 0x1, 0xfc, 0x0, 0x0,
    0x0, 0x7f, 0xff, 0xfc, 0x3, 0xf8, 0x0, 0x0,
    0x1, 0xfe, 0xf, 0xfe, 0xf, 0xf0, 0x0, 0x0,
    0x3, 0xf8, 0x7, 0xff, 0xff, 0xc0, 0x0, 0x0,
    0x7, 0xf0, 0x7, 0xff, 0xff, 0x80, 0x0, 0x0,
    0xf, 0xe0, 0x3, 0xff, 0xfe, 0x0, 0x0, 0x0,
    0x1f, 0xc0, 0x1, 0xff, 0xf8, 0x0, 0x0, 0x0,
    0x3f, 0x80, 0x0, 0x7f, 0xc0, 0x0, 0x0, 0x0,
    0x0, 0x0, 0x0, 0x0, 0x0, 0x0, 0x0, 0x0,
    0x0, 0x0, 0x0, 0x0, 0x0, 0x0, 0x0, 0x0,
    0x0, 0x0, 0x0, 0x0, 0x0, 0x0, 0x0, 0x0,
    0x0, 0x0, 0x0, 0x0, 0x0, 0x0, 0x0, 0x3,
    0xff, 0xff, 0xff, 0xff, 0x80, 0x0, 0x0, 0x7f,
    0xff, 0xff, 0xff, 0xff, 0xf8, 0x0, 0x7, 0xff,
    0xff, 0xff, 0xff, 0xff, 0xfc, 0x0, 0x1f, 0xff,
    0xff, 0xff, 0xff, 0xff, 0xfc, 0x0, 0x7f, 0xff,
    0xff, 0xff, 0xff, 0xff, 0xfc, 0x1, 0xff, 0xff,
    0xff, 0xff, 0xff, 0xff, 0xfc, 0x7, 0xff, 0xff,
    0xff, 0xff, 0xff, 0xff, 0xfc, 0x1f, 0xff, 0xff,
    0xff, 0xff, 0xff, 0xff, 0xfc, 0x3f, 0xff, 0xff,
    0xff, 0xff, 0xff, 0xff, 0xf8, 0xff, 0xff, 0xff,
    0xff, 0xff, 0xff, 0xff, 0xf9, 0xff, 0xfc, 0x0,
    0x0, 0x0, 0x7, 0xff, 0xf3, 0xff, 0xe0, 0x0,
    0x0, 0x0, 0x3, 0xff, 0xe7, 0xff, 0x80, 0x0,
    0x0, 0x0, 0x3, 0xff, 0xdf, 0xfe, 0x0, 0x0,
    0x0, 0x0, 0x3, 0xff, 0xff, 0xfc, 0x0, 0x0,
    0x0, 0x0, 0x7, 0xff, 0xff, 0xf0, 0x0, 0x0,
    0x0, 0x0, 0x7, 0xff, 0xff, 0xe0, 0x0, 0x0,
    0x0, 0x0, 0xf, 0xff, 0xff, 0xc0, 0x0, 0x0,
    0x0, 0x0, 0x1f, 0xff, 0xff, 0x80, 0x0, 0x0,
    0x0, 0x0, 0x3f, 0xff, 0xff, 0x0, 0x0, 0x0,
    0x0, 0x0, 0x7f, 0xff, 0xfe, 0x0, 0x0, 0x0,
    0x0, 0x0, 0xff, 0xff, 0xfc, 0x0, 0x0, 0x0,
    0x0, 0x1, 0xff, 0xff, 0xf8, 0x0, 0x0, 0x0,
    0x0, 0x3, 0xff, 0xff, 0xf0, 0x0, 0x0, 0x0,
    0x0, 0x7, 0xff, 0xff, 0xe0, 0x0, 0x0, 0x0,
    0x0, 0xf, 0xff, 0xff, 0xc0, 0x0, 0x0, 0x0,
    0x0, 0x1f, 0xff, 0xff, 0x80, 0x0, 0x0, 0x0,
    0x0, 0x3f, 0xff, 0xff, 0x0, 0x0, 0x0, 0x0,
    0x0, 0x7f, 0xff, 0xfe, 0x0, 0x0, 0x0, 0x0,
    0x0, 0xff, 0xff, 0xfc, 0x0, 0x0, 0x0, 0x0,
    0x1, 0xff, 0xff, 0xf8, 0x0, 0x0, 0x0, 0x0,
    0x3, 0xff, 0xff, 0xf0, 0x0, 0x0, 0x0, 0x0,
    0x7, 0xff, 0xff, 0xe0, 0x0, 0x0, 0x0, 0x0,
    0xf, 0xff, 0xff, 0xc0, 0x0, 0x0, 0x0, 0x0,
    0x1f, 0xff, 0xff, 0x80, 0x0, 0x0, 0x0, 0x0,
    0x3f, 0xff, 0xff, 0x0, 0x0, 0x0, 0x0, 0x0,
    0x7f, 0xff, 0xff, 0x0, 0x0, 0x0, 0x0, 0x1,
    0xff, 0xff, 0xfe, 0x0, 0x0, 0x0, 0x0, 0x3,
    0xff, 0xdf, 0xfe, 0x0, 0x0, 0x0, 0x0, 0xf,
    0xff, 0x3f, 0xfe, 0x0, 0x0, 0x0, 0x0, 0x3f,
    0xfe, 0x7f, 0xff, 0x0, 0x0, 0x0, 0x1, 0xff,
    0xfc, 0xff, 0xff, 0xff, 0xff, 0xff, 0xff, 0xff,
    0xf8, 0xff, 0xff, 0xff, 0xff, 0xff, 0xff, 0xff,
    0xe1, 0xff, 0xff, 0xff, 0xff, 0xff, 0xff, 0xff,
    0xc1, 0xff, 0xff, 0xff, 0xff, 0xff, 0xff, 0xff,
    0x1, 0xff, 0xff, 0xff, 0xff, 0xff, 0xff, 0xfc,
    0x3, 0xff, 0xff, 0xff, 0xff, 0xff, 0xff, 0xf8,
    0x1, 0xff, 0xff, 0xff, 0xff, 0xff, 0xff, 0xc0,
    0x1, 0xff, 0xff, 0xff, 0xff, 0xff, 0xff, 0x0,
    0x0, 0xff, 0xff, 0xff, 0xff, 0xff, 0xf8, 0x0,
    0x0, 0x1f, 0xff, 0xff, 0xff, 0xfe, 0x0, 0x0,

    /* U+00D6 "Ö" */
    0x0, 0x0, 0xff, 0xc0, 0xf, 0xfc, 0x0, 0x0,
    0x0, 0x1, 0xff, 0x80, 0x1f, 0xf8, 0x0, 0x0,
    0x0, 0x3, 0xff, 0x0, 0x3f, 0xf0, 0x0, 0x0,
    0x0, 0x7, 0xfe, 0x0, 0x7f, 0xe0, 0x0, 0x0,
    0x0, 0xf, 0xfc, 0x0, 0xff, 0xc0, 0x0, 0x0,
    0x0, 0x1f, 0xf8, 0x1, 0xff, 0x80, 0x0, 0x0,
    0x0, 0x3f, 0xf0, 0x3, 0xff, 0x0, 0x0, 0x0,
    0x0, 0x7f, 0xe0, 0x7, 0xfe, 0x0, 0x0, 0x0,
    0x0, 0x0, 0x0, 0x0, 0x0, 0x0, 0x0, 0x0,
    0x0, 0x0, 0x0, 0x0, 0x0, 0x0, 0x0, 0x0,
    0x0, 0x0, 0x0, 0x0, 0x0, 0x0, 0x0, 0x0,
    0x0, 0x0, 0x0, 0x0, 0x0, 0x0, 0x0, 0x0,
    0x0, 0x0, 0x0, 0x0, 0x0, 0x0, 0x0, 0x0,
    0x7f, 0xff, 0xff, 0xff, 0xf0, 0x0, 0x0, 0xf,
    0xff, 0xff, 0xff, 0xff, 0xff, 0x0, 0x0, 0xff,
    0xff, 0xff, 0xff, 0xff, 0xff, 0x80, 0x3, 0xff,
    0xff, 0xff, 0xff, 0xff, 0xff, 0x80, 0xf, 0xff,
    0xff, 0xff, 0xff, 0xff, 0xff, 0x80, 0x3f, 0xff,
    0xff, 0xff, 0xff, 0xff, 0xff, 0x80, 0xff, 0xff,
    0xff, 0xff, 0xff, 0xff, 0xff, 0x83, 0xff, 0xff,
    0xff, 0xff, 0xff, 0xff, 0xff, 0x87, 0xff, 0xff,
    0xff, 0xff, 0xff, 0xff, 0xff, 0x1f, 0xff, 0xff,
    0xff, 0xff, 0xff, 0xff, 0xff, 0x3f, 0xff, 0x80,
    0x0, 0x0, 0x0, 0xff, 0xfe, 0x7f, 0xfc, 0x0,
    0x0, 0x0, 0x0, 0x7f, 0xfc, 0xff, 0xf0, 0x0,
    0x0, 0x0, 0x0, 0x7f, 0xfb, 0xff, 0xc0, 0x0,
    0x0, 0x0, 0x0, 0x7f, 0xff, 0xff, 0x80, 0x0,
    0x0, 0x0, 0x0, 0xff, 0xff, 0xfe, 0x0, 0x0,
    0x0, 0x0, 0x0, 0xff, 0xff, 0xfc, 0x0, 0x0,
    0x0, 0x0, 0x1, 0xff, 0xff, 0xf8, 0x0, 0x0,
    0x0, 0x0, 0x3, 0xff, 0xff, 0xf0, 0x0, 0x0,
    0x0, 0x0, 0x7, 0xff, 0xff, 0xe0, 0x0, 0x0,
    0x0, 0x0, 0xf, 0xff, 0xff, 0xc0, 0x0, 0x0,
    0x0, 0x0, 0x1f, 0xff, 0xff, 0x80, 0x0, 0x0,
    0x0, 0x0, 0x3f, 0xff, 0xff, 0x0, 0x0, 0x0,
    0x0, 0x0, 0x7f, 0xff, 0xfe, 0x0, 0x0, 0x0,
    0x0, 0x0, 0xff, 0xff, 0xfc, 0x0, 0x0, 0x0,
    0x0, 0x1, 0xff, 0xff, 0xf8, 0x0, 0x0, 0x0,
    0x0, 0x3, 0xff, 0xff, 0xf0, 0x0, 0x0, 0x0,
    0x0, 0x7, 0xff, 0xff, 0xe0, 0x0, 0x0, 0x0,
    0x0, 0xf, 0xff, 0xff, 0xc0, 0x0, 0x0, 0x0,
    0x0, 0x1f, 0xff, 0xff, 0x80, 0x0, 0x0, 0x0,
    0x0, 0x3f, 0xff, 0xff, 0x0, 0x0, 0x0, 0x0,
    0x0, 0x7f, 0xff, 0xfe, 0x0, 0x0, 0x0, 0x0,
    0x0, 0xff, 0xff, 0xfc, 0x0, 0x0, 0x0, 0x0,
    0x1, 0xff, 0xff, 0xf8, 0x0, 0x0, 0x0, 0x0,
    0x3, 0xff, 0xff, 0xf0, 0x0, 0x0, 0x0, 0x0,
    0x7, 0xff, 0xff, 0xe0, 0x0, 0x0, 0x0, 0x0,
    0xf, 0xff, 0xff, 0xe0, 0x0, 0x0, 0x0, 0x0,
    0x3f, 0xff, 0xff, 0xc0, 0x0, 0x0, 0x0, 0x0,
    0x7f, 0xfb, 0xff, 0xc0, 0x0, 0x0, 0x0, 0x1,
    0xff, 0xe7, 0xff, 0xc0, 0x0, 0x0, 0x0, 0x7,
    0xff, 0xcf, 0xff, 0xe0, 0x0, 0x0, 0x0, 0x3f,
    0xff, 0x9f, 0xff, 0xff, 0xff, 0xff, 0xff, 0xff,
    0xff, 0x1f, 0xff, 0xff, 0xff, 0xff, 0xff, 0xff,
    0xfc, 0x3f, 0xff, 0xff, 0xff, 0xff, 0xff, 0xff,
    0xf8, 0x3f, 0xff, 0xff, 0xff, 0xff, 0xff, 0xff,
    0xe0, 0x3f, 0xff, 0xff, 0xff, 0xff, 0xff, 0xff,
    0x80, 0x7f, 0xff, 0xff, 0xff, 0xff, 0xff, 0xff,
    0x0, 0x3f, 0xff, 0xff, 0xff, 0xff, 0xff, 0xf8,
    0x0, 0x3f, 0xff, 0xff, 0xff, 0xff, 0xff, 0xe0,
    0x0, 0x1f, 0xff, 0xff, 0xff, 0xff, 0xff, 0x0,
    0x0, 0x3, 0xff, 0xff, 0xff, 0xff, 0xc0, 0x0,

    /* U+00D7 "×" */
    0x8, 0x0, 0x0, 0x1, 0x0, 0xe0, 0x0, 0x0,
    0x1c, 0xf, 0x80, 0x0, 0x1, 0xf0, 0xfe, 0x0,
    0x0, 0x1f, 0xcf, 0xf8, 0x0, 0x1, 0xff, 0x7f,
    0xe0, 0x0, 0x1f, 0xf9, 0xff, 0x80, 0x1, 0xff,
    0x87, 0xfe, 0x0, 0x1f, 0xf8, 0x1f, 0xf8, 0x1,
    0xff, 0x80, 0x7f, 0xe0, 0x1f, 0xf8, 0x1, 0xff,
    0x81, 0xff, 0x80, 0x7, 0xfe, 0x1f, 0xf8, 0x0,
    0x1f, 0xf9, 0xff, 0x80, 0x0, 0x7f, 0xff, 0xf8,
    0x0, 0x1, 0xff, 0xff, 0x80, 0x0, 0x7, 0xff,
    0xf8, 0x0, 0x0, 0x1f, 0xff, 0x80, 0x0, 0x0,
    0x7f, 0xf8, 0x0, 0x0, 0x1, 0xff, 0x80, 0x0,
    0x0, 0x1f, 0xfe, 0x0, 0x0, 0x1, 0xff, 0xf8,
    0x0, 0x0, 0x1f, 0xff, 0xe0, 0x0, 0x1, 0xff,
    0xff, 0x80, 0x0, 0x1f, 0xff, 0xfe, 0x0, 0x1,
    0xff, 0x9f, 0xf8, 0x0, 0x1f, 0xf8, 0x7f, 0xe0,
    0x1, 0xff, 0x81, 0xff, 0x80, 0x1f, 0xf8, 0x7,
    0xfe, 0x1, 0xff, 0x80, 0x1f, 0xf8, 0x1f, 0xf8,
    0x0, 0x7f, 0xe1, 0xff, 0x80, 0x1, 0xff, 0x9f,
    0xf8, 0x0, 0x7, 0xfe, 0xff, 0x80, 0x0, 0x1f,
    0xf3, 0xf8, 0x0, 0x0, 0x7f, 0xf, 0x80, 0x0,
    0x1, 0xf0, 0x38, 0x0, 0x0, 0x7, 0x0, 0x80,
    0x0, 0x0, 0x10, 0x0,

    /* U+00D8 "Ø" */
    0x0, 0x0, 0x0, 0x0, 0x0, 0x0, 0x3, 0xc0,
    0x0, 0x0, 0x0, 0x0, 0x0, 0x0, 0x1f, 0xc0,
    0x0, 0x0, 0x0, 0x0, 0x0, 0x0, 0x7f, 0x0,
    0x0, 0x0, 0x0, 0x0, 0x0, 0x1, 0xfc, 0x0,
    0x0, 0x0, 0x0, 0x0, 0x0, 0x7, 0xf8, 0x0,
    0x0, 0x0, 0x0, 0x0, 0x0, 0xf, 0xe0, 0x0,
    0x0, 0x0, 0x0, 0x0, 0x0, 0x3f, 0x80, 0x0,
    0x0, 0x0, 0x0, 0x0, 0x0, 0xff, 0x0, 0x0,
    0x3, 0xff, 0xff, 0xff, 0xff, 0xfc, 0x0, 0x0,
    0x7f, 0xff, 0xff, 0xff, 0xff, 0xf8, 0x0, 0x7,
    0xff, 0xff, 0xff, 0xff, 0xff, 0xfc, 0x0, 0x1f,
    0xff, 0xff, 0xff, 0xff, 0xff, 0xfc, 0x0, 0x7f,
    0xff, 0xff, 0xff, 0xff, 0xff, 0xfe, 0x1, 0xff,
    0xff, 0xff, 0xff, 0xff, 0xff, 0xfc, 0x7, 0xff,
    0xff, 0xff, 0xff, 0xff, 0xff, 0xfc, 0x1f, 0xff,
    0xff, 0xff, 0xff, 0xff, 0xff, 0xfc, 0x3f, 0xff,
    0xff, 0xff, 0xff, 0xff, 0xff, 0xf8, 0xff, 0xff,
    0xff, 0xff, 0xff, 0xff, 0xff, 0xf9, 0xff, 0xfc,
    0x0, 0x0, 0x7, 0xf7, 0xff, 0xf3, 0xff, 0xe0,
    0x0, 0x0, 0x1f, 0xe3, 0xff, 0xe7, 0xff, 0x80,
    0x0, 0x0, 0x7f, 0x83, 0xff, 0xdf, 0xfe, 0x0,
    0x0, 0x0, 0xfe, 0x3, 0xff, 0xff, 0xfc, 0x0,
    0x0, 0x3, 0xf8, 0x7, 0xff, 0xff, 0xf0, 0x0,
    0x0, 0xf, 0xf0, 0x7, 0xff, 0xff, 0xe0, 0x0,
    0x0, 0x3f, 0xc0, 0xf, 0xff, 0xff, 0xc0, 0x0,
    0x0, 0x7f, 0x0, 0x1f, 0xff, 0xff, 0x80, 0x0,
    0x1, 0xfc, 0x0, 0x3f, 0xff, 0xff, 0x0, 0x0,
    0x7, 0xf8, 0x0, 0x7f, 0xff, 0xfe, 0x0, 0x0,
    0x1f, 0xe0, 0x0, 0xff, 0xff, 0xfc, 0x0, 0x0,
    0x3f, 0x80, 0x1, 0xff, 0xff, 0xf8, 0x0, 0x0,
    0xfe, 0x0, 0x3, 0xff, 0xff, 0xf0, 0x0, 0x3,
    0xfc, 0x0, 0x7, 0xff, 0xff, 0xe0, 0x0, 0xf,
    0xf0, 0x0, 0xf, 0xff, 0xff, 0xc0, 0x0, 0x1f,
    0xc0, 0x0, 0x1f, 0xff, 0xff, 0x80, 0x0, 0x7f,
    0x0, 0x0, 0x3f, 0xff, 0xff, 0x0, 0x1, 0xfe,
    0x0, 0x0, 0x7f, 0xff, 0xfe, 0x0, 0x3, 0xf8,
    0x0, 0x0, 0xff, 0xff, 0xfc, 0x0, 0xf, 0xe0,
    0x0, 0x1, 0xff, 0xff, 0xf8, 0x0, 0x3f, 0x80,
    0x0, 0x3, 0xff, 0xff, 0xf0, 0x0, 0xff, 0x0,
    0x0, 0x7, 0xff, 0xff, 0xe0, 0x1, 0xfc, 0x0,
    0x0, 0xf, 0xff, 0xff, 0xc0, 0x7, 0xf0, 0x0,
    0x0, 0x1f, 0xff, 0xff, 0x80, 0x1f, 0xe0, 0x0,
    0x0, 0x3f, 0xff, 0xff, 0x0, 0x7f, 0x80, 0x0,
    0x0, 0x7f, 0xff, 0xff, 0x0, 0xfe, 0x0, 0x0,
    0x1, 0xff, 0xff, 0xfe, 0x3, 0xf8, 0x0, 0x0,
    0x3, 0xff, 0xdf, 0xfe, 0xf, 0xf0, 0x0, 0x0,
    0xf, 0xff, 0x3f, 0xfe, 0x3f, 0xc0, 0x0, 0x0,
    0x3f, 0xfe, 0x7f, 0xff, 0x7f, 0x0, 0x0, 0x1,
    0xff, 0xfc, 0xff, 0xff, 0xff, 0xff, 0xff, 0xff,
    0xff, 0xf8, 0xff, 0xff, 0xff, 0xff, 0xff, 0xff,
    0xff, 0xe1, 0xff, 0xff, 0xff, 0xff, 0xff, 0xff,
    0xff, 0xc1, 0xff, 0xff, 0xff, 0xff, 0xff, 0xff,
    0xff, 0x3, 0xff, 0xff, 0xff, 0xff, 0xff, 0xff,
    0xfc, 0x3, 0xff, 0xff, 0xff, 0xff, 0xff, 0xff,
    0xf8, 0x1, 0xff, 0xff, 0xff, 0xff, 0xff, 0xff,
    0xc0, 0x1, 0xff, 0xff, 0xff, 0xff, 0xff, 0xff,
    0x0, 0x0, 0xff, 0xff, 0xff, 0xff, 0xff, 0xf8,
    0x0, 0x1, 0xff, 0xff, 0xff, 0xff, 0xfe, 0x0,
    0x0, 0x7, 0xf8, 0x0, 0x0, 0x0, 0x0, 0x0,
    0x0, 0xf, 0xe0, 0x0, 0x0, 0x0, 0x0, 0x0,
    0x0, 0x3f, 0x80, 0x0, 0x0, 0x0, 0x0, 0x0,
    0x0, 0xff, 0x0, 0x0, 0x0, 0x0, 0x0, 0x0,
    0x3, 0xfc, 0x0, 0x0, 0x0, 0x0, 0x0, 0x0,
    0x7, 0xf0, 0x0, 0x0, 0x0, 0x0, 0x0, 0x0,
    0x1f, 0xc0, 0x0, 0x0, 0x0, 0x0, 0x0, 0x0,
    0x1f, 0x0, 0x0, 0x0, 0x0, 0x0, 0x0, 0x0,

    /* U+00D9 "Ù" */
    0x0, 0x0, 0x7, 0xf0, 0x0, 0x0, 0x0, 0x0,
    0x0, 0x0, 0x7f, 0xc0, 0x0, 0x0, 0x0, 0x0,
    0x0, 0x3, 0xff, 0x0, 0x0, 0x0, 0x0, 0x0,
    0x0, 0xf, 0xfc, 0x0, 0x0, 0x0, 0x0, 0x0,
    0x0, 0x3f, 0xe0, 0x0, 0x0, 0x0, 0x0, 0x0,
    0x0, 0xff, 0x80, 0x0, 0x0, 0x0, 0x0, 0x0,
    0x7, 0xfe, 0x0, 0x0, 0x0, 0x0, 0x0, 0x0,
    0x1f, 0xf0, 0x0, 0x0, 0x0, 0x0, 0x0, 0x0,
    0x7f, 0xc0, 0x0, 0x0, 0x0, 0x0, 0x0, 0x3,
    0xfe, 0x0, 0x0, 0x0, 0x0, 0x0, 0x0, 0xf,
    0xf8, 0x0, 0x0, 0x0, 0x0, 0x0, 0x0, 0x3f,
    0xe0, 0x0, 0x0, 0x0, 0x0, 0x0, 0x0, 0xff,
    0x0, 0x0, 0x0, 0x0, 0x0, 0x0, 0x3, 0xf0,
    0x0, 0x0, 0x0, 0x0, 0x0, 0x0, 0x0, 0x0,
    0x0, 0x0, 0x0, 0x0, 0x0, 0x0, 0x0, 0x0,
    0x0, 0x0, 0xff, 0xe0, 0x0, 0x0, 0x0, 0x0,
    0x3f, 0xff, 0xff, 0x0, 0x0, 0x0, 0x0, 0x1,
    0xff, 0xff, 0xf8, 0x0, 0x0, 0x0, 0x0, 0xf,
    0xff, 0xff, 0xc0, 0x0, 0x0, 0x0, 0x0, 0x7f,
    0xff, 0xfe, 0x0, 0x0, 0x0, 0x0, 0x3, 0xff,
    0xff, 0xf0, 0x0, 0x0, 0x0, 0x0, 0x1f, 0xff,
    0xff, 0x80, 0x0, 0x0, 0x0, 0x0, 0xff, 0xff,
    0xfc, 0x0, 0x0, 0x0, 0x0, 0x7, 0xff, 0xff,
    0xe0, 0x0, 0x0, 0x0, 0x0, 0x3f, 0xff, 0xff,
    0x0, 0x0, 0x0, 0x0, 0x1, 0xff, 0xff, 0xf8,
    0x0, 0x0, 0x0, 0x0, 0xf, 0xff, 0xff, 0xc0,
    0x0, 0x0, 0x0, 0x0, 0x7f, 0xff, 0xfe, 0x0,
    0x0, 0x0, 0x0, 0x3, 0xff, 0xff, 0xf0, 0x0,
    0x0, 0x0, 0x0, 0x1f, 0xff, 0xff, 0x80, 0x0,
    0x0, 0x0, 0x0, 0xff, 0xff, 0xfc, 0x0, 0x0,
    0x0, 0x0, 0x7, 0xff, 0xff, 0xe0, 0x0, 0x0,
    0x0, 0x0, 0x3f, 0xff, 0xff, 0x0, 0x0, 0x0,
    0x0, 0x1, 0xff, 0xff, 0xf8, 0x0, 0x0, 0x0,
    0x0, 0xf, 0xff, 0xff, 0xc0, 0x0, 0x0, 0x0,
    0x0, 0x7f, 0xff, 0xfe, 0x0, 0x0, 0x0, 0x0,
    0x3, 0xff, 0xff, 0xf0, 0x0, 0x0, 0x0, 0x0,
    0x1f, 0xff, 0xff, 0x80, 0x0, 0x0, 0x0, 0x0,
    0xff, 0xff, 0xfc, 0x0, 0x0, 0x0, 0x0, 0x7,
    0xff, 0xff, 0xe0, 0x0, 0x0, 0x0, 0x0, 0x3f,
    0xff, 0xff, 0x0, 0x0, 0x0, 0x0, 0x1, 0xff,
    0xff, 0xf8, 0x0, 0x0, 0x0, 0x0, 0xf, 0xff,
    0xff, 0xc0, 0x0, 0x0, 0x0, 0x0, 0x7f, 0xff,
    0xfe, 0x0, 0x0, 0x0, 0x0, 0x3, 0xff, 0xff,
    0xf0, 0x0, 0x0, 0x0, 0x0, 0x1f, 0xff, 0xff,
    0x80, 0x0, 0x0, 0x0, 0x0, 0xff, 0xff, 0xfc,
    0x0, 0x0, 0x0, 0x0, 0x7, 0xff, 0xff, 0xe0,
    0x0, 0x0, 0x0, 0x0, 0x3f, 0xff, 0xff, 0x0,
    0x0, 0x0, 0x0, 0x1, 0xff, 0xff, 0xf8, 0x0,
    0x0, 0x0, 0x0, 0xf, 0xff, 0xff, 0xc0, 0x0,
    0x0, 0x0, 0x0, 0x7f, 0xff, 0xff, 0x0, 0x0,
    0x0, 0x0, 0x7, 0xff, 0xff, 0xf8, 0x0, 0x0,
    0x0, 0x0, 0x3f, 0xfd, 0xff, 0xe0, 0x0, 0x0,
    0x0, 0x3, 0xff, 0xcf, 0xff, 0x80, 0x0, 0x0,
    0x0, 0x3f, 0xfe, 0x7f, 0xff, 0x0, 0x0, 0x0,
    0x7, 0xff, 0xf3, 0xff, 0xff, 0xff, 0xff, 0xff,
    0xff, 0xff, 0x8f, 0xff, 0xff, 0xff, 0xff, 0xff,
    0xff, 0xf8, 0x7f, 0xff, 0xff, 0xff, 0xff, 0xff,
    0xff, 0xc1, 0xff, 0xff, 0xff, 0xff, 0xff, 0xff,
    0xfc, 0x7, 0xff, 0xff, 0xff, 0xff, 0xff, 0xff,
    0xc0, 0x3f, 0xff, 0xff, 0xff, 0xff, 0xff, 0xfe,
    0x0, 0x7f, 0xff, 0xff, 0xff, 0xff, 0xff, 0xe0,
    0x1, 0xff, 0xff, 0xff, 0xff, 0xff, 0xfc, 0x0,
    0x3, 0xff, 0xff, 0xff, 0xff, 0xff, 0x80, 0x0,
    0x1, 0xff, 0xff, 0xff, 0xff, 0xc0, 0x0,

    /* U+00DA "Ú" */
    0x0, 0x0, 0x0, 0x0, 0x7e, 0x0, 0x0, 0x0,
    0x0, 0x0, 0x0, 0xf, 0xf8, 0x0, 0x0, 0x0,
    0x0, 0x0, 0x0, 0xff, 0xc0, 0x0, 0x0, 0x0,
    0x0, 0x0, 0x7, 0xfc, 0x0, 0x0, 0x0, 0x0,
    0x0, 0x0, 0x7f, 0xc0, 0x0, 0x0, 0x0, 0x0,
    0x0, 0x7, 0xfe, 0x0, 0x0, 0x0, 0x0, 0x0,
    0x0, 0x3f, 0xe0, 0x0, 0x0, 0x0, 0x0, 0x0,
    0x3, 0xfe, 0x0, 0x0, 0x0, 0x0, 0x0, 0x0,
    0x3f, 0xe0, 0x0, 0x0, 0x0, 0x0, 0x0, 0x1,
    0xff, 0x0, 0x0, 0x0, 0x0, 0x0, 0x0, 0x1f,
    0xf0, 0x0, 0x0, 0x0, 0x0, 0x0, 0x0, 0xff,
    0x0, 0x0, 0x0, 0x0, 0x0, 0x0, 0xf, 0xf8,
    0x0, 0x0, 0x0, 0x0, 0x0, 0x0, 0x3f, 0x0,
    0x0, 0x0, 0x0, 0x0, 0x0, 0x0, 0x0, 0x0,
    0x0, 0x0, 0x0, 0x0, 0x0, 0x0, 0x0, 0x0,
    0x0, 0x0, 0xff, 0xe0, 0x0, 0x0, 0x0, 0x0,
    0x3f, 0xff, 0xff, 0x0, 0x0, 0x0, 0x0, 0x1,
    0xff, 0xff, 0xf8, 0x0, 0x0, 0x0, 0x0, 0xf,
    0xff, 0xff, 0xc0, 0x0, 0x0, 0x0, 0x0, 0x7f,
    0xff, 0xfe, 0x0, 0x0, 0x0, 0x0, 0x3, 0xff,
    0xff, 0xf0, 0x0, 0x0, 0x0, 0x0, 0x1f, 0xff,
    0xff, 0x80, 0x0, 0x0, 0x0, 0x0, 0xff, 0xff,
    0xfc, 0x0, 0x0, 0x0, 0x0, 0x7, 0xff, 0xff,
    0xe0, 0x0, 0x0, 0x0, 0x0, 0x3f, 0xff, 0xff,
    0x0, 0x0, 0x0, 0x0, 0x1, 0xff, 0xff, 0xf8,
    0x0, 0x0, 0x0, 0x0, 0xf, 0xff, 0xff, 0xc0,
    0x0, 0x0, 0x0, 0x0, 0x7f, 0xff, 0xfe, 0x0,
    0x0, 0x0, 0x0, 0x3, 0xff, 0xff, 0xf0, 0x0,
    0x0, 0x0, 0x0, 0x1f, 0xff, 0xff, 0x80, 0x0,
    0x0, 0x0, 0x0, 0xff, 0xff, 0xfc, 0x0, 0x0,
    0x0, 0x0, 0x7, 0xff, 0xff, 0xe0, 0x0, 0x0,
    0x0, 0x0, 0x3f, 0xff, 0xff, 0x0, 0x0, 0x0,
    0x0, 0x1, 0xff, 0xff, 0xf8, 0x0, 0x0, 0x0,
    0x0, 0xf, 0xff, 0xff, 0xc0, 0x0, 0x0, 0x0,
    0x0, 0x7f, 0xff, 0xfe, 0x0, 0x0, 0x0, 0x0,
    0x3, 0xff, 0xff, 0xf0, 0x0, 0x0, 0x0, 0x0,
    0x1f, 0xff, 0xff, 0x80, 0x0, 0x0, 0x0, 0x0,
    0xff, 0xff, 0xfc, 0x0, 0x0, 0x0, 0x0, 0x7,
    0xff, 0xff, 0xe0, 0x0, 0x0, 0x0, 0x0, 0x3f,
    0xff, 0xff, 0x0, 0x0, 0x0, 0x0, 0x1, 0xff,
    0xff, 0xf8, 0x0, 0x0, 0x0, 0x0, 0xf, 0xff,
    0xff, 0xc0, 0x0, 0x0, 0x0, 0x0, 0x7f, 0xff,
    0xfe, 0x0, 0x0, 0x0, 0x0, 0x3, 0xff, 0xff,
    0xf0, 0x0, 0x0, 0x0, 0x0, 0x1f, 0xff, 0xff,
    0x80, 0x0, 0x0, 0x0, 0x0, 0xff, 0xff, 0xfc,
    0x0, 0x0, 0x0, 0x0, 0x7, 0xff, 0xff, 0xe0,
    0x0, 0x0, 0x0, 0x0, 0x3f, 0xff, 0xff, 0x0,
    0x0, 0x0, 0x0, 0x1, 0xff, 0xff, 0xf8, 0x0,
    0x0, 0x0, 0x0, 0xf, 0xff, 0xff, 0xc0, 0x0,
    0x0, 0x0, 0x0, 0x7f, 0xff, 0xff, 0x0, 0x0,
    0x0, 0x0, 0x7, 0xff, 0xff, 0xf8, 0x0, 0x0,
    0x0, 0x0, 0x3f, 0xfd, 0xff, 0xe0, 0x0, 0x0,
    0x0, 0x3, 0xff, 0xcf, 0xff, 0x80, 0x0, 0x0,
    0x0, 0x3f, 0xfe, 0x7f, 0xff, 0x0, 0x0, 0x0,
    0x7, 0xff, 0xf3, 0xff, 0xff, 0xff, 0xff, 0xff,
    0xff, 0xff, 0x8f, 0xff, 0xff, 0xff, 0xff, 0xff,
    0xff, 0xf8, 0x7f, 0xff, 0xff, 0xff, 0xff, 0xff,
    0xff, 0xc1, 0xff, 0xff, 0xff, 0xff, 0xff, 0xff,
    0xfc, 0x7, 0xff, 0xff, 0xff, 0xff, 0xff, 0xff,
    0xc0, 0x3f, 0xff, 0xff, 0xff, 0xff, 0xff, 0xfe,
    0x0, 0x7f, 0xff, 0xff, 0xff, 0xff, 0xff, 0xe0,
    0x1, 0xff, 0xff, 0xff, 0xff, 0xff, 0xfc, 0x0,
    0x3, 0xff, 0xff, 0xff, 0xff, 0xff, 0x80, 0x0,
    0x1, 0xff, 0xff, 0xff, 0xff, 0xc0, 0x0,

    /* U+00DB "Û" */
    0x0, 0x0, 0x0, 0x7f, 0xe0, 0x0, 0x0, 0x0,
    0x0, 0x0, 0x7, 0xff, 0x80, 0x0, 0x0, 0x0,
    0x0, 0x0, 0x7f, 0xfe, 0x0, 0x0, 0x0, 0x0,
    0x0, 0x7, 0xff, 0xf8, 0x0, 0x0, 0x0, 0x0,
    0x0, 0x3f, 0xff, 0xe0, 0x0, 0x0, 0x0, 0x0,
    0x3, 0xfc, 0xff, 0x0, 0x0, 0x0, 0x0, 0x0,
    0x3f, 0xe3, 0xfc, 0x0, 0x0, 0x0, 0x0, 0x3,
    0xfe, 0x1f, 0xf0, 0x0, 0x0, 0x0, 0x0, 0x1f,
    0xe0, 0x7f, 0x80, 0x0, 0x0, 0x0, 0x1, 0xff,
    0x1, 0xfe, 0x0, 0x0, 0x0, 0x0, 0x1f, 0xf0,
    0xf, 0xf8, 0x0, 0x0, 0x0, 0x0, 0xff, 0x0,
    0x3f, 0xe0, 0x0, 0x0, 0x0, 0xf, 0xf8, 0x1,
    0xff, 0x0, 0x0, 0x0, 0x0, 0x3f, 0x0, 0x3,
    0xf0, 0x0, 0x0, 0x0, 0x0, 0x0, 0x0, 0x0,
    0x0, 0x0, 0x0, 0x0, 0x0, 0x0, 0x0, 0x0,
    0x0, 0x0, 0xff, 0xe0, 0x0, 0x0, 0x0, 0x0,
    0x3f, 0xff, 0xff, 0x0, 0x0, 0x0, 0x0, 0x1,
    0xff, 0xff, 0xf8, 0x0, 0x0, 0x0, 0x0, 0xf,
    0xff, 0xff, 0xc0, 0x0, 0x0, 0x0, 0x0, 0x7f,
    0xff, 0xfe, 0x0, 0x0, 0x0, 0x0, 0x3, 0xff,
    0xff, 0xf0, 0x0, 0x0, 0x0, 0x0, 0x1f, 0xff,
    0xff, 0x80, 0x0, 0x0, 0x0, 0x0, 0xff, 0xff,
    0xfc, 0x0, 0x0, 0x0, 0x0, 0x7, 0xff, 0xff,
    0xe0, 0x0, 0x0, 0x0, 0x0, 0x3f, 0xff, 0xff,
    0x0, 0x0, 0x0, 0x0, 0x1, 0xff, 0xff, 0xf8,
    0x0, 0x0, 0x0, 0x0, 0xf, 0xff, 0xff, 0xc0,
    0x0, 0x0, 0x0, 0x0, 0x7f, 0xff, 0xfe, 0x0,
    0x0, 0x0, 0x0, 0x3, 0xff, 0xff, 0xf0, 0x0,
    0x0, 0x0, 0x0, 0x1f, 0xff, 0xff, 0x80, 0x0,
    0x0, 0x0, 0x0, 0xff, 0xff, 0xfc, 0x0, 0x0,
    0x0, 0x0, 0x7, 0xff, 0xff, 0xe0, 0x0, 0x0,
    0x0, 0x0, 0x3f, 0xff, 0xff, 0x0, 0x0, 0x0,
    0x0, 0x1, 0xff, 0xff, 0xf8, 0x0, 0x0, 0x0,
    0x0, 0xf, 0xff, 0xff, 0xc0, 0x0, 0x0, 0x0,
    0x0, 0x7f, 0xff, 0xfe, 0x0, 0x0, 0x0, 0x0,
    0x3, 0xff, 0xff, 0xf0, 0x0, 0x0, 0x0, 0x0,
    0x1f, 0xff, 0xff, 0x80, 0x0, 0x0, 0x0, 0x0,
    0xff, 0xff, 0xfc, 0x0, 0x0, 0x0, 0x0, 0x7,
    0xff, 0xff, 0xe0, 0x0, 0x0, 0x0, 0x0, 0x3f,
    0xff, 0xff, 0x0, 0x0, 0x0, 0x0, 0x1, 0xff,
    0xff, 0xf8, 0x0, 0x0, 0x0, 0x0, 0xf, 0xff,
    0xff, 0xc0, 0x0, 0x0, 0x0, 0x0, 0x7f, 0xff,
    0xfe, 0x0, 0x0, 0x0, 0x0, 0x3, 0xff, 0xff,
    0xf0, 0x0, 0x0, 0x0, 0x0, 0x1f, 0xff, 0xff,
    0x80, 0x0, 0x0, 0x0, 0x0, 0xff, 0xff, 0xfc,
    0x0, 0x0, 0x0, 0x0, 0x7, 0xff, 0xff, 0xe0,
    0x0, 0x0, 0x0, 0x0, 0x3f, 0xff, 0xff, 0x0,
    0x0, 0x0, 0x0, 0x1, 0xff, 0xff, 0xf8, 0x0,
    0x0, 0x0, 0x0, 0xf, 0xff, 0xff, 0xc0, 0x0,
    0x0, 0x0, 0x0, 0x7f, 0xff, 0xff, 0x0, 0x0,
    0x0, 0x0, 0x7, 0xff, 0xff, 0xf8, 0x0, 0x0,
    0x0, 0x0, 0x3f, 0xfd, 0xff, 0xe0, 0x0, 0x0,
    0x0, 0x3, 0xff, 0xcf, 0xff, 0x80, 0x0, 0x0,
    0x0, 0x3f, 0xfe, 0x7f, 0xff, 0x0, 0x0, 0x0,
    0x7, 0xff, 0xf3, 0xff, 0xff, 0xff, 0xff, 0xff,
    0xff, 0xff, 0x8f, 0xff, 0xff, 0xff, 0xff, 0xff,
    0xff, 0xf8, 0x7f, 0xff, 0xff, 0xff, 0xff, 0xff,
    0xff, 0xc1, 0xff, 0xff, 0xff, 0xff, 0xff, 0xff,
    0xfc, 0x7, 0xff, 0xff, 0xff, 0xff, 0xff, 0xff,
    0xc0, 0x3f, 0xff, 0xff, 0xff, 0xff, 0xff, 0xfe,
    0x0, 0x7f, 0xff, 0xff, 0xff, 0xff, 0xff, 0xe0,
    0x1, 0xff, 0xff, 0xff, 0xff, 0xff, 0xfc, 0x0,
    0x3, 0xff, 0xff, 0xff, 0xff, 0xff, 0x80, 0x0,
    0x1, 0xff, 0xff, 0xff, 0xff, 0xc0, 0x0,

    /* U+00DC "Ü" */
    0x0, 0x1, 0xff, 0x80, 0xf, 0xfc, 0x0, 0x0,
    0x0, 0xf, 0xfc, 0x0, 0x7f, 0xe0, 0x0, 0x0,
    0x0, 0x7f, 0xe0, 0x3, 0xff, 0x0, 0x0, 0x0,
    0x3, 0xff, 0x0, 0x1f, 0xf8, 0x0, 0x0, 0x0,
    0x1f, 0xf8, 0x0, 0xff, 0xc0, 0x0, 0x0, 0x0,
    0xff, 0xc0, 0x7, 0xfe, 0x0, 0x0, 0x0, 0x7,
    0xfe, 0x0, 0x3f, 0xf0, 0x0, 0x0, 0x0, 0x3f,
    0xf0, 0x1, 0xff, 0x80, 0x0, 0x0, 0x0, 0x0,
    0x0, 0x0, 0x0, 0x0, 0x0, 0x0, 0x0, 0x0,
    0x0, 0x0, 0x0, 0x0, 0x0, 0x0, 0x0, 0x0,
    0x0, 0x0, 0x0, 0x0, 0x0, 0x0, 0x0, 0x0,
    0x0, 0x0, 0x0, 0x0, 0x0, 0x0, 0x0, 0x0,
    0x0, 0x0, 0x0, 0x7f, 0xf0, 0x0, 0x0, 0x0,
    0x0, 0x1f, 0xff, 0xff, 0x80, 0x0, 0x0, 0x0,
    0x0, 0xff, 0xff, 0xfc, 0x0, 0x0, 0x0, 0x0,
    0x7, 0xff, 0xff, 0xe0, 0x0, 0x0, 0x0, 0x0,
    0x3f, 0xff, 0xff, 0x0, 0x0, 0x0, 0x0, 0x1,
    0xff, 0xff, 0xf8, 0x0, 0x0, 0x0, 0x0, 0xf,
    0xff, 0xff, 0xc0, 0x0, 0x0, 0x0, 0x0, 0x7f,
    0xff, 0xfe, 0x0, 0x0, 0x0, 0x0, 0x3, 0xff,
    0xff, 0xf0, 0x0, 0x0, 0x0, 0x0, 0x1f, 0xff,
    0xff, 0x80, 0x0, 0x0, 0x0, 0x0, 0xff, 0xff,
    0xfc, 0x0, 0x0, 0x0, 0x0, 0x7, 0xff, 0xff,
    0xe0, 0x0, 0x0, 0x0, 0x0, 0x3f, 0xff, 0xff,
    0x0, 0x0, 0x0, 0x0, 0x1, 0xff, 0xff, 0xf8,
    0x0, 0x0, 0x0, 0x0, 0xf, 0xff, 0xff, 0xc0,
    0x0, 0x0, 0x0, 0x0, 0x7f, 0xff, 0xfe, 0x0,
    0x0, 0x0, 0x0, 0x3, 0xff, 0xff, 0xf0, 0x0,
    0x0, 0x0, 0x0, 0x1f, 0xff, 0xff, 0x80, 0x0,
    0x0, 0x0, 0x0, 0xff, 0xff, 0xfc, 0x0, 0x0,
    0x0, 0x0, 0x7, 0xff, 0xff, 0xe0, 0x0, 0x0,
    0x0, 0x0, 0x3f, 0xff, 0xff, 0x0, 0x0, 0x0,
    0x0, 0x1, 0xff, 0xff, 0xf8, 0x0, 0x0, 0x0,
    0x0, 0xf, 0xff, 0xff, 0xc0, 0x0, 0x0, 0x0,
    0x0, 0x7f, 0xff, 0xfe, 0x0, 0x0, 0x0, 0x0,
    0x3, 0xff, 0xff, 0xf0, 0x0, 0x0, 0x0, 0x0,
    0x1f, 0xff, 0xff, 0x80, 0x0, 0x0, 0x0, 0x0,
    0xff, 0xff, 0xfc, 0x0, 0x0, 0x0, 0x0, 0x7,
    0xff, 0xff, 0xe0, 0x0, 0x0, 0x0, 0x0, 0x3f,
    0xff, 0xff, 0x0, 0x0, 0x0, 0x0, 0x1, 0xff,
    0xff, 0xf8, 0x0, 0x0, 0x0, 0x0, 0xf, 0xff,
    0xff, 0xc0, 0x0, 0x0, 0x0, 0x0, 0x7f, 0xff,
    0xfe, 0x0, 0x0, 0x0, 0x0, 0x3, 0xff, 0xff,
    0xf0, 0x0, 0x0, 0x0, 0x0, 0x1f, 0xff, 0xff,
    0x80, 0x0, 0x0, 0x0, 0x0, 0xff, 0xff, 0xfc,
    0x0, 0x0, 0x0, 0x0, 0x7, 0xff, 0xff, 0xe0,
    0x0, 0x0, 0x0, 0x0, 0x3f, 0xff, 0xff, 0x80,
    0x0, 0x0, 0x0, 0x3, 0xff, 0xff, 0xfc, 0x0,
    0x0, 0x0, 0x0, 0x1f, 0xfe, 0xff, 0xf0, 0x0,
    0x0, 0x0, 0x1, 0xff, 0xe7, 0xff, 0xc0, 0x0,
    0x0, 0x0, 0x1f, 0xff, 0x3f, 0xff, 0x80, 0x0,
    0x0, 0x3, 0xff, 0xf9, 0xff, 0xff, 0xff, 0xff,
    0xff, 0xff, 0xff, 0xc7, 0xff, 0xff, 0xff, 0xff,
    0xff, 0xff, 0xfc, 0x3f, 0xff, 0xff, 0xff, 0xff,
    0xff, 0xff, 0xe0, 0xff, 0xff, 0xff, 0xff, 0xff,
    0xff, 0xfe, 0x3, 0xff, 0xff, 0xff, 0xff, 0xff,
    0xff, 0xe0, 0x1f, 0xff, 0xff, 0xff, 0xff, 0xff,
    0xff, 0x0, 0x3f, 0xff, 0xff, 0xff, 0xff, 0xff,
    0xf0, 0x0, 0xff, 0xff, 0xff, 0xff, 0xff, 0xfe,
    0x0, 0x1, 0xff, 0xff, 0xff, 0xff, 0xff, 0xc0,
    0x0, 0x0, 0xff, 0xff, 0xff, 0xff, 0xe0, 0x0,

    /* U+00DD "Ý" */
    0x0, 0x0, 0x0, 0x0, 0xff, 0xc0, 0x0, 0x0,
    0x0, 0x0, 0x0, 0x1, 0xff, 0x0, 0x0, 0x0,
    0x0, 0x0, 0x0, 0x7, 0xfe, 0x0, 0x0, 0x0,
    0x0, 0x0, 0x0, 0x1f, 0xf8, 0x0, 0x0, 0x0,
    0x0, 0x0, 0x0, 0x3f, 0xe0, 0x0, 0x0, 0x0,
    0x0, 0x0, 0x0, 0xff, 0x80, 0x0, 0x0, 0x0,
    0x0, 0x0, 0x3, 0xff, 0x0, 0x0, 0x0, 0x0,
    0x0, 0x0, 0x7, 0xfc, 0x0, 0x0, 0x0, 0x0,
    0x0, 0x0, 0x1f, 0xf0, 0x0, 0x0, 0x0, 0x0,
    0x0, 0x0, 0x3f, 0xe0, 0x0, 0x0, 0x0, 0x0,
    0x0, 0x0, 0xff, 0x80, 0x0, 0x0, 0x0, 0x0,
    0x0, 0x3, 0xfe, 0x0, 0x0, 0x0, 0x0, 0x0,
    0x0, 0x7, 0xf8, 0x0, 0x0, 0x0, 0x0, 0x0,
    0x0, 0x0, 0x0, 0x0, 0x0, 0x0, 0x0, 0x0,
    0x0, 0x0, 0x0, 0x0, 0x0, 0x0, 0x7f, 0xf8,
    0x0, 0x0, 0x0, 0x0, 0xf, 0xff, 0xff, 0xf8,
    0x0, 0x0, 0x0, 0x0, 0x1f, 0xfe, 0xff, 0xf8,
    0x0, 0x0, 0x0, 0x0, 0x7f, 0xf8, 0xff, 0xf0,
    0x0, 0x0, 0x0, 0x1, 0xff, 0xe0, 0xff, 0xf0,
    0x0, 0x0, 0x0, 0x7, 0xff, 0xc1, 0xff, 0xf0,
    0x0, 0x0, 0x0, 0xf, 0xff, 0x1, 0xff, 0xf0,
    0x0, 0x0, 0x0, 0x3f, 0xfc, 0x1, 0xff, 0xe0,
    0x0, 0x0, 0x0, 0xff, 0xf0, 0x1, 0xff, 0xe0,
    0x0, 0x0, 0x3, 0xff, 0xe0, 0x3, 0xff, 0xe0,
    0x0, 0x0, 0x7, 0xff, 0x80, 0x3, 0xff, 0xc0,
    0x0, 0x0, 0x1f, 0xfe, 0x0, 0x3, 0xff, 0xc0,
    0x0, 0x0, 0x7f, 0xf8, 0x0, 0x3, 0xff, 0xc0,
    0x0, 0x1, 0xff, 0xe0, 0x0, 0x3, 0xff, 0xc0,
    0x0, 0x3, 0xff, 0xc0, 0x0, 0x7, 0xff, 0x80,
    0x0, 0xf, 0xff, 0x0, 0x0, 0x7, 0xff, 0x80,
    0x0, 0x3f, 0xfc, 0x0, 0x0, 0x7, 0xff, 0x80,
    0x0, 0x7f, 0xf0, 0x0, 0x0, 0x7, 0xff, 0x80,
    0x1, 0xff, 0xe0, 0x0, 0x0, 0xf, 0xff, 0x0,
    0x7, 0xff, 0x80, 0x0, 0x0, 0xf, 0xff, 0x0,
    0x1f, 0xfe, 0x0, 0x0, 0x0, 0xf, 0xff, 0x0,
    0x3f, 0xf8, 0x0, 0x0, 0x0, 0xf, 0xff, 0x0,
    0xff, 0xf0, 0x0, 0x0, 0x0, 0x1f, 0xfe, 0x3,
    0xff, 0xc0, 0x0, 0x0, 0x0, 0x1f, 0xfe, 0xf,
    0xff, 0x0, 0x0, 0x0, 0x0, 0x1f, 0xfe, 0x1f,
    0xfc, 0x0, 0x0, 0x0, 0x0, 0x1f, 0xfc, 0x7f,
    0xf8, 0x0, 0x0, 0x0, 0x0, 0x3f, 0xfd, 0xff,
    0xe0, 0x0, 0x0, 0x0, 0x0, 0x3f, 0xff, 0xff,
    0x80, 0x0, 0x0, 0x0, 0x0, 0x3f, 0xff, 0xfe,
    0x0, 0x0, 0x0, 0x0, 0x0, 0x3f, 0xff, 0xfc,
    0x0, 0x0, 0x0, 0x0, 0x0, 0x7f, 0xff, 0xf0,
    0x0, 0x0, 0x0, 0x0, 0x0, 0x7f, 0xff, 0xc0,
    0x0, 0x0, 0x0, 0x0, 0x0, 0x7f, 0xff, 0x0,
    0x0, 0x0, 0x0, 0x0, 0x0, 0x7f, 0xfc, 0x0,
    0x0, 0x0, 0x0, 0x0, 0x0, 0xff, 0xf8, 0x0,
    0x0, 0x0, 0x0, 0x0, 0x0, 0xff, 0xe0, 0x0,
    0x0, 0x0, 0x0, 0x0, 0x1, 0xff, 0xc0, 0x0,
    0x0, 0x0, 0x0, 0x0, 0x3, 0xff, 0x80, 0x0,
    0x0, 0x0, 0x0, 0x0, 0x7, 0xff, 0x0, 0x0,
    0x0, 0x0, 0x0, 0x0, 0xf, 0xfe, 0x0, 0x0,
    0x0, 0x0, 0x0, 0x0, 0x1f, 0xfc, 0x0, 0x0,
    0x0, 0x0, 0x0, 0x0, 0x3f, 0xf8, 0x0, 0x0,
    0x0, 0x0, 0x0, 0x0, 0x7f, 0xf0, 0x0, 0x0,
    0x0, 0x0, 0x0, 0x0, 0xff, 0xe0, 0x0, 0x0,
    0x0, 0x0, 0x0, 0x1, 0xff, 0xc0, 0x0, 0x0,
    0x0, 0x0, 0x0, 0x3, 0xff, 0x80, 0x0, 0x0,
    0x0, 0x0, 0x0, 0x7, 0xff, 0x0, 0x0, 0x0,
    0x0, 0x0, 0x0, 0xf, 0xfe, 0x0, 0x0, 0x0,
    0x0, 0x0, 0x0, 0x1f, 0xfc, 0x0, 0x0, 0x0,
    0x0, 0x0, 0x0, 0x3f, 0xf8, 0x0, 0x0, 0x0,
    0x0, 0x0, 0x0, 0x7f, 0xf0, 0x0, 0x0, 0x0,

    /* U+00DE "Þ" */
    0xff, 0xe0, 0x0, 0x0, 0x0, 0x0, 0x0, 0xff,
    0xe0, 0x0, 0x0, 0x0, 0x0, 0x0, 0xff, 0xe0,
    0x0, 0x0, 0x0, 0x0, 0x0, 0xff, 0xe0, 0x0,
    0x0, 0x0, 0x0, 0x0, 0xff, 0xe0, 0x0, 0x0,
    0x0, 0x0, 0x0, 0xff, 0xe0, 0x0, 0x0, 0x0,
    0x0, 0x0, 0xff, 0xe0, 0x0, 0x0, 0x0, 0x0,
    0x0, 0xff, 0xe0, 0x0, 0x0, 0x0, 0x0, 0x0,
    0xff, 0xe0, 0x0, 0x0, 0x0, 0x0, 0x0, 0xff,
    0xe0, 0x0, 0x0, 0x0, 0x0, 0x0, 0xff, 0xe0,
    0x0, 0x0, 0x0, 0x0, 0x0, 0xff, 0xff, 0xff,
    0xff, 0xff, 0xfc, 0x0, 0xff, 0xff, 0xff, 0xff,
    0xff, 0xff, 0xc0, 0xff, 0xff, 0xff, 0xff, 0xff,
    0xff, 0xe0, 0xff, 0xff, 0xff, 0xff, 0xff, 0xff,
    0xf8, 0xff, 0xff, 0xff, 0xff, 0xff, 0xff, 0xfc,
    0xff, 0xff, 0xff, 0xff, 0xff, 0xff, 0xfc, 0xff,
    0xff, 0xff, 0xff, 0xff, 0xff, 0xfe, 0xff, 0xff,
    0xff, 0xff, 0xff, 0xff, 0xfe, 0xff, 0xe0, 0x0,
    0x0, 0x0, 0x3f, 0xfe, 0xff, 0xe0, 0x0, 0x0,
    0x0, 0xf, 0xff, 0xff, 0xe0, 0x0, 0x0, 0x0,
    0xf, 0xff, 0xff, 0xe0, 0x0, 0x0, 0x0, 0x7,
    0xff, 0xff, 0xe0, 0x0, 0x0, 0x0, 0x7, 0xff,
    0xff, 0xe0, 0x0, 0x0, 0x0, 0x7, 0xff, 0xff,
    0xe0, 0x0, 0x0, 0x0, 0x7, 0xff, 0xff, 0xe0,
    0x0, 0x0, 0x0, 0x7, 0xff, 0xff, 0xe0, 0x0,
    0x0, 0x0, 0x7, 0xff, 0xff, 0xe0, 0x0, 0x0,
    0x0, 0x7, 0xff, 0xff, 0xe0, 0x0, 0x0, 0x0,
    0x7, 0xff, 0xff, 0xe0, 0x0, 0x0, 0x0, 0xf,
    0xff, 0xff, 0xe0, 0x0, 0x0, 0x0, 0xf, 0xff,
    0xff, 0xe0, 0x0, 0x0, 0x0, 0x3f, 0xfe, 0xff,
    0xff, 0xff, 0xff, 0xff, 0xff, 0xfe, 0xff, 0xff,
    0xff, 0xff, 0xff, 0xff, 0xfe, 0xff, 0xff, 0xff,
    0xff, 0xff, 0xff, 0xfc, 0xff, 0xff, 0xff, 0xff,
    0xff, 0xff, 0xfc, 0xff, 0xff, 0xff, 0xff, 0xff,
    0xff, 0xf8, 0xff, 0xff, 0xff, 0xff, 0xff, 0xff,
    0xf0, 0xff, 0xff, 0xff, 0xff, 0xff, 0xff, 0xc0,
    0xff, 0xff, 0xff, 0xff, 0xff, 0xfe, 0x0, 0xff,
    0xe0, 0x0, 0x0, 0x0, 0x0, 0x0, 0xff, 0xe0,
    0x0, 0x0, 0x0, 0x0, 0x0, 0xff, 0xe0, 0x0,
    0x0, 0x0, 0x0, 0x0, 0xff, 0xe0, 0x0, 0x0,
    0x0, 0x0, 0x0, 0xff, 0xe0, 0x0, 0x0, 0x0,
    0x0, 0x0, 0xff, 0xe0, 0x0, 0x0, 0x0, 0x0,
    0x0, 0xff, 0xe0, 0x0, 0x0, 0x0, 0x0, 0x0,
    0xff, 0xe0, 0x0, 0x0, 0x0, 0x0, 0x0, 0xff,
    0xe0, 0x0, 0x0, 0x0, 0x0, 0x0, 0xff, 0xe0,
    0x0, 0x0, 0x0, 0x0, 0x0,

    /* U+00DF "ß" */
    0x0, 0x7f, 0xff, 0xf0, 0x0, 0x0, 0x0, 0x1,
    0xff, 0xff, 0xff, 0x0, 0x0, 0x0, 0x3, 0xff,
    0xff, 0xff, 0xe0, 0x0, 0x0, 0x3, 0xff, 0xff,
    0xff, 0xf8, 0x0, 0x0, 0x3, 0xff, 0xff, 0xff,
    0xfe, 0x0, 0x0, 0x1, 0xff, 0xff, 0xff, 0xff,
    0x0, 0x0, 0x1, 0xff, 0xff, 0xff, 0xff, 0xc0,
    0x0, 0x0, 0xff, 0xff, 0xff, 0xff, 0xe0, 0x0,
    0x0, 0xff, 0xf8, 0x0, 0xff, 0xf0, 0x0, 0x0,
    0x7f, 0xf0, 0x0, 0x1f, 0xfc, 0x0, 0x0, 0x3f,
    0xf8, 0x0, 0xf, 0xfe, 0x0, 0x0, 0x1f, 0xf8,
    0x0, 0x3, 0xff, 0x0, 0x0, 0xf, 0xfc, 0x0,
    0x1, 0xff, 0x80, 0x0, 0x7, 0xfe, 0x0, 0x0,
    0xff, 0xc0, 0x0, 0x3, 0xff, 0x0, 0x0, 0x7f,
    0xe0, 0x0, 0x1, 0xff, 0x80, 0x0, 0x3f, 0xf0,
    0x0, 0x0, 0xff, 0xc0, 0x0, 0x1f, 0xf8, 0x0,
    0x0, 0x7f, 0xe0, 0x0, 0xf, 0xfc, 0x0, 0x0,
    0x3f, 0xf0, 0x0, 0x7, 0xfe, 0x0, 0x0, 0x1f,
    0xf8, 0x0, 0x3, 0xff, 0x0, 0x0, 0xf, 0xfc,
    0x0, 0x1, 0xff, 0x80, 0x0, 0x7, 0xfe, 0x0,
    0x0, 0xff, 0xc0, 0x0, 0x3, 0xff, 0x0, 0x0,
    0x7f, 0xe0, 0x0, 0x1, 0xff, 0x80, 0x0, 0x3f,
    0xf0, 0x0, 0x0, 0xff, 0xc0, 0x0, 0x1f, 0xfc,
    0x0, 0x0, 0x7f, 0xe0, 0x0, 0xf, 0xff, 0xff,
    0xf0, 0x3f, 0xf0, 0x0, 0x7, 0xff, 0xff, 0xfe,
    0x1f, 0xf8, 0x0, 0x1, 0xff, 0xff, 0xff, 0x8f,
    0xfc, 0x0, 0x0, 0xff, 0xff, 0xff, 0xe7, 0xfe,
    0x0, 0x0, 0x3f, 0xff, 0xff, 0xfb, 0xff, 0x0,
    0x0, 0x1f, 0xff, 0xff, 0xfd, 0xff, 0x80, 0x0,
    0x7, 0xff, 0xff, 0xfe, 0xff, 0xc0, 0x0, 0x0,
    0x7f, 0xff, 0xff, 0xff, 0xe0, 0x0, 0x0, 0x0,
    0x3, 0xff, 0xff, 0xf0, 0x0, 0x0, 0x0, 0x0,
    0xff, 0xff, 0xf8, 0x0, 0x0, 0x0, 0x0, 0x3f,
    0xff, 0xfc, 0x0, 0x0, 0x0, 0x0, 0x1f, 0xff,
    0xfe, 0x0, 0x0, 0x0, 0x0, 0xf, 0xff, 0xff,
    0x0, 0x0, 0x0, 0x0, 0x7, 0xff, 0xff, 0x80,
    0x0, 0x0, 0x0, 0x3, 0xff, 0xff, 0xc0, 0x0,
    0x0, 0x0, 0x1, 0xff, 0xff, 0xe0, 0x0, 0x0,
    0x0, 0x0, 0xff, 0xff, 0xf0, 0x0, 0x0, 0x0,
    0x0, 0x7f, 0xff, 0xf8, 0x0, 0x0, 0x0, 0x0,
    0x3f, 0xff, 0xfc, 0x0, 0x0, 0x0, 0x0, 0x1f,
    0xff, 0xfe, 0x0, 0x0, 0x0, 0x0, 0xf, 0xff,
    0xff, 0x0, 0x0, 0x0, 0x0, 0xf, 0xff, 0xff,
    0x80, 0x0, 0x0, 0x0, 0xf, 0xff, 0xff, 0xc0,
    0x3f, 0xff, 0xff, 0xff, 0xff, 0xff, 0xe0, 0x1f,
    0xff, 0xff, 0xff, 0xff, 0xbf, 0xf0, 0xf, 0xff,
    0xff, 0xff, 0xff, 0xdf, 0xf8, 0x7, 0xff, 0xff,
    0xff, 0xff, 0xef, 0xfc, 0x3, 0xff, 0xff, 0xff,
    0xff, 0xe7, 0xfe, 0x1, 0xff, 0xff, 0xff, 0xff,
    0xe3, 0xff, 0x0, 0xff, 0xff, 0xff, 0xff, 0xe1,
    0xff, 0x80, 0x7f, 0xff, 0xff, 0xff, 0x80,

    /* U+00E0 "à" */
    0x0, 0x0, 0x7e, 0x0, 0x0, 0x0, 0x0, 0x0,
    0x3f, 0xf0, 0x0, 0x0, 0x0, 0x0, 0x3, 0xfe,
    0x0, 0x0, 0x0, 0x0, 0x0, 0x7f, 0xe0, 0x0,
    0x0, 0x0, 0x0, 0x7, 0xfc, 0x0, 0x0, 0x0,
    0x0, 0x0, 0xff, 0xc0, 0x0, 0x0, 0x0, 0x0,
    0xf, 0xf8, 0x0, 0x0, 0x0, 0x0, 0x1, 0xff,
    0x80, 0x0, 0x0, 0x0, 0x0, 0x1f, 0xf0, 0x0,
    0x0, 0x0, 0x0, 0x3, 0xff, 0x0, 0x0, 0x0,
    0x0, 0x0, 0x3f, 0xe0, 0x0, 0x0, 0x0, 0x0,
    0x7, 0xfe, 0x0, 0x0, 0x0, 0x0, 0x0, 0x7f,
    0xc0, 0x0, 0x0, 0x0, 0x0, 0x7, 0xfc, 0x0,
    0x0, 0x0, 0x0, 0x0, 0xff, 0x80, 0x0, 0x0,
    0x0, 0x0, 0xf, 0xf0, 0x0, 0x0, 0x0, 0x0,
    0x1, 0xff, 0x0, 0x0, 0x0, 0x0, 0x0, 0xf,
    0x80, 0x0, 0x0, 0x0, 0x0, 0x0, 0x0, 0x0,
    0x0, 0x0, 0x0, 0x0, 0x0, 0x0, 0x0, 0x7,
    0xff, 0xff, 0xff, 0xff, 0xf0, 0x0, 0xff, 0xff,
    0xff, 0xff, 0xff, 0xe0, 0x1f, 0xff, 0xff, 0xff,
    0xff, 0xff, 0x3, 0xff, 0xff, 0xff, 0xff, 0xff,
    0xf0, 0x7f, 0xff, 0xff, 0xff, 0xff, 0xff, 0xf,
    0xff, 0xff, 0xff, 0xff, 0xff, 0xf1, 0xff, 0xff,
    0xff, 0xff, 0xff, 0xff, 0x3f, 0xff, 0xff, 0xff,
    0xff, 0xff, 0xe0, 0x0, 0x0, 0x0, 0x0, 0x7f,
    0xfc, 0x0, 0x0, 0x0, 0x0, 0x3, 0xff, 0x80,
    0x0, 0x0, 0x0, 0x0, 0x3f, 0xf8, 0x0, 0x0,
    0x0, 0x0, 0x7, 0xff, 0x0, 0x0, 0x0, 0x0,
    0x0, 0x7f, 0xe0, 0x0, 0x0, 0x0, 0x0, 0xf,
    0xfc, 0x0, 0x0, 0x0, 0x0, 0x1, 0xff, 0x80,
    0x0, 0x0, 0x0, 0x0, 0x3f, 0xf0, 0x0, 0x0,
    0x0, 0x0, 0x7, 0xfe, 0x3, 0xff, 0xff, 0xff,
    0xff, 0xff, 0xc3, 0xff, 0xff, 0xff, 0xff, 0xff,
    0xf9, 0xff, 0xff, 0xff, 0xff, 0xff, 0xff, 0x7f,
    0xff, 0xff, 0xff, 0xff, 0xff, 0xef, 0xff, 0xff,
    0xff, 0xff, 0xff, 0xfd, 0xff, 0xff, 0xff, 0xff,
    0xff, 0xff, 0xff, 0xf0, 0x0, 0x0, 0x0, 0x3f,
    0xff, 0xfc, 0x0, 0x0, 0x0, 0x7, 0xff, 0xff,
    0x80, 0x0, 0x0, 0x0, 0xff, 0xff, 0xf0, 0x0,
    0x0, 0x0, 0x1f, 0xff, 0xfe, 0x0, 0x0, 0x0,
    0x3, 0xff, 0xff, 0xc0, 0x0, 0x0, 0x0, 0x7f,
    0xff, 0xf8, 0x0, 0x0, 0x0, 0xf, 0xff, 0xff,
    0x0, 0x0, 0x0, 0x1, 0xff, 0xff, 0xf0, 0x0,
    0x0, 0x0, 0x7f, 0xff, 0xff, 0xff, 0xff, 0xff,
    0xff, 0xff, 0xff, 0xff, 0xff, 0xff, 0xff, 0xff,
    0xdf, 0xff, 0xff, 0xff, 0xff, 0xff, 0xfb, 0xff,
    0xff, 0xff, 0xff, 0xff, 0xff, 0x7f, 0xff, 0xff,
    0xff, 0xff, 0xff, 0xe7, 0xff, 0xff, 0xff, 0xff,
    0xff, 0xfc, 0x3f, 0xff, 0xff, 0xff, 0xff, 0xff,
    0x1, 0xff, 0xff, 0xff, 0xff, 0xff, 0xc0,

    /* U+00E1 "á" */
    0x0, 0x0, 0x0, 0xf, 0xe0, 0x0, 0x0, 0x0,
    0x0, 0x7, 0xfe, 0x0, 0x0, 0x0, 0x0, 0x0,
    0xff, 0xc0, 0x0, 0x0, 0x0, 0x0, 0x3f, 0xf0,
    0x0, 0x0, 0x0, 0x0, 0x7, 0xfc, 0x0, 0x0,
    0x0, 0x0, 0x1, 0xff, 0x80, 0x0, 0x0, 0x0,
    0x0, 0x3f, 0xe0, 0x0, 0x0, 0x0, 0x0, 0xf,
    0xfc, 0x0, 0x0, 0x0, 0x0, 0x1, 0xff, 0x0,
    0x0, 0x0, 0x0, 0x0, 0x7f, 0xe0, 0x0, 0x0,
    0x0, 0x0, 0xf, 0xf8, 0x0, 0x0, 0x0, 0x0,
    0x1, 0xff, 0x0, 0x0, 0x0, 0x0, 0x0, 0x7f,
    0xc0, 0x0, 0x0, 0x0, 0x0, 0xf, 0xf8, 0x0,
    0x0, 0x0, 0x0, 0x3, 0xfe, 0x0, 0x0, 0x0,
    0x0, 0x0, 0x7f, 0x80, 0x0, 0x0, 0x0, 0x0,
    0x1f, 0xf0, 0x0, 0x0, 0x0, 0x0, 0x1, 0xf8,
    0x0, 0x0, 0x0, 0x0, 0x0, 0x0, 0x0, 0x0,
    0x0, 0x0, 0x0, 0x0, 0x0, 0x0, 0x0, 0x7,
    0xff, 0xff, 0xff, 0xff, 0xf0, 0x0, 0xff, 0xff,
    0xff, 0xff, 0xff, 0xe0, 0x1f, 0xff, 0xff, 0xff,
    0xff, 0xff, 0x3, 0xff, 0xff, 0xff, 0xff, 0xff,
    0xf0, 0x7f, 0xff, 0xff, 0xff, 0xff, 0xff, 0xf,
    0xff, 0xff, 0xff, 0xff, 0xff, 0xf1, 0xff, 0xff,
    0xff, 0xff, 0xff, 0xff, 0x3f, 0xff, 0xff, 0xff,
    0xff, 0xff, 0xe0, 0x0, 0x0, 0x0, 0x0, 0x7f,
    0xfc, 0x0, 0x0, 0x0, 0x0, 0x3, 0xff, 0x80,
    0x0, 0x0, 0x0, 0x0, 0x3f, 0xf8, 0x0, 0x0,
    0x0, 0x0, 0x7, 0xff, 0x0, 0x0, 0x0, 0x0,
    0x0, 0x7f, 0xe0, 0x0, 0x0, 0x0, 0x0, 0xf,
    0xfc, 0x0, 0x0, 0x0, 0x0, 0x1, 0xff, 0x80,
    0x0, 0x0, 0x0, 0x0, 0x3f, 0xf0, 0x0, 0x0,
    0x0, 0x0, 0x7, 0xfe, 0x3, 0xff, 0xff, 0xff,
    0xff, 0xff, 0xc3, 0xff, 0xff, 0xff, 0xff, 0xff,
    0xf9, 0xff, 0xff, 0xff, 0xff, 0xff, 0xff, 0x7f,
    0xff, 0xff, 0xff, 0xff, 0xff, 0xef, 0xff, 0xff,
    0xff, 0xff, 0xff, 0xfd, 0xff, 0xff, 0xff, 0xff,
    0xff, 0xff, 0xff, 0xf0, 0x0, 0x0, 0x0, 0x3f,
    0xff, 0xfc, 0x0, 0x0, 0x0, 0x7, 0xff, 0xff,
    0x80, 0x0, 0x0, 0x0, 0xff, 0xff, 0xf0, 0x0,
    0x0, 0x0, 0x1f, 0xff, 0xfe, 0x0, 0x0, 0x0,
    0x3, 0xff, 0xff, 0xc0, 0x0, 0x0, 0x0, 0x7f,
    0xff, 0xf8, 0x0, 0x0, 0x0, 0xf, 0xff, 0xff,
    0x0, 0x0, 0x0, 0x1, 0xff, 0xff, 0xf0, 0x0,
    0x0, 0x0, 0x7f, 0xff, 0xff, 0xff, 0xff, 0xff,
    0xff, 0xff, 0xff, 0xff, 0xff, 0xff, 0xff, 0xff,
    0xdf, 0xff, 0xff, 0xff, 0xff, 0xff, 0xfb, 0xff,
    0xff, 0xff, 0xff, 0xff, 0xff, 0x7f, 0xff, 0xff,
    0xff, 0xff, 0xff, 0xe7, 0xff, 0xff, 0xff, 0xff,
    0xff, 0xfc, 0x3f, 0xff, 0xff, 0xff, 0xff, 0xff,
    0x1, 0xff, 0xff, 0xff, 0xff, 0xff, 0xc0,

    /* U+00E2 "â" */
    0x0, 0x0, 0xf, 0xfe, 0x0, 0x0, 0x0, 0x0,
    0x3, 0xff, 0xc0, 0x0, 0x0, 0x0, 0x0, 0x7f,
    0xfc, 0x0, 0x0, 0x0, 0x0, 0x1f, 0xff, 0xc0,
    0x0, 0x0, 0x0, 0x7, 0xff, 0xf8, 0x0, 0x0,
    0x0, 0x0, 0xff, 0xff, 0x80, 0x0, 0x0, 0x0,
    0x3f, 0xcf, 0xf0, 0x0, 0x0, 0x0, 0x7, 0xf8,
    0xff, 0x0, 0x0, 0x0, 0x1, 0xfe, 0x1f, 0xf0,
    0x0, 0x0, 0x0, 0x7f, 0xc1, 0xfe, 0x0, 0x0,
    0x0, 0xf, 0xf0, 0x3f, 0xe0, 0x0, 0x0, 0x3,
    0xfe, 0x3, 0xfc, 0x0, 0x0, 0x0, 0x7f, 0x80,
    0x7f, 0xc0, 0x0, 0x0, 0x1f, 0xf0, 0x7, 0xfc,
    0x0, 0x0, 0x7, 0xfc, 0x0, 0xff, 0x80, 0x0,
    0x0, 0xff, 0x80, 0xf, 0xf8, 0x0, 0x0, 0x0,
    0x0, 0x0, 0x0, 0x0, 0x0, 0x0, 0x0, 0x0,
    0x0, 0x0, 0x0, 0x0, 0x0, 0x0, 0x0, 0x0,
    0x0, 0x3f, 0xff, 0xff, 0xff, 0xff, 0x80, 0x7,
    0xff, 0xff, 0xff, 0xff, 0xff, 0x0, 0xff, 0xff,
    0xff, 0xff, 0xff, 0xf8, 0x1f, 0xff, 0xff, 0xff,
    0xff, 0xff, 0x83, 0xff, 0xff, 0xff, 0xff, 0xff,
    0xf8, 0x7f, 0xff, 0xff, 0xff, 0xff, 0xff, 0x8f,
    0xff, 0xff, 0xff, 0xff, 0xff, 0xf9, 0xff, 0xff,
    0xff, 0xff, 0xff, 0xff, 0x0, 0x0, 0x0, 0x0,
    0x3, 0xff, 0xe0, 0x0, 0x0, 0x0, 0x0, 0x1f,
    0xfc, 0x0, 0x0, 0x0, 0x0, 0x1, 0xff, 0xc0,
    0x0, 0x0, 0x0, 0x0, 0x3f, 0xf8, 0x0, 0x0,
    0x0, 0x0, 0x3, 0xff, 0x0, 0x0, 0x0, 0x0,
    0x0, 0x7f, 0xe0, 0x0, 0x0, 0x0, 0x0, 0xf,
    0xfc, 0x0, 0x0, 0x0, 0x0, 0x1, 0xff, 0x80,
    0x0, 0x0, 0x0, 0x0, 0x3f, 0xf0, 0x1f, 0xff,
    0xff, 0xff, 0xff, 0xfe, 0x1f, 0xff, 0xff, 0xff,
    0xff, 0xff, 0xcf, 0xff, 0xff, 0xff, 0xff, 0xff,
    0xfb, 0xff, 0xff, 0xff, 0xff, 0xff, 0xff, 0x7f,
    0xff, 0xff, 0xff, 0xff, 0xff, 0xef, 0xff, 0xff,
    0xff, 0xff, 0xff, 0xff, 0xff, 0x80, 0x0, 0x0,
    0x1, 0xff, 0xff, 0xe0, 0x0, 0x0, 0x0, 0x3f,
    0xff, 0xfc, 0x0, 0x0, 0x0, 0x7, 0xff, 0xff,
    0x80, 0x0, 0x0, 0x0, 0xff, 0xff, 0xf0, 0x0,
    0x0, 0x0, 0x1f, 0xff, 0xfe, 0x0, 0x0, 0x0,
    0x3, 0xff, 0xff, 0xc0, 0x0, 0x0, 0x0, 0x7f,
    0xff, 0xf8, 0x0, 0x0, 0x0, 0xf, 0xff, 0xff,
    0x80, 0x0, 0x0, 0x3, 0xff, 0xff, 0xff, 0xff,
    0xff, 0xff, 0xff, 0xff, 0xff, 0xff, 0xff, 0xff,
    0xff, 0xfe, 0xff, 0xff, 0xff, 0xff, 0xff, 0xff,
    0xdf, 0xff, 0xff, 0xff, 0xff, 0xff, 0xfb, 0xff,
    0xff, 0xff, 0xff, 0xff, 0xff, 0x3f, 0xff, 0xff,
    0xff, 0xff, 0xff, 0xe1, 0xff, 0xff, 0xff, 0xff,
    0xff, 0xf8, 0xf, 0xff, 0xff, 0xff, 0xff, 0xfe,
    0x0,

    /* U+00E3 "ã" */
    0x0, 0x0, 0x0, 0x0, 0x1, 0xe0, 0x0, 0x1,
    0xff, 0x0, 0x0, 0xfe, 0x0, 0x0, 0xff, 0xfc,
    0x0, 0x1f, 0xc0, 0x0, 0x3f, 0xff, 0xc0, 0x3,
    0xf8, 0x0, 0xf, 0xff, 0xfe, 0x0, 0x7f, 0x0,
    0x1, 0xff, 0xff, 0xe0, 0xf, 0xe0, 0x0, 0x3f,
    0xff, 0xfe, 0x1, 0xfc, 0x0, 0xf, 0xf0, 0x7f,
    0xf0, 0x7f, 0x80, 0x1, 0xfc, 0x3, 0xff, 0xff,
    0xe0, 0x0, 0x3f, 0x80, 0x3f, 0xff, 0xfc, 0x0,
    0x7, 0xf0, 0x3, 0xff, 0xff, 0x80, 0x0, 0xfe,
    0x0, 0x1f, 0xff, 0xe0, 0x0, 0x1f, 0xc0, 0x1,
    0xff, 0xf8, 0x0, 0x3, 0xf8, 0x0, 0x7, 0xfc,
    0x0, 0x0, 0x0, 0x0, 0x0, 0x0, 0x0, 0x0,
    0x0, 0x0, 0x0, 0x0, 0x0, 0x0, 0x0, 0x0,
    0x0, 0x0, 0x0, 0x0, 0x0, 0x0, 0x0, 0x0,
    0x0, 0x0, 0x1, 0xff, 0xff, 0xff, 0xff, 0xfc,
    0x0, 0x3f, 0xff, 0xff, 0xff, 0xff, 0xf8, 0x7,
    0xff, 0xff, 0xff, 0xff, 0xff, 0xc0, 0xff, 0xff,
    0xff, 0xff, 0xff, 0xfc, 0x1f, 0xff, 0xff, 0xff,
    0xff, 0xff, 0xc3, 0xff, 0xff, 0xff, 0xff, 0xff,
    0xfc, 0x7f, 0xff, 0xff, 0xff, 0xff, 0xff, 0xcf,
    0xff, 0xff, 0xff, 0xff, 0xff, 0xf8, 0x0, 0x0,
    0x0, 0x0, 0x1f, 0xff, 0x0, 0x0, 0x0, 0x0,
    0x0, 0xff, 0xe0, 0x0, 0x0, 0x0, 0x0, 0xf,
    0xfe, 0x0, 0x0, 0x0, 0x0, 0x1, 0xff, 0xc0,
    0x0, 0x0, 0x0, 0x0, 0x1f, 0xf8, 0x0, 0x0,
    0x0, 0x0, 0x3, 0xff, 0x0, 0x0, 0x0, 0x0,
    0x0, 0x7f, 0xe0, 0x0, 0x0, 0x0, 0x0, 0xf,
    0xfc, 0x0, 0x0, 0x0, 0x0, 0x1, 0xff, 0x80,
    0xff, 0xff, 0xff, 0xff, 0xff, 0xf0, 0xff, 0xff,
    0xff, 0xff, 0xff, 0xfe, 0x7f, 0xff, 0xff, 0xff,
    0xff, 0xff, 0xdf, 0xff, 0xff, 0xff, 0xff, 0xff,
    0xfb, 0xff, 0xff, 0xff, 0xff, 0xff, 0xff, 0x7f,
    0xff, 0xff, 0xff, 0xff, 0xff, 0xff, 0xfc, 0x0,
    0x0, 0x0, 0xf, 0xff, 0xff, 0x0, 0x0, 0x0,
    0x1, 0xff, 0xff, 0xe0, 0x0, 0x0, 0x0, 0x3f,
    0xff, 0xfc, 0x0, 0x0, 0x0, 0x7, 0xff, 0xff,
    0x80, 0x0, 0x0, 0x0, 0xff, 0xff, 0xf0, 0x0,
    0x0, 0x0, 0x1f, 0xff, 0xfe, 0x0, 0x0, 0x0,
    0x3, 0xff, 0xff, 0xc0, 0x0, 0x0, 0x0, 0x7f,
    0xff, 0xfc, 0x0, 0x0, 0x0, 0x1f, 0xff, 0xff,
    0xff, 0xff, 0xff, 0xff, 0xff, 0xff, 0xff, 0xff,
    0xff, 0xff, 0xff, 0xf7, 0xff, 0xff, 0xff, 0xff,
    0xff, 0xfe, 0xff, 0xff, 0xff, 0xff, 0xff, 0xff,
    0xdf, 0xff, 0xff, 0xff, 0xff, 0xff, 0xf9, 0xff,
    0xff, 0xff, 0xff, 0xff, 0xff, 0xf, 0xff, 0xff,
    0xff, 0xff, 0xff, 0xc0, 0x7f, 0xff, 0xff, 0xff,
    0xff, 0xf0,

    /* U+00E4 "ä" */
    0x0, 0x3f, 0xf0, 0x1, 0xff, 0x80, 0x0, 0x7,
    0xfe, 0x0, 0x3f, 0xf0, 0x0, 0x0, 0xff, 0xc0,
    0x7, 0xfe, 0x0, 0x0, 0x1f, 0xf8, 0x0, 0xff,
    0xc0, 0x0, 0x3, 0xff, 0x0, 0x1f, 0xf8, 0x0,
    0x0, 0x7f, 0xe0, 0x3, 0xff, 0x0, 0x0, 0xf,
    0xfc, 0x0, 0x7f, 0xe0, 0x0, 0x1, 0xff, 0x80,
    0xf, 0xfc, 0x0, 0x0, 0x3f, 0xf0, 0x1, 0xff,
    0x80, 0x0, 0x7, 0xfe, 0x0, 0x3f, 0xf0, 0x0,
    0x0, 0x0, 0x0, 0x0, 0x0, 0x0, 0x0, 0x0,
    0x0, 0x0, 0x0, 0x0, 0x0, 0x0, 0x0, 0x0,
    0x0, 0x0, 0x0, 0x0, 0x0, 0x0, 0x0, 0x0,
    0x0, 0x0, 0x0, 0x0, 0x0, 0x0, 0x0, 0x3,
    0xff, 0xff, 0xff, 0xff, 0xf8, 0x0, 0x7f, 0xff,
    0xff, 0xff, 0xff, 0xf0, 0xf, 0xff, 0xff, 0xff,
    0xff, 0xff, 0x81, 0xff, 0xff, 0xff, 0xff, 0xff,
    0xf8, 0x3f, 0xff, 0xff, 0xff, 0xff, 0xff, 0x87,
    0xff, 0xff, 0xff, 0xff, 0xff, 0xf8, 0xff, 0xff,
    0xff, 0xff, 0xff, 0xff, 0x9f, 0xff, 0xff, 0xff,
    0xff, 0xff, 0xf0, 0x0, 0x0, 0x0, 0x0, 0x3f,
    0xfe, 0x0, 0x0, 0x0, 0x0, 0x1, 0xff, 0xc0,
    0x0, 0x0, 0x0, 0x0, 0x1f, 0xfc, 0x0, 0x0,
    0x0, 0x0, 0x3, 0xff, 0x80, 0x0, 0x0, 0x0,
    0x0, 0x3f, 0xf0, 0x0, 0x0, 0x0, 0x0, 0x7,
    0xfe, 0x0, 0x0, 0x0, 0x0, 0x0, 0xff, 0xc0,
    0x0, 0x0, 0x0, 0x0, 0x1f, 0xf8, 0x0, 0x0,
    0x0, 0x0, 0x3, 0xff, 0x1, 0xff, 0xff, 0xff,
    0xff, 0xff, 0xe1, 0xff, 0xff, 0xff, 0xff, 0xff,
    0xfc, 0xff, 0xff, 0xff, 0xff, 0xff, 0xff, 0xbf,
    0xff, 0xff, 0xff, 0xff, 0xff, 0xf7, 0xff, 0xff,
    0xff, 0xff, 0xff, 0xfe, 0xff, 0xff, 0xff, 0xff,
    0xff, 0xff, 0xff, 0xf8, 0x0, 0x0, 0x0, 0x1f,
    0xff, 0xfe, 0x0, 0x0, 0x0, 0x3, 0xff, 0xff,
    0xc0, 0x0, 0x0, 0x0, 0x7f, 0xff, 0xf8, 0x0,
    0x0, 0x0, 0xf, 0xff, 0xff, 0x0, 0x0, 0x0,
    0x1, 0xff, 0xff, 0xe0, 0x0, 0x0, 0x0, 0x3f,
    0xff, 0xfc, 0x0, 0x0, 0x0, 0x7, 0xff, 0xff,
    0x80, 0x0, 0x0, 0x0, 0xff, 0xff, 0xf8, 0x0,
    0x0, 0x0, 0x3f, 0xff, 0xff, 0xff, 0xff, 0xff,
    0xff, 0xff, 0xff, 0xff, 0xff, 0xff, 0xff, 0xff,
    0xef, 0xff, 0xff, 0xff, 0xff, 0xff, 0xfd, 0xff,
    0xff, 0xff, 0xff, 0xff, 0xff, 0xbf, 0xff, 0xff,
    0xff, 0xff, 0xff, 0xf3, 0xff, 0xff, 0xff, 0xff,
    0xff, 0xfe, 0x1f, 0xff, 0xff, 0xff, 0xff, 0xff,
    0x80, 0xff, 0xff, 0xff, 0xff, 0xff, 0xe0,

    /* U+00E5 "å" */
    0x0, 0x0, 0x3f, 0xff, 0x80, 0x0, 0x0, 0x0,
    0x1f, 0xff, 0xfc, 0x0, 0x0, 0x0, 0x7, 0xff,
    0xff, 0xc0, 0x0, 0x0, 0x0, 0xff, 0xff, 0xf8,
    0x0, 0x0, 0x0, 0x3f, 0xff, 0xff, 0x80, 0x0,
    0x0, 0x7, 0xe0, 0x3, 0xf0, 0x0, 0x0, 0x0,
    0xf8, 0x0, 0x3e, 0x0, 0x0, 0x0, 0x1f, 0x0,
    0x7, 0xc0, 0x0, 0x0, 0x3, 0xe0, 0x0, 0xf8,
    0x0, 0x0, 0x0, 0x7c, 0x0, 0x1f, 0x0, 0x0,
    0x0, 0xf, 0x80, 0x3, 0xe0, 0x0, 0x0, 0x1,
    0xf0, 0x0, 0x7c, 0x0, 0x0, 0x0, 0x3e, 0x0,
    0xf, 0x80, 0x0, 0x0, 0x7, 0xe0, 0x3, 0xf0,
    0x0, 0x0, 0x0, 0xff, 0xff, 0xfe, 0x0, 0x0,
    0x0, 0xf, 0xff, 0xff, 0x80, 0x0, 0x0, 0x1,
    0xff, 0xff, 0xf0, 0x0, 0x0, 0x0, 0x1f, 0xff,
    0xfc, 0x0, 0x0, 0x0, 0x0, 0xff, 0xfe, 0x0,
    0x0, 0x0, 0x0, 0x0, 0x0, 0x0, 0x0, 0x7,
    0xff, 0xff, 0xff, 0xff, 0xf0, 0x0, 0xff, 0xff,
    0xff, 0xff, 0xff, 0xe0, 0x1f, 0xff, 0xff, 0xff,
    0xff, 0xff, 0x3, 0xff, 0xff, 0xff, 0xff, 0xff,
    0xf0, 0x7f, 0xff, 0xff, 0xff, 0xff, 0xff, 0xf,
    0xff, 0xff, 0xff, 0xff, 0xff, 0xf1, 0xff, 0xff,
    0xff, 0xff, 0xff, 0xff, 0x3f, 0xff, 0xff, 0xff,
    0xff, 0xff, 0xe0, 0x0, 0x0, 0x0, 0x0, 0x7f,
    0xfc, 0x0, 0x0, 0x0, 0x0, 0x3, 0xff, 0x80,
    0x0, 0x0, 0x0, 0x0, 0x3f, 0xf8, 0x0, 0x0,
    0x0, 0x0, 0x7, 0xff, 0x0, 0x0, 0x0, 0x0,
    0x0, 0x7f, 0xe0, 0x0, 0x0, 0x0, 0x0, 0xf,
    0xfc, 0x0, 0x0, 0x0, 0x0, 0x1, 0xff, 0x80,
    0x0, 0x0, 0x0, 0x0, 0x3f, 0xf0, 0x0, 0x0,
    0x0, 0x0, 0x7, 0xfe, 0x3, 0xff, 0xff, 0xff,
    0xff, 0xff, 0xc3, 0xff, 0xff, 0xff, 0xff, 0xff,
    0xf9, 0xff, 0xff, 0xff, 0xff, 0xff, 0xff, 0x7f,
    0xff, 0xff, 0xff, 0xff, 0xff, 0xef, 0xff, 0xff,
    0xff, 0xff, 0xff, 0xfd, 0xff, 0xff, 0xff, 0xff,
    0xff, 0xff, 0xff, 0xf0, 0x0, 0x0, 0x0, 0x3f,
    0xff, 0xfc, 0x0, 0x0, 0x0, 0x7, 0xff, 0xff,
    0x80, 0x0, 0x0, 0x0, 0xff, 0xff, 0xf0, 0x0,
    0x0, 0x0, 0x1f, 0xff, 0xfe, 0x0, 0x0, 0x0,
    0x3, 0xff, 0xff, 0xc0, 0x0, 0x0, 0x0, 0x7f,
    0xff, 0xf8, 0x0, 0x0, 0x0, 0xf, 0xff, 0xff,
    0x0, 0x0, 0x0, 0x1, 0xff, 0xff, 0xf0, 0x0,
    0x0, 0x0, 0x7f, 0xff, 0xff, 0xff, 0xff, 0xff,
    0xff, 0xff, 0xff, 0xff, 0xff, 0xff, 0xff, 0xff,
    0xdf, 0xff, 0xff, 0xff, 0xff, 0xff, 0xfb, 0xff,
    0xff, 0xff, 0xff, 0xff, 0xff, 0x7f, 0xff, 0xff,
    0xff, 0xff, 0xff, 0xe7, 0xff, 0xff, 0xff, 0xff,
    0xff, 0xfc, 0x3f, 0xff, 0xff, 0xff, 0xff, 0xff,
    0x1, 0xff, 0xff, 0xff, 0xff, 0xff, 0xc0,

    /* U+00E6 "æ" */
    0x7f, 0xff, 0xff, 0xff, 0xff, 0x0, 0xf, 0xff,
    0xff, 0xff, 0xf0, 0xf, 0xff, 0xff, 0xff, 0xff,
    0xfe, 0x1f, 0xff, 0xff, 0xff, 0xff, 0xc1, 0xff,
    0xff, 0xff, 0xff, 0xff, 0xff, 0xff, 0xff, 0xff,
    0xff, 0xfc, 0x3f, 0xff, 0xff, 0xff, 0xff, 0xff,
    0xff, 0xff, 0xff, 0xff, 0xff, 0xc7, 0xff, 0xff,
    0xff, 0xff, 0xff, 0xff, 0xff, 0xff, 0xff, 0xff,
    0xfc, 0xff, 0xff, 0xff, 0xff, 0xff, 0xff, 0xff,
    0xff, 0xff, 0xff, 0xff, 0x9f, 0xff, 0xff, 0xff,
    0xff, 0xff, 0xff, 0xff, 0xff, 0xff, 0xff, 0xf3,
    0xff, 0xff, 0xff, 0xff, 0xff, 0xff, 0xff, 0xff,
    0xff, 0xff, 0xff, 0x0, 0x0, 0x0, 0x0, 0x7,
    0xff, 0xfe, 0x0, 0x0, 0x1, 0xff, 0xe0, 0x0,
    0x0, 0x0, 0x0, 0x3f, 0xff, 0x0, 0x0, 0x0,
    0x1f, 0xfc, 0x0, 0x0, 0x0, 0x0, 0x3, 0xff,
    0xc0, 0x0, 0x0, 0x1, 0xff, 0x80, 0x0, 0x0,
    0x0, 0x0, 0x7f, 0xf0, 0x0, 0x0, 0x0, 0x3f,
    0xf0, 0x0, 0x0, 0x0, 0x0, 0x7, 0xfe, 0x0,
    0x0, 0x0, 0x7, 0xfe, 0x0, 0x0, 0x0, 0x0,
    0x0, 0xff, 0xc0, 0x0, 0x0, 0x0, 0xff, 0xc0,
    0x0, 0x0, 0x0, 0x0, 0x1f, 0xf8, 0x0, 0x0,
    0x0, 0x1f, 0xf8, 0x0, 0x0, 0x0, 0x0, 0x3,
    0xff, 0x0, 0x0, 0x0, 0x3, 0xff, 0x0, 0x0,
    0x0, 0x0, 0x0, 0x7f, 0xe0, 0x0, 0x0, 0x0,
    0x7f, 0xe0, 0x3f, 0xff, 0xff, 0xff, 0xff, 0xff,
    0xff, 0xff, 0xff, 0xff, 0xfc, 0x3f, 0xff, 0xff,
    0xff, 0xff, 0xff, 0xff, 0xff, 0xff, 0xff, 0xff,
    0x9f, 0xff, 0xff, 0xff, 0xff, 0xff, 0xff, 0xff,
    0xff, 0xff, 0xff, 0xf7, 0xff, 0xff, 0xff, 0xff,
    0xff, 0xff, 0xff, 0xff, 0xff, 0xff, 0xfe, 0xff,
    0xff, 0xff, 0xff, 0xff, 0xff, 0xff, 0xff, 0xff,
    0xff, 0xff, 0x9f, 0xff, 0xff, 0xff, 0xff, 0xff,
    0xff, 0xff, 0xff, 0xff, 0xff, 0xe7, 0xff, 0x0,
    0x0, 0x0, 0x3, 0xff, 0x0, 0x0, 0x0, 0x0,
    0x0, 0xff, 0xc0, 0x0, 0x0, 0x0, 0x7f, 0xe0,
    0x0, 0x0, 0x0, 0x0, 0x1f, 0xf8, 0x0, 0x0,
    0x0, 0xf, 0xfc, 0x0, 0x0, 0x0, 0x0, 0x3,
    0xff, 0x0, 0x0, 0x0, 0x1, 0xff, 0x80, 0x0,
    0x0, 0x0, 0x0, 0x7f, 0xe0, 0x0, 0x0, 0x0,
    0x3f, 0xf0, 0x0, 0x0, 0x0, 0x0, 0xf, 0xfc,
    0x0, 0x0, 0x0, 0x7, 0xff, 0x0, 0x0, 0x0,
    0x0, 0x1, 0xff, 0x80, 0x0, 0x0, 0x0, 0xff,
    0xe0, 0x0, 0x0, 0x0, 0x0, 0x3f, 0xf0, 0x0,
    0x0, 0x0, 0x1f, 0xfe, 0x0, 0x0, 0x0, 0x0,
    0x7, 0xff, 0x0, 0x0, 0x0, 0x7, 0xff, 0xf0,
    0x0, 0x0, 0x0, 0x0, 0xff, 0xff, 0xff, 0xff,
    0xff, 0xff, 0xff, 0xff, 0xff, 0xff, 0xff, 0xdf,
    0xff, 0xff, 0xff, 0xff, 0xff, 0xff, 0xff, 0xff,
    0xff, 0xff, 0xf9, 0xff, 0xff, 0xff, 0xff, 0xff,
    0xff, 0xff, 0xff, 0xff, 0xff, 0xff, 0x3f, 0xff,
    0xff, 0xff, 0xff, 0xff, 0xff, 0xff, 0xff, 0xff,
    0xff, 0xe7, 0xff, 0xff, 0xff, 0xff, 0xff, 0xff,
    0xff, 0xff, 0xff, 0xff, 0xfc, 0x7f, 0xff, 0xff,
    0xff, 0xff, 0xff, 0xff, 0xff, 0xff, 0xff, 0xff,
    0x83, 0xff, 0xff, 0xff, 0xff, 0xff, 0xff, 0xff,
    0xff, 0xff, 0xff, 0xf0, 0x1f, 0xff, 0xff, 0xff,
    0xff, 0xf8, 0xff, 0xff, 0xff, 0xff, 0xfe,

    /* U+00E7 "ç" */
    0x0, 0x1f, 0xff, 0xff, 0xff, 0xfe, 0x1, 0xff,
    0xff, 0xff, 0xff, 0xff, 0x7, 0xff, 0xff, 0xff,
    0xff, 0xff, 0xf, 0xff, 0xff, 0xff, 0xff, 0xff,
    0x1f, 0xff, 0xff, 0xff, 0xff, 0xff, 0x3f, 0xff,
    0xff, 0xff, 0xff, 0xff, 0x7f, 0xff, 0xff, 0xff,
    0xff, 0xff, 0x7f, 0xff, 0xff, 0xff, 0xff, 0xfe,
    0x7f, 0xfc, 0x0, 0x0, 0x0, 0x0, 0xff, 0xf0,
    0x0, 0x0, 0x0, 0x0, 0xff, 0xe0, 0x0, 0x0,
    0x0, 0x0, 0xff, 0xe0, 0x0, 0x0, 0x0, 0x0,
    0xff, 0xc0, 0x0, 0x0, 0x0, 0x0, 0xff, 0xc0,
    0x0, 0x0, 0x0, 0x0, 0xff, 0xc0, 0x0, 0x0,
    0x0, 0x0, 0xff, 0xc0, 0x0, 0x0, 0x0, 0x0,
    0xff, 0xc0, 0x0, 0x0, 0x0, 0x0, 0xff, 0xc0,
    0x0, 0x0, 0x0, 0x0, 0xff, 0xc0, 0x0, 0x0,
    0x0, 0x0, 0xff, 0xc0, 0x0, 0x0, 0x0, 0x0,
    0xff, 0xc0, 0x0, 0x0, 0x0, 0x0, 0xff, 0xc0,
    0x0, 0x0, 0x0, 0x0, 0xff, 0xc0, 0x0, 0x0,
    0x0, 0x0, 0xff, 0xc0, 0x0, 0x0, 0x0, 0x0,
    0xff, 0xc0, 0x0, 0x0, 0x0, 0x0, 0xff, 0xc0,
    0x0, 0x0, 0x0, 0x0, 0xff, 0xc0, 0x0, 0x0,
    0x0, 0x0, 0xff, 0xc0, 0x0, 0x0, 0x0, 0x0,
    0xff, 0xe0, 0x0, 0x0, 0x0, 0x0, 0xff, 0xe0,
    0x0, 0x0, 0x0, 0x0, 0xff, 0xf0, 0x0, 0x0,
    0x0, 0x0, 0x7f, 0xfc, 0x0, 0x0, 0x0, 0x0,
    0x7f, 0xff, 0xff, 0xff, 0xff, 0xfe, 0x7f, 0xff,
    0xff, 0xff, 0xff, 0xff, 0x3f, 0xff, 0xff, 0xff,
    0xff, 0xff, 0x1f, 0xff, 0xff, 0xff, 0xff, 0xff,
    0xf, 0xff, 0xff, 0xff, 0xff, 0xff, 0x7, 0xff,
    0xff, 0xff, 0xff, 0xff, 0x1, 0xff, 0xff, 0xff,
    0xff, 0xff, 0x0, 0x3f, 0xff, 0xff, 0xff, 0xfe,
    0x0, 0x0, 0x0, 0x0, 0x0, 0x0, 0x0, 0x0,
    0x0, 0x0, 0x0, 0x0, 0x0, 0x0, 0x0, 0x0,
    0x0, 0x0, 0x0, 0x0, 0x7, 0xfc, 0x0, 0x0,
    0x0, 0x0, 0xf, 0xfc, 0x0, 0x0, 0x0, 0x0,
    0xf, 0xfc, 0x0, 0x0, 0x0, 0x0, 0xf, 0xfc,
    0x0, 0x0, 0x0, 0x0, 0xf, 0xf8, 0x0, 0x0,
    0x0, 0x0, 0xf, 0xf8, 0x0, 0x0, 0x0, 0x0,
    0xf, 0xf8, 0x0, 0x0, 0x0, 0x0, 0xf, 0xf8,
    0x0, 0x0, 0x0, 0x0, 0xf, 0xf0, 0x0, 0x0,
    0x0, 0x0, 0xf, 0xf0, 0x0, 0x0, 0x0, 0x0,
    0xf, 0xf0, 0x0, 0x0, 0x0, 0x0, 0x1f, 0xf0,
    0x0, 0x0, 0x0, 0x0, 0x1f, 0xe0, 0x0, 0x0,
    0x0, 0x0, 0x1f, 0xe0, 0x0, 0x0, 0x0, 0x0,
    0x1f, 0xe0, 0x0, 0x0, 0x0, 0x0, 0x1f, 0xe0,
    0x0, 0x0, 0x0, 0x0, 0x1f, 0xc0, 0x0, 0x0,

    /* U+00E8 "è" */
    0x0, 0x0, 0xfe, 0x0, 0x0, 0x0, 0x0, 0x0,
    0x3f, 0xe0, 0x0, 0x0, 0x0, 0x0, 0x7, 0xfe,
    0x0, 0x0, 0x0, 0x0, 0x0, 0x7f, 0xc0, 0x0,
    0x0, 0x0, 0x0, 0xf, 0xfc, 0x0, 0x0, 0x0,
    0x0, 0x0, 0xff, 0x80, 0x0, 0x0, 0x0, 0x0,
    0xf, 0xf8, 0x0, 0x0, 0x0, 0x0, 0x1, 0xff,
    0x0, 0x0, 0x0, 0x0, 0x0, 0x1f, 0xf0, 0x0,
    0x0, 0x0, 0x0, 0x3, 0xfe, 0x0, 0x0, 0x0,
    0x0, 0x0, 0x3f, 0xe0, 0x0, 0x0, 0x0, 0x0,
    0x7, 0xfc, 0x0, 0x0, 0x0, 0x0, 0x0, 0x7f,
    0xc0, 0x0, 0x0, 0x0, 0x0, 0xf, 0xf8, 0x0,
    0x0, 0x0, 0x0, 0x0, 0xff, 0x80, 0x0, 0x0,
    0x0, 0x0, 0x1f, 0xf0, 0x0, 0x0, 0x0, 0x0,
    0x1, 0xff, 0x0, 0x0, 0x0, 0x0, 0x0, 0x1f,
    0x80, 0x0, 0x0, 0x0, 0x0, 0x0, 0x0, 0x0,
    0x0, 0x0, 0x0, 0x0, 0x0, 0x0, 0x0, 0x0,
    0x1, 0xff, 0xff, 0xff, 0xff, 0x0, 0x3, 0xff,
    0xff, 0xff, 0xff, 0xfc, 0x1, 0xff, 0xff, 0xff,
    0xff, 0xff, 0xc0, 0x7f, 0xff, 0xff, 0xff, 0xff,
    0xfc, 0x1f, 0xff, 0xff, 0xff, 0xff, 0xff, 0xc7,
    0xff, 0xff, 0xff, 0xff, 0xff, 0xf9, 0xff, 0xff,
    0xff, 0xff, 0xff, 0xff, 0x3f, 0xff, 0xff, 0xff,
    0xff, 0xff, 0xf7, 0xff, 0xc0, 0x0, 0x0, 0x1f,
    0xff, 0xff, 0xe0, 0x0, 0x0, 0x1, 0xff, 0xff,
    0xf8, 0x0, 0x0, 0x0, 0x1f, 0xff, 0xff, 0x0,
    0x0, 0x0, 0x3, 0xff, 0xff, 0xc0, 0x0, 0x0,
    0x0, 0x7f, 0xff, 0xf8, 0x0, 0x0, 0x0, 0xf,
    0xff, 0xff, 0x0, 0x0, 0x0, 0x1, 0xff, 0xff,
    0xe0, 0x0, 0x0, 0x0, 0x3f, 0xff, 0xfc, 0x0,
    0x0, 0x0, 0x7, 0xff, 0xff, 0xff, 0xff, 0xff,
    0xff, 0xff, 0xff, 0xff, 0xff, 0xff, 0xff, 0xff,
    0xff, 0xff, 0xff, 0xff, 0xff, 0xff, 0xff, 0xff,
    0xff, 0xff, 0xff, 0xff, 0xff, 0xff, 0xff, 0xff,
    0xff, 0xff, 0xff, 0xfb, 0xff, 0xff, 0xff, 0xff,
    0xff, 0xfe, 0x7f, 0xe0, 0x0, 0x0, 0x0, 0x0,
    0xf, 0xfc, 0x0, 0x0, 0x0, 0x0, 0x1, 0xff,
    0x80, 0x0, 0x0, 0x0, 0x0, 0x3f, 0xf0, 0x0,
    0x0, 0x0, 0x0, 0x7, 0xfe, 0x0, 0x0, 0x0,
    0x0, 0x0, 0xff, 0xe0, 0x0, 0x0, 0x0, 0x0,
    0x1f, 0xfc, 0x0, 0x0, 0x0, 0x0, 0x3, 0xff,
    0xc0, 0x0, 0x0, 0x0, 0x0, 0x3f, 0xfe, 0x0,
    0x0, 0x0, 0x0, 0x7, 0xff, 0xff, 0xff, 0xff,
    0xff, 0xfc, 0xff, 0xff, 0xff, 0xff, 0xff, 0xff,
    0x8f, 0xff, 0xff, 0xff, 0xff, 0xff, 0xf0, 0xff,
    0xff, 0xff, 0xff, 0xff, 0xfe, 0xf, 0xff, 0xff,
    0xff, 0xff, 0xff, 0xc0, 0xff, 0xff, 0xff, 0xff,
    0xff, 0xf8, 0x7, 0xff, 0xff, 0xff, 0xff, 0xff,
    0x0, 0x1f, 0xff, 0xff, 0xff, 0xff, 0xe0,

    /* U+00E9 "é" */
    0x0, 0x0, 0x0, 0xf, 0xe0, 0x0, 0x0, 0x0,
    0x0, 0x7, 0xfe, 0x0, 0x0, 0x0, 0x0, 0x0,
    0xff, 0x80, 0x0, 0x0, 0x0, 0x0, 0x3f, 0xf0,
    0x0, 0x0, 0x0, 0x0, 0x7, 0xfc, 0x0, 0x0,
    0x0, 0x0, 0x1, 0xff, 0x80, 0x0, 0x0, 0x0,
    0x0, 0x3f, 0xe0, 0x0, 0x0, 0x0, 0x0, 0xf,
    0xfc, 0x0, 0x0, 0x0, 0x0, 0x1, 0xff, 0x0,
    0x0, 0x0, 0x0, 0x0, 0x7f, 0xe0, 0x0, 0x0,
    0x0, 0x0, 0xf, 0xf8, 0x0, 0x0, 0x0, 0x0,
    0x3, 0xff, 0x0, 0x0, 0x0, 0x0, 0x0, 0x7f,
    0xc0, 0x0, 0x0, 0x0, 0x0, 0x1f, 0xf0, 0x0,
    0x0, 0x0, 0x0, 0x3, 0xfe, 0x0, 0x0, 0x0,
    0x0, 0x0, 0x7f, 0x80, 0x0, 0x0, 0x0, 0x0,
    0x1f, 0xf0, 0x0, 0x0, 0x0, 0x0, 0x1, 0xf8,
    0x0, 0x0, 0x0, 0x0, 0x0, 0x0, 0x0, 0x0,
    0x0, 0x0, 0x0, 0x0, 0x0, 0x0, 0x0, 0x0,
    0x1, 0xff, 0xff, 0xff, 0xff, 0x0, 0x3, 0xff,
    0xff, 0xff, 0xff, 0xfc, 0x1, 0xff, 0xff, 0xff,
    0xff, 0xff, 0xc0, 0x7f, 0xff, 0xff, 0xff, 0xff,
    0xfc, 0x1f, 0xff, 0xff, 0xff, 0xff, 0xff, 0xc7,
    0xff, 0xff, 0xff, 0xff, 0xff, 0xf9, 0xff, 0xff,
    0xff, 0xff, 0xff, 0xff, 0x3f, 0xff, 0xff, 0xff,
    0xff, 0xff, 0xf7, 0xff, 0xc0, 0x0, 0x0, 0x1f,
    0xff, 0xff, 0xe0, 0x0, 0x0, 0x1, 0xff, 0xff,
    0xf8, 0x0, 0x0, 0x0, 0x1f, 0xff, 0xff, 0x0,
    0x0, 0x0, 0x3, 0xff, 0xff, 0xc0, 0x0, 0x0,
    0x0, 0x7f, 0xff, 0xf8, 0x0, 0x0, 0x0, 0xf,
    0xff, 0xff, 0x0, 0x0, 0x0, 0x1, 0xff, 0xff,
    0xe0, 0x0, 0x0, 0x0, 0x3f, 0xff, 0xfc, 0x0,
    0x0, 0x0, 0x7, 0xff, 0xff, 0xff, 0xff, 0xff,
    0xff, 0xff, 0xff, 0xff, 0xff, 0xff, 0xff, 0xff,
    0xff, 0xff, 0xff, 0xff, 0xff, 0xff, 0xff, 0xff,
    0xff, 0xff, 0xff, 0xff, 0xff, 0xff, 0xff, 0xff,
    0xff, 0xff, 0xff, 0xfb, 0xff, 0xff, 0xff, 0xff,
    0xff, 0xfe, 0x7f, 0xe0, 0x0, 0x0, 0x0, 0x0,
    0xf, 0xfc, 0x0, 0x0, 0x0, 0x0, 0x1, 0xff,
    0x80, 0x0, 0x0, 0x0, 0x0, 0x3f, 0xf0, 0x0,
    0x0, 0x0, 0x0, 0x7, 0xfe, 0x0, 0x0, 0x0,
    0x0, 0x0, 0xff, 0xe0, 0x0, 0x0, 0x0, 0x0,
    0x1f, 0xfc, 0x0, 0x0, 0x0, 0x0, 0x3, 0xff,
    0xc0, 0x0, 0x0, 0x0, 0x0, 0x3f, 0xfe, 0x0,
    0x0, 0x0, 0x0, 0x7, 0xff, 0xff, 0xff, 0xff,
    0xff, 0xfc, 0xff, 0xff, 0xff, 0xff, 0xff, 0xff,
    0x8f, 0xff, 0xff, 0xff, 0xff, 0xff, 0xf0, 0xff,
    0xff, 0xff, 0xff, 0xff, 0xfe, 0xf, 0xff, 0xff,
    0xff, 0xff, 0xff, 0xc0, 0xff, 0xff, 0xff, 0xff,
    0xff, 0xf8, 0x7, 0xff, 0xff, 0xff, 0xff, 0xff,
    0x0, 0x1f, 0xff, 0xff, 0xff, 0xff, 0xe0,

    /* U+00EA "ê" */
    0x0, 0x0, 0xf, 0xfe, 0x0, 0x0, 0x0, 0x0,
    0x3, 0xff, 0xc0, 0x0, 0x0, 0x0, 0x0, 0x7f,
    0xfc, 0x0, 0x0, 0x0, 0x0, 0x1f, 0xff, 0xc0,
    0x0, 0x0, 0x0, 0x7, 0xff, 0xf8, 0x0, 0x0,
    0x0, 0x0, 0xff, 0xff, 0x80, 0x0, 0x0, 0x0,
    0x3f, 0xcf, 0xf0, 0x0, 0x0, 0x0, 0x7, 0xf8,
    0xff, 0x0, 0x0, 0x0, 0x1, 0xfe, 0x1f, 0xf0,
    0x0, 0x0, 0x0, 0x7f, 0xc1, 0xfe, 0x0, 0x0,
    0x0, 0xf, 0xf0, 0x3f, 0xe0, 0x0, 0x0, 0x3,
    0xfe, 0x3, 0xfc, 0x0, 0x0, 0x0, 0x7f, 0x80,
    0x7f, 0xc0, 0x0, 0x0, 0x1f, 0xf0, 0x7, 0xfc,
    0x0, 0x0, 0x7, 0xfc, 0x0, 0xff, 0x80, 0x0,
    0x0, 0xff, 0x80, 0xf, 0xf8, 0x0, 0x0, 0x0,
    0x0, 0x0, 0x0, 0x0, 0x0, 0x0, 0x0, 0x0,
    0x0, 0x0, 0x0, 0x0, 0x0, 0x0, 0x0, 0x0,
    0x0, 0x0, 0xf, 0xff, 0xff, 0xff, 0xf8, 0x0,
    0x1f, 0xff, 0xff, 0xff, 0xff, 0xe0, 0xf, 0xff,
    0xff, 0xff, 0xff, 0xfe, 0x3, 0xff, 0xff, 0xff,
    0xff, 0xff, 0xe0, 0xff, 0xff, 0xff, 0xff, 0xff,
    0xfe, 0x3f, 0xff, 0xff, 0xff, 0xff, 0xff, 0xcf,
    0xff, 0xff, 0xff, 0xff, 0xff, 0xf9, 0xff, 0xff,
    0xff, 0xff, 0xff, 0xff, 0xbf, 0xfe, 0x0, 0x0,
    0x0, 0xff, 0xff, 0xff, 0x0, 0x0, 0x0, 0xf,
    0xff, 0xff, 0xc0, 0x0, 0x0, 0x0, 0xff, 0xff,
    0xf8, 0x0, 0x0, 0x0, 0x1f, 0xff, 0xfe, 0x0,
    0x0, 0x0, 0x3, 0xff, 0xff, 0xc0, 0x0, 0x0,
    0x0, 0x7f, 0xff, 0xf8, 0x0, 0x0, 0x0, 0xf,
    0xff, 0xff, 0x0, 0x0, 0x0, 0x1, 0xff, 0xff,
    0xe0, 0x0, 0x0, 0x0, 0x3f, 0xff, 0xff, 0xff,
    0xff, 0xff, 0xff, 0xff, 0xff, 0xff, 0xff, 0xff,
    0xff, 0xff, 0xff, 0xff, 0xff, 0xff, 0xff, 0xff,
    0xff, 0xff, 0xff, 0xff, 0xff, 0xff, 0xff, 0xff,
    0xff, 0xff, 0xff, 0xff, 0xff, 0xdf, 0xff, 0xff,
    0xff, 0xff, 0xff, 0xf3, 0xff, 0x0, 0x0, 0x0,
    0x0, 0x0, 0x7f, 0xe0, 0x0, 0x0, 0x0, 0x0,
    0xf, 0xfc, 0x0, 0x0, 0x0, 0x0, 0x1, 0xff,
    0x80, 0x0, 0x0, 0x0, 0x0, 0x3f, 0xf0, 0x0,
    0x0, 0x0, 0x0, 0x7, 0xff, 0x0, 0x0, 0x0,
    0x0, 0x0, 0xff, 0xe0, 0x0, 0x0, 0x0, 0x0,
    0x1f, 0xfe, 0x0, 0x0, 0x0, 0x0, 0x1, 0xff,
    0xf0, 0x0, 0x0, 0x0, 0x0, 0x3f, 0xff, 0xff,
    0xff, 0xff, 0xff, 0xe7, 0xff, 0xff, 0xff, 0xff,
    0xff, 0xfc, 0x7f, 0xff, 0xff, 0xff, 0xff, 0xff,
    0x87, 0xff, 0xff, 0xff, 0xff, 0xff, 0xf0, 0x7f,
    0xff, 0xff, 0xff, 0xff, 0xfe, 0x7, 0xff, 0xff,
    0xff, 0xff, 0xff, 0xc0, 0x3f, 0xff, 0xff, 0xff,
    0xff, 0xf8, 0x0, 0xff, 0xff, 0xff, 0xff, 0xff,
    0x0,

    /* U+00EB "ë" */
    0x0, 0x3f, 0xf0, 0x1, 0xff, 0x80, 0x0, 0x7,
    0xfe, 0x0, 0x3f, 0xf0, 0x0, 0x0, 0xff, 0xc0,
    0x7, 0xfe, 0x0, 0x0, 0x1f, 0xf8, 0x0, 0xff,
    0xc0, 0x0, 0x3, 0xff, 0x0, 0x1f, 0xf8, 0x0,
    0x0, 0x7f, 0xe0, 0x3, 0xff, 0x0, 0x0, 0xf,
    0xfc, 0x0, 0x7f, 0xe0, 0x0, 0x1, 0xff, 0x80,
    0xf, 0xfc, 0x0, 0x0, 0x3f, 0xf0, 0x1, 0xff,
    0x80, 0x0, 0x7, 0xfe, 0x0, 0x3f, 0xf0, 0x0,
    0x0, 0x0, 0x0, 0x0, 0x0, 0x0, 0x0, 0x0,
    0x0, 0x0, 0x0, 0x0, 0x0, 0x0, 0x0, 0x0,
    0x0, 0x0, 0x0, 0x0, 0x0, 0x0, 0x0, 0x0,
    0x0, 0x0, 0x0, 0x0, 0x0, 0x0, 0x0, 0x0,
    0x0, 0xff, 0xff, 0xff, 0xff, 0x80, 0x1, 0xff,
    0xff, 0xff, 0xff, 0xfe, 0x0, 0xff, 0xff, 0xff,
    0xff, 0xff, 0xe0, 0x3f, 0xff, 0xff, 0xff, 0xff,
    0xfe, 0xf, 0xff, 0xff, 0xff, 0xff, 0xff, 0xe3,
    0xff, 0xff, 0xff, 0xff, 0xff, 0xfc, 0xff, 0xff,
    0xff, 0xff, 0xff, 0xff, 0x9f, 0xff, 0xff, 0xff,
    0xff, 0xff, 0xfb, 0xff, 0xe0, 0x0, 0x0, 0xf,
    0xff, 0xff, 0xf0, 0x0, 0x0, 0x0, 0xff, 0xff,
    0xfc, 0x0, 0x0, 0x0, 0xf, 0xff, 0xff, 0x80,
    0x0, 0x0, 0x1, 0xff, 0xff, 0xe0, 0x0, 0x0,
    0x0, 0x3f, 0xff, 0xfc, 0x0, 0x0, 0x0, 0x7,
    0xff, 0xff, 0x80, 0x0, 0x0, 0x0, 0xff, 0xff,
    0xf0, 0x0, 0x0, 0x0, 0x1f, 0xff, 0xfe, 0x0,
    0x0, 0x0, 0x3, 0xff, 0xff, 0xff, 0xff, 0xff,
    0xff, 0xff, 0xff, 0xff, 0xff, 0xff, 0xff, 0xff,
    0xff, 0xff, 0xff, 0xff, 0xff, 0xff, 0xff, 0xff,
    0xff, 0xff, 0xff, 0xff, 0xff, 0xff, 0xff, 0xff,
    0xff, 0xff, 0xff, 0xfd, 0xff, 0xff, 0xff, 0xff,
    0xff, 0xff, 0x3f, 0xf0, 0x0, 0x0, 0x0, 0x0,
    0x7, 0xfe, 0x0, 0x0, 0x0, 0x0, 0x0, 0xff,
    0xc0, 0x0, 0x0, 0x0, 0x0, 0x1f, 0xf8, 0x0,
    0x0, 0x0, 0x0, 0x3, 0xff, 0x0, 0x0, 0x0,
    0x0, 0x0, 0x7f, 0xf0, 0x0, 0x0, 0x0, 0x0,
    0xf, 0xfe, 0x0, 0x0, 0x0, 0x0, 0x1, 0xff,
    0xe0, 0x0, 0x0, 0x0, 0x0, 0x1f, 0xff, 0x0,
    0x0, 0x0, 0x0, 0x3, 0xff, 0xff, 0xff, 0xff,
    0xff, 0xfe, 0x7f, 0xff, 0xff, 0xff, 0xff, 0xff,
    0xc7, 0xff, 0xff, 0xff, 0xff, 0xff, 0xf8, 0x7f,
    0xff, 0xff, 0xff, 0xff, 0xff, 0x7, 0xff, 0xff,
    0xff, 0xff, 0xff, 0xe0, 0x7f, 0xff, 0xff, 0xff,
    0xff, 0xfc, 0x3, 0xff, 0xff, 0xff, 0xff, 0xff,
    0x80, 0xf, 0xff, 0xff, 0xff, 0xff, 0xf0,

    /* U+00EC "ì" */
    0x7f, 0x0, 0x7f, 0xc0, 0x3f, 0xf0, 0xf, 0xf8,
    0x7, 0xfe, 0x1, 0xff, 0x0, 0x7f, 0xc0, 0x3f,
    0xe0, 0xf, 0xf8, 0x7, 0xfc, 0x1, 0xff, 0x0,
    0xff, 0x80, 0x3f, 0xe0, 0x1f, 0xf0, 0x7, 0xfc,
    0x3, 0xfe, 0x0, 0xff, 0x80, 0x3f, 0x0, 0x0,
    0x0, 0x0, 0x0, 0x7f, 0xe0, 0x3f, 0xf0, 0x1f,
    0xf8, 0xf, 0xfc, 0x7, 0xfe, 0x3, 0xff, 0x1,
    0xff, 0x80, 0xff, 0xc0, 0x7f, 0xe0, 0x3f, 0xf0,
    0x1f, 0xf8, 0xf, 0xfc, 0x7, 0xfe, 0x3, 0xff,
    0x1, 0xff, 0x80, 0xff, 0xc0, 0x7f, 0xe0, 0x3f,
    0xf0, 0x1f, 0xf8, 0xf, 0xfc, 0x7, 0xfe, 0x3,
    0xff, 0x1, 0xff, 0x80, 0xff, 0xc0, 0x7f, 0xe0,
    0x3f, 0xf0, 0x1f, 0xf8, 0xf, 0xfc, 0x7, 0xfe,
    0x3, 0xff, 0x1, 0xff, 0x80, 0xff, 0xc0, 0x7f,
    0xe0, 0x3f, 0xf0, 0x1f, 0xf8, 0xf, 0xfc, 0x7,
    0xfe, 0x3, 0xff, 0x1, 0xff, 0x80, 0xff, 0xc0,

    /* U+00ED "í" */
    0x0, 0x3f, 0x0, 0x7f, 0xc0, 0x7f, 0xe0, 0x3f,
    0xe0, 0x3f, 0xf0, 0x1f, 0xf0, 0x1f, 0xf8, 0xf,
    0xf8, 0xf, 0xfc, 0x7, 0xfc, 0x7, 0xfc, 0x3,
    0xfe, 0x3, 0xfe, 0x1, 0xff, 0x1, 0xff, 0x0,
    0xff, 0x80, 0x7f, 0x80, 0x1f, 0x0, 0x0, 0x0,
    0x0, 0x0, 0x3, 0xff, 0x1, 0xff, 0x80, 0xff,
    0xc0, 0x7f, 0xe0, 0x3f, 0xf0, 0x1f, 0xf8, 0xf,
    0xfc, 0x7, 0xfe, 0x3, 0xff, 0x1, 0xff, 0x80,
    0xff, 0xc0, 0x7f, 0xe0, 0x3f, 0xf0, 0x1f, 0xf8,
    0xf, 0xfc, 0x7, 0xfe, 0x3, 0xff, 0x1, 0xff,
    0x80, 0xff, 0xc0, 0x7f, 0xe0, 0x3f, 0xf0, 0x1f,
    0xf8, 0xf, 0xfc, 0x7, 0xfe, 0x3, 0xff, 0x1,
    0xff, 0x80, 0xff, 0xc0, 0x7f, 0xe0, 0x3f, 0xf0,
    0x1f, 0xf8, 0xf, 0xfc, 0x7, 0xfe, 0x3, 0xff,
    0x1, 0xff, 0x80, 0xff, 0xc0, 0x7f, 0xe0, 0x3f,
    0xf0, 0x1f, 0xf8, 0xf, 0xfc, 0x7, 0xfe, 0x0,

    /* U+00EE "î" */
    0x0, 0x7f, 0xe0, 0x0, 0x7, 0xff, 0x80, 0x0,
    0x7f, 0xfe, 0x0, 0x3, 0xff, 0xf0, 0x0, 0x3f,
    0xff, 0xc0, 0x1, 0xff, 0xff, 0x0, 0x1f, 0xe7,
    0xf8, 0x1, 0xff, 0x1f, 0xe0, 0xf, 0xf0, 0xff,
    0x0, 0xff, 0x83, 0xfc, 0x7, 0xf8, 0x1f, 0xf0,
    0x7f, 0xc0, 0x7f, 0x87, 0xfc, 0x3, 0xfe, 0x3f,
    0xe0, 0xf, 0xf3, 0xfe, 0x0, 0x7f, 0xdf, 0xf0,
    0x1, 0xfe, 0x0, 0x0, 0x0, 0x0, 0x0, 0x0,
    0x0, 0x0, 0x0, 0x0, 0x0, 0x0, 0xff, 0xc0,
    0x0, 0x7, 0xfe, 0x0, 0x0, 0x3f, 0xf0, 0x0,
    0x1, 0xff, 0x80, 0x0, 0xf, 0xfc, 0x0, 0x0,
    0x7f, 0xe0, 0x0, 0x3, 0xff, 0x0, 0x0, 0x1f,
    0xf8, 0x0, 0x0, 0xff, 0xc0, 0x0, 0x7, 0xfe,
    0x0, 0x0, 0x3f, 0xf0, 0x0, 0x1, 0xff, 0x80,
    0x0, 0xf, 0xfc, 0x0, 0x0, 0x7f, 0xe0, 0x0,
    0x3, 0xff, 0x0, 0x0, 0x1f, 0xf8, 0x0, 0x0,
    0xff, 0xc0, 0x0, 0x7, 0xfe, 0x0, 0x0, 0x3f,
    0xf0, 0x0, 0x1, 0xff, 0x80, 0x0, 0xf, 0xfc,
    0x0, 0x0, 0x7f, 0xe0, 0x0, 0x3, 0xff, 0x0,
    0x0, 0x1f, 0xf8, 0x0, 0x0, 0xff, 0xc0, 0x0,
    0x7, 0xfe, 0x0, 0x0, 0x3f, 0xf0, 0x0, 0x1,
    0xff, 0x80, 0x0, 0xf, 0xfc, 0x0, 0x0, 0x7f,
    0xe0, 0x0, 0x3, 0xff, 0x0, 0x0, 0x1f, 0xf8,
    0x0, 0x0, 0xff, 0xc0, 0x0, 0x7, 0xfe, 0x0,
    0x0, 0x3f, 0xf0, 0x0, 0x1, 0xff, 0x80, 0x0,
    0xf, 0xfc, 0x0, 0x0, 0x7f, 0xe0, 0x0, 0x3,
    0xff, 0x0, 0x0, 0x1f, 0xf8, 0x0,

    /* U+00EF "ï" */
    0xff, 0xc0, 0x7f, 0xff, 0xf8, 0xf, 0xff, 0xff,
    0x1, 0xff, 0xff, 0xe0, 0x3f, 0xff, 0xfc, 0x7,
    0xff, 0xff, 0x80, 0xff, 0xff, 0xf0, 0x1f, 0xff,
    0xfe, 0x3, 0xff, 0xff, 0xc0, 0x7f, 0xff, 0xf8,
    0xf, 0xfc, 0x0, 0x0, 0x0, 0x0, 0x0, 0x0,
    0x0, 0x0, 0x0, 0x0, 0x0, 0x0, 0x0, 0x0,
    0x0, 0x0, 0x0, 0x3, 0xff, 0x0, 0x0, 0x7f,
    0xe0, 0x0, 0xf, 0xfc, 0x0, 0x1, 0xff, 0x80,
    0x0, 0x3f, 0xf0, 0x0, 0x7, 0xfe, 0x0, 0x0,
    0xff, 0xc0, 0x0, 0x1f, 0xf8, 0x0, 0x3, 0xff,
    0x0, 0x0, 0x7f, 0xe0, 0x0, 0xf, 0xfc, 0x0,
    0x1, 0xff, 0x80, 0x0, 0x3f, 0xf0, 0x0, 0x7,
    0xfe, 0x0, 0x0, 0xff, 0xc0, 0x0, 0x1f, 0xf8,
    0x0, 0x3, 0xff, 0x0, 0x0, 0x7f, 0xe0, 0x0,
    0xf, 0xfc, 0x0, 0x1, 0xff, 0x80, 0x0, 0x3f,
    0xf0, 0x0, 0x7, 0xfe, 0x0, 0x0, 0xff, 0xc0,
    0x0, 0x1f, 0xf8, 0x0, 0x3, 0xff, 0x0, 0x0,
    0x7f, 0xe0, 0x0, 0xf, 0xfc, 0x0, 0x1, 0xff,
    0x80, 0x0, 0x3f, 0xf0, 0x0, 0x7, 0xfe, 0x0,
    0x0, 0xff, 0xc0, 0x0, 0x1f, 0xf8, 0x0, 0x3,
    0xff, 0x0, 0x0, 0x7f, 0xe0, 0x0, 0xf, 0xfc,
    0x0, 0x1, 0xff, 0x80, 0x0, 0x3f, 0xf0, 0x0,
    0x7, 0xfe, 0x0, 0x0, 0xff, 0xc0, 0x0, 0x1f,
    0xf8, 0x0,

    /* U+00F0 "ð" */
    0x0, 0x0, 0x0, 0xfe, 0x0, 0x0, 0x0, 0x0,
    0x0, 0x3, 0xf8, 0x0, 0x0, 0x0, 0x0, 0x0,
    0x1f, 0xe0, 0x0, 0x0, 0x0, 0x0, 0x0, 0x7f,
    0x0, 0x0, 0x0, 0x0, 0x0, 0x1, 0xfc, 0x0,
    0x0, 0x0, 0x0, 0x0, 0xf, 0xf0, 0x0, 0x0,
    0x0, 0x0, 0x0, 0x3f, 0x80, 0x0, 0x0, 0x0,
    0xf, 0xff, 0xff, 0xff, 0xfc, 0x0, 0x0, 0x3f,
    0xff, 0xff, 0xff, 0xfe, 0x0, 0x0, 0xff, 0xff,
    0xff, 0xff, 0xfe, 0x0, 0x3, 0xff, 0xff, 0xff,
    0xff, 0xfc, 0x0, 0xf, 0xff, 0xff, 0xff, 0xff,
    0xf8, 0x0, 0x3f, 0xff, 0xff, 0xff, 0xff, 0xf0,
    0x0, 0xff, 0xff, 0xff, 0xff, 0xff, 0xe0, 0x3,
    0xff, 0xff, 0xff, 0xff, 0xff, 0x80, 0x0, 0x1f,
    0xe0, 0x0, 0x3f, 0xfe, 0x0, 0x0, 0x7f, 0x0,
    0x0, 0x3f, 0xfc, 0x0, 0x3, 0xfc, 0x0, 0x0,
    0x7f, 0xf0, 0x0, 0xf, 0xe0, 0x0, 0x1, 0xff,
    0xc0, 0x0, 0x3f, 0x80, 0x0, 0x3, 0xff, 0x0,
    0x1, 0xfc, 0x0, 0x0, 0xf, 0xfc, 0x0, 0x7,
    0xf0, 0x0, 0x0, 0x3f, 0xf0, 0x0, 0x3f, 0xc0,
    0x0, 0x0, 0xff, 0xc0, 0x0, 0xfe, 0x0, 0x0,
    0x3, 0xff, 0x0, 0x0, 0x0, 0x0, 0x0, 0xf,
    0xfc, 0x0, 0x0, 0x0, 0x0, 0x0, 0x3f, 0xf0,
    0x0, 0x0, 0x0, 0x0, 0x0, 0xff, 0xc0, 0x0,
    0x0, 0x0, 0x0, 0x3, 0xff, 0x0, 0x1f, 0xff,
    0xff, 0xff, 0xff, 0xfc, 0x7, 0xff, 0xff, 0xff,
    0xff, 0xff, 0xf0, 0x7f, 0xff, 0xff, 0xff, 0xff,
    0xff, 0xc3, 0xff, 0xff, 0xff, 0xff, 0xff, 0xff,
    0x1f, 0xff, 0xff, 0xff, 0xff, 0xff, 0xfc, 0xff,
    0xff, 0xff, 0xff, 0xff, 0xff, 0xf7, 0xff, 0xff,
    0xff, 0xff, 0xff, 0xff, 0xdf, 0xff, 0x0, 0x0,
    0x0, 0x3, 0xff, 0x7f, 0xf0, 0x0, 0x0, 0x0,
    0xf, 0xff, 0xff, 0x80, 0x0, 0x0, 0x0, 0x3f,
    0xff, 0xfe, 0x0, 0x0, 0x0, 0x0, 0xff, 0xff,
    0xf0, 0x0, 0x0, 0x0, 0x3, 0xff, 0xff, 0xc0,
    0x0, 0x0, 0x0, 0xf, 0xff, 0xff, 0x0, 0x0,
    0x0, 0x0, 0x3f, 0xff, 0xfc, 0x0, 0x0, 0x0,
    0x0, 0xff, 0xff, 0xf0, 0x0, 0x0, 0x0, 0x3,
    0xff, 0xff, 0xc0, 0x0, 0x0, 0x0, 0xf, 0xff,
    0xff, 0x0, 0x0, 0x0, 0x0, 0x3f, 0xff, 0xfc,
    0x0, 0x0, 0x0, 0x0, 0xff, 0xff, 0xf0, 0x0,
    0x0, 0x0, 0x3, 0xff, 0xff, 0xc0, 0x0, 0x0,
    0x0, 0xf, 0xff, 0xff, 0x0, 0x0, 0x0, 0x0,
    0x3f, 0xff, 0xfc, 0x0, 0x0, 0x0, 0x0, 0xff,
    0xff, 0xf8, 0x0, 0x0, 0x0, 0x7, 0xff, 0xff,
    0xe0, 0x0, 0x0, 0x0, 0x1f, 0xff, 0xff, 0xc0,
    0x0, 0x0, 0x0, 0xff, 0xf7, 0xff, 0xc0, 0x0,
    0x0, 0xf, 0xff, 0x9f, 0xff, 0xff, 0xff, 0xff,
    0xff, 0xfe, 0x7f, 0xff, 0xff, 0xff, 0xff, 0xff,
    0xf8, 0xff, 0xff, 0xff, 0xff, 0xff, 0xff, 0xc1,
    0xff, 0xff, 0xff, 0xff, 0xff, 0xfe, 0x3, 0xff,
    0xff, 0xff, 0xff, 0xff, 0xf0, 0x7, 0xff, 0xff,
    0xff, 0xff, 0xff, 0x80, 0x7, 0xff, 0xff, 0xff,
    0xff, 0xf8, 0x0, 0x3, 0xff, 0xff, 0xff, 0xfe,
    0x0, 0x0,

    /* U+00F1 "ñ" */
    0x0, 0x3, 0xfe, 0x0, 0x1, 0xfc, 0x0, 0x0,
    0x1f, 0xff, 0x80, 0x3, 0xf8, 0x0, 0x0, 0x7f,
    0xff, 0x80, 0x7, 0xf0, 0x0, 0x1, 0xff, 0xff,
    0xc0, 0xf, 0xe0, 0x0, 0x3, 0xff, 0xff, 0xc0,
    0x1f, 0xc0, 0x0, 0x7, 0xff, 0xff, 0xc0, 0x3f,
    0x80, 0x0, 0x1f, 0xe0, 0xff, 0xe0, 0xff, 0x0,
    0x0, 0x3f, 0x80, 0x7f, 0xff, 0xfc, 0x0, 0x0,
    0x7f, 0x0, 0x7f, 0xff, 0xf8, 0x0, 0x0, 0xfe,
    0x0, 0x7f, 0xff, 0xf0, 0x0, 0x1, 0xfc, 0x0,
    0x3f, 0xff, 0xc0, 0x0, 0x3, 0xf8, 0x0, 0x3f,
    0xff, 0x0, 0x0, 0x7, 0xf0, 0x0, 0xf, 0xf8,
    0x0, 0x0, 0x0, 0x0, 0x0, 0x0, 0x0, 0x0,
    0x0, 0x0, 0x0, 0x0, 0x0, 0x0, 0x0, 0x0,
    0x0, 0x0, 0x0, 0x0, 0x0, 0x0, 0x0, 0x0,
    0x0, 0x0, 0x0, 0x0, 0x0, 0x0, 0x3f, 0xff,
    0xff, 0xff, 0xe0, 0x0, 0x7, 0xff, 0xff, 0xff,
    0xff, 0xfc, 0x0, 0x3f, 0xff, 0xff, 0xff, 0xff,
    0xfe, 0x0, 0xff, 0xff, 0xff, 0xff, 0xff, 0xfe,
    0x3, 0xff, 0xff, 0xff, 0xff, 0xff, 0xfe, 0xf,
    0xff, 0xff, 0xff, 0xff, 0xff, 0xfe, 0x3f, 0xff,
    0xff, 0xff, 0xff, 0xff, 0xfe, 0x7f, 0xff, 0xff,
    0xff, 0xff, 0xff, 0xfc, 0xff, 0xf8, 0x0, 0x0,
    0x0, 0xff, 0xfb, 0xff, 0xc0, 0x0, 0x0, 0x0,
    0x7f, 0xf7, 0xff, 0x0, 0x0, 0x0, 0x0, 0x7f,
    0xff, 0xfe, 0x0, 0x0, 0x0, 0x0, 0xff, 0xff,
    0xf8, 0x0, 0x0, 0x0, 0x0, 0xff, 0xff, 0xf0,
    0x0, 0x0, 0x0, 0x1, 0xff, 0xff, 0xe0, 0x0,
    0x0, 0x0, 0x3, 0xff, 0xff, 0xc0, 0x0, 0x0,
    0x0, 0x7, 0xff, 0xff, 0x80, 0x0, 0x0, 0x0,
    0xf, 0xff, 0xff, 0x0, 0x0, 0x0, 0x0, 0x1f,
    0xff, 0xfe, 0x0, 0x0, 0x0, 0x0, 0x3f, 0xff,
    0xfc, 0x0, 0x0, 0x0, 0x0, 0x7f, 0xff, 0xf8,
    0x0, 0x0, 0x0, 0x0, 0xff, 0xff, 0xf0, 0x0,
    0x0, 0x0, 0x1, 0xff, 0xff, 0xe0, 0x0, 0x0,
    0x0, 0x3, 0xff, 0xff, 0xc0, 0x0, 0x0, 0x0,
    0x7, 0xff, 0xff, 0x80, 0x0, 0x0, 0x0, 0xf,
    0xff, 0xff, 0x0, 0x0, 0x0, 0x0, 0x1f, 0xff,
    0xfe, 0x0, 0x0, 0x0, 0x0, 0x3f, 0xff, 0xfc,
    0x0, 0x0, 0x0, 0x0, 0x7f, 0xff, 0xf8, 0x0,
    0x0, 0x0, 0x0, 0xff, 0xff, 0xf0, 0x0, 0x0,
    0x0, 0x1, 0xff, 0xff, 0xe0, 0x0, 0x0, 0x0,
    0x3, 0xff, 0xff, 0xc0, 0x0, 0x0, 0x0, 0x7,
    0xff, 0xff, 0x80, 0x0, 0x0, 0x0, 0xf, 0xff,
    0xff, 0x0, 0x0, 0x0, 0x0, 0x1f, 0xff, 0xfe,
    0x0, 0x0, 0x0, 0x0, 0x3f, 0xff, 0xfc, 0x0,
    0x0, 0x0, 0x0, 0x7f, 0xff, 0xf8, 0x0, 0x0,
    0x0, 0x0, 0xff, 0xff, 0xf0, 0x0, 0x0, 0x0,
    0x1, 0xff, 0xff, 0xe0, 0x0, 0x0, 0x0, 0x3,
    0xff, 0xff, 0xc0, 0x0, 0x0, 0x0, 0x7, 0xfe,

    /* U+00F2 "ò" */
    0x0, 0x0, 0x3f, 0x80, 0x0, 0x0, 0x0, 0x0,
    0x0, 0xff, 0x80, 0x0, 0x0, 0x0, 0x0, 0x1,
    0xff, 0x80, 0x0, 0x0, 0x0, 0x0, 0x1, 0xff,
    0x0, 0x0, 0x0, 0x0, 0x0, 0x3, 0xff, 0x0,
    0x0, 0x0, 0x0, 0x0, 0x3, 0xfe, 0x0, 0x0,
    0x0, 0x0, 0x0, 0x7, 0xfe, 0x0, 0x0, 0x0,
    0x0, 0x0, 0x7, 0xfc, 0x0, 0x0, 0x0, 0x0,
    0x0, 0x7, 0xfc, 0x0, 0x0, 0x0, 0x0, 0x0,
    0xf, 0xf8, 0x0, 0x0, 0x0, 0x0, 0x0, 0xf,
    0xf8, 0x0, 0x0, 0x0, 0x0, 0x0, 0x1f, 0xf0,
    0x0, 0x0, 0x0, 0x0, 0x0, 0x1f, 0xf0, 0x0,
    0x0, 0x0, 0x0, 0x0, 0x3f, 0xe0, 0x0, 0x0,
    0x0, 0x0, 0x0, 0x3f, 0xe0, 0x0, 0x0, 0x0,
    0x0, 0x0, 0x7f, 0xc0, 0x0, 0x0, 0x0, 0x0,
    0x0, 0x7f, 0x80, 0x0, 0x0, 0x0, 0x0, 0x0,
    0x7e, 0x0, 0x0, 0x0, 0x0, 0x0, 0x0, 0x0,
    0x0, 0x0, 0x0, 0x0, 0x0, 0x0, 0x0, 0x0,
    0x0, 0x0, 0x1, 0xff, 0xff, 0xff, 0xff, 0x0,
    0x0, 0x3f, 0xff, 0xff, 0xff, 0xff, 0xe0, 0x1,
    0xff, 0xff, 0xff, 0xff, 0xff, 0xf0, 0x7, 0xff,
    0xff, 0xff, 0xff, 0xff, 0xf0, 0x1f, 0xff, 0xff,
    0xff, 0xff, 0xff, 0xf0, 0x7f, 0xff, 0xff, 0xff,
    0xff, 0xff, 0xf1, 0xff, 0xff, 0xff, 0xff, 0xff,
    0xff, 0xf3, 0xff, 0xff, 0xff, 0xff, 0xff, 0xff,
    0xe7, 0xff, 0xc0, 0x0, 0x0, 0x7, 0xff, 0xdf,
    0xfe, 0x0, 0x0, 0x0, 0x3, 0xff, 0xbf, 0xf8,
    0x0, 0x0, 0x0, 0x3, 0xff, 0xff, 0xf0, 0x0,
    0x0, 0x0, 0x7, 0xff, 0xff, 0xc0, 0x0, 0x0,
    0x0, 0x7, 0xff, 0xff, 0x80, 0x0, 0x0, 0x0,
    0xf, 0xff, 0xff, 0x0, 0x0, 0x0, 0x0, 0x1f,
    0xff, 0xfe, 0x0, 0x0, 0x0, 0x0, 0x3f, 0xff,
    0xfc, 0x0, 0x0, 0x0, 0x0, 0x7f, 0xff, 0xf8,
    0x0, 0x0, 0x0, 0x0, 0xff, 0xff, 0xf0, 0x0,
    0x0, 0x0, 0x1, 0xff, 0xff, 0xe0, 0x0, 0x0,
    0x0, 0x3, 0xff, 0xff, 0xc0, 0x0, 0x0, 0x0,
    0x7, 0xff, 0xff, 0x80, 0x0, 0x0, 0x0, 0xf,
    0xff, 0xff, 0x0, 0x0, 0x0, 0x0, 0x1f, 0xff,
    0xfe, 0x0, 0x0, 0x0, 0x0, 0x3f, 0xff, 0xfc,
    0x0, 0x0, 0x0, 0x0, 0x7f, 0xff, 0xf8, 0x0,
    0x0, 0x0, 0x0, 0xff, 0xff, 0xf0, 0x0, 0x0,
    0x0, 0x1, 0xff, 0xff, 0xe0, 0x0, 0x0, 0x0,
    0x3, 0xff, 0xff, 0xe0, 0x0, 0x0, 0x0, 0xf,
    0xff, 0xff, 0xc0, 0x0, 0x0, 0x0, 0x1f, 0xff,
    0xff, 0xc0, 0x0, 0x0, 0x0, 0x7f, 0xfb, 0xff,
    0xe0, 0x0, 0x0, 0x3, 0xff, 0xe7, 0xff, 0xff,
    0xff, 0xff, 0xff, 0xff, 0xcf, 0xff, 0xff, 0xff,
    0xff, 0xff, 0xff, 0x8f, 0xff, 0xff, 0xff, 0xff,
    0xff, 0xfe, 0xf, 0xff, 0xff, 0xff, 0xff, 0xff,
    0xf8, 0xf, 0xff, 0xff, 0xff, 0xff, 0xff, 0xe0,
    0xf, 0xff, 0xff, 0xff, 0xff, 0xff, 0x80, 0x7,
    0xff, 0xff, 0xff, 0xff, 0xfc, 0x0, 0x1, 0xff,
    0xff, 0xff, 0xff, 0xc0, 0x0,

    /* U+00F3 "ó" */
    0x0, 0x0, 0x0, 0x3, 0xf0, 0x0, 0x0, 0x0,
    0x0, 0x0, 0x1f, 0xf0, 0x0, 0x0, 0x0, 0x0,
    0x0, 0x7f, 0xe0, 0x0, 0x0, 0x0, 0x0, 0x0,
    0xff, 0xc0, 0x0, 0x0, 0x0, 0x0, 0x3, 0xff,
    0x0, 0x0, 0x0, 0x0, 0x0, 0x7, 0xfc, 0x0,
    0x0, 0x0, 0x0, 0x0, 0xf, 0xf8, 0x0, 0x0,
    0x0, 0x0, 0x0, 0x3f, 0xe0, 0x0, 0x0, 0x0,
    0x0, 0x0, 0x7f, 0xc0, 0x0, 0x0, 0x0, 0x0,
    0x1, 0xff, 0x0, 0x0, 0x0, 0x0, 0x0, 0x3,
    0xfe, 0x0, 0x0, 0x0, 0x0, 0x0, 0xf, 0xf8,
    0x0, 0x0, 0x0, 0x0, 0x0, 0x1f, 0xf0, 0x0,
    0x0, 0x0, 0x0, 0x0, 0x7f, 0xc0, 0x0, 0x0,
    0x0, 0x0, 0x0, 0xff, 0x80, 0x0, 0x0, 0x0,
    0x0, 0x3, 0xfe, 0x0, 0x0, 0x0, 0x0, 0x0,
    0x7, 0xf8, 0x0, 0x0, 0x0, 0x0, 0x0, 0x7,
    0xe0, 0x0, 0x0, 0x0, 0x0, 0x0, 0x0, 0x0,
    0x0, 0x0, 0x0, 0x0, 0x0, 0x0, 0x0, 0x0,
    0x0, 0x0, 0x1, 0xff, 0xff, 0xff, 0xff, 0x0,
    0x0, 0x3f, 0xff, 0xff, 0xff, 0xff, 0xe0, 0x1,
    0xff, 0xff, 0xff, 0xff, 0xff, 0xf0, 0x7, 0xff,
    0xff, 0xff, 0xff, 0xff, 0xf0, 0x1f, 0xff, 0xff,
    0xff, 0xff, 0xff, 0xf0, 0x7f, 0xff, 0xff, 0xff,
    0xff, 0xff, 0xf1, 0xff, 0xff, 0xff, 0xff, 0xff,
    0xff, 0xf3, 0xff, 0xff, 0xff, 0xff, 0xff, 0xff,
    0xe7, 0xff, 0xc0, 0x0, 0x0, 0x7, 0xff, 0xdf,
    0xfe, 0x0, 0x0, 0x0, 0x3, 0xff, 0xbf, 0xf8,
    0x0, 0x0, 0x0, 0x3, 0xff, 0xff, 0xf0, 0x0,
    0x0, 0x0, 0x7, 0xff, 0xff, 0xc0, 0x0, 0x0,
    0x0, 0x7, 0xff, 0xff, 0x80, 0x0, 0x0, 0x0,
    0xf, 0xff, 0xff, 0x0, 0x0, 0x0, 0x0, 0x1f,
    0xff, 0xfe, 0x0, 0x0, 0x0, 0x0, 0x3f, 0xff,
    0xfc, 0x0, 0x0, 0x0, 0x0, 0x7f, 0xff, 0xf8,
    0x0, 0x0, 0x0, 0x0, 0xff, 0xff, 0xf0, 0x0,
    0x0, 0x0, 0x1, 0xff, 0xff, 0xe0, 0x0, 0x0,
    0x0, 0x3, 0xff, 0xff, 0xc0, 0x0, 0x0, 0x0,
    0x7, 0xff, 0xff, 0x80, 0x0, 0x0, 0x0, 0xf,
    0xff, 0xff, 0x0, 0x0, 0x0, 0x0, 0x1f, 0xff,
    0xfe, 0x0, 0x0, 0x0, 0x0, 0x3f, 0xff, 0xfc,
    0x0, 0x0, 0x0, 0x0, 0x7f, 0xff, 0xf8, 0x0,
    0x0, 0x0, 0x0, 0xff, 0xff, 0xf0, 0x0, 0x0,
    0x0, 0x1, 0xff, 0xff, 0xe0, 0x0, 0x0, 0x0,
    0x3, 0xff, 0xff, 0xe0, 0x0, 0x0, 0x0, 0xf,
    0xff, 0xff, 0xc0, 0x0, 0x0, 0x0, 0x1f, 0xff,
    0xff, 0xc0, 0x0, 0x0, 0x0, 0x7f, 0xfb, 0xff,
    0xe0, 0x0, 0x0, 0x3, 0xff, 0xe7, 0xff, 0xff,
    0xff, 0xff, 0xff, 0xff, 0xcf, 0xff, 0xff, 0xff,
    0xff, 0xff, 0xff, 0x8f, 0xff, 0xff, 0xff, 0xff,
    0xff, 0xfe, 0xf, 0xff, 0xff, 0xff, 0xff, 0xff,
    0xf8, 0xf, 0xff, 0xff, 0xff, 0xff, 0xff, 0xe0,
    0xf, 0xff, 0xff, 0xff, 0xff, 0xff, 0x80, 0x7,
    0xff, 0xff, 0xff, 0xff, 0xfc, 0x0, 0x1, 0xff,
    0xff, 0xff, 0xff, 0xc0, 0x0,

    /* U+00F4 "ô" */
    0x0, 0x0, 0x3, 0xff, 0x0, 0x0, 0x0, 0x0,
    0x0, 0xf, 0xff, 0x0, 0x0, 0x0, 0x0, 0x0,
    0x3f, 0xff, 0x0, 0x0, 0x0, 0x0, 0x0, 0x7f,
    0xfe, 0x0, 0x0, 0x0, 0x0, 0x1, 0xff, 0xfe,
    0x0, 0x0, 0x0, 0x0, 0x3, 0xff, 0xfe, 0x0,
    0x0, 0x0, 0x0, 0xf, 0xf3, 0xfc, 0x0, 0x0,
    0x0, 0x0, 0x3f, 0xe3, 0xfc, 0x0, 0x0, 0x0,
    0x0, 0x7f, 0x87, 0xf8, 0x0, 0x0, 0x0, 0x1,
    0xff, 0x7, 0xf8, 0x0, 0x0, 0x0, 0x3, 0xfc,
    0xf, 0xf8, 0x0, 0x0, 0x0, 0xf, 0xf8, 0xf,
    0xf0, 0x0, 0x0, 0x0, 0x3f, 0xe0, 0x1f, 0xf0,
    0x0, 0x0, 0x0, 0x7f, 0xc0, 0x1f, 0xe0, 0x0,
    0x0, 0x1, 0xff, 0x0, 0x3f, 0xe0, 0x0, 0x0,
    0x3, 0xfe, 0x0, 0x3f, 0xc0, 0x0, 0x0, 0x0,
    0x0, 0x0, 0x0, 0x0, 0x0, 0x0, 0x0, 0x0,
    0x0, 0x0, 0x0, 0x0, 0x0, 0x0, 0x0, 0x0,
    0x0, 0x0, 0x0, 0x0, 0xff, 0xff, 0xff, 0xff,
    0x80, 0x0, 0x1f, 0xff, 0xff, 0xff, 0xff, 0xf0,
    0x0, 0xff, 0xff, 0xff, 0xff, 0xff, 0xf8, 0x3,
    0xff, 0xff, 0xff, 0xff, 0xff, 0xf8, 0xf, 0xff,
    0xff, 0xff, 0xff, 0xff, 0xf8, 0x3f, 0xff, 0xff,
    0xff, 0xff, 0xff, 0xf8, 0xff, 0xff, 0xff, 0xff,
    0xff, 0xff, 0xf9, 0xff, 0xff, 0xff, 0xff, 0xff,
    0xff, 0xf3, 0xff, 0xe0, 0x0, 0x0, 0x3, 0xff,
    0xef, 0xff, 0x0, 0x0, 0x0, 0x1, 0xff, 0xdf,
    0xfc, 0x0, 0x0, 0x0, 0x1, 0xff, 0xff, 0xf8,
    0x0, 0x0, 0x0, 0x3, 0xff, 0xff, 0xe0, 0x0,
    0x0, 0x0, 0x3, 0xff, 0xff, 0xc0, 0x0, 0x0,
    0x0, 0x7, 0xff, 0xff, 0x80, 0x0, 0x0, 0x0,
    0xf, 0xff, 0xff, 0x0, 0x0, 0x0, 0x0, 0x1f,
    0xff, 0xfe, 0x0, 0x0, 0x0, 0x0, 0x3f, 0xff,
    0xfc, 0x0, 0x0, 0x0, 0x0, 0x7f, 0xff, 0xf8,
    0x0, 0x0, 0x0, 0x0, 0xff, 0xff, 0xf0, 0x0,
    0x0, 0x0, 0x1, 0xff, 0xff, 0xe0, 0x0, 0x0,
    0x0, 0x3, 0xff, 0xff, 0xc0, 0x0, 0x0, 0x0,
    0x7, 0xff, 0xff, 0x80, 0x0, 0x0, 0x0, 0xf,
    0xff, 0xff, 0x0, 0x0, 0x0, 0x0, 0x1f, 0xff,
    0xfe, 0x0, 0x0, 0x0, 0x0, 0x3f, 0xff, 0xfc,
    0x0, 0x0, 0x0, 0x0, 0x7f, 0xff, 0xf8, 0x0,
    0x0, 0x0, 0x0, 0xff, 0xff, 0xf0, 0x0, 0x0,
    0x0, 0x1, 0xff, 0xff, 0xf0, 0x0, 0x0, 0x0,
    0x7, 0xff, 0xff, 0xe0, 0x0, 0x0, 0x0, 0xf,
    0xff, 0xff, 0xe0, 0x0, 0x0, 0x0, 0x3f, 0xfd,
    0xff, 0xf0, 0x0, 0x0, 0x1, 0xff, 0xf3, 0xff,
    0xff, 0xff, 0xff, 0xff, 0xff, 0xe7, 0xff, 0xff,
    0xff, 0xff, 0xff, 0xff, 0xc7, 0xff, 0xff, 0xff,
    0xff, 0xff, 0xff, 0x7, 0xff, 0xff, 0xff, 0xff,
    0xff, 0xfc, 0x7, 0xff, 0xff, 0xff, 0xff, 0xff,
    0xf0, 0x7, 0xff, 0xff, 0xff, 0xff, 0xff, 0xc0,
    0x3, 0xff, 0xff, 0xff, 0xff, 0xfe, 0x0, 0x0,
    0xff, 0xff, 0xff, 0xff, 0xe0, 0x0,

    /* U+00F5 "õ" */
    0x0, 0x0, 0x0, 0x0, 0x0, 0x78, 0x0, 0x0,
    0x7, 0xfc, 0x0, 0x3, 0xf8, 0x0, 0x0, 0x3f,
    0xff, 0x0, 0x7, 0xf0, 0x0, 0x0, 0xff, 0xff,
    0x0, 0xf, 0xe0, 0x0, 0x3, 0xff, 0xff, 0x80,
    0x1f, 0xc0, 0x0, 0x7, 0xff, 0xff, 0x80, 0x3f,
    0x80, 0x0, 0xf, 0xff, 0xff, 0x80, 0x7f, 0x0,
    0x0, 0x3f, 0xc1, 0xff, 0xc1, 0xfe, 0x0, 0x0,
    0x7f, 0x0, 0xff, 0xff, 0xf8, 0x0, 0x0, 0xfe,
    0x0, 0xff, 0xff, 0xf0, 0x0, 0x1, 0xfc, 0x0,
    0xff, 0xff, 0xe0, 0x0, 0x3, 0xf8, 0x0, 0x7f,
    0xff, 0x80, 0x0, 0x7, 0xf0, 0x0, 0x7f, 0xfe,
    0x0, 0x0, 0xf, 0xe0, 0x0, 0x1f, 0xf0, 0x0,
    0x0, 0x0, 0x0, 0x0, 0x0, 0x0, 0x0, 0x0,
    0x0, 0x0, 0x0, 0x0, 0x0, 0x0, 0x0, 0x0,
    0x0, 0x0, 0x0, 0x0, 0x0, 0x0, 0x0, 0x0,
    0x0, 0x0, 0x0, 0x0, 0x0, 0x7f, 0xff, 0xff,
    0xff, 0xc0, 0x0, 0xf, 0xff, 0xff, 0xff, 0xff,
    0xf8, 0x0, 0x7f, 0xff, 0xff, 0xff, 0xff, 0xfc,
    0x1, 0xff, 0xff, 0xff, 0xff, 0xff, 0xfc, 0x7,
    0xff, 0xff, 0xff, 0xff, 0xff, 0xfc, 0x1f, 0xff,
    0xff, 0xff, 0xff, 0xff, 0xfc, 0x7f, 0xff, 0xff,
    0xff, 0xff, 0xff, 0xfc, 0xff, 0xff, 0xff, 0xff,
    0xff, 0xff, 0xf9, 0xff, 0xf0, 0x0, 0x0, 0x1,
    0xff, 0xf7, 0xff, 0x80, 0x0, 0x0, 0x0, 0xff,
    0xef, 0xfe, 0x0, 0x0, 0x0, 0x0, 0xff, 0xff,
    0xfc, 0x0, 0x0, 0x0, 0x1, 0xff, 0xff, 0xf0,
    0x0, 0x0, 0x0, 0x1, 0xff, 0xff, 0xe0, 0x0,
    0x0, 0x0, 0x3, 0xff, 0xff, 0xc0, 0x0, 0x0,
    0x0, 0x7, 0xff, 0xff, 0x80, 0x0, 0x0, 0x0,
    0xf, 0xff, 0xff, 0x0, 0x0, 0x0, 0x0, 0x1f,
    0xff, 0xfe, 0x0, 0x0, 0x0, 0x0, 0x3f, 0xff,
    0xfc, 0x0, 0x0, 0x0, 0x0, 0x7f, 0xff, 0xf8,
    0x0, 0x0, 0x0, 0x0, 0xff, 0xff, 0xf0, 0x0,
    0x0, 0x0, 0x1, 0xff, 0xff, 0xe0, 0x0, 0x0,
    0x0, 0x3, 0xff, 0xff, 0xc0, 0x0, 0x0, 0x0,
    0x7, 0xff, 0xff, 0x80, 0x0, 0x0, 0x0, 0xf,
    0xff, 0xff, 0x0, 0x0, 0x0, 0x0, 0x1f, 0xff,
    0xfe, 0x0, 0x0, 0x0, 0x0, 0x3f, 0xff, 0xfc,
    0x0, 0x0, 0x0, 0x0, 0x7f, 0xff, 0xf8, 0x0,
    0x0, 0x0, 0x0, 0xff, 0xff, 0xf8, 0x0, 0x0,
    0x0, 0x3, 0xff, 0xff, 0xf0, 0x0, 0x0, 0x0,
    0x7, 0xff, 0xff, 0xf0, 0x0, 0x0, 0x0, 0x1f,
    0xfe, 0xff, 0xf8, 0x0, 0x0, 0x0, 0xff, 0xf9,
    0xff, 0xff, 0xff, 0xff, 0xff, 0xff, 0xf3, 0xff,
    0xff, 0xff, 0xff, 0xff, 0xff, 0xe3, 0xff, 0xff,
    0xff, 0xff, 0xff, 0xff, 0x83, 0xff, 0xff, 0xff,
    0xff, 0xff, 0xfe, 0x3, 0xff, 0xff, 0xff, 0xff,
    0xff, 0xf8, 0x3, 0xff, 0xff, 0xff, 0xff, 0xff,
    0xe0, 0x1, 0xff, 0xff, 0xff, 0xff, 0xff, 0x0,
    0x0, 0x7f, 0xff, 0xff, 0xff, 0xf0, 0x0,

    /* U+00F6 "ö" */
    0x0, 0xf, 0xfc, 0x0, 0xff, 0xc0, 0x0, 0x0,
    0x1f, 0xf8, 0x1, 0xff, 0x80, 0x0, 0x0, 0x3f,
    0xf0, 0x3, 0xff, 0x0, 0x0, 0x0, 0x7f, 0xe0,
    0x7, 0xfe, 0x0, 0x0, 0x0, 0xff, 0xc0, 0xf,
    0xfc, 0x0, 0x0, 0x1, 0xff, 0x80, 0x1f, 0xf8,
    0x0, 0x0, 0x3, 0xff, 0x0, 0x3f, 0xf0, 0x0,
    0x0, 0x7, 0xfe, 0x0, 0x7f, 0xe0, 0x0, 0x0,
    0xf, 0xfc, 0x0, 0xff, 0xc0, 0x0, 0x0, 0x1f,
    0xf8, 0x1, 0xff, 0x80, 0x0, 0x0, 0x0, 0x0,
    0x0, 0x0, 0x0, 0x0, 0x0, 0x0, 0x0, 0x0,
    0x0, 0x0, 0x0, 0x0, 0x0, 0x0, 0x0, 0x0,
    0x0, 0x0, 0x0, 0x0, 0x0, 0x0, 0x0, 0x0,
    0x0, 0x0, 0x0, 0x0, 0x0, 0x0, 0x0, 0x0,
    0xf, 0xff, 0xff, 0xff, 0xf8, 0x0, 0x1, 0xff,
    0xff, 0xff, 0xff, 0xff, 0x0, 0xf, 0xff, 0xff,
    0xff, 0xff, 0xff, 0x80, 0x3f, 0xff, 0xff, 0xff,
    0xff, 0xff, 0x80, 0xff, 0xff, 0xff, 0xff, 0xff,
    0xff, 0x83, 0xff, 0xff, 0xff, 0xff, 0xff, 0xff,
    0x8f, 0xff, 0xff, 0xff, 0xff, 0xff, 0xff, 0x9f,
    0xff, 0xff, 0xff, 0xff, 0xff, 0xff, 0x3f, 0xfe,
    0x0, 0x0, 0x0, 0x3f, 0xfe, 0xff, 0xf0, 0x0,
    0x0, 0x0, 0x1f, 0xfd, 0xff, 0xc0, 0x0, 0x0,
    0x0, 0x1f, 0xff, 0xff, 0x80, 0x0, 0x0, 0x0,
    0x3f, 0xff, 0xfe, 0x0, 0x0, 0x0, 0x0, 0x3f,
    0xff, 0xfc, 0x0, 0x0, 0x0, 0x0, 0x7f, 0xff,
    0xf8, 0x0, 0x0, 0x0, 0x0, 0xff, 0xff, 0xf0,
    0x0, 0x0, 0x0, 0x1, 0xff, 0xff, 0xe0, 0x0,
    0x0, 0x0, 0x3, 0xff, 0xff, 0xc0, 0x0, 0x0,
    0x0, 0x7, 0xff, 0xff, 0x80, 0x0, 0x0, 0x0,
    0xf, 0xff, 0xff, 0x0, 0x0, 0x0, 0x0, 0x1f,
    0xff, 0xfe, 0x0, 0x0, 0x0, 0x0, 0x3f, 0xff,
    0xfc, 0x0, 0x0, 0x0, 0x0, 0x7f, 0xff, 0xf8,
    0x0, 0x0, 0x0, 0x0, 0xff, 0xff, 0xf0, 0x0,
    0x0, 0x0, 0x1, 0xff, 0xff, 0xe0, 0x0, 0x0,
    0x0, 0x3, 0xff, 0xff, 0xc0, 0x0, 0x0, 0x0,
    0x7, 0xff, 0xff, 0x80, 0x0, 0x0, 0x0, 0xf,
    0xff, 0xff, 0x0, 0x0, 0x0, 0x0, 0x1f, 0xff,
    0xff, 0x0, 0x0, 0x0, 0x0, 0x7f, 0xff, 0xfe,
    0x0, 0x0, 0x0, 0x0, 0xff, 0xff, 0xfe, 0x0,
    0x0, 0x0, 0x3, 0xff, 0xdf, 0xff, 0x0, 0x0,
    0x0, 0x1f, 0xff, 0x3f, 0xff, 0xff, 0xff, 0xff,
    0xff, 0xfe, 0x7f, 0xff, 0xff, 0xff, 0xff, 0xff,
    0xfc, 0x7f, 0xff, 0xff, 0xff, 0xff, 0xff, 0xf0,
    0x7f, 0xff, 0xff, 0xff, 0xff, 0xff, 0xc0, 0x7f,
    0xff, 0xff, 0xff, 0xff, 0xff, 0x0, 0x7f, 0xff,
    0xff, 0xff, 0xff, 0xfc, 0x0, 0x3f, 0xff, 0xff,
    0xff, 0xff, 0xe0, 0x0, 0xf, 0xff, 0xff, 0xff,
    0xfe, 0x0, 0x0,

    /* U+00F7 "÷" */
    0x0, 0x3, 0xff, 0x0, 0x0, 0x0, 0xf, 0xfc,
    0x0, 0x0, 0x0, 0x3f, 0xf0, 0x0, 0x0, 0x0,
    0xff, 0xc0, 0x0, 0x0, 0x3, 0xff, 0x0, 0x0,
    0x0, 0xf, 0xfc, 0x0, 0x0, 0x0, 0x3f, 0xf0,
    0x0, 0x0, 0x0, 0xff, 0xc0, 0x0, 0x0, 0x3,
    0xff, 0x0, 0x0, 0x0, 0xf, 0xfc, 0x0, 0x0,
    0x0, 0x0, 0x0, 0x0, 0x0, 0x0, 0x0, 0x0,
    0x0, 0x0, 0x0, 0x0, 0x0, 0x0, 0x0, 0x0,
    0x0, 0x0, 0x0, 0x0, 0x0, 0x0, 0x0, 0x0,
    0x0, 0x0, 0x0, 0x0, 0x0, 0x0, 0x0, 0x0,
    0x0, 0x0, 0x0, 0x0, 0x0, 0xf, 0xff, 0xff,
    0xff, 0xff, 0xff, 0xff, 0xff, 0xff, 0xff, 0xff,
    0xff, 0xff, 0xff, 0xff, 0xff, 0xff, 0xff, 0xff,
    0xff, 0xff, 0xff, 0xff, 0xff, 0xff, 0xff, 0xff,
    0xff, 0xff, 0xff, 0xff, 0xff, 0xff, 0xfc, 0x0,
    0x0, 0x0, 0x0, 0x0, 0x0, 0x0, 0x0, 0x0,
    0x0, 0x0, 0x0, 0x0, 0x0, 0x0, 0x0, 0x0,
    0x0, 0x0, 0x0, 0x0, 0x0, 0x0, 0x0, 0x0,
    0x0, 0x0, 0x0, 0x0, 0x0, 0x0, 0x0, 0x0,
    0x0, 0x0, 0x0, 0x0, 0x0, 0x0, 0xf, 0xfc,
    0x0, 0x0, 0x0, 0x3f, 0xf0, 0x0, 0x0, 0x0,
    0xff, 0xc0, 0x0, 0x0, 0x3, 0xff, 0x0, 0x0,
    0x0, 0xf, 0xfc, 0x0, 0x0, 0x0, 0x3f, 0xf0,
    0x0, 0x0, 0x0, 0xff, 0xc0, 0x0, 0x0, 0x3,
    0xff, 0x0, 0x0, 0x0, 0xf, 0xfc, 0x0, 0x0,
    0x0, 0x3f, 0xf0, 0x0, 0x0,

    /* U+00F8 "ø" */
    0x0, 0x0, 0x0, 0x0, 0x0, 0x0, 0xfe, 0x0,
    0x0, 0x0, 0x0, 0x0, 0x3, 0xfc, 0x0, 0x0,
    0x0, 0x0, 0x0, 0xf, 0xf0, 0x0, 0x0, 0x0,
    0x0, 0x0, 0x3f, 0xc0, 0x0, 0x0, 0x0, 0x0,
    0x0, 0xff, 0x0, 0x0, 0x0, 0x0, 0x0, 0x1,
    0xfc, 0x0, 0x0, 0x0, 0x0, 0x0, 0x7, 0xf0,
    0x0, 0xf, 0xff, 0xff, 0xff, 0xff, 0xc0, 0x1,
    0xff, 0xff, 0xff, 0xff, 0xff, 0x0, 0xf, 0xff,
    0xff, 0xff, 0xff, 0xff, 0x80, 0x3f, 0xff, 0xff,
    0xff, 0xff, 0xff, 0xc0, 0xff, 0xff, 0xff, 0xff,
    0xff, 0xff, 0x83, 0xff, 0xff, 0xff, 0xff, 0xff,
    0xff, 0x8f, 0xff, 0xff, 0xff, 0xff, 0xff, 0xff,
    0x9f, 0xff, 0xff, 0xff, 0xff, 0xff, 0xff, 0x3f,
    0xfe, 0x0, 0x0, 0x1f, 0xff, 0xfe, 0xff, 0xf0,
    0x0, 0x0, 0x7f, 0x9f, 0xff, 0xff, 0xc0, 0x0,
    0x1, 0xfe, 0x1f, 0xff, 0xff, 0x80, 0x0, 0x7,
    0xf8, 0x3f, 0xff, 0xfe, 0x0, 0x0, 0x1f, 0xe0,
    0x3f, 0xff, 0xfc, 0x0, 0x0, 0x7f, 0x80, 0x7f,
    0xff, 0xf8, 0x0, 0x0, 0xfe, 0x0, 0xff, 0xff,
    0xf0, 0x0, 0x3, 0xf8, 0x1, 0xff, 0xff, 0xe0,
    0x0, 0xf, 0xe0, 0x3, 0xff, 0xff, 0xc0, 0x0,
    0x3f, 0xc0, 0x7, 0xff, 0xff, 0x80, 0x0, 0xff,
    0x0, 0xf, 0xff, 0xff, 0x0, 0x3, 0xfc, 0x0,
    0x1f, 0xff, 0xfe, 0x0, 0xf, 0xf0, 0x0, 0x3f,
    0xff, 0xfc, 0x0, 0x3f, 0xc0, 0x0, 0x7f, 0xff,
    0xf8, 0x0, 0xff, 0x0, 0x0, 0xff, 0xff, 0xf0,
    0x1, 0xfc, 0x0, 0x1, 0xff, 0xff, 0xe0, 0x7,
    0xf0, 0x0, 0x3, 0xff, 0xff, 0xc0, 0x1f, 0xc0,
    0x0, 0x7, 0xff, 0xff, 0x80, 0x7f, 0x80, 0x0,
    0xf, 0xff, 0xff, 0x1, 0xfe, 0x0, 0x0, 0x1f,
    0xff, 0xff, 0x7, 0xf8, 0x0, 0x0, 0x7f, 0xff,
    0xfe, 0x1f, 0xe0, 0x0, 0x0, 0xff, 0xff, 0xfe,
    0x7f, 0x80, 0x0, 0x3, 0xff, 0xdf, 0xff, 0xfe,
    0x0, 0x0, 0x1f, 0xff, 0x3f, 0xff, 0xff, 0xff,
    0xff, 0xff, 0xfe, 0x7f, 0xff, 0xff, 0xff, 0xff,
    0xff, 0xfc, 0x7f, 0xff, 0xff, 0xff, 0xff, 0xff,
    0xf0, 0xff, 0xff, 0xff, 0xff, 0xff, 0xff, 0xc0,
    0xff, 0xff, 0xff, 0xff, 0xff, 0xff, 0x0, 0xff,
    0xff, 0xff, 0xff, 0xff, 0xfc, 0x0, 0x7f, 0xff,
    0xff, 0xff, 0xff, 0xe0, 0x0, 0xff, 0xff, 0xff,
    0xff, 0xfe, 0x0, 0x3, 0xf8, 0x0, 0x0, 0x0,
    0x0, 0x0, 0xf, 0xf0, 0x0, 0x0, 0x0, 0x0,
    0x0, 0x3f, 0xc0, 0x0, 0x0, 0x0, 0x0, 0x0,
    0xff, 0x0, 0x0, 0x0, 0x0, 0x0, 0x3, 0xfc,
    0x0, 0x0, 0x0, 0x0, 0x0, 0x7, 0xf0, 0x0,
    0x0, 0x0, 0x0, 0x0, 0x1f, 0xc0, 0x0, 0x0,
    0x0, 0x0, 0x0, 0x0,

    /* U+00F9 "ù" */
    0x0, 0x0, 0x3f, 0x80, 0x0, 0x0, 0x0, 0x0,
    0x1, 0xff, 0x80, 0x0, 0x0, 0x0, 0x0, 0x3,
    0xfe, 0x0, 0x0, 0x0, 0x0, 0x0, 0xf, 0xfc,
    0x0, 0x0, 0x0, 0x0, 0x0, 0x1f, 0xf0, 0x0,
    0x0, 0x0, 0x0, 0x0, 0x7f, 0xe0, 0x0, 0x0,
    0x0, 0x0, 0x0, 0xff, 0x80, 0x0, 0x0, 0x0,
    0x0, 0x3, 0xff, 0x0, 0x0, 0x0, 0x0, 0x0,
    0x7, 0xfc, 0x0, 0x0, 0x0, 0x0, 0x0, 0x1f,
    0xf8, 0x0, 0x0, 0x0, 0x0, 0x0, 0x3f, 0xe0,
    0x0, 0x0, 0x0, 0x0, 0x0, 0xff, 0xc0, 0x0,
    0x0, 0x0, 0x0, 0x1, 0xff, 0x0, 0x0, 0x0,
    0x0, 0x0, 0x3, 0xfc, 0x0, 0x0, 0x0, 0x0,
    0x0, 0xf, 0xf8, 0x0, 0x0, 0x0, 0x0, 0x0,
    0x1f, 0xe0, 0x0, 0x0, 0x0, 0x0, 0x0, 0x7f,
    0xc0, 0x0, 0x0, 0x0, 0x0, 0x0, 0x7c, 0x0,
    0x0, 0x0, 0x0, 0x0, 0x0, 0x0, 0x0, 0x0,
    0x0, 0x0, 0x0, 0x0, 0x0, 0x0, 0x0, 0xff,
    0xc0, 0x0, 0x0, 0x0, 0xf, 0xff, 0xff, 0x0,
    0x0, 0x0, 0x0, 0x3f, 0xff, 0xfc, 0x0, 0x0,
    0x0, 0x0, 0xff, 0xff, 0xf0, 0x0, 0x0, 0x0,
    0x3, 0xff, 0xff, 0xc0, 0x0, 0x0, 0x0, 0xf,
    0xff, 0xff, 0x0, 0x0, 0x0, 0x0, 0x3f, 0xff,
    0xfc, 0x0, 0x0, 0x0, 0x0, 0xff, 0xff, 0xf0,
    0x0, 0x0, 0x0, 0x3, 0xff, 0xff, 0xc0, 0x0,
    0x0, 0x0, 0xf, 0xff, 0xff, 0x0, 0x0, 0x0,
    0x0, 0x3f, 0xff, 0xfc, 0x0, 0x0, 0x0, 0x0,
    0xff, 0xff, 0xf0, 0x0, 0x0, 0x0, 0x3, 0xff,
    0xff, 0xc0, 0x0, 0x0, 0x0, 0xf, 0xff, 0xff,
    0x0, 0x0, 0x0, 0x0, 0x3f, 0xff, 0xfc, 0x0,
    0x0, 0x0, 0x0, 0xff, 0xff, 0xf0, 0x0, 0x0,
    0x0, 0x3, 0xff, 0xff, 0xc0, 0x0, 0x0, 0x0,
    0xf, 0xff, 0xff, 0x0, 0x0, 0x0, 0x0, 0x3f,
    0xff, 0xfc, 0x0, 0x0, 0x0, 0x0, 0xff, 0xff,
    0xf0, 0x0, 0x0, 0x0, 0x3, 0xff, 0xff, 0xc0,
    0x0, 0x0, 0x0, 0xf, 0xff, 0xff, 0x0, 0x0,
    0x0, 0x0, 0x3f, 0xff, 0xfc, 0x0, 0x0, 0x0,
    0x0, 0xff, 0xff, 0xf0, 0x0, 0x0, 0x0, 0x3,
    0xff, 0xff, 0xc0, 0x0, 0x0, 0x0, 0xf, 0xff,
    0xff, 0x0, 0x0, 0x0, 0x0, 0x3f, 0xff, 0xfc,
    0x0, 0x0, 0x0, 0x0, 0xff, 0xff, 0xf0, 0x0,
    0x0, 0x0, 0x3, 0xff, 0xff, 0xc0, 0x0, 0x0,
    0x0, 0x1f, 0xff, 0xff, 0x80, 0x0, 0x0, 0x0,
    0x7f, 0xff, 0xff, 0x0, 0x0, 0x0, 0x3, 0xff,
    0xdf, 0xfe, 0x0, 0x0, 0x0, 0x3f, 0xfe, 0x7f,
    0xff, 0xff, 0xff, 0xff, 0xff, 0xf9, 0xff, 0xff,
    0xff, 0xff, 0xff, 0xff, 0xe3, 0xff, 0xff, 0xff,
    0xff, 0xff, 0xff, 0x7, 0xff, 0xff, 0xff, 0xff,
    0xff, 0xf8, 0xf, 0xff, 0xff, 0xff, 0xff, 0xff,
    0xc0, 0x1f, 0xff, 0xff, 0xff, 0xff, 0xfe, 0x0,
    0x1f, 0xff, 0xff, 0xff, 0xff, 0xe0, 0x0, 0xf,
    0xff, 0xff, 0xff, 0xfc, 0x0,

    /* U+00FA "ú" */
    0x0, 0x0, 0x0, 0x3, 0xf8, 0x0, 0x0, 0x0,
    0x0, 0x0, 0x3f, 0xf0, 0x0, 0x0, 0x0, 0x0,
    0x0, 0xff, 0xc0, 0x0, 0x0, 0x0, 0x0, 0x7,
    0xfe, 0x0, 0x0, 0x0, 0x0, 0x0, 0x1f, 0xf0,
    0x0, 0x0, 0x0, 0x0, 0x0, 0xff, 0xc0, 0x0,
    0x0, 0x0, 0x0, 0x3, 0xfe, 0x0, 0x0, 0x0,
    0x0, 0x0, 0x1f, 0xf8, 0x0, 0x0, 0x0, 0x0,
    0x0, 0x7f, 0xc0, 0x0, 0x0, 0x0, 0x0, 0x1,
    0xff, 0x0, 0x0, 0x0, 0x0, 0x0, 0xf, 0xf8,
    0x0, 0x0, 0x0, 0x0, 0x0, 0x3f, 0xe0, 0x0,
    0x0, 0x0, 0x0, 0x1, 0xff, 0x0, 0x0, 0x0,
    0x0, 0x0, 0x7, 0xfc, 0x0, 0x0, 0x0, 0x0,
    0x0, 0x3f, 0xe0, 0x0, 0x0, 0x0, 0x0, 0x0,
    0xff, 0x0, 0x0, 0x0, 0x0, 0x0, 0x7, 0xfc,
    0x0, 0x0, 0x0, 0x0, 0x0, 0xf, 0xc0, 0x0,
    0x0, 0x0, 0x0, 0x0, 0x0, 0x0, 0x0, 0x0,
    0x0, 0x0, 0x0, 0x0, 0x0, 0x0, 0x0, 0xff,
    0xc0, 0x0, 0x0, 0x0, 0xf, 0xff, 0xff, 0x0,
    0x0, 0x0, 0x0, 0x3f, 0xff, 0xfc, 0x0, 0x0,
    0x0, 0x0, 0xff, 0xff, 0xf0, 0x0, 0x0, 0x0,
    0x3, 0xff, 0xff, 0xc0, 0x0, 0x0, 0x0, 0xf,
    0xff, 0xff, 0x0, 0x0, 0x0, 0x0, 0x3f, 0xff,
    0xfc, 0x0, 0x0, 0x0, 0x0, 0xff, 0xff, 0xf0,
    0x0, 0x0, 0x0, 0x3, 0xff, 0xff, 0xc0, 0x0,
    0x0, 0x0, 0xf, 0xff, 0xff, 0x0, 0x0, 0x0,
    0x0, 0x3f, 0xff, 0xfc, 0x0, 0x0, 0x0, 0x0,
    0xff, 0xff, 0xf0, 0x0, 0x0, 0x0, 0x3, 0xff,
    0xff, 0xc0, 0x0, 0x0, 0x0, 0xf, 0xff, 0xff,
    0x0, 0x0, 0x0, 0x0, 0x3f, 0xff, 0xfc, 0x0,
    0x0, 0x0, 0x0, 0xff, 0xff, 0xf0, 0x0, 0x0,
    0x0, 0x3, 0xff, 0xff, 0xc0, 0x0, 0x0, 0x0,
    0xf, 0xff, 0xff, 0x0, 0x0, 0x0, 0x0, 0x3f,
    0xff, 0xfc, 0x0, 0x0, 0x0, 0x0, 0xff, 0xff,
    0xf0, 0x0, 0x0, 0x0, 0x3, 0xff, 0xff, 0xc0,
    0x0, 0x0, 0x0, 0xf, 0xff, 0xff, 0x0, 0x0,
    0x0, 0x0, 0x3f, 0xff, 0xfc, 0x0, 0x0, 0x0,
    0x0, 0xff, 0xff, 0xf0, 0x0, 0x0, 0x0, 0x3,
    0xff, 0xff, 0xc0, 0x0, 0x0, 0x0, 0xf, 0xff,
    0xff, 0x0, 0x0, 0x0, 0x0, 0x3f, 0xff, 0xfc,
    0x0, 0x0, 0x0, 0x0, 0xff, 0xff, 0xf0, 0x0,
    0x0, 0x0, 0x3, 0xff, 0xff, 0xc0, 0x0, 0x0,
    0x0, 0x1f, 0xff, 0xff, 0x80, 0x0, 0x0, 0x0,
    0x7f, 0xff, 0xff, 0x0, 0x0, 0x0, 0x3, 0xff,
    0xdf, 0xfe, 0x0, 0x0, 0x0, 0x3f, 0xfe, 0x7f,
    0xff, 0xff, 0xff, 0xff, 0xff, 0xf9, 0xff, 0xff,
    0xff, 0xff, 0xff, 0xff, 0xe3, 0xff, 0xff, 0xff,
    0xff, 0xff, 0xff, 0x7, 0xff, 0xff, 0xff, 0xff,
    0xff, 0xf8, 0xf, 0xff, 0xff, 0xff, 0xff, 0xff,
    0xc0, 0x1f, 0xff, 0xff, 0xff, 0xff, 0xfe, 0x0,
    0x1f, 0xff, 0xff, 0xff, 0xff, 0xe0, 0x0, 0xf,
    0xff, 0xff, 0xff, 0xfc, 0x0,

    /* U+00FB "û" */
    0x0, 0x0, 0x3, 0xff, 0x80, 0x0, 0x0, 0x0,
    0x0, 0x1f, 0xff, 0x0, 0x0, 0x0, 0x0, 0x0,
    0x7f, 0xfc, 0x0, 0x0, 0x0, 0x0, 0x3, 0xff,
    0xf8, 0x0, 0x0, 0x0, 0x0, 0x1f, 0xff, 0xe0,
    0x0, 0x0, 0x0, 0x0, 0x7f, 0xff, 0xc0, 0x0,
    0x0, 0x0, 0x3, 0xfe, 0xff, 0x80, 0x0, 0x0,
    0x0, 0xf, 0xf1, 0xfe, 0x0, 0x0, 0x0, 0x0,
    0x7f, 0x87, 0xfc, 0x0, 0x0, 0x0, 0x1, 0xfe,
    0xf, 0xf0, 0x0, 0x0, 0x0, 0xf, 0xf0, 0x3f,
    0xe0, 0x0, 0x0, 0x0, 0x7f, 0xc0, 0x7f, 0xc0,
    0x0, 0x0, 0x1, 0xfe, 0x1, 0xff, 0x0, 0x0,
    0x0, 0xf, 0xf8, 0x3, 0xfe, 0x0, 0x0, 0x0,
    0x3f, 0xc0, 0xf, 0xf8, 0x0, 0x0, 0x1, 0xff,
    0x0, 0x1f, 0xf0, 0x0, 0x0, 0x0, 0x0, 0x0,
    0x0, 0x0, 0x0, 0x0, 0x0, 0x0, 0x0, 0x0,
    0x0, 0x0, 0x0, 0x0, 0x0, 0x0, 0x0, 0x0,
    0x3f, 0xf0, 0x0, 0x0, 0x0, 0x3, 0xff, 0xff,
    0xc0, 0x0, 0x0, 0x0, 0xf, 0xff, 0xff, 0x0,
    0x0, 0x0, 0x0, 0x3f, 0xff, 0xfc, 0x0, 0x0,
    0x0, 0x0, 0xff, 0xff, 0xf0, 0x0, 0x0, 0x0,
    0x3, 0xff, 0xff, 0xc0, 0x0, 0x0, 0x0, 0xf,
    0xff, 0xff, 0x0, 0x0, 0x0, 0x0, 0x3f, 0xff,
    0xfc, 0x0, 0x0, 0x0, 0x0, 0xff, 0xff, 0xf0,
    0x0, 0x0, 0x0, 0x3, 0xff, 0xff, 0xc0, 0x0,
    0x0, 0x0, 0xf, 0xff, 0xff, 0x0, 0x0, 0x0,
    0x0, 0x3f, 0xff, 0xfc, 0x0, 0x0, 0x0, 0x0,
    0xff, 0xff, 0xf0, 0x0, 0x0, 0x0, 0x3, 0xff,
    0xff, 0xc0, 0x0, 0x0, 0x0, 0xf, 0xff, 0xff,
    0x0, 0x0, 0x0, 0x0, 0x3f, 0xff, 0xfc, 0x0,
    0x0, 0x0, 0x0, 0xff, 0xff, 0xf0, 0x0, 0x0,
    0x0, 0x3, 0xff, 0xff, 0xc0, 0x0, 0x0, 0x0,
    0xf, 0xff, 0xff, 0x0, 0x0, 0x0, 0x0, 0x3f,
    0xff, 0xfc, 0x0, 0x0, 0x0, 0x0, 0xff, 0xff,
    0xf0, 0x0, 0x0, 0x0, 0x3, 0xff, 0xff, 0xc0,
    0x0, 0x0, 0x0, 0xf, 0xff, 0xff, 0x0, 0x0,
    0x0, 0x0, 0x3f, 0xff, 0xfc, 0x0, 0x0, 0x0,
    0x0, 0xff, 0xff, 0xf0, 0x0, 0x0, 0x0, 0x3,
    0xff, 0xff, 0xc0, 0x0, 0x0, 0x0, 0xf, 0xff,
    0xff, 0x0, 0x0, 0x0, 0x0, 0x3f, 0xff, 0xfc,
    0x0, 0x0, 0x0, 0x0, 0xff, 0xff, 0xf0, 0x0,
    0x0, 0x0, 0x7, 0xff, 0xff, 0xe0, 0x0, 0x0,
    0x0, 0x1f, 0xff, 0xff, 0xc0, 0x0, 0x0, 0x0,
    0xff, 0xf7, 0xff, 0x80, 0x0, 0x0, 0xf, 0xff,
    0x9f, 0xff, 0xff, 0xff, 0xff, 0xff, 0xfe, 0x7f,
    0xff, 0xff, 0xff, 0xff, 0xff, 0xf8, 0xff, 0xff,
    0xff, 0xff, 0xff, 0xff, 0xc1, 0xff, 0xff, 0xff,
    0xff, 0xff, 0xfe, 0x3, 0xff, 0xff, 0xff, 0xff,
    0xff, 0xf0, 0x7, 0xff, 0xff, 0xff, 0xff, 0xff,
    0x80, 0x7, 0xff, 0xff, 0xff, 0xff, 0xf8, 0x0,
    0x3, 0xff, 0xff, 0xff, 0xff, 0x0, 0x0,

    /* U+00FC "ü" */
    0x0, 0xf, 0xfc, 0x0, 0xff, 0xc0, 0x0, 0x0,
    0x3f, 0xf0, 0x3, 0xff, 0x0, 0x0, 0x0, 0xff,
    0xc0, 0xf, 0xfc, 0x0, 0x0, 0x3, 0xff, 0x0,
    0x3f, 0xf0, 0x0, 0x0, 0xf, 0xfc, 0x0, 0xff,
    0xc0, 0x0, 0x0, 0x3f, 0xf0, 0x3, 0xff, 0x0,
    0x0, 0x0, 0xff, 0xc0, 0xf, 0xfc, 0x0, 0x0,
    0x3, 0xff, 0x0, 0x3f, 0xf0, 0x0, 0x0, 0xf,
    0xfc, 0x0, 0xff, 0xc0, 0x0, 0x0, 0x3f, 0xf0,
    0x3, 0xff, 0x0, 0x0, 0x0, 0x0, 0x0, 0x0,
    0x0, 0x0, 0x0, 0x0, 0x0, 0x0, 0x0, 0x0,
    0x0, 0x0, 0x0, 0x0, 0x0, 0x0, 0x0, 0x0,
    0x0, 0x0, 0x0, 0x0, 0x0, 0x0, 0x0, 0x0,
    0x0, 0x0, 0x0, 0x0, 0x0, 0x3f, 0xf0, 0x0,
    0x0, 0x0, 0x3, 0xff, 0xff, 0xc0, 0x0, 0x0,
    0x0, 0xf, 0xff, 0xff, 0x0, 0x0, 0x0, 0x0,
    0x3f, 0xff, 0xfc, 0x0, 0x0, 0x0, 0x0, 0xff,
    0xff, 0xf0, 0x0, 0x0, 0x0, 0x3, 0xff, 0xff,
    0xc0, 0x0, 0x0, 0x0, 0xf, 0xff, 0xff, 0x0,
    0x0, 0x0, 0x0, 0x3f, 0xff, 0xfc, 0x0, 0x0,
    0x0, 0x0, 0xff, 0xff, 0xf0, 0x0, 0x0, 0x0,
    0x3, 0xff, 0xff, 0xc0, 0x0, 0x0, 0x0, 0xf,
    0xff, 0xff, 0x0, 0x0, 0x0, 0x0, 0x3f, 0xff,
    0xfc, 0x0, 0x0, 0x0, 0x0, 0xff, 0xff, 0xf0,
    0x0, 0x0, 0x0, 0x3, 0xff, 0xff, 0xc0, 0x0,
    0x0, 0x0, 0xf, 0xff, 0xff, 0x0, 0x0, 0x0,
    0x0, 0x3f, 0xff, 0xfc, 0x0, 0x0, 0x0, 0x0,
    0xff, 0xff, 0xf0, 0x0, 0x0, 0x0, 0x3, 0xff,
    0xff, 0xc0, 0x0, 0x0, 0x0, 0xf, 0xff, 0xff,
    0x0, 0x0, 0x0, 0x0, 0x3f, 0xff, 0xfc, 0x0,
    0x0, 0x0, 0x0, 0xff, 0xff, 0xf0, 0x0, 0x0,
    0x0, 0x3, 0xff, 0xff, 0xc0, 0x0, 0x0, 0x0,
    0xf, 0xff, 0xff, 0x0, 0x0, 0x0, 0x0, 0x3f,
    0xff, 0xfc, 0x0, 0x0, 0x0, 0x0, 0xff, 0xff,
    0xf0, 0x0, 0x0, 0x0, 0x3, 0xff, 0xff, 0xc0,
    0x0, 0x0, 0x0, 0xf, 0xff, 0xff, 0x0, 0x0,
    0x0, 0x0, 0x3f, 0xff, 0xfc, 0x0, 0x0, 0x0,
    0x0, 0xff, 0xff, 0xf0, 0x0, 0x0, 0x0, 0x7,
    0xff, 0xff, 0xe0, 0x0, 0x0, 0x0, 0x1f, 0xff,
    0xff, 0xc0, 0x0, 0x0, 0x0, 0xff, 0xf7, 0xff,
    0x80, 0x0, 0x0, 0xf, 0xff, 0x9f, 0xff, 0xff,
    0xff, 0xff, 0xff, 0xfe, 0x7f, 0xff, 0xff, 0xff,
    0xff, 0xff, 0xf8, 0xff, 0xff, 0xff, 0xff, 0xff,
    0xff, 0xc1, 0xff, 0xff, 0xff, 0xff, 0xff, 0xfe,
    0x3, 0xff, 0xff, 0xff, 0xff, 0xff, 0xf0, 0x7,
    0xff, 0xff, 0xff, 0xff, 0xff, 0x80, 0x7, 0xff,
    0xff, 0xff, 0xff, 0xf8, 0x0, 0x3, 0xff, 0xff,
    0xff, 0xff, 0x0, 0x0,

    /* U+00FD "ý" */
    0x0, 0x0, 0x0, 0x0, 0xfc, 0x0, 0x0, 0x0,
    0x0, 0x0, 0x1, 0xff, 0x0, 0x0, 0x0, 0x0,
    0x0, 0x1, 0xff, 0x80, 0x0, 0x0, 0x0, 0x0,
    0x0, 0xff, 0x80, 0x0, 0x0, 0x0, 0x0, 0x0,
    0xff, 0xc0, 0x0, 0x0, 0x0, 0x0, 0x0, 0x7f,
    0xc0, 0x0, 0x0, 0x0, 0x0, 0x0, 0x7f, 0xe0,
    0x0, 0x0, 0x0, 0x0, 0x0, 0x3f, 0xe0, 0x0,
    0x0, 0x0, 0x0, 0x0, 0x3f, 0xf0, 0x0, 0x0,
    0x0, 0x0, 0x0, 0x1f, 0xf0, 0x0, 0x0, 0x0,
    0x0, 0x0, 0xf, 0xf8, 0x0, 0x0, 0x0, 0x0,
    0x0, 0xf, 0xf8, 0x0, 0x0, 0x0, 0x0, 0x0,
    0x7, 0xfc, 0x0, 0x0, 0x0, 0x0, 0x0, 0x7,
    0xfc, 0x0, 0x0, 0x0, 0x0, 0x0, 0x3, 0xfe,
    0x0, 0x0, 0x0, 0x0, 0x0, 0x3, 0xfe, 0x0,
    0x0, 0x0, 0x0, 0x0, 0x1, 0xfe, 0x0, 0x0,
    0x0, 0x0, 0x0, 0x0, 0x7e, 0x0, 0x0, 0x0,
    0x0, 0x0, 0x0, 0x0, 0x0, 0x0, 0x0, 0x0,
    0x0, 0x0, 0x0, 0x0, 0x0, 0x0, 0xf, 0xfe,
    0x0, 0x0, 0x0, 0x0, 0x3f, 0xf7, 0xff, 0x0,
    0x0, 0x0, 0x0, 0x3f, 0xfb, 0xff, 0xc0, 0x0,
    0x0, 0x0, 0x1f, 0xfc, 0xff, 0xe0, 0x0, 0x0,
    0x0, 0x1f, 0xfc, 0x3f, 0xf8, 0x0, 0x0, 0x0,
    0xf, 0xfe, 0x1f, 0xfe, 0x0, 0x0, 0x0, 0xf,
    0xfe, 0x7, 0xff, 0x0, 0x0, 0x0, 0xf, 0xff,
    0x3, 0xff, 0xc0, 0x0, 0x0, 0x7, 0xff, 0x0,
    0xff, 0xe0, 0x0, 0x0, 0x7, 0xff, 0x80, 0x7f,
    0xf8, 0x0, 0x0, 0x3, 0xff, 0x80, 0x1f, 0xfc,
    0x0, 0x0, 0x3, 0xff, 0xc0, 0x7, 0xff, 0x0,
    0x0, 0x1, 0xff, 0xc0, 0x3, 0xff, 0xc0, 0x0,
    0x1, 0xff, 0xc0, 0x0, 0xff, 0xe0, 0x0, 0x0,
    0xff, 0xe0, 0x0, 0x7f, 0xf8, 0x0, 0x0, 0xff,
    0xe0, 0x0, 0x1f, 0xfc, 0x0, 0x0, 0xff, 0xf0,
    0x0, 0xf, 0xff, 0x0, 0x0, 0x7f, 0xf0, 0x0,
    0x3, 0xff, 0x80, 0x0, 0x7f, 0xf8, 0x0, 0x1,
    0xff, 0xe0, 0x0, 0x3f, 0xf8, 0x0, 0x0, 0x7f,
    0xf8, 0x0, 0x3f, 0xf8, 0x0, 0x0, 0x1f, 0xfc,
    0x0, 0x1f, 0xfc, 0x0, 0x0, 0xf, 0xff, 0x0,
    0x1f, 0xfc, 0x0, 0x0, 0x3, 0xff, 0x80, 0x1f,
    0xfe, 0x0, 0x0, 0x1, 0xff, 0xe0, 0xf, 0xfe,
    0x0, 0x0, 0x0, 0x7f, 0xf0, 0xf, 0xff, 0x0,
    0x0, 0x0, 0x3f, 0xfc, 0x7, 0xff, 0x0, 0x0,
    0x0, 0xf, 0xff, 0x7, 0xff, 0x80, 0x0, 0x0,
    0x3, 0xff, 0x83, 0xff, 0x80, 0x0, 0x0, 0x1,
    0xff, 0xe3, 0xff, 0x80, 0x0, 0x0, 0x0, 0x7f,
    0xf3, 0xff, 0xc0, 0x0, 0x0, 0x0, 0x3f, 0xfd,
    0xff, 0xc0, 0x0, 0x0, 0x0, 0xf, 0xff, 0xff,
    0xe0, 0x0, 0x0, 0x0, 0x7, 0xff, 0xff, 0xe0,
    0x0, 0x0, 0x0, 0x1, 0xff, 0xff, 0xf0, 0x0,
    0x0, 0x0, 0x0, 0x7f, 0xff, 0xf0, 0x0, 0x0,
    0x0, 0x0, 0x3f, 0xff, 0xf0, 0x0, 0x0, 0x0,
    0x0, 0xf, 0xff, 0xf8, 0x0, 0x0, 0x0, 0x0,
    0x7, 0xff, 0xf8, 0x0, 0x0, 0x0, 0x0, 0x1,
    0xff, 0xfc, 0x0, 0x0, 0x0, 0x0, 0x0, 0x1f,
    0xfc, 0x0, 0x0, 0x0, 0x0, 0x0, 0x1f, 0xfe,
    0x0, 0x0, 0x0, 0x0, 0x0, 0xf, 0xfe, 0x0,
    0x0, 0x0, 0x0, 0x0, 0xf, 0xff, 0x0, 0x0,
    0x0, 0x0, 0x0, 0x7, 0xff, 0x0, 0x0, 0x0,
    0x0, 0x0, 0x7, 0xff, 0x0, 0x0, 0x0, 0x0,
    0x0, 0x3, 0xff, 0x80, 0x0, 0x0, 0x0, 0x0,
    0x3, 0xff, 0x80, 0x0, 0x0, 0x0, 0x0, 0x3,
    0xff, 0xc0, 0x0, 0x0, 0x0, 0x1, 0xff, 0xff,
    0xc0, 0x0, 0x0, 0x0, 0x0, 0xff, 0xff, 0xe0,
    0x0, 0x0, 0x0, 0x0, 0x7f, 0xff, 0xe0, 0x0,
    0x0, 0x0, 0x0, 0x3f, 0xff, 0xe0, 0x0, 0x0,
    0x0, 0x0, 0x1f, 0xff, 0xf0, 0x0, 0x0, 0x0,
    0x0, 0xf, 0xff, 0xf0, 0x0, 0x0, 0x0, 0x0,
    0x7, 0xff, 0xe0, 0x0, 0x0, 0x0, 0x0, 0x3,
    0xff, 0x80, 0x0, 0x0, 0x0, 0x0,

    /* U+00FE "þ" */
    0xff, 0xc0, 0x0, 0x0, 0x0, 0x0, 0x3, 0xff,
    0x0, 0x0, 0x0, 0x0, 0x0, 0xf, 0xfc, 0x0,
    0x0, 0x0, 0x0, 0x0, 0x3f, 0xf0, 0x0, 0x0,
    0x0, 0x0, 0x0, 0xff, 0xc0, 0x0, 0x0, 0x0,
    0x0, 0x3, 0xff, 0x0, 0x0, 0x0, 0x0, 0x0,
    0xf, 0xfc, 0x0, 0x0, 0x0, 0x0, 0x0, 0x3f,
    0xf0, 0x0, 0x0, 0x0, 0x0, 0x0, 0xff, 0xc0,
    0x0, 0x0, 0x0, 0x0, 0x3, 0xff, 0x0, 0x0,
    0x0, 0x0, 0x0, 0xf, 0xfc, 0x0, 0x0, 0x0,
    0x0, 0x0, 0x3f, 0xf0, 0x0, 0x0, 0x0, 0x0,
    0x0, 0xff, 0xc0, 0x0, 0x0, 0x0, 0x0, 0x3,
    0xff, 0x0, 0x0, 0x0, 0x0, 0x0, 0xf, 0xfc,
    0x0, 0x0, 0x0, 0x0, 0x0, 0x3f, 0xff, 0xff,
    0xff, 0xff, 0xf8, 0x0, 0xff, 0xff, 0xff, 0xff,
    0xff, 0xfe, 0x3, 0xff, 0xff, 0xff, 0xff, 0xff,
    0xfe, 0xf, 0xff, 0xff, 0xff, 0xff, 0xff, 0xfc,
    0x3f, 0xff, 0xff, 0xff, 0xff, 0xff, 0xf8, 0xff,
    0xff, 0xff, 0xff, 0xff, 0xff, 0xf3, 0xff, 0xff,
    0xff, 0xff, 0xff, 0xff, 0xef, 0xff, 0xff, 0xff,
    0xff, 0xff, 0xff, 0xbf, 0xf0, 0x0, 0x0, 0x0,
    0x3f, 0xfe, 0xff, 0xc0, 0x0, 0x0, 0x0, 0x3f,
    0xfb, 0xff, 0x0, 0x0, 0x0, 0x0, 0x7f, 0xff,
    0xfc, 0x0, 0x0, 0x0, 0x1, 0xff, 0xff, 0xf0,
    0x0, 0x0, 0x0, 0x3, 0xff, 0xff, 0xc0, 0x0,
    0x0, 0x0, 0xf, 0xff, 0xff, 0x0, 0x0, 0x0,
    0x0, 0x3f, 0xff, 0xfc, 0x0, 0x0, 0x0, 0x0,
    0xff, 0xff, 0xf0, 0x0, 0x0, 0x0, 0x3, 0xff,
    0xff, 0xc0, 0x0, 0x0, 0x0, 0xf, 0xff, 0xff,
    0x0, 0x0, 0x0, 0x0, 0x3f, 0xff, 0xfc, 0x0,
    0x0, 0x0, 0x0, 0xff, 0xff, 0xf0, 0x0, 0x0,
    0x0, 0x3, 0xff, 0xff, 0xc0, 0x0, 0x0, 0x0,
    0xf, 0xff, 0xff, 0x0, 0x0, 0x0, 0x0, 0x3f,
    0xff, 0xfc, 0x0, 0x0, 0x0, 0x0, 0xff, 0xff,
    0xf0, 0x0, 0x0, 0x0, 0x3, 0xff, 0xff, 0xc0,
    0x0, 0x0, 0x0, 0xf, 0xff, 0xff, 0x0, 0x0,
    0x0, 0x0, 0x3f, 0xff, 0xfc, 0x0, 0x0, 0x0,
    0x0, 0xff, 0xff, 0xf0, 0x0, 0x0, 0x0, 0x7,
    0xff, 0xff, 0xc0, 0x0, 0x0, 0x0, 0x1f, 0xff,
    0xff, 0x0, 0x0, 0x0, 0x0, 0xff, 0xff, 0xfc,
    0x0, 0x0, 0x0, 0xf, 0xff, 0xbf, 0xff, 0xff,
    0xff, 0xff, 0xff, 0xfe, 0xff, 0xff, 0xff, 0xff,
    0xff, 0xff, 0xfb, 0xff, 0xff, 0xff, 0xff, 0xff,
    0xff, 0xcf, 0xff, 0xff, 0xff, 0xff, 0xff, 0xfe,
    0x3f, 0xff, 0xff, 0xff, 0xff, 0xff, 0xf0, 0xff,
    0xff, 0xff, 0xff, 0xff, 0xff, 0x83, 0xff, 0xff,
    0xff, 0xff, 0xff, 0xf8, 0xf, 0xff, 0xff, 0xff,
    0xff, 0xff, 0x0, 0x3f, 0xf0, 0x0, 0x0, 0x0,
    0x0, 0x0, 0xff, 0xc0, 0x0, 0x0, 0x0, 0x0,
    0x3, 0xff, 0x0, 0x0, 0x0, 0x0, 0x0, 0xf,
    0xfc, 0x0, 0x0, 0x0, 0x0, 0x0, 0x3f, 0xf0,
    0x0, 0x0, 0x0, 0x0, 0x0, 0xff, 0xc0, 0x0,
    0x0, 0x0, 0x0, 0x3, 0xff, 0x0, 0x0, 0x0,
    0x0, 0x0, 0xf, 0xfc, 0x0, 0x0, 0x0, 0x0,
    0x0, 0x3f, 0xf0, 0x0, 0x0, 0x0, 0x0, 0x0,
    0xff, 0xc0, 0x0, 0x0, 0x0, 0x0, 0x3, 0xff,
    0x0, 0x0, 0x0, 0x0, 0x0, 0xf, 0xfc, 0x0,
    0x0, 0x0, 0x0, 0x0, 0x3f, 0xf0, 0x0, 0x0,
    0x0, 0x0, 0x0, 0xff, 0xc0, 0x0, 0x0, 0x0,
    0x0, 0x3, 0xff, 0x0, 0x0, 0x0, 0x0, 0x0,
    0xf, 0xfc, 0x0, 0x0, 0x0, 0x0, 0x0, 0x0,

    /* U+00FF "ÿ" */
    0x0, 0x3, 0xff, 0x0, 0x3f, 0xf0, 0x0, 0x0,
    0x1, 0xff, 0x80, 0x1f, 0xf8, 0x0, 0x0, 0x0,
    0xff, 0xc0, 0xf, 0xfc, 0x0, 0x0, 0x0, 0x7f,
    0xe0, 0x7, 0xfe, 0x0, 0x0, 0x0, 0x3f, 0xf0,
    0x3, 0xff, 0x0, 0x0, 0x0, 0x1f, 0xf8, 0x1,
    0xff, 0x80, 0x0, 0x0, 0xf, 0xfc, 0x0, 0xff,
    0xc0, 0x0, 0x0, 0x7, 0xfe, 0x0, 0x7f, 0xe0,
    0x0, 0x0, 0x3, 0xff, 0x0, 0x3f, 0xf0, 0x0,
    0x0, 0x1, 0xff, 0x80, 0x1f, 0xf8, 0x0, 0x0,
    0x0, 0x0, 0x0, 0x0, 0x0, 0x0, 0x0, 0x0,
    0x0, 0x0, 0x0, 0x0, 0x0, 0x0, 0x0, 0x0,
    0x0, 0x0, 0x0, 0x0, 0x0, 0x0, 0x0, 0x0,
    0x0, 0x0, 0x0, 0x0, 0x0, 0x0, 0x0, 0x0,
    0x0, 0x0, 0x1, 0xff, 0xc0, 0x0, 0x0, 0x0,
    0x7, 0xff, 0xff, 0xf0, 0x0, 0x0, 0x0, 0x3,
    0xff, 0xbf, 0xf8, 0x0, 0x0, 0x0, 0x3, 0xff,
    0x9f, 0xfe, 0x0, 0x0, 0x0, 0x3, 0xff, 0xc7,
    0xff, 0x0, 0x0, 0x0, 0x1, 0xff, 0xc1, 0xff,
    0xc0, 0x0, 0x0, 0x1, 0xff, 0xe0, 0xff, 0xf0,
    0x0, 0x0, 0x0, 0xff, 0xe0, 0x3f, 0xf8, 0x0,
    0x0, 0x0, 0xff, 0xe0, 0x1f, 0xfe, 0x0, 0x0,
    0x0, 0x7f, 0xf0, 0x7, 0xff, 0x0, 0x0, 0x0,
    0x7f, 0xf0, 0x3, 0xff, 0xc0, 0x0, 0x0, 0x7f,
    0xf8, 0x0, 0xff, 0xe0, 0x0, 0x0, 0x3f, 0xf8,
    0x0, 0x3f, 0xf8, 0x0, 0x0, 0x3f, 0xfc, 0x0,
    0x1f, 0xfc, 0x0, 0x0, 0x1f, 0xfc, 0x0, 0x7,
    0xff, 0x0, 0x0, 0x1f, 0xfc, 0x0, 0x3, 0xff,
    0xc0, 0x0, 0xf, 0xfe, 0x0, 0x0, 0xff, 0xe0,
    0x0, 0xf, 0xfe, 0x0, 0x0, 0x7f, 0xf8, 0x0,
    0xf, 0xff, 0x0, 0x0, 0x1f, 0xfc, 0x0, 0x7,
    0xff, 0x0, 0x0, 0xf, 0xff, 0x0, 0x7, 0xff,
    0x80, 0x0, 0x3, 0xff, 0x80, 0x3, 0xff, 0x80,
    0x0, 0x0, 0xff, 0xe0, 0x3, 0xff, 0xc0, 0x0,
    0x0, 0x7f, 0xf8, 0x1, 0xff, 0xc0, 0x0, 0x0,
    0x1f, 0xfc, 0x1, 0xff, 0xc0, 0x0, 0x0, 0xf,
    0xff, 0x1, 0xff, 0xe0, 0x0, 0x0, 0x3, 0xff,
    0x80, 0xff, 0xe0, 0x0, 0x0, 0x1, 0xff, 0xe0,
    0xff, 0xf0, 0x0, 0x0, 0x0, 0x7f, 0xf0, 0x7f,
    0xf0, 0x0, 0x0, 0x0, 0x3f, 0xfc, 0x7f, 0xf8,
    0x0, 0x0, 0x0, 0xf, 0xfe, 0x3f, 0xf8, 0x0,
    0x0, 0x0, 0x3, 0xff, 0xbf, 0xf8, 0x0, 0x0,
    0x0, 0x1, 0xff, 0xff, 0xfc, 0x0, 0x0, 0x0,
    0x0, 0x7f, 0xff, 0xfc, 0x0, 0x0, 0x0, 0x0,
    0x3f, 0xff, 0xfe, 0x0, 0x0, 0x0, 0x0, 0xf,
    0xff, 0xfe, 0x0, 0x0, 0x0, 0x0, 0x7, 0xff,
    0xff, 0x0, 0x0, 0x0, 0x0, 0x1, 0xff, 0xff,
    0x0, 0x0, 0x0, 0x0, 0x0, 0x7f, 0xff, 0x80,
    0x0, 0x0, 0x0, 0x0, 0x1f, 0xff, 0x80, 0x0,
    0x0, 0x0, 0x0, 0x3, 0xff, 0x80, 0x0, 0x0,
    0x0, 0x0, 0x1, 0xff, 0xc0, 0x0, 0x0, 0x0,
    0x0, 0x1, 0xff, 0xc0, 0x0, 0x0, 0x0, 0x0,
    0x0, 0xff, 0xe0, 0x0, 0x0, 0x0, 0x0, 0x0,
    0xff, 0xe0, 0x0, 0x0, 0x0, 0x0, 0x0, 0xff,
    0xf0, 0x0, 0x0, 0x0, 0x0, 0x0, 0x7f, 0xf0,
    0x0, 0x0, 0x0, 0x0, 0x0, 0x7f, 0xf0, 0x0,
    0x0, 0x0, 0x0, 0x0, 0x7f, 0xf8, 0x0, 0x0,
    0x0, 0x0, 0x1f, 0xff, 0xf8, 0x0, 0x0, 0x0,
    0x0, 0x1f, 0xff, 0xfc, 0x0, 0x0, 0x0, 0x0,
    0xf, 0xff, 0xfc, 0x0, 0x0, 0x0, 0x0, 0x7,
    0xff, 0xfe, 0x0, 0x0, 0x0, 0x0, 0x3, 0xff,
    0xfe, 0x0, 0x0, 0x0, 0x0, 0x1, 0xff, 0xfe,
    0x0, 0x0, 0x0, 0x0, 0x0, 0xff, 0xfe, 0x0,
    0x0, 0x0, 0x0, 0x0, 0x3f, 0xf8, 0x0, 0x0,
    0x0, 0x0
};


/*---------------------
 *  GLYPH DESCRIPTION
 *--------------------*/

static const lv_font_fmt_txt_glyph_dsc_t glyph_dsc[] = {
    {.bitmap_index = 0, .adv_w = 0, .box_w = 0, .box_h = 0, .ofs_x = 0, .ofs_y = 0} /* id = 0 reserved */,
    {.bitmap_index = 0, .adv_w = 386, .box_w = 1, .box_h = 1, .ofs_x = 0, .ofs_y = 0},
    {.bitmap_index = 1, .adv_w = 306, .box_w = 11, .box_h = 54, .ofs_x = 4, .ofs_y = 0},
    {.bitmap_index = 76, .adv_w = 566, .box_w = 27, .box_h = 22, .ofs_x = 4, .ofs_y = 33},
    {.bitmap_index = 151, .adv_w = 983, .box_w = 53, .box_h = 51, .ofs_x = 4, .ofs_y = 0},
    {.bitmap_index = 489, .adv_w = 940, .box_w = 51, .box_h = 60, .ofs_x = 4, .ofs_y = -4},
    {.bitmap_index = 872, .adv_w = 1314, .box_w = 73, .box_h = 51, .ofs_x = 4, .ofs_y = 0},
    {.bitmap_index = 1338, .adv_w = 1007, .box_w = 60, .box_h = 56, .ofs_x = 3, .ofs_y = 0},
    {.bitmap_index = 1758, .adv_w = 312, .box_w = 11, .box_h = 22, .ofs_x = 4, .ofs_y = 33},
    {.bitmap_index = 1789, .adv_w = 522, .box_w = 20, .box_h = 81, .ofs_x = 10, .ofs_y = -16},
    {.bitmap_index = 1992, .adv_w = 522, .box_w = 20, .box_h = 81, .ofs_x = 3, .ofs_y = -16},
    {.bitmap_index = 2195, .adv_w = 670, .box_w = 40, .box_h = 38, .ofs_x = 1, .ofs_y = 17},
    {.bitmap_index = 2385, .adv_w = 706, .box_w = 38, .box_h = 38, .ofs_x = 3, .ofs_y = 6},
    {.bitmap_index = 2566, .adv_w = 308, .box_w = 10, .box_h = 23, .ofs_x = 4, .ofs_y = -13},
    {.bitmap_index = 2595, .adv_w = 440, .box_w = 24, .box_h = 8, .ofs_x = 2, .ofs_y = 21},
    {.bitmap_index = 2619, .adv_w = 308, .box_w = 10, .box_h = 10, .ofs_x = 4, .ofs_y = 0},
    {.bitmap_index = 2632, .adv_w = 477, .box_w = 30, .box_h = 70, .ofs_x = 0, .ofs_y = -11},
    {.bitmap_index = 2895, .adv_w = 1045, .box_w = 57, .box_h = 51, .ofs_x = 4, .ofs_y = 0},
    {.bitmap_index = 3259, .adv_w = 389, .box_w = 18, .box_h = 51, .ofs_x = 1, .ofs_y = 0},
    {.bitmap_index = 3374, .adv_w = 994, .box_w = 54, .box_h = 51, .ofs_x = 4, .ofs_y = 0},
    {.bitmap_index = 3719, .adv_w = 971, .box_w = 53, .box_h = 51, .ofs_x = 3, .ofs_y = 0},
    {.bitmap_index = 4057, .adv_w = 1043, .box_w = 61, .box_h = 51, .ofs_x = 3, .ofs_y = 0},
    {.bitmap_index = 4446, .adv_w = 994, .box_w = 54, .box_h = 51, .ofs_x = 4, .ofs_y = 0},
    {.bitmap_index = 4791, .adv_w = 1000, .box_w = 54, .box_h = 51, .ofs_x = 4, .ofs_y = 0},
    {.bitmap_index = 5136, .adv_w = 955, .box_w = 55, .box_h = 51, .ofs_x = 2, .ofs_y = 0},
    {.bitmap_index = 5487, .adv_w = 1041, .box_w = 56, .box_h = 51, .ofs_x = 4, .ofs_y = 0},
    {.bitmap_index = 5844, .adv_w = 1000, .box_w = 54, .box_h = 51, .ofs_x = 4, .ofs_y = 0},
    {.bitmap_index = 6189, .adv_w = 308, .box_w = 10, .box_h = 32, .ofs_x = 4, .ofs_y = 6},
    {.bitmap_index = 6229, .adv_w = 308, .box_w = 10, .box_h = 45, .ofs_x = 4, .ofs_y = -7},
    {.bitmap_index = 6286, .adv_w = 706, .box_w = 38, .box_h = 38, .ofs_x = 3, .ofs_y = 7},
    {.bitmap_index = 6467, .adv_w = 706, .box_w = 38, .box_h = 24, .ofs_x = 3, .ofs_y = 13},
    {.bitmap_index = 6581, .adv_w = 706, .box_w = 38, .box_h = 38, .ofs_x = 3, .ofs_y = 7},
    {.bitmap_index = 6762, .adv_w = 727, .box_w = 41, .box_h = 52, .ofs_x = 2, .ofs_y = 0},
    {.bitmap_index = 7029, .adv_w = 1008, .box_w = 55, .box_h = 61, .ofs_x = 4, .ofs_y = -16},
    {.bitmap_index = 7449, .adv_w = 1123, .box_w = 68, .box_h = 51, .ofs_x = 1, .ofs_y = 0},
    {.bitmap_index = 7883, .adv_w = 1059, .box_w = 58, .box_h = 51, .ofs_x = 5, .ofs_y = 0},
    {.bitmap_index = 8253, .adv_w = 982, .box_w = 54, .box_h = 51, .ofs_x = 4, .ofs_y = 0},
    {.bitmap_index = 8598, .adv_w = 1070, .box_w = 58, .box_h = 51, .ofs_x = 5, .ofs_y = 0},
    {.bitmap_index = 8968, .adv_w = 979, .box_w = 54, .box_h = 51, .ofs_x = 4, .ofs_y = 0},
    {.bitmap_index = 9313, .adv_w = 961, .box_w = 54, .box_h = 51, .ofs_x = 4, .ofs_y = 0},
    {.bitmap_index = 9658, .adv_w = 1067, .box_w = 58, .box_h = 51, .ofs_x = 4, .ofs_y = 0},
    {.bitmap_index = 10028, .adv_w = 1044, .box_w = 56, .box_h = 51, .ofs_x = 5, .ofs_y = 0},
    {.bitmap_index = 10385, .adv_w = 329, .box_w = 11, .box_h = 51, .ofs_x = 5, .ofs_y = 0},
    {.bitmap_index = 10456, .adv_w = 900, .box_w = 50, .box_h = 51, .ofs_x = 2, .ofs_y = 0},
    {.bitmap_index = 10775, .adv_w = 984, .box_w = 56, .box_h = 51, .ofs_x = 5, .ofs_y = 0},
    {.bitmap_index = 11132, .adv_w = 923, .box_w = 52, .box_h = 51, .ofs_x = 5, .ofs_y = 0},
    {.bitmap_index = 11464, .adv_w = 1375, .box_w = 76, .box_h = 51, .ofs_x = 5, .ofs_y = 0},
    {.bitmap_index = 11949, .adv_w = 1127, .box_w = 60, .box_h = 51, .ofs_x = 5, .ofs_y = 0},
    {.bitmap_index = 12332, .adv_w = 1135, .box_w = 63, .box_h = 51, .ofs_x = 4, .ofs_y = 0},
    {.bitmap_index = 12734, .adv_w = 1015, .box_w = 56, .box_h = 51, .ofs_x = 5, .ofs_y = 0},
    {.bitmap_index = 13091, .adv_w = 1135, .box_w = 63, .box_h = 63, .ofs_x = 4, .ofs_y = -12},
    {.bitmap_index = 13588, .adv_w = 1043, .box_w = 58, .box_h = 51, .ofs_x = 5, .ofs_y = 0},
    {.bitmap_index = 13958, .adv_w = 987, .box_w = 54, .box_h = 51, .ofs_x = 4, .ofs_y = 0},
    {.bitmap_index = 14303, .adv_w = 1006, .box_w = 60, .box_h = 51, .ofs_x = 2, .ofs_y = 0},
    {.bitmap_index = 14686, .adv_w = 1126, .box_w = 61, .box_h = 51, .ofs_x = 5, .ofs_y = 0},
    {.bitmap_index = 15075, .adv_w = 1123, .box_w = 68, .box_h = 51, .ofs_x = 1, .ofs_y = 0},
    {.bitmap_index = 15509, .adv_w = 1501, .box_w = 91, .box_h = 51, .ofs_x = 1, .ofs_y = 0},
    {.bitmap_index = 16090, .adv_w = 1026, .box_w = 62, .box_h = 51, .ofs_x = 1, .ofs_y = 0},
    {.bitmap_index = 16486, .adv_w = 1032, .box_w = 63, .box_h = 51, .ofs_x = 1, .ofs_y = 0},
    {.bitmap_index = 16888, .adv_w = 984, .box_w = 54, .box_h = 51, .ofs_x = 3, .ofs_y = 0},
    {.bitmap_index = 17233, .adv_w = 522, .box_w = 20, .box_h = 81, .ofs_x = 10, .ofs_y = -16},
    {.bitmap_index = 17436, .adv_w = 477, .box_w = 30, .box_h = 70, .ofs_x = 0, .ofs_y = -11},
    {.bitmap_index = 17699, .adv_w = 522, .box_w = 20, .box_h = 81, .ofs_x = 3, .ofs_y = -16},
    {.bitmap_index = 17902, .adv_w = 706, .box_w = 38, .box_h = 39, .ofs_x = 3, .ofs_y = 12},
    {.bitmap_index = 18088, .adv_w = 740, .box_w = 45, .box_h = 7, .ofs_x = 1, .ofs_y = -12},
    {.bitmap_index = 18128, .adv_w = 453, .box_w = 17, .box_h = 17, .ofs_x = 6, .ofs_y = 43},
    {.bitmap_index = 18165, .adv_w = 909, .box_w = 51, .box_h = 40, .ofs_x = 3, .ofs_y = 0},
    {.bitmap_index = 18420, .adv_w = 1003, .box_w = 54, .box_h = 55, .ofs_x = 4, .ofs_y = 0},
    {.bitmap_index = 18792, .adv_w = 840, .box_w = 48, .box_h = 40, .ofs_x = 3, .ofs_y = 0},
    {.bitmap_index = 19032, .adv_w = 1003, .box_w = 54, .box_h = 55, .ofs_x = 4, .ofs_y = 0},
    {.bitmap_index = 19404, .adv_w = 909, .box_w = 51, .box_h = 40, .ofs_x = 3, .ofs_y = 0},
    {.bitmap_index = 19659, .adv_w = 564, .box_w = 33, .box_h = 56, .ofs_x = 1, .ofs_y = 0},
    {.bitmap_index = 19890, .adv_w = 1003, .box_w = 54, .box_h = 56, .ofs_x = 4, .ofs_y = -16},
    {.bitmap_index = 20268, .adv_w = 1013, .box_w = 54, .box_h = 55, .ofs_x = 5, .ofs_y = 0},
    {.bitmap_index = 20640, .adv_w = 311, .box_w = 10, .box_h = 55, .ofs_x = 5, .ofs_y = 0},
    {.bitmap_index = 20709, .adv_w = 325, .box_w = 23, .box_h = 71, .ofs_x = -7, .ofs_y = -16},
    {.bitmap_index = 20914, .adv_w = 915, .box_w = 51, .box_h = 55, .ofs_x = 4, .ofs_y = 0},
    {.bitmap_index = 21265, .adv_w = 311, .box_w = 10, .box_h = 55, .ofs_x = 5, .ofs_y = 0},
    {.bitmap_index = 21334, .adv_w = 1275, .box_w = 72, .box_h = 40, .ofs_x = 4, .ofs_y = 0},
    {.bitmap_index = 21694, .adv_w = 1018, .box_w = 55, .box_h = 40, .ofs_x = 4, .ofs_y = 0},
    {.bitmap_index = 21969, .adv_w = 1000, .box_w = 55, .box_h = 40, .ofs_x = 4, .ofs_y = 0},
    {.bitmap_index = 22244, .adv_w = 1003, .box_w = 54, .box_h = 56, .ofs_x = 4, .ofs_y = -16},
    {.bitmap_index = 22622, .adv_w = 1003, .box_w = 54, .box_h = 56, .ofs_x = 4, .ofs_y = -16},
    {.bitmap_index = 23000, .adv_w = 706, .box_w = 39, .box_h = 40, .ofs_x = 4, .ofs_y = 0},
    {.bitmap_index = 23195, .adv_w = 902, .box_w = 49, .box_h = 40, .ofs_x = 4, .ofs_y = 0},
    {.bitmap_index = 23440, .adv_w = 564, .box_w = 33, .box_h = 51, .ofs_x = 1, .ofs_y = 0},
    {.bitmap_index = 23651, .adv_w = 1009, .box_w = 54, .box_h = 40, .ofs_x = 4, .ofs_y = 0},
    {.bitmap_index = 23921, .adv_w = 956, .box_w = 58, .box_h = 40, .ofs_x = 1, .ofs_y = 0},
    {.bitmap_index = 24211, .adv_w = 1342, .box_w = 82, .box_h = 40, .ofs_x = 1, .ofs_y = 0},
    {.bitmap_index = 24621, .adv_w = 911, .box_w = 55, .box_h = 40, .ofs_x = 1, .ofs_y = 0},
    {.bitmap_index = 24896, .adv_w = 931, .box_w = 57, .box_h = 56, .ofs_x = 1, .ofs_y = -16},
    {.bitmap_index = 25295, .adv_w = 844, .box_w = 46, .box_h = 40, .ofs_x = 3, .ofs_y = 0},
    {.bitmap_index = 25525, .adv_w = 522, .box_w = 26, .box_h = 81, .ofs_x = 4, .ofs_y = -16},
    {.bitmap_index = 25789, .adv_w = 487, .box_w = 7, .box_h = 70, .ofs_x = 12, .ofs_y = -11},
    {.bitmap_index = 25851, .adv_w = 522, .box_w = 26, .box_h = 81, .ofs_x = 3, .ofs_y = -16},
    {.bitmap_index = 26115, .adv_w = 706, .box_w = 38, .box_h = 12, .ofs_x = 3, .ofs_y = 21},
    {.bitmap_index = 26172, .adv_w = 386, .box_w = 1, .box_h = 1, .ofs_x = 0, .ofs_y = 0},
    {.bitmap_index = 26173, .adv_w = 306, .box_w = 11, .box_h = 53, .ofs_x = 4, .ofs_y = -16},
    {.bitmap_index = 26246, .adv_w = 940, .box_w = 49, .box_h = 60, .ofs_x = 4, .ofs_y = -4},
    {.bitmap_index = 26614, .adv_w = 765, .box_w = 44, .box_h = 51, .ofs_x = 2, .ofs_y = 0},
    {.bitmap_index = 26895, .adv_w = 857, .box_w = 45, .box_h = 46, .ofs_x = 4, .ofs_y = 3},
    {.bitmap_index = 27154, .adv_w = 888, .box_w = 50, .box_h = 51, .ofs_x = 3, .ofs_y = 0},
    {.bitmap_index = 27473, .adv_w = 487, .box_w = 7, .box_h = 70, .ofs_x = 12, .ofs_y = -11},
    {.bitmap_index = 27535, .adv_w = 844, .box_w = 46, .box_h = 71, .ofs_x = 3, .ofs_y = -16},
    {.bitmap_index = 27944, .adv_w = 630, .box_w = 30, .box_h = 10, .ofs_x = 4, .ofs_y = 45},
    {.bitmap_index = 27982, .adv_w = 1135, .box_w = 62, .box_h = 51, .ofs_x = 4, .ofs_y = 0},
    {.bitmap_index = 28378, .adv_w = 539, .box_w = 28, .box_h = 27, .ofs_x = 3, .ofs_y = 23},
    {.bitmap_index = 28473, .adv_w = 616, .box_w = 34, .box_h = 40, .ofs_x = 2, .ofs_y = 0},
    {.bitmap_index = 28643, .adv_w = 706, .box_w = 38, .box_h = 40, .ofs_x = 3, .ofs_y = 0},
    {.bitmap_index = 28833, .adv_w = 440, .box_w = 24, .box_h = 8, .ofs_x = 2, .ofs_y = 21},
    {.bitmap_index = 28857, .adv_w = 1135, .box_w = 62, .box_h = 51, .ofs_x = 4, .ofs_y = 0},
    {.bitmap_index = 29253, .adv_w = 736, .box_w = 37, .box_h = 7, .ofs_x = 4, .ofs_y = 46},
    {.bitmap_index = 29286, .adv_w = 598, .box_w = 30, .box_h = 26, .ofs_x = 4, .ofs_y = 24},
    {.bitmap_index = 29384, .adv_w = 706, .box_w = 38, .box_h = 49, .ofs_x = 3, .ofs_y = 0},
    {.bitmap_index = 29617, .adv_w = 588, .box_w = 30, .box_h = 27, .ofs_x = 3, .ofs_y = 23},
    {.bitmap_index = 29719, .adv_w = 575, .box_w = 29, .box_h = 27, .ofs_x = 3, .ofs_y = 23},
    {.bitmap_index = 29817, .adv_w = 453, .box_w = 17, .box_h = 17, .ofs_x = 6, .ofs_y = 43},
    {.bitmap_index = 29854, .adv_w = 925, .box_w = 49, .box_h = 71, .ofs_x = 4, .ofs_y = -16},
    {.bitmap_index = 30289, .adv_w = 308, .box_w = 10, .box_h = 10, .ofs_x = 4, .ofs_y = 20},
    {.bitmap_index = 30302, .adv_w = 364, .box_w = 11, .box_h = 17, .ofs_x = 7, .ofs_y = -20},
    {.bitmap_index = 30326, .adv_w = 280, .box_w = 11, .box_h = 27, .ofs_x = 2, .ofs_y = 23},
    {.bitmap_index = 30364, .adv_w = 590, .box_w = 30, .box_h = 27, .ofs_x = 3, .ofs_y = 23},
    {.bitmap_index = 30466, .adv_w = 616, .box_w = 34, .box_h = 40, .ofs_x = 2, .ofs_y = 0},
    {.bitmap_index = 30636, .adv_w = 1083, .box_w = 59, .box_h = 51, .ofs_x = 5, .ofs_y = 0},
    {.bitmap_index = 31013, .adv_w = 1152, .box_w = 63, .box_h = 51, .ofs_x = 5, .ofs_y = 0},
    {.bitmap_index = 31415, .adv_w = 1321, .box_w = 75, .box_h = 51, .ofs_x = 4, .ofs_y = 0},
    {.bitmap_index = 31894, .adv_w = 727, .box_w = 41, .box_h = 53, .ofs_x = 2, .ofs_y = -16},
    {.bitmap_index = 32166, .adv_w = 1123, .box_w = 68, .box_h = 67, .ofs_x = 1, .ofs_y = 0},
    {.bitmap_index = 32736, .adv_w = 1123, .box_w = 68, .box_h = 67, .ofs_x = 1, .ofs_y = 0},
    {.bitmap_index = 33306, .adv_w = 1123, .box_w = 68, .box_h = 67, .ofs_x = 1, .ofs_y = 0},
    {.bitmap_index = 33876, .adv_w = 1123, .box_w = 69, .box_h = 67, .ofs_x = 1, .ofs_y = 0},
    {.bitmap_index = 34454, .adv_w = 1123, .box_w = 68, .box_h = 64, .ofs_x = 1, .ofs_y = 0},
    {.bitmap_index = 34998, .adv_w = 1123, .box_w = 68, .box_h = 67, .ofs_x = 1, .ofs_y = 0},
    {.bitmap_index = 35568, .adv_w = 1555, .box_w = 93, .box_h = 51, .ofs_x = 1, .ofs_y = 0},
    {.bitmap_index = 36161, .adv_w = 982, .box_w = 54, .box_h = 71, .ofs_x = 4, .ofs_y = -20},
    {.bitmap_index = 36641, .adv_w = 979, .box_w = 54, .box_h = 67, .ofs_x = 4, .ofs_y = 0},
    {.bitmap_index = 37094, .adv_w = 979, .box_w = 54, .box_h = 67, .ofs_x = 4, .ofs_y = 0},
    {.bitmap_index = 37547, .adv_w = 979, .box_w = 54, .box_h = 67, .ofs_x = 4, .ofs_y = 0},
    {.bitmap_index = 38000, .adv_w = 979, .box_w = 54, .box_h = 64, .ofs_x = 4, .ofs_y = 0},
    {.bitmap_index = 38432, .adv_w = 333, .box_w = 17, .box_h = 67, .ofs_x = 0, .ofs_y = 0},
    {.bitmap_index = 38575, .adv_w = 333, .box_w = 17, .box_h = 67, .ofs_x = 4, .ofs_y = 0},
    {.bitmap_index = 38718, .adv_w = 429, .box_w = 29, .box_h = 67, .ofs_x = -1, .ofs_y = 0},
    {.bitmap_index = 38961, .adv_w = 439, .box_w = 27, .box_h = 64, .ofs_x = 1, .ofs_y = 0},
    {.bitmap_index = 39177, .adv_w = 1132, .box_w = 66, .box_h = 51, .ofs_x = 1, .ofs_y = 0},
    {.bitmap_index = 39598, .adv_w = 1127, .box_w = 60, .box_h = 67, .ofs_x = 5, .ofs_y = 0},
    {.bitmap_index = 40101, .adv_w = 1135, .box_w = 63, .box_h = 67, .ofs_x = 4, .ofs_y = 0},
    {.bitmap_index = 40629, .adv_w = 1135, .box_w = 63, .box_h = 67, .ofs_x = 4, .ofs_y = 0},
    {.bitmap_index = 41157, .adv_w = 1135, .box_w = 63, .box_h = 67, .ofs_x = 4, .ofs_y = 0},
    {.bitmap_index = 41685, .adv_w = 1135, .box_w = 63, .box_h = 67, .ofs_x = 4, .ofs_y = 0},
    {.bitmap_index = 42213, .adv_w = 1135, .box_w = 63, .box_h = 64, .ofs_x = 4, .ofs_y = 0},
    {.bitmap_index = 42717, .adv_w = 706, .box_w = 37, .box_h = 37, .ofs_x = 4, .ofs_y = 7},
    {.bitmap_index = 42889, .adv_w = 1135, .box_w = 63, .box_h = 67, .ofs_x = 4, .ofs_y = -8},
    {.bitmap_index = 43417, .adv_w = 1126, .box_w = 61, .box_h = 67, .ofs_x = 5, .ofs_y = 0},
    {.bitmap_index = 43928, .adv_w = 1126, .box_w = 61, .box_h = 67, .ofs_x = 5, .ofs_y = 0},
    {.bitmap_index = 44439, .adv_w = 1126, .box_w = 61, .box_h = 67, .ofs_x = 5, .ofs_y = 0},
    {.bitmap_index = 44950, .adv_w = 1126, .box_w = 61, .box_h = 64, .ofs_x = 5, .ofs_y = 0},
    {.bitmap_index = 45438, .adv_w = 1032, .box_w = 63, .box_h = 66, .ofs_x = 1, .ofs_y = 0},
    {.bitmap_index = 45958, .adv_w = 1023, .box_w = 56, .box_h = 51, .ofs_x = 5, .ofs_y = 0},
    {.bitmap_index = 46315, .adv_w = 1055, .box_w = 57, .box_h = 56, .ofs_x = 5, .ofs_y = 0},
    {.bitmap_index = 46714, .adv_w = 909, .box_w = 51, .box_h = 60, .ofs_x = 3, .ofs_y = 0},
    {.bitmap_index = 47097, .adv_w = 909, .box_w = 51, .box_h = 60, .ofs_x = 3, .ofs_y = 0},
    {.bitmap_index = 47480, .adv_w = 909, .box_w = 51, .box_h = 59, .ofs_x = 3, .ofs_y = 0},
    {.bitmap_index = 47857, .adv_w = 909, .box_w = 51, .box_h = 58, .ofs_x = 3, .ofs_y = 0},
    {.bitmap_index = 48227, .adv_w = 909, .box_w = 51, .box_h = 55, .ofs_x = 3, .ofs_y = 0},
    {.bitmap_index = 48578, .adv_w = 909, .box_w = 51, .box_h = 60, .ofs_x = 3, .ofs_y = 0},
    {.bitmap_index = 48961, .adv_w = 1560, .box_w = 91, .box_h = 40, .ofs_x = 3, .ofs_y = 0},
    {.bitmap_index = 49416, .adv_w = 840, .box_w = 48, .box_h = 60, .ofs_x = 3, .ofs_y = -20},
    {.bitmap_index = 49776, .adv_w = 909, .box_w = 51, .box_h = 60, .ofs_x = 3, .ofs_y = 0},
    {.bitmap_index = 50159, .adv_w = 909, .box_w = 51, .box_h = 60, .ofs_x = 3, .ofs_y = 0},
    {.bitmap_index = 50542, .adv_w = 909, .box_w = 51, .box_h = 59, .ofs_x = 3, .ofs_y = 0},
    {.bitmap_index = 50919, .adv_w = 909, .box_w = 51, .box_h = 55, .ofs_x = 3, .ofs_y = 0},
    {.bitmap_index = 51270, .adv_w = 323, .box_w = 17, .box_h = 60, .ofs_x = 0, .ofs_y = 0},
    {.bitmap_index = 51398, .adv_w = 324, .box_w = 17, .box_h = 60, .ofs_x = 3, .ofs_y = 0},
    {.bitmap_index = 51526, .adv_w = 420, .box_w = 29, .box_h = 59, .ofs_x = -1, .ofs_y = 0},
    {.bitmap_index = 51740, .adv_w = 442, .box_w = 27, .box_h = 55, .ofs_x = 1, .ofs_y = 0},
    {.bitmap_index = 51926, .adv_w = 1003, .box_w = 54, .box_h = 63, .ofs_x = 4, .ofs_y = 0},
    {.bitmap_index = 52352, .adv_w = 1018, .box_w = 55, .box_h = 57, .ofs_x = 4, .ofs_y = 0},
    {.bitmap_index = 52744, .adv_w = 1000, .box_w = 55, .box_h = 60, .ofs_x = 4, .ofs_y = 0},
    {.bitmap_index = 53157, .adv_w = 1000, .box_w = 55, .box_h = 60, .ofs_x = 4, .ofs_y = 0},
    {.bitmap_index = 53570, .adv_w = 1000, .box_w = 55, .box_h = 59, .ofs_x = 4, .ofs_y = 0},
    {.bitmap_index = 53976, .adv_w = 1000, .box_w = 55, .box_h = 58, .ofs_x = 4, .ofs_y = 0},
    {.bitmap_index = 54375, .adv_w = 1000, .box_w = 55, .box_h = 55, .ofs_x = 4, .ofs_y = 0},
    {.bitmap_index = 54754, .adv_w = 706, .box_w = 38, .box_h = 43, .ofs_x = 3, .ofs_y = 4},
    {.bitmap_index = 54959, .adv_w = 1000, .box_w = 55, .box_h = 54, .ofs_x = 4, .ofs_y = -7},
    {.bitmap_index = 55331, .adv_w = 1009, .box_w = 54, .box_h = 60, .ofs_x = 4, .ofs_y = 0},
    {.bitmap_index = 55736, .adv_w = 1009, .box_w = 54, .box_h = 60, .ofs_x = 4, .ofs_y = 0},
    {.bitmap_index = 56141, .adv_w = 1009, .box_w = 54, .box_h = 59, .ofs_x = 4, .ofs_y = 0},
    {.bitmap_index = 56540, .adv_w = 1009, .box_w = 54, .box_h = 55, .ofs_x = 4, .ofs_y = 0},
    {.bitmap_index = 56912, .adv_w = 956, .box_w = 57, .box_h = 76, .ofs_x = 1, .ofs_y = -16},
    {.bitmap_index = 57454, .adv_w = 1003, .box_w = 54, .box_h = 71, .ofs_x = 4, .ofs_y = -16},
    {.bitmap_index = 57934, .adv_w = 956, .box_w = 57, .box_h = 71, .ofs_x = 1, .ofs_y = -16}
};

/*---------------------
 *  CHARACTER MAPPING
 *--------------------*/



/*Collect the unicode lists and glyph_id offsets*/
static const lv_font_fmt_txt_cmap_t cmaps[] =
{
    {
        .range_start = 32, .range_length = 95, .glyph_id_start = 1,
        .unicode_list = NULL, .glyph_id_ofs_list = NULL, .list_length = 0, .type = LV_FONT_FMT_TXT_CMAP_FORMAT0_TINY
    },
    {
        .range_start = 160, .range_length = 21, .glyph_id_start = 96,
        .unicode_list = NULL, .glyph_id_ofs_list = NULL, .list_length = 0, .type = LV_FONT_FMT_TXT_CMAP_FORMAT0_TINY
    },
    {
        .range_start = 182, .range_length = 74, .glyph_id_start = 117,
        .unicode_list = NULL, .glyph_id_ofs_list = NULL, .list_length = 0, .type = LV_FONT_FMT_TXT_CMAP_FORMAT0_TINY
    }
};

/*-----------------
 *    KERNING
 *----------------*/


/*Map glyph_ids to kern left classes*/
static const uint8_t kern_left_class_mapping[] =
{
    0, 0, 0, 1, 0, 0, 0, 2,
    1, 3, 0, 0, 0, 4, 5, 4,
    6, 7, 8, 0, 9, 10, 11, 12,
    13, 14, 15, 0, 0, 0, 0, 0,
    0, 3, 16, 9, 17, 18, 0, 19,
    20, 0, 0, 21, 22, 23, 24, 0,
    18, 25, 18, 26, 27, 28, 21, 29,
    30, 22, 31, 32, 3, 0, 0, 0,
    0, 0, 33, 34, 0, 0, 35, 36,
    37, 37, 0, 38, 39, 0, 37, 37,
    34, 34, 0, 40, 41, 42, 43, 44,
    45, 39, 44, 46, 3, 0, 0, 0,
    0, 0, 0, 0, 0, 0, 0, 0,
    0, 0, 0, 0, 0, 0, 0, 0,
    0, 0, 0, 0, 0, 0, 0, 0,
    0, 0, 0, 0, 0, 0, 0, 16,
    16, 16, 16, 16, 16, 0, 17, 0,
    0, 0, 0, 0, 0, 0, 0, 18,
    0, 18, 18, 18, 0, 18, 0, 18,
    21, 21, 21, 21, 31, 0, 0, 33,
    33, 33, 33, 33, 33, 35, 0, 35,
    35, 35, 35, 0, 0, 0, 0, 18,
    37, 34, 34, 34, 34, 34, 0, 34,
    43, 43, 43, 43, 44, 0, 44
};

/*Map glyph_ids to kern right classes*/
static const uint8_t kern_right_class_mapping[] =
{
    0, 0, 0, 1, 0, 0, 0, 2,
    1, 0, 0, 0, 0, 3, 4, 3,
    5, 6, 7, 0, 0, 8, 0, 9,
    10, 11, 12, 0, 0, 0, 0, 0,
    13, 0, 14, 0, 15, 0, 15, 16,
    15, 0, 0, 17, 0, 18, 19, 0,
    15, 0, 15, 0, 20, 21, 18, 22,
    23, 24, 25, 26, 0, 0, 0, 0,
    0, 0, 27, 0, 28, 28, 28, 29,
    28, 0, 0, 30, 0, 0, 31, 31,
    28, 31, 28, 31, 32, 33, 34, 35,
    36, 37, 38, 39, 0, 0, 0, 0,
    0, 0, 0, 0, 0, 0, 0, 0,
    0, 0, 0, 0, 0, 0, 0, 0,
    0, 0, 0, 0, 0, 0, 0, 0,
    0, 0, 0, 0, 0, 0, 0, 14,
    14, 14, 14, 14, 14, 14, 15, 15,
    15, 0, 15, 0, 0, 0, 0, 0,
    0, 15, 15, 15, 15, 15, 0, 15,
    18, 18, 18, 18, 25, 0, 0, 27,
    27, 27, 27, 27, 27, 27, 28, 28,
    28, 28, 28, 0, 0, 0, 0, 34,
    0, 28, 28, 28, 28, 28, 0, 28,
    34, 34, 34, 34, 38, 0, 38
};

/*Kern values between classes*/
static const int8_t kern_class_values[] =
{
    0, 0, -34, 0, 0, 0, 0, -22,
    -11, 0, -11, 0, 0, -67, -11, 0,
    -56, 0, 0, 0, 0, 0, 0, 0,
    0, 0, 0, -17, 0, 0, -17, -20,
    0, 0, 0, 0, 0, 0, 0, 0,
    0, 0, 0, 0, 0, 0, 0, 0,
    0, 0, 0, 0, 0, 0, 0, 0,
    0, 0, 0, -17, -45, -28, 0, -61,
    0, 0, -11, 0, 0, 0, 0, 0,
    -21, -17, 0, 0, -17, 0, 0, 0,
    0, 0, 0, 0, 0, 0, 0, 0,
    0, 0, 0, 0, 0, 0, 0, 0,
    0, 0, 0, 0, 0, 0, 0, 0,
    0, 0, 0, 61, 0, 0, 0, 0,
    0, 0, 0, 0, 0, -34, 0, 0,
    0, 0, -11, -17, -11, 0, -34, -11,
    0, 0, 0, -11, 0, 0, -11, 0,
    0, -56, -56, -56, 0, -67, 0, 0,
    0, -39, 28, 0, 0, -63, -11, -67,
    0, 0, -67, 0, 0, 0, 0, 0,
    0, 0, 0, 0, 0, -45, 0, 0,
    0, -45, 0, 0, -22, 0, 0, 0,
    -56, -45, -22, -56, -56, 0, 0, 0,
    6, 0, 0, 0, 0, 0, -17, 0,
    -30, -17, 0, 0, -39, 0, 0, 0,
    0, 0, 0, 0, 0, 0, 0, 0,
    -84, -22, -22, -67, 0, -11, -22, 0,
    0, 0, 0, 0, 0, -22, -34, 0,
    0, -34, -34, 0, -22, 0, 0, 0,
    0, -22, 0, 0, -11, 0, 0, 0,
    -6, 0, 0, -6, 0, 0, 0, 0,
    0, 0, 0, 0, 0, 0, 0, 0,
    0, 0, 0, 0, 0, 0, 0, 0,
    0, 0, 0, 0, 0, 0, 0, 0,
    0, -11, 0, 0, 0, 0, 0, 0,
    0, 0, 0, 0, 0, 0, 0, 0,
    0, 0, 0, 0, 0, 0, 0, 0,
    0, 0, 0, 0, 0, 0, 0, 0,
    0, 0, 0, 0, 0, 0, 0, 0,
    0, 0, 0, 0, 0, 0, 0, 0,
    0, 0, 0, 0, 0, -18, 0, 0,
    0, 0, 0, 0, 0, -21, -16, -16,
    -17, 0, 0, 0, 0, 0, 0, 0,
    0, 0, 0, 0, -7, 0, 0, -40,
    0, 0, 0, 0, 0, -15, 0, 0,
    -22, 0, 0, 0, 0, 0, 0, 0,
    0, 0, 0, 0, 0, 0, 0, 0,
    0, 0, 0, 0, 0, 0, 0, 0,
    0, 0, 0, 0, 0, 0, 0, 0,
    -12, 0, 0, 0, -11, 0, 0, -11,
    0, -16, 0, 0, 0, 0, 0, 0,
    0, 0, 0, 0, 0, 0, 0, 0,
    0, 0, 0, 0, 0, 0, 0, 0,
    0, 0, 0, 0, 0, -17, 0, -17,
    0, 0, 0, -11, 0, 0, -11, 0,
    0, 0, 0, 0, 0, 0, 0, 0,
    0, 0, 0, 0, 0, 0, 0, 0,
    0, 0, 0, 0, 0, 0, 0, 0,
    0, 0, 0, 0, 0, 0, -61, 0,
    0, -6, 0, -28, -9, 0, -6, -4,
    0, 0, 0, 0, 0, 0, 0, 0,
    0, 0, 0, 0, 0, 0, 0, 0,
    0, 0, 0, 0, 0, 0, 0, 0,
    0, 0, 0, -11, 0, -11, 0, 0,
    0, 0, 0, 0, -6, 0, 0, 0,
    0, 0, 0, 0, 0, 0, 0, 0,
    0, 0, 0, 0, 0, 0, 0, 0,
    0, 0, 0, 0, 0, 0, 0, 0,
    0, 0, -11, 0, -18, 0, 0, 0,
    0, 0, 0, -11, 0, 0, 0, 0,
    0, 0, 0, 0, 0, 0, 0, 0,
    0, 0, 0, 0, 0, 0, 0, 0,
    0, 0, 0, 0, 0, 0, 0, 0,
    0, -67, -7, 0, -45, 0, 0, 0,
    0, 0, 0, 0, 0, -56, 0, -22,
    0, 0, -22, 0, 0, -73, -106, -61,
    0, -95, 0, -11, -17, -29, 22, 0,
    0, -53, -17, -66, 0, 0, -58, 0,
    0, 0, 0, -22, 0, 0, 0, 0,
    0, 0, 0, 0, 0, 0, 0, 0,
    0, 0, 0, 0, 0, 0, 0, 0,
    0, 0, 0, 0, 0, 0, 0, 0,
    0, 0, 0, 0, 0, 0, 0, -11,
    0, -11, 0, -22, 0, 0, 0, 0,
    0, 0, 0, 0, -22, 0, 0, 0,
    0, 0, 0, -11, -22, -11, -17, -28,
    0, 0, 0, 0, 0, 0, 0, 0,
    0, 0, 0, -10, 0, 0, 0, -10,
    0, 11, -39, 0, 0, 0, 0, 0,
    0, 0, 0, -37, 0, 0, -45, 0,
    0, 0, 0, 0, 0, 0, 0, 0,
    0, 0, 0, 0, 0, 0, 0, 0,
    0, 0, 0, 0, 0, 0, 0, 0,
    0, -17, 0, 0, 0, 0, 0, 0,
    0, 0, -11, 0, 0, 0, 0, 0,
    0, 0, 0, 0, -10, 0, 0, 0,
    0, 0, 0, 0, 0, 0, 0, 0,
    0, 0, 0, 0, 0, 0, -11, 0,
    -22, 0, 0, 0, 0, 0, 0, 0,
    0, -22, 0, 0, -8, 0, 0, 0,
    0, 0, 0, 0, 0, 0, 0, 0,
    0, 0, 0, 0, 0, 0, 0, 0,
    -10, 0, 0, 0, -10, 0, -56, 0,
    0, 0, 0, 0, 0, 0, 0, 0,
    0, -17, 0, 0, 0, 0, 0, 0,
    0, 0, 0, 0, 0, -10, -22, -22,
    0, 0, 0, -28, -22, -35, 0, 0,
    -35, -4, 0, 0, 0, -34, 0, 0,
    0, 0, 0, 0, 0, 0, -45, 0,
    0, 0, 0, -8, 0, 0, -106, -101,
    -45, 0, -118, 0, 0, -6, 0, 0,
    0, 0, -39, -6, -61, -23, 0, -61,
    0, 0, 0, 0, 0, 0, 0, 0,
    0, 0, 0, 0, 0, -6, 0, 0,
    0, 0, 0, 0, 0, 0, -7, -16,
    0, -17, 0, 0, 0, 0, 0, 0,
    0, 0, 0, 0, 0, 0, 0, 0,
    0, -11, -39, 6, -50, 0, 0, 0,
    0, 0, 0, 0, -6, -56, 0, 0,
    -35, 0, 0, 0, 0, 0, -10, -30,
    -16, 0, 0, 0, 0, 0, -6, 0,
    0, 0, 0, 0, 0, 0, 0, 0,
    -11, 0, 0, 0, 0, 0, 0, 0,
    0, 0, 0, -6, 0, -10, 0, 0,
    -4, 0, -6, -7, -29, -16, 0, -31,
    -11, -8, -17, 0, 0, 0, 0, 0,
    -16, 0, 0, 0, 0, 0, 0, 0,
    0, 0, -22, 0, 0, 0, 0, 0,
    0, 0, 0, -10, 0, 0, 0, 0,
    0, 0, 0, -5, -6, -15, 0, 0,
    0, 0, 0, 0, 0, 0, 0, 0,
    -7, 0, -10, -11, 0, 0, -34, -56,
    -56, -78, 0, 0, 0, 0, 0, 0,
    0, 0, -73, -11, -12, -101, 6, 0,
    0, 0, 0, 0, 0, 0, 0, 0,
    -11, 0, 0, -11, -11, 0, 0, 0,
    0, 0, 0, 0, 0, -45, -56, -45,
    -73, 0, 0, 0, 0, 0, 0, 0,
    0, -106, -22, -27, -84, 0, -7, -17,
    0, 0, 0, 0, 0, 0, -19, -51,
    0, 0, -51, -44, 0, -28, 0, 0,
    -17, 0, 0, 0, -39, -56, -22, -50,
    0, 0, 0, 0, 0, 0, 0, 0,
    -61, -11, -29, -57, 0, -17, -18, 0,
    0, 0, 0, 0, 0, -17, -35, 0,
    0, -35, -32, 0, -21, 0, 0, -11,
    0, 0, 0, -34, -67, -56, -78, 0,
    0, 0, 0, 0, 0, 0, 0, -95,
    -28, -38, -116, 0, -12, -18, 0, 0,
    0, 0, 0, 0, -39, -61, 0, 0,
    -61, -56, -17, -34, -11, 0, -17, -11,
    -17, 0, 0, 0, 0, 0, 0, 0,
    0, 0, 0, 0, 0, 0, 0, -11,
    0, 0, 0, 0, 0, 0, 0, 0,
    0, 0, 0, 0, 0, 0, 0, 0,
    0, 0, 0, 0, 0, 0, 0, 0,
    -11, 0, 0, 0, 0, 0, 0, 0,
    0, 0, 0, 0, -22, 0, 0, 0,
    0, 0, 0, 0, 0, 0, 0, 0,
    0, 0, 0, 0, 0, 0, 0, 0,
    0, 0, -17, -11, 0, -15, 0, -17,
    0, 0, 0, -22, 0, 0, 0, 0,
    0, 0, 0, -34, 0, 0, 0, 0,
    0, 0, 0, 0, 0, 0, 0, 0,
    0, 0, 0, 0, 0, 0, 0, -8,
    0, -16, -10, -11, -16, 0, -11, 0,
    0, 0, 0, 0, 0, 0, 0, 0,
    0, 0, -22, 0, 0, 0, 0, 0,
    0, 0, 0, 0, 0, 0, 0, 0,
    0, 0, 0, 0, 0, 0, 0, 0,
    -8, 0, 0, -8, 0, 17, -17, -67,
    11, -22, 0, 0, 0, 0, 0, 0,
    0, 17, 0, 0, 0, 0, 0, 0,
    0, 0, 0, 0, 0, 0, 0, 0,
    0, 11, 0, 0, 0, 11, 0, 0,
    0, 0, 0, 0, -17, 0, 0, 0,
    0, 0, 0, 0, 0, 0, 0, 0,
    -34, 0, 0, 0, 0, 0, 0, 0,
    0, 0, 0, 0, 0, 0, 0, 0,
    0, 42, 0, 0, 0, 0, -16, 0,
    0, -16, 0, 0, 0, 0, 0, 0,
    0, 0, 0, 0, 0, 0, 0, 0,
    0, 0, 0, 0, 0, 0, 0, 0,
    0, 0, 0, 0, 0, 0, 0, 0,
    39, 0, 0, 0, 0, 0, 0, 0,
    0, 0, 0, -7, 0, -30, 0, 0,
    0, 0, 0, 0, 0, 0, 0, 0,
    0, 0, 0, 0, 0, 0, 0, 0,
    0, 0, 0, 0, -1, -11, 0, 0,
    0, 0, 0, 0, 0, 0, 0, 0,
    0, 0, -22, 0, 0, 0, 0, 0,
    0, 0, 0, 0, 0, 0, 0, 0,
    0, 0, 0, 0, 0, 0, 0, 0,
    0, 0, 0, 0, 0, 11, 0, 0,
    0, 11, 0, 0, 0, 0, 0, 0,
    -12, 0, -11, -9, -17, 0, 0, 0,
    0, 0, 0, 0, -11, 0, 0, 0,
    0, 0, 0, 0, 0, 0, 0, 0,
    0, 0, 0, 0, 0, 0, 0, 0,
    0, 0, -7, 0, 0, -7, 0, 0,
    0, 0, 0, 0, 0, 0, 0, 0,
    0, 0, 0, 0, 0, 0, 0, 0,
    0, 0, 0, 0, 0, 0, 0, 0,
    0, 0, 0, 11, 0, 0, 0, 11,
    0, 0, 0, 0, 0, 0, 0, 0,
    -11, 0, 0, 0, 0, 0, 0, 0,
    0, 0, 0, 0, 0, 0, 0, 0,
    0, 0, 0, 0, 0, 0, 0, 0,
    0, 0, 0, 0, 0, 0, 0, 0,
    0, 0, 0, 0, 0, 0, -39, -67,
    -17, -50, 0, 0, 0, 0, 0, 0,
    0, 0, 0, 0, 0, 0, 0, 0,
    0, 0, 0, 0, 0, 0, 0, -1,
    -31, 0, 0, -25, 0, 0, 0, 0,
    0, 0, 0, 0, 0, -27, 0, 0,
    -28, 0, 0, 0, 0, 0, 0, 0,
    0, 0, 0, 0, 0, 0, 0, 0,
    0, 0, 0, 0, 0, 0, -6, -9,
    0, 0, -9, 0, 0, 0, 0, 0,
    0, 0, 0, 0, 0, 0, 0, 0,
    0, 0, 0, 0, 0, 0, 0, -11,
    0, 0, 0, 0, 0, 0, 0, 0,
    0, 0, 0, 0, 0, 0, 0, 0,
    0, 0, 0, 0, 0, 0, 0, 0,
    0, 0
};


/*Collect the kern class' data in one place*/
static const lv_font_fmt_txt_kern_classes_t kern_classes =
{
    .class_pair_values   = kern_class_values,
    .left_class_mapping  = kern_left_class_mapping,
    .right_class_mapping = kern_right_class_mapping,
    .left_class_cnt      = 46,
    .right_class_cnt     = 39,
};

/*--------------------
 *  ALL CUSTOM DATA
 *--------------------*/

#if LVGL_VERSION_MAJOR == 8
/*Store all the custom data of the font*/
static  lv_font_fmt_txt_glyph_cache_t cache;
#endif

#if LVGL_VERSION_MAJOR >= 8
static const lv_font_fmt_txt_dsc_t font_dsc = {
#else
static lv_font_fmt_txt_dsc_t font_dsc = {
#endif
    .glyph_bitmap = glyph_bitmap,
    .glyph_dsc = glyph_dsc,
    .cmaps = cmaps,
    .kern_dsc = &kern_classes,
    .kern_scale = 33,
    .cmap_num = 3,
    .bpp = 1,
    .kern_classes = 1,
    .bitmap_format = 0,
#if LVGL_VERSION_MAJOR == 8
    .cache = &cache
#endif

};



/*-----------------
 *  PUBLIC FONT
 *----------------*/

/*Initialize a public general font descriptor*/
#if LVGL_VERSION_MAJOR >= 8
const lv_font_t ui_font_lv_conthrax_72 = {
#else
lv_font_t ui_font_lv_conthrax_72 = {
#endif
    .get_glyph_dsc = lv_font_get_glyph_dsc_fmt_txt,    /*Function pointer to get glyph's data*/
    .get_glyph_bitmap = lv_font_get_bitmap_fmt_txt,    /*Function pointer to get glyph's bitmap*/
    .line_height = 87,          /*The maximum line height required by the font*/
    .base_line = 20,             /*Baseline measured from the bottom of the line*/
#if !(LVGL_VERSION_MAJOR == 6 && LVGL_VERSION_MINOR == 0)
    .subpx = LV_FONT_SUBPX_NONE,
#endif
#if LV_VERSION_CHECK(7, 4, 0) || LVGL_VERSION_MAJOR >= 8
    .underline_position = -5,
    .underline_thickness = 4,
#endif
    .static_bitmap = 0,
    .dsc = &font_dsc,          /*The custom font data. Will be accessed by `get_glyph_bitmap/dsc` */
#if LV_VERSION_CHECK(8, 2, 0) || LVGL_VERSION_MAJOR >= 9
    .fallback = NULL,
#endif
    .user_data = NULL,
};



#endif /*#if UI_FONT_LV_CONTHRAX_72*/
